test,file,gt_index,gt_label,pred_index,pred_label,correct,latency_mcu_ms,latency_pc_s,tensor_arena,free_ram,iteration,status,timestamp
0,D:\6S2\Thesis\7 dataset\hama3_split_raw\test\0\0089.raw,0,0,0,0,1,3827,4.628516674041748,94208,251492,1,OK,2026-03-19 16:12:56
1,D:\6S2\Thesis\7 dataset\hama3_split_raw\test\3\0091.raw,1,3,4,9,0,3828,4.62904167175293,94208,251492,2,OK,2026-03-19 16:13:03
2,D:\6S2\Thesis\7 dataset\hama3_split_raw\test\9\0050.raw,4,9,3,8,0,3827,4.628040075302124,94208,251492,3,OK,2026-03-19 16:13:09
3,D:\6S2\Thesis\7 dataset\hama3_split_raw\test\9\0003.raw,4,9,4,9,1,3827,4.630178451538086,94208,251492,4,OK,2026-03-19 16:13:16
4,D:\6S2\Thesis\7 dataset\hama3_split_raw\test\9\0089.raw,4,9,3,8,0,3827,4.629823207855225,94208,251492,5,OK,2026-03-19 16:13:23
5,D:\6S2\Thesis\7 dataset\hama3_split_raw\test\8\0003.raw,3,8,3,8,1,3828,4.628811359405518,94208,251492,6,OK,2026-03-19 16:13:29
6,D:\6S2\Thesis\7 dataset\hama3_split_raw\test\9\0090.raw,4,9,2,5,0,3828,4.630557537078857,94208,251492,7,OK,2026-03-19 16:13:36
7,D:\6S2\Thesis\7 dataset\hama3_split_raw\test\0\0006.raw,0,0,3,8,0,3828,4.630748271942139,94208,251492,8,OK,2026-03-19 16:13:43
8,D:\6S2\Thesis\7 dataset\hama3_split_raw\test\9\0065.raw,4,9,0,0,0,3828,4.630528926849365,94208,251492,9,OK,2026-03-19 16:13:49
9,D:\6S2\Thesis\7 dataset\hama3_split_raw\test\8\0146.raw,3,8,3,8,1,3827,4.63087272644043,94208,251492,10,OK,2026-03-19 16:13:56
10,D:\6S2\Thesis\7 dataset\hama3_split_raw\test\0\0035.raw,0,0,0,0,1,3828,4.630682468414307,94208,251492,11,OK,2026-03-19 16:14:02
11,D:\6S2\Thesis\7 dataset\hama3_split_raw\test\9\0098.raw,4,9,0,0,0,3828,4.630543231964111,94208,251492,12,OK,2026-03-19 16:14:09
12,D:\6S2\Thesis\7 dataset\hama3_split_raw\test\5\0050.raw,2,5,2,5,1,3827,4.629799842834473,94208,251492,13,OK,2026-03-19 16:14:16
13,D:\6S2\Thesis\7 dataset\hama3_split_raw\test\9\0086.raw,4,9,0,0,0,3827,4.630525827407837,94208,251492,14,OK,2026-03-19 16:14:22
14,D:\6S2\Thesis\7 dataset\hama3_split_raw\test\9\0000.raw,4,9,3,8,0,3828,4.630671262741089,94208,251492,15,OK,2026-03-19 16:14:29
15,D:\6S2\Thesis\7 dataset\hama3_split_raw\test\8\0067.raw,3,8,2,5,0,3827,4.630952835083008,94208,251492,16,OK,2026-03-19 16:14:36
16,D:\6S2\Thesis\7 dataset\hama3_split_raw\test\0\0049.raw,0,0,4,9,0,3828,4.630554437637329,94208,251492,17,OK,2026-03-19 16:14:42
17,D:\6S2\Thesis\7 dataset\hama3_split_raw\test\3\0038.raw,1,3,0,0,0,3827,4.63029932975769,94208,251492,18,OK,2026-03-19 16:14:49
18,D:\6S2\Thesis\7 dataset\hama3_split_raw\test\5\0022.raw,2,5,2,5,1,3827,4.629797697067261,94208,251492,19,OK,2026-03-19 16:14:55
19,D:\6S2\Thesis\7 dataset\hama3_split_raw\test\3\0072.raw,1,3,0,0,0,3827,4.630208253860474,94208,251492,20,OK,2026-03-19 16:15:02
20,D:\6S2\Thesis\7 dataset\hama3_split_raw\test\0\0006.raw,0,0,3,8,0,3827,4.6300742626190186,94208,251492,21,OK,2026-03-19 16:15:09
21,D:\6S2\Thesis\7 dataset\hama3_split_raw\test\8\0157.raw,3,8,0,0,0,3828,4.629832744598389,94208,251492,22,OK,2026-03-19 16:15:15
22,D:\6S2\Thesis\7 dataset\hama3_split_raw\test\0\0078.raw,0,0,0,0,1,3828,4.630344867706299,94208,251492,23,OK,2026-03-19 16:15:22
23,D:\6S2\Thesis\7 dataset\hama3_split_raw\test\9\0077.raw,4,9,3,8,0,3827,4.630367040634155,94208,251492,24,OK,2026-03-19 16:15:29
24,D:\6S2\Thesis\7 dataset\hama3_split_raw\test\0\0017.raw,0,0,0,0,1,3828,4.629424810409546,94208,251492,25,OK,2026-03-19 16:15:35
25,D:\6S2\Thesis\7 dataset\hama3_split_raw\test\8\0179.raw,3,8,3,8,1,3827,4.629358768463135,94208,251492,26,OK,2026-03-19 16:15:42
26,D:\6S2\Thesis\7 dataset\hama3_split_raw\test\9\0054.raw,4,9,4,9,1,3827,4.630605936050415,94208,251492,27,OK,2026-03-19 16:15:49
27,D:\6S2\Thesis\7 dataset\hama3_split_raw\test\8\0096.raw,3,8,3,8,1,3827,4.6295623779296875,94208,251492,28,OK,2026-03-19 16:15:55
28,D:\6S2\Thesis\7 dataset\hama3_split_raw\test\9\0003.raw,4,9,4,9,1,3827,4.6294636726379395,94208,251492,29,OK,2026-03-19 16:16:02
29,D:\6S2\Thesis\7 dataset\hama3_split_raw\test\5\0088.raw,2,5,2,5,1,3827,4.630203723907471,94208,251492,30,OK,2026-03-19 16:16:08
30,D:\6S2\Thesis\7 dataset\hama3_split_raw\test\3\0048.raw,1,3,0,0,0,3827,4.629933595657349,94208,251492,31,OK,2026-03-19 16:16:15
31,D:\6S2\Thesis\7 dataset\hama3_split_raw\test\3\0038.raw,1,3,0,0,0,3828,4.628498077392578,94208,251492,32,OK,2026-03-19 16:16:22
32,D:\6S2\Thesis\7 dataset\hama3_split_raw\test\9\0085.raw,4,9,0,0,0,3827,4.630147218704224,94208,251492,33,OK,2026-03-19 16:16:28
33,D:\6S2\Thesis\7 dataset\hama3_split_raw\test\5\0013.raw,2,5,2,5,1,3827,4.629401206970215,94208,251492,34,OK,2026-03-19 16:16:35
34,D:\6S2\Thesis\7 dataset\hama3_split_raw\test\5\0011.raw,2,5,4,9,0,3827,4.629846096038818,94208,251492,35,OK,2026-03-19 16:16:42
35,D:\6S2\Thesis\7 dataset\hama3_split_raw\test\0\0025.raw,0,0,3,8,0,3828,4.63032341003418,94208,251492,36,OK,2026-03-19 16:16:48
36,D:\6S2\Thesis\7 dataset\hama3_split_raw\test\8\0105.raw,3,8,3,8,1,3828,4.630319833755493,94208,251492,37,OK,2026-03-19 16:16:55
37,D:\6S2\Thesis\7 dataset\hama3_split_raw\test\0\0034.raw,0,0,0,0,1,3827,4.63019585609436,94208,251492,38,OK,2026-03-19 16:17:02
38,D:\6S2\Thesis\7 dataset\hama3_split_raw\test\9\0098.raw,4,9,0,0,0,3828,4.629703044891357,94208,251492,39,OK,2026-03-19 16:17:08
39,D:\6S2\Thesis\7 dataset\hama3_split_raw\test\9\0059.raw,4,9,4,9,1,3828,4.629721164703369,94208,251492,40,OK,2026-03-19 16:17:15
40,D:\6S2\Thesis\7 dataset\hama3_split_raw\test\5\0088.raw,2,5,2,5,1,3827,4.629992246627808,94208,251492,41,OK,2026-03-19 16:17:21
41,D:\6S2\Thesis\7 dataset\hama3_split_raw\test\5\0007.raw,2,5,2,5,1,3828,4.628023386001587,94208,251492,42,OK,2026-03-19 16:17:28
42,D:\6S2\Thesis\7 dataset\hama3_split_raw\test\9\0025.raw,4,9,0,0,0,3827,4.630088567733765,94208,251492,43,OK,2026-03-19 16:17:35
43,D:\6S2\Thesis\7 dataset\hama3_split_raw\test\8\0035.raw,3,8,0,0,0,3827,4.627925157546997,94208,251492,44,OK,2026-03-19 16:17:41
44,D:\6S2\Thesis\7 dataset\hama3_split_raw\test\0\0088.raw,0,0,2,5,0,3827,4.63000750541687,94208,251492,45,OK,2026-03-19 16:17:48
45,D:\6S2\Thesis\7 dataset\hama3_split_raw\test\3\0038.raw,1,3,0,0,0,3827,4.629934072494507,94208,251492,46,OK,2026-03-19 16:17:55
46,D:\6S2\Thesis\7 dataset\hama3_split_raw\test\0\0044.raw,0,0,3,8,0,3827,4.630072593688965,94208,251492,47,OK,2026-03-19 16:18:01
47,D:\6S2\Thesis\7 dataset\hama3_split_raw\test\0\0016.raw,0,0,0,0,1,3827,4.631589651107788,94208,251492,48,OK,2026-03-19 16:18:08
48,D:\6S2\Thesis\7 dataset\hama3_split_raw\test\3\0106.raw,1,3,3,8,0,3827,4.631500005722046,94208,251492,49,OK,2026-03-19 16:18:14
49,D:\6S2\Thesis\7 dataset\hama3_split_raw\test\9\0068.raw,4,9,3,8,0,3827,4.629900932312012,94208,251492,50,OK,2026-03-19 16:18:21
50,D:\6S2\Thesis\7 dataset\hama3_split_raw\test\3\0000.raw,1,3,0,0,0,3827,4.630492925643921,94208,251492,51,OK,2026-03-19 16:18:28
51,D:\6S2\Thesis\7 dataset\hama3_split_raw\test\9\0068.raw,4,9,3,8,0,3827,4.630172967910767,94208,251492,52,OK,2026-03-19 16:18:34
52,D:\6S2\Thesis\7 dataset\hama3_split_raw\test\0\0016.raw,0,0,0,0,1,3827,4.629899024963379,94208,251492,53,OK,2026-03-19 16:18:41
53,D:\6S2\Thesis\7 dataset\hama3_split_raw\test\5\0028.raw,2,5,2,5,1,3828,4.628475904464722,94208,251492,54,OK,2026-03-19 16:18:48
54,D:\6S2\Thesis\7 dataset\hama3_split_raw\test\9\0011.raw,4,9,4,9,1,3827,4.62821364402771,94208,251492,55,OK,2026-03-19 16:18:54
55,D:\6S2\Thesis\7 dataset\hama3_split_raw\test\8\0149.raw,3,8,0,0,0,3828,4.631151914596558,94208,251492,56,OK,2026-03-19 16:19:01
56,D:\6S2\Thesis\7 dataset\hama3_split_raw\test\3\0048.raw,1,3,0,0,0,3827,4.630737066268921,94208,251492,57,OK,2026-03-19 16:19:08
57,D:\6S2\Thesis\7 dataset\hama3_split_raw\test\9\0024.raw,4,9,3,8,0,3828,4.630834579467773,94208,251492,58,OK,2026-03-19 16:19:14
58,D:\6S2\Thesis\7 dataset\hama3_split_raw\test\8\0003.raw,3,8,3,8,1,3827,4.630361080169678,94208,251492,59,OK,2026-03-19 16:19:21
59,D:\6S2\Thesis\7 dataset\hama3_split_raw\test\3\0047.raw,1,3,4,9,0,3827,4.631664514541626,94208,251492,60,OK,2026-03-19 16:19:27
60,D:\6S2\Thesis\7 dataset\hama3_split_raw\test\0\0029.raw,0,0,0,0,1,3827,4.630950689315796,94208,251492,61,OK,2026-03-19 16:19:34
61,D:\6S2\Thesis\7 dataset\hama3_split_raw\test\8\0135.raw,3,8,3,8,1,3827,4.631690740585327,94208,251492,62,OK,2026-03-19 16:19:41
62,D:\6S2\Thesis\7 dataset\hama3_split_raw\test\8\0010.raw,3,8,3,8,1,3827,4.630327463150024,94208,251492,63,OK,2026-03-19 16:19:47
63,D:\6S2\Thesis\7 dataset\hama3_split_raw\test\9\0077.raw,4,9,3,8,0,3827,4.630075931549072,94208,251492,64,OK,2026-03-19 16:19:54
64,D:\6S2\Thesis\7 dataset\hama3_split_raw\test\9\0103.raw,4,9,4,9,1,3827,4.630258083343506,94208,251492,65,OK,2026-03-19 16:20:01
65,D:\6S2\Thesis\7 dataset\hama3_split_raw\test\3\0023.raw,1,3,1,3,1,3827,4.630236864089966,94208,251492,66,OK,2026-03-19 16:20:07
66,D:\6S2\Thesis\7 dataset\hama3_split_raw\test\9\0067.raw,4,9,3,8,0,3828,4.630259275436401,94208,251492,67,OK,2026-03-19 16:20:14
67,D:\6S2\Thesis\7 dataset\hama3_split_raw\test\0\0000.raw,0,0,0,0,1,3827,4.630316972732544,94208,251492,68,OK,2026-03-19 16:20:20
68,D:\6S2\Thesis\7 dataset\hama3_split_raw\test\5\0035.raw,2,5,0,0,0,3827,4.629187345504761,94208,251492,69,OK,2026-03-19 16:20:27
69,D:\6S2\Thesis\7 dataset\hama3_split_raw\test\3\0017.raw,1,3,4,9,0,3827,4.629916667938232,94208,251492,70,OK,2026-03-19 16:20:34
70,D:\6S2\Thesis\7 dataset\hama3_split_raw\test\0\0084.raw,0,0,0,0,1,3828,4.630185842514038,94208,251492,71,OK,2026-03-19 16:20:40
71,D:\6S2\Thesis\7 dataset\hama3_split_raw\test\8\0088.raw,3,8,3,8,1,3827,4.630552053451538,94208,251492,72,OK,2026-03-19 16:20:47
72,D:\6S2\Thesis\7 dataset\hama3_split_raw\test\3\0012.raw,1,3,1,3,1,3827,4.632282733917236,94208,251492,73,OK,2026-03-19 16:20:54
73,D:\6S2\Thesis\7 dataset\hama3_split_raw\test\5\0030.raw,2,5,2,5,1,3828,4.630117416381836,94208,251492,74,OK,2026-03-19 16:21:00
74,D:\6S2\Thesis\7 dataset\hama3_split_raw\test\8\0000.raw,3,8,3,8,1,3828,4.630192279815674,94208,251492,75,OK,2026-03-19 16:21:07
75,D:\6S2\Thesis\7 dataset\hama3_split_raw\test\0\0037.raw,0,0,2,5,0,3828,4.631483793258667,94208,251492,76,OK,2026-03-19 16:21:14
76,D:\6S2\Thesis\7 dataset\hama3_split_raw\test\5\0107.raw,2,5,1,3,0,3827,4.628306865692139,94208,251492,77,OK,2026-03-19 16:21:20
77,D:\6S2\Thesis\7 dataset\hama3_split_raw\test\0\0085.raw,0,0,0,0,1,3827,4.627525091171265,94208,251492,78,OK,2026-03-19 16:21:27
78,D:\6S2\Thesis\7 dataset\hama3_split_raw\test\0\0051.raw,0,0,3,8,0,3828,4.627365589141846,94208,251492,79,OK,2026-03-19 16:21:33
79,D:\6S2\Thesis\7 dataset\hama3_split_raw\test\0\0086.raw,0,0,3,8,0,3828,4.627289056777954,94208,251492,80,OK,2026-03-19 16:21:40
80,D:\6S2\Thesis\7 dataset\hama3_split_raw\test\5\0034.raw,2,5,0,0,0,3827,4.630450963973999,94208,251492,81,OK,2026-03-19 16:21:47
81,D:\6S2\Thesis\7 dataset\hama3_split_raw\test\0\0035.raw,0,0,0,0,1,3827,4.630255699157715,94208,251492,82,OK,2026-03-19 16:21:53
82,D:\6S2\Thesis\7 dataset\hama3_split_raw\test\8\0084.raw,3,8,4,9,0,3827,4.630619287490845,94208,251492,83,OK,2026-03-19 16:22:00
83,D:\6S2\Thesis\7 dataset\hama3_split_raw\test\9\0081.raw,4,9,4,9,1,3827,4.6288182735443115,94208,251492,84,OK,2026-03-19 16:22:07
84,D:\6S2\Thesis\7 dataset\hama3_split_raw\test\8\0067.raw,3,8,2,5,0,3827,4.630332946777344,94208,251492,85,OK,2026-03-19 16:22:13
85,D:\6S2\Thesis\7 dataset\hama3_split_raw\test\0\0088.raw,0,0,2,5,0,3827,4.629782676696777,94208,251492,86,OK,2026-03-19 16:22:20
86,D:\6S2\Thesis\7 dataset\hama3_split_raw\test\5\0030.raw,2,5,2,5,1,3827,4.6301491260528564,94208,251492,87,OK,2026-03-19 16:22:26
87,D:\6S2\Thesis\7 dataset\hama3_split_raw\test\8\0032.raw,3,8,3,8,1,3828,4.630096435546875,94208,251492,88,OK,2026-03-19 16:22:33
88,D:\6S2\Thesis\7 dataset\hama3_split_raw\test\5\0026.raw,2,5,0,0,0,3827,4.63024640083313,94208,251492,89,OK,2026-03-19 16:22:40
89,D:\6S2\Thesis\7 dataset\hama3_split_raw\test\8\0158.raw,3,8,2,5,0,3827,4.630093336105347,94208,251492,90,OK,2026-03-19 16:22:46
90,D:\6S2\Thesis\7 dataset\hama3_split_raw\test\3\0015.raw,1,3,3,8,0,3827,4.629976034164429,94208,251492,91,OK,2026-03-19 16:22:53
91,D:\6S2\Thesis\7 dataset\hama3_split_raw\test\3\0055.raw,1,3,0,0,0,3828,4.629796504974365,94208,251492,92,OK,2026-03-19 16:23:00
92,D:\6S2\Thesis\7 dataset\hama3_split_raw\test\9\0051.raw,4,9,4,9,1,3828,4.629968643188477,94208,251492,93,OK,2026-03-19 16:23:06
93,D:\6S2\Thesis\7 dataset\hama3_split_raw\test\5\0013.raw,2,5,2,5,1,3828,4.629271507263184,94208,251492,94,OK,2026-03-19 16:23:13
94,D:\6S2\Thesis\7 dataset\hama3_split_raw\test\9\0017.raw,4,9,0,0,0,3827,4.630323886871338,94208,251492,95,OK,2026-03-19 16:23:20
95,D:\6S2\Thesis\7 dataset\hama3_split_raw\test\5\0078.raw,2,5,2,5,1,3827,4.630489349365234,94208,251492,96,OK,2026-03-19 16:23:26
96,D:\6S2\Thesis\7 dataset\hama3_split_raw\test\8\0081.raw,3,8,3,8,1,3827,4.63049840927124,94208,251492,97,OK,2026-03-19 16:23:33
97,D:\6S2\Thesis\7 dataset\hama3_split_raw\test\0\0085.raw,0,0,0,0,1,3828,4.6300883293151855,94208,251492,98,OK,2026-03-19 16:23:39
98,D:\6S2\Thesis\7 dataset\hama3_split_raw\test\3\0068.raw,1,3,2,5,0,3828,4.630301475524902,94208,251492,99,OK,2026-03-19 16:23:46
99,D:\6S2\Thesis\7 dataset\hama3_split_raw\test\0\0085.raw,0,0,0,0,1,3827,4.630180597305298,94208,251492,100,OK,2026-03-19 16:23:53
100,D:\6S2\Thesis\7 dataset\hama3_split_raw\test\0\0047.raw,0,0,0,0,1,3827,4.630356311798096,94208,251492,101,OK,2026-03-19 16:23:59
101,D:\6S2\Thesis\7 dataset\hama3_split_raw\test\9\0082.raw,4,9,4,9,1,3827,4.630190134048462,94208,251492,102,OK,2026-03-19 16:24:06
102,D:\6S2\Thesis\7 dataset\hama3_split_raw\test\9\0068.raw,4,9,3,8,0,3827,4.630048990249634,94208,251492,103,OK,2026-03-19 16:24:13
103,D:\6S2\Thesis\7 dataset\hama3_split_raw\test\3\0110.raw,1,3,3,8,0,3827,4.6300036907196045,94208,251492,104,OK,2026-03-19 16:24:19
104,D:\6S2\Thesis\7 dataset\hama3_split_raw\test\0\0076.raw,0,0,3,8,0,3828,4.63075065612793,94208,251492,105,OK,2026-03-19 16:24:26
105,D:\6S2\Thesis\7 dataset\hama3_split_raw\test\0\0004.raw,0,0,0,0,1,3828,4.630397081375122,94208,251492,106,OK,2026-03-19 16:24:33
106,D:\6S2\Thesis\7 dataset\hama3_split_raw\test\5\0093.raw,2,5,3,8,0,3828,4.6307213306427,94208,251492,107,OK,2026-03-19 16:24:39
107,D:\6S2\Thesis\7 dataset\hama3_split_raw\test\5\0030.raw,2,5,2,5,1,3827,4.6299543380737305,94208,251492,108,OK,2026-03-19 16:24:46
108,D:\6S2\Thesis\7 dataset\hama3_split_raw\test\0\0061.raw,0,0,0,0,1,3827,4.630457878112793,94208,251492,109,OK,2026-03-19 16:24:52
109,D:\6S2\Thesis\7 dataset\hama3_split_raw\test\3\0011.raw,1,3,0,0,0,3827,4.629859209060669,94208,251492,110,OK,2026-03-19 16:24:59
110,D:\6S2\Thesis\7 dataset\hama3_split_raw\test\0\0007.raw,0,0,0,0,1,3827,4.63037371635437,94208,251492,111,OK,2026-03-19 16:25:06
111,D:\6S2\Thesis\7 dataset\hama3_split_raw\test\0\0025.raw,0,0,3,8,0,3827,4.63050651550293,94208,251492,112,OK,2026-03-19 16:25:12
112,D:\6S2\Thesis\7 dataset\hama3_split_raw\test\9\0025.raw,4,9,0,0,0,3828,4.630761384963989,94208,251492,113,OK,2026-03-19 16:25:19
113,D:\6S2\Thesis\7 dataset\hama3_split_raw\test\8\0174.raw,3,8,4,9,0,3827,4.630354642868042,94208,251492,114,OK,2026-03-19 16:25:26
114,D:\6S2\Thesis\7 dataset\hama3_split_raw\test\3\0011.raw,1,3,0,0,0,3828,4.630537033081055,94208,251492,115,OK,2026-03-19 16:25:32
115,D:\6S2\Thesis\7 dataset\hama3_split_raw\test\9\0082.raw,4,9,4,9,1,3827,4.6304731369018555,94208,251492,116,OK,2026-03-19 16:25:39
116,D:\6S2\Thesis\7 dataset\hama3_split_raw\test\9\0083.raw,4,9,4,9,1,3827,4.630672216415405,94208,251492,117,OK,2026-03-19 16:25:45
117,D:\6S2\Thesis\7 dataset\hama3_split_raw\test\3\0107.raw,1,3,4,9,0,3828,4.630478143692017,94208,251492,118,OK,2026-03-19 16:25:52
118,D:\6S2\Thesis\7 dataset\hama3_split_raw\test\3\0054.raw,1,3,0,0,0,3828,4.629946708679199,94208,251492,119,OK,2026-03-19 16:25:59
119,D:\6S2\Thesis\7 dataset\hama3_split_raw\test\9\0081.raw,4,9,4,9,1,3827,4.629904747009277,94208,251492,120,OK,2026-03-19 16:26:05
120,D:\6S2\Thesis\7 dataset\hama3_split_raw\test\5\0107.raw,2,5,1,3,0,3828,4.629879713058472,94208,251492,121,OK,2026-03-19 16:26:12
121,D:\6S2\Thesis\7 dataset\hama3_split_raw\test\5\0084.raw,2,5,0,0,0,3828,4.629940032958984,94208,251492,122,OK,2026-03-19 16:26:19
122,D:\6S2\Thesis\7 dataset\hama3_split_raw\test\8\0101.raw,3,8,0,0,0,3827,4.630096435546875,94208,251492,123,OK,2026-03-19 16:26:25
123,D:\6S2\Thesis\7 dataset\hama3_split_raw\test\8\0137.raw,3,8,3,8,1,3827,4.629938125610352,94208,251492,124,OK,2026-03-19 16:26:32
124,D:\6S2\Thesis\7 dataset\hama3_split_raw\test\5\0024.raw,2,5,4,9,0,3827,4.629746437072754,94208,251492,125,OK,2026-03-19 16:26:39
125,D:\6S2\Thesis\7 dataset\hama3_split_raw\test\3\0006.raw,1,3,0,0,0,3827,4.630039215087891,94208,251492,126,OK,2026-03-19 16:26:45
126,D:\6S2\Thesis\7 dataset\hama3_split_raw\test\0\0085.raw,0,0,0,0,1,3828,4.630755662918091,94208,251492,127,OK,2026-03-19 16:26:52
127,D:\6S2\Thesis\7 dataset\hama3_split_raw\test\9\0049.raw,4,9,0,0,0,3828,4.630286455154419,94208,251492,128,OK,2026-03-19 16:26:58
128,D:\6S2\Thesis\7 dataset\hama3_split_raw\test\5\0045.raw,2,5,1,3,0,3828,4.629980087280273,94208,251492,129,OK,2026-03-19 16:27:05
129,D:\6S2\Thesis\7 dataset\hama3_split_raw\test\8\0141.raw,3,8,3,8,1,3828,4.6307432651519775,94208,251492,130,OK,2026-03-19 16:27:12
130,D:\6S2\Thesis\7 dataset\hama3_split_raw\test\0\0030.raw,0,0,0,0,1,3828,4.629900932312012,94208,251492,131,OK,2026-03-19 16:27:18
131,D:\6S2\Thesis\7 dataset\hama3_split_raw\test\8\0060.raw,3,8,3,8,1,3828,4.630133152008057,94208,251492,132,OK,2026-03-19 16:27:25
132,D:\6S2\Thesis\7 dataset\hama3_split_raw\test\0\0084.raw,0,0,0,0,1,3827,4.63032078742981,94208,251492,133,OK,2026-03-19 16:27:32
133,D:\6S2\Thesis\7 dataset\hama3_split_raw\test\9\0031.raw,4,9,0,0,0,3827,4.629781484603882,94208,251492,134,OK,2026-03-19 16:27:38
134,D:\6S2\Thesis\7 dataset\hama3_split_raw\test\0\0037.raw,0,0,2,5,0,3827,4.630507469177246,94208,251492,135,OK,2026-03-19 16:27:45
135,D:\6S2\Thesis\7 dataset\hama3_split_raw\test\3\0024.raw,1,3,4,9,0,3828,4.630054712295532,94208,251492,136,OK,2026-03-19 16:27:51
136,D:\6S2\Thesis\7 dataset\hama3_split_raw\test\8\0165.raw,3,8,3,8,1,3827,4.6300976276397705,94208,251492,137,OK,2026-03-19 16:27:58
137,D:\6S2\Thesis\7 dataset\hama3_split_raw\test\8\0081.raw,3,8,3,8,1,3827,4.6285200119018555,94208,251492,138,OK,2026-03-19 16:28:05
138,D:\6S2\Thesis\7 dataset\hama3_split_raw\test\5\0070.raw,2,5,1,3,0,3827,4.630358695983887,94208,251492,139,OK,2026-03-19 16:28:11
139,D:\6S2\Thesis\7 dataset\hama3_split_raw\test\3\0031.raw,1,3,4,9,0,3827,4.63004207611084,94208,251492,140,OK,2026-03-19 16:28:18
140,D:\6S2\Thesis\7 dataset\hama3_split_raw\test\3\0007.raw,1,3,1,3,1,3828,4.6302196979522705,94208,251492,141,OK,2026-03-19 16:28:25
141,D:\6S2\Thesis\7 dataset\hama3_split_raw\test\5\0064.raw,2,5,2,5,1,3827,4.630449295043945,94208,251492,142,OK,2026-03-19 16:28:31
142,D:\6S2\Thesis\7 dataset\hama3_split_raw\test\9\0009.raw,4,9,3,8,0,3827,4.63068699836731,94208,251492,143,OK,2026-03-19 16:28:38
143,D:\6S2\Thesis\7 dataset\hama3_split_raw\test\9\0040.raw,4,9,2,5,0,3827,4.631174087524414,94208,251492,144,OK,2026-03-19 16:28:45
144,D:\6S2\Thesis\7 dataset\hama3_split_raw\test\0\0043.raw,0,0,3,8,0,3827,4.630213975906372,94208,251492,145,OK,2026-03-19 16:28:51
145,D:\6S2\Thesis\7 dataset\hama3_split_raw\test\8\0160.raw,3,8,3,8,1,3828,4.630889415740967,94208,251492,146,OK,2026-03-19 16:28:58
146,D:\6S2\Thesis\7 dataset\hama3_split_raw\test\3\0055.raw,1,3,0,0,0,3827,4.6314098834991455,94208,251492,147,OK,2026-03-19 16:29:05
147,D:\6S2\Thesis\7 dataset\hama3_split_raw\test\0\0001.raw,0,0,3,8,0,3827,4.629979848861694,94208,251492,148,OK,2026-03-19 16:29:11
148,D:\6S2\Thesis\7 dataset\hama3_split_raw\test\0\0066.raw,0,0,4,9,0,3827,4.630327224731445,94208,251492,149,OK,2026-03-19 16:29:18
149,D:\6S2\Thesis\7 dataset\hama3_split_raw\test\5\0066.raw,2,5,2,5,1,3827,4.630746364593506,94208,251492,150,OK,2026-03-19 16:29:24
150,D:\6S2\Thesis\7 dataset\hama3_split_raw\test\9\0072.raw,4,9,2,5,0,3827,4.6325461864471436,94208,251492,151,OK,2026-03-19 16:29:31
151,D:\6S2\Thesis\7 dataset\hama3_split_raw\test\9\0068.raw,4,9,3,8,0,3827,4.631802797317505,94208,251492,152,OK,2026-03-19 16:29:38
152,D:\6S2\Thesis\7 dataset\hama3_split_raw\test\8\0105.raw,3,8,3,8,1,3828,4.631167650222778,94208,251492,153,OK,2026-03-19 16:29:44
153,D:\6S2\Thesis\7 dataset\hama3_split_raw\test\9\0043.raw,4,9,4,9,1,3827,4.630946636199951,94208,251492,154,OK,2026-03-19 16:29:51
154,D:\6S2\Thesis\7 dataset\hama3_split_raw\test\3\0073.raw,1,3,2,5,0,3827,4.629162311553955,94208,251492,155,OK,2026-03-19 16:29:58
155,D:\6S2\Thesis\7 dataset\hama3_split_raw\test\9\0037.raw,4,9,4,9,1,3827,4.627401351928711,94208,251492,156,OK,2026-03-19 16:30:04
156,D:\6S2\Thesis\7 dataset\hama3_split_raw\test\3\0106.raw,1,3,3,8,0,3827,4.630502462387085,94208,251492,157,OK,2026-03-19 16:30:11
157,D:\6S2\Thesis\7 dataset\hama3_split_raw\test\0\0052.raw,0,0,0,0,1,3827,4.631820917129517,94208,251492,158,OK,2026-03-19 16:30:18
158,D:\6S2\Thesis\7 dataset\hama3_split_raw\test\3\0042.raw,1,3,2,5,0,3827,4.630861282348633,94208,251492,159,OK,2026-03-19 16:30:24
159,D:\6S2\Thesis\7 dataset\hama3_split_raw\test\5\0046.raw,2,5,2,5,1,3827,4.630335569381714,94208,251492,160,OK,2026-03-19 16:30:31
160,D:\6S2\Thesis\7 dataset\hama3_split_raw\test\3\0021.raw,1,3,4,9,0,3828,4.629867792129517,94208,251492,161,OK,2026-03-19 16:30:37
161,D:\6S2\Thesis\7 dataset\hama3_split_raw\test\0\0068.raw,0,0,4,9,0,3828,4.6311328411102295,94208,251492,162,OK,2026-03-19 16:30:44
162,D:\6S2\Thesis\7 dataset\hama3_split_raw\test\0\0034.raw,0,0,0,0,1,3827,4.630756855010986,94208,251492,163,OK,2026-03-19 16:30:51
163,D:\6S2\Thesis\7 dataset\hama3_split_raw\test\3\0089.raw,1,3,4,9,0,3828,4.629480361938477,94208,251492,164,OK,2026-03-19 16:30:57
164,D:\6S2\Thesis\7 dataset\hama3_split_raw\test\3\0058.raw,1,3,3,8,0,3828,4.630079030990601,94208,251492,165,OK,2026-03-19 16:31:04
165,D:\6S2\Thesis\7 dataset\hama3_split_raw\test\9\0048.raw,4,9,4,9,1,3828,4.6284332275390625,94208,251492,166,OK,2026-03-19 16:31:11
166,D:\6S2\Thesis\7 dataset\hama3_split_raw\test\0\0001.raw,0,0,3,8,0,3827,4.631163120269775,94208,251492,167,OK,2026-03-19 16:31:17
167,D:\6S2\Thesis\7 dataset\hama3_split_raw\test\0\0063.raw,0,0,4,9,0,3827,4.62917423248291,94208,251492,168,OK,2026-03-19 16:31:24
168,D:\6S2\Thesis\7 dataset\hama3_split_raw\test\8\0035.raw,3,8,0,0,0,3827,4.631089687347412,94208,251492,169,OK,2026-03-19 16:31:30
169,D:\6S2\Thesis\7 dataset\hama3_split_raw\test\3\0055.raw,1,3,0,0,0,3827,4.630578517913818,94208,251492,170,OK,2026-03-19 16:31:37
170,D:\6S2\Thesis\7 dataset\hama3_split_raw\test\3\0060.raw,1,3,1,3,1,3828,4.631028652191162,94208,251492,171,OK,2026-03-19 16:31:44
171,D:\6S2\Thesis\7 dataset\hama3_split_raw\test\8\0054.raw,3,8,3,8,1,3827,4.630915403366089,94208,251492,172,OK,2026-03-19 16:31:50
172,D:\6S2\Thesis\7 dataset\hama3_split_raw\test\5\0106.raw,2,5,0,0,0,3828,4.632639169692993,94208,251492,173,OK,2026-03-19 16:31:57
173,D:\6S2\Thesis\7 dataset\hama3_split_raw\test\3\0079.raw,1,3,3,8,0,3827,4.630717515945435,94208,251492,174,OK,2026-03-19 16:32:04
174,D:\6S2\Thesis\7 dataset\hama3_split_raw\test\0\0001.raw,0,0,3,8,0,3827,4.629977226257324,94208,251492,175,OK,2026-03-19 16:32:10
175,D:\6S2\Thesis\7 dataset\hama3_split_raw\test\9\0013.raw,4,9,0,0,0,3827,4.63026237487793,94208,251492,176,OK,2026-03-19 16:32:17
176,D:\6S2\Thesis\7 dataset\hama3_split_raw\test\0\0048.raw,0,0,0,0,1,3828,4.631378173828125,94208,251492,177,OK,2026-03-19 16:32:24
177,D:\6S2\Thesis\7 dataset\hama3_split_raw\test\8\0113.raw,3,8,0,0,0,3827,4.628418445587158,94208,251492,178,OK,2026-03-19 16:32:30
178,D:\6S2\Thesis\7 dataset\hama3_split_raw\test\9\0014.raw,4,9,0,0,0,3827,4.630095481872559,94208,251492,179,OK,2026-03-19 16:32:37
179,D:\6S2\Thesis\7 dataset\hama3_split_raw\test\9\0059.raw,4,9,4,9,1,3827,4.63030743598938,94208,251492,180,OK,2026-03-19 16:32:43
180,D:\6S2\Thesis\7 dataset\hama3_split_raw\test\3\0021.raw,1,3,4,9,0,3828,4.632073402404785,94208,251492,181,OK,2026-03-19 16:32:50
181,D:\6S2\Thesis\7 dataset\hama3_split_raw\test\3\0099.raw,1,3,0,0,0,3828,4.630258083343506,94208,251492,182,OK,2026-03-19 16:32:57
182,D:\6S2\Thesis\7 dataset\hama3_split_raw\test\9\0027.raw,4,9,1,3,0,3828,4.6296327114105225,94208,251492,183,OK,2026-03-19 16:33:03
183,D:\6S2\Thesis\7 dataset\hama3_split_raw\test\9\0100.raw,4,9,3,8,0,3827,4.630824327468872,94208,251492,184,OK,2026-03-19 16:33:10
184,D:\6S2\Thesis\7 dataset\hama3_split_raw\test\5\0060.raw,2,5,3,8,0,3827,4.630299806594849,94208,251492,185,OK,2026-03-19 16:33:17
185,D:\6S2\Thesis\7 dataset\hama3_split_raw\test\0\0014.raw,0,0,0,0,1,3827,4.630129098892212,94208,251492,186,OK,2026-03-19 16:33:23
186,D:\6S2\Thesis\7 dataset\hama3_split_raw\test\0\0005.raw,0,0,3,8,0,3827,4.62980842590332,94208,251492,187,OK,2026-03-19 16:33:30
187,D:\6S2\Thesis\7 dataset\hama3_split_raw\test\9\0031.raw,4,9,0,0,0,3827,4.628496408462524,94208,251492,188,OK,2026-03-19 16:33:37
188,D:\6S2\Thesis\7 dataset\hama3_split_raw\test\0\0060.raw,0,0,0,0,1,3828,4.630552291870117,94208,251492,189,OK,2026-03-19 16:33:43
189,D:\6S2\Thesis\7 dataset\hama3_split_raw\test\8\0109.raw,3,8,0,0,0,3828,4.630263090133667,94208,251492,190,OK,2026-03-19 16:33:50
190,D:\6S2\Thesis\7 dataset\hama3_split_raw\test\0\0046.raw,0,0,3,8,0,3827,4.629852056503296,94208,251492,191,OK,2026-03-19 16:33:56
191,D:\6S2\Thesis\7 dataset\hama3_split_raw\test\0\0015.raw,0,0,0,0,1,3827,4.630932569503784,94208,251492,192,OK,2026-03-19 16:34:03
192,D:\6S2\Thesis\7 dataset\hama3_split_raw\test\9\0071.raw,4,9,4,9,1,3827,4.630531549453735,94208,251492,193,OK,2026-03-19 16:34:10
193,D:\6S2\Thesis\7 dataset\hama3_split_raw\test\8\0093.raw,3,8,3,8,1,3828,4.628198623657227,94208,251492,194,OK,2026-03-19 16:34:16
194,D:\6S2\Thesis\7 dataset\hama3_split_raw\test\8\0017.raw,3,8,0,0,0,3828,4.628695964813232,94208,251492,195,OK,2026-03-19 16:34:23
195,D:\6S2\Thesis\7 dataset\hama3_split_raw\test\9\0086.raw,4,9,0,0,0,3828,4.630987644195557,94208,251492,196,OK,2026-03-19 16:34:30
196,D:\6S2\Thesis\7 dataset\hama3_split_raw\test\9\0061.raw,4,9,4,9,1,3828,4.630835056304932,94208,251492,197,OK,2026-03-19 16:34:36
197,D:\6S2\Thesis\7 dataset\hama3_split_raw\test\5\0063.raw,2,5,2,5,1,3827,4.630455017089844,94208,251492,198,OK,2026-03-19 16:34:43
198,D:\6S2\Thesis\7 dataset\hama3_split_raw\test\8\0176.raw,3,8,0,0,0,3827,4.630451917648315,94208,251492,199,OK,2026-03-19 16:34:50
199,D:\6S2\Thesis\7 dataset\hama3_split_raw\test\9\0034.raw,4,9,0,0,0,3827,4.630199193954468,94208,251492,200,OK,2026-03-19 16:34:56
200,D:\6S2\Thesis\7 dataset\hama3_split_raw\test\3\0019.raw,1,3,4,9,0,3827,4.63042950630188,94208,251492,201,OK,2026-03-19 16:35:03
201,D:\6S2\Thesis\7 dataset\hama3_split_raw\test\9\0073.raw,4,9,0,0,0,3827,4.630200147628784,94208,251492,202,OK,2026-03-19 16:35:09
202,D:\6S2\Thesis\7 dataset\hama3_split_raw\test\0\0067.raw,0,0,0,0,1,3827,4.631061315536499,94208,251492,203,OK,2026-03-19 16:35:16
203,D:\6S2\Thesis\7 dataset\hama3_split_raw\test\0\0034.raw,0,0,0,0,1,3828,4.631178379058838,94208,251492,204,OK,2026-03-19 16:35:23
204,D:\6S2\Thesis\7 dataset\hama3_split_raw\test\0\0033.raw,0,0,3,8,0,3827,4.63118839263916,94208,251492,205,OK,2026-03-19 16:35:29
205,D:\6S2\Thesis\7 dataset\hama3_split_raw\test\8\0078.raw,3,8,3,8,1,3827,4.630738258361816,94208,251492,206,OK,2026-03-19 16:35:36
206,D:\6S2\Thesis\7 dataset\hama3_split_raw\test\5\0058.raw,2,5,4,9,0,3827,4.630665063858032,94208,251492,207,OK,2026-03-19 16:35:43
207,D:\6S2\Thesis\7 dataset\hama3_split_raw\test\9\0032.raw,4,9,0,0,0,3828,4.62882399559021,94208,251492,208,OK,2026-03-19 16:35:49
208,D:\6S2\Thesis\7 dataset\hama3_split_raw\test\3\0044.raw,1,3,3,8,0,3827,4.629667043685913,94208,251492,209,OK,2026-03-19 16:35:56
209,D:\6S2\Thesis\7 dataset\hama3_split_raw\test\5\0065.raw,2,5,3,8,0,3827,4.631586313247681,94208,251492,210,OK,2026-03-19 16:36:02
210,D:\6S2\Thesis\7 dataset\hama3_split_raw\test\0\0017.raw,0,0,0,0,1,3827,4.630726099014282,94208,251492,211,OK,2026-03-19 16:36:09
211,D:\6S2\Thesis\7 dataset\hama3_split_raw\test\8\0009.raw,3,8,3,8,1,3827,4.631282567977905,94208,251492,212,OK,2026-03-19 16:36:16
212,D:\6S2\Thesis\7 dataset\hama3_split_raw\test\3\0013.raw,1,3,1,3,1,3828,4.6304309368133545,94208,251492,213,OK,2026-03-19 16:36:22
213,D:\6S2\Thesis\7 dataset\hama3_split_raw\test\0\0040.raw,0,0,3,8,0,3828,4.632810831069946,94208,251492,214,OK,2026-03-19 16:36:29
214,D:\6S2\Thesis\7 dataset\hama3_split_raw\test\0\0083.raw,0,0,0,0,1,3828,4.630754470825195,94208,251492,215,OK,2026-03-19 16:36:36
215,D:\6S2\Thesis\7 dataset\hama3_split_raw\test\0\0087.raw,0,0,0,0,1,3828,4.63073468208313,94208,251492,216,OK,2026-03-19 16:36:42
216,D:\6S2\Thesis\7 dataset\hama3_split_raw\test\5\0061.raw,2,5,0,0,0,3827,4.630566835403442,94208,251492,217,OK,2026-03-19 16:36:49
217,D:\6S2\Thesis\7 dataset\hama3_split_raw\test\8\0023.raw,3,8,3,8,1,3827,4.630396604537964,94208,251492,218,OK,2026-03-19 16:36:56
218,D:\6S2\Thesis\7 dataset\hama3_split_raw\test\9\0031.raw,4,9,0,0,0,3827,4.630791664123535,94208,251492,219,OK,2026-03-19 16:37:02
219,D:\6S2\Thesis\7 dataset\hama3_split_raw\test\5\0048.raw,2,5,3,8,0,3828,4.6323561668396,94208,251492,220,OK,2026-03-19 16:37:09
220,D:\6S2\Thesis\7 dataset\hama3_split_raw\test\0\0025.raw,0,0,3,8,0,3827,4.630877494812012,94208,251492,221,OK,2026-03-19 16:37:16
221,D:\6S2\Thesis\7 dataset\hama3_split_raw\test\5\0075.raw,2,5,0,0,0,3828,4.630643844604492,94208,251492,222,OK,2026-03-19 16:37:22
222,D:\6S2\Thesis\7 dataset\hama3_split_raw\test\8\0015.raw,3,8,3,8,1,3828,4.630415916442871,94208,251492,223,OK,2026-03-19 16:37:29
223,D:\6S2\Thesis\7 dataset\hama3_split_raw\test\5\0102.raw,2,5,0,0,0,3827,4.631716012954712,94208,251492,224,OK,2026-03-19 16:37:35
224,D:\6S2\Thesis\7 dataset\hama3_split_raw\test\3\0063.raw,1,3,4,9,0,3827,4.6310577392578125,94208,251492,225,OK,2026-03-19 16:37:42
225,D:\6S2\Thesis\7 dataset\hama3_split_raw\test\0\0073.raw,0,0,3,8,0,3827,4.630283355712891,94208,251492,226,OK,2026-03-19 16:37:49
226,D:\6S2\Thesis\7 dataset\hama3_split_raw\test\0\0010.raw,0,0,3,8,0,3827,4.63122820854187,94208,251492,227,OK,2026-03-19 16:37:55
227,D:\6S2\Thesis\7 dataset\hama3_split_raw\test\8\0170.raw,3,8,3,8,1,3827,4.630695819854736,94208,251492,228,OK,2026-03-19 16:38:02
228,D:\6S2\Thesis\7 dataset\hama3_split_raw\test\5\0076.raw,2,5,0,0,0,3827,4.6307830810546875,94208,251492,229,OK,2026-03-19 16:38:09
229,D:\6S2\Thesis\7 dataset\hama3_split_raw\test\8\0026.raw,3,8,0,0,0,3827,4.630697250366211,94208,251492,230,OK,2026-03-19 16:38:15
230,D:\6S2\Thesis\7 dataset\hama3_split_raw\test\0\0041.raw,0,0,0,0,1,3828,4.631693124771118,94208,251492,231,OK,2026-03-19 16:38:22
231,D:\6S2\Thesis\7 dataset\hama3_split_raw\test\3\0062.raw,1,3,3,8,0,3828,4.631269216537476,94208,251492,232,OK,2026-03-19 16:38:29
232,D:\6S2\Thesis\7 dataset\hama3_split_raw\test\8\0044.raw,3,8,3,8,1,3827,4.630692005157471,94208,251492,233,OK,2026-03-19 16:38:35
233,D:\6S2\Thesis\7 dataset\hama3_split_raw\test\9\0063.raw,4,9,4,9,1,3827,4.630748748779297,94208,251492,234,OK,2026-03-19 16:38:42
234,D:\6S2\Thesis\7 dataset\hama3_split_raw\test\9\0083.raw,4,9,4,9,1,3828,4.631205797195435,94208,251492,235,OK,2026-03-19 16:38:48
235,D:\6S2\Thesis\7 dataset\hama3_split_raw\test\8\0000.raw,3,8,3,8,1,3827,4.6298370361328125,94208,251492,236,OK,2026-03-19 16:38:55
236,D:\6S2\Thesis\7 dataset\hama3_split_raw\test\3\0063.raw,1,3,4,9,0,3827,4.6310436725616455,94208,251492,237,OK,2026-03-19 16:39:02
237,D:\6S2\Thesis\7 dataset\hama3_split_raw\test\5\0029.raw,2,5,2,5,1,3827,4.630861759185791,94208,251492,238,OK,2026-03-19 16:39:08
238,D:\6S2\Thesis\7 dataset\hama3_split_raw\test\5\0066.raw,2,5,2,5,1,3828,4.630813837051392,94208,251492,239,OK,2026-03-19 16:39:15
239,D:\6S2\Thesis\7 dataset\hama3_split_raw\test\3\0070.raw,1,3,2,5,0,3827,4.632646322250366,94208,251492,240,OK,2026-03-19 16:39:22
240,D:\6S2\Thesis\7 dataset\hama3_split_raw\test\8\0073.raw,3,8,0,0,0,3827,4.629876136779785,94208,251492,241,OK,2026-03-19 16:39:28
241,D:\6S2\Thesis\7 dataset\hama3_split_raw\test\9\0037.raw,4,9,4,9,1,3827,4.630282640457153,94208,251492,242,OK,2026-03-19 16:39:35
242,D:\6S2\Thesis\7 dataset\hama3_split_raw\test\5\0090.raw,2,5,4,9,0,3828,4.631576299667358,94208,251492,243,OK,2026-03-19 16:39:41
243,D:\6S2\Thesis\7 dataset\hama3_split_raw\test\8\0125.raw,3,8,3,8,1,3827,4.6306798458099365,94208,251492,244,OK,2026-03-19 16:39:48
244,D:\6S2\Thesis\7 dataset\hama3_split_raw\test\3\0018.raw,1,3,4,9,0,3828,4.63011908531189,94208,251492,245,OK,2026-03-19 16:39:55
245,D:\6S2\Thesis\7 dataset\hama3_split_raw\test\8\0142.raw,3,8,0,0,0,3827,4.630390644073486,94208,251492,246,OK,2026-03-19 16:40:01
246,D:\6S2\Thesis\7 dataset\hama3_split_raw\test\5\0061.raw,2,5,0,0,0,3828,4.629577875137329,94208,251492,247,OK,2026-03-19 16:40:08
247,D:\6S2\Thesis\7 dataset\hama3_split_raw\test\8\0141.raw,3,8,3,8,1,3827,4.629963159561157,94208,251492,248,OK,2026-03-19 16:40:15
248,D:\6S2\Thesis\7 dataset\hama3_split_raw\test\9\0080.raw,4,9,4,9,1,3827,4.630040645599365,94208,251492,249,OK,2026-03-19 16:40:21
249,D:\6S2\Thesis\7 dataset\hama3_split_raw\test\0\0052.raw,0,0,0,0,1,3827,4.630504846572876,94208,251492,250,OK,2026-03-19 16:40:28
250,D:\6S2\Thesis\7 dataset\hama3_split_raw\test\3\0055.raw,1,3,0,0,0,3827,4.630725383758545,94208,251492,251,OK,2026-03-19 16:40:35
251,D:\6S2\Thesis\7 dataset\hama3_split_raw\test\5\0053.raw,2,5,2,5,1,3828,4.6302330493927,94208,251492,252,OK,2026-03-19 16:40:41
252,D:\6S2\Thesis\7 dataset\hama3_split_raw\test\8\0151.raw,3,8,0,0,0,3827,4.631220579147339,94208,251492,253,OK,2026-03-19 16:40:48
253,D:\6S2\Thesis\7 dataset\hama3_split_raw\test\8\0178.raw,3,8,3,8,1,3828,4.630591869354248,94208,251492,254,OK,2026-03-19 16:40:54
254,D:\6S2\Thesis\7 dataset\hama3_split_raw\test\8\0114.raw,3,8,0,0,0,3827,4.631495475769043,94208,251492,255,OK,2026-03-19 16:41:01
255,D:\6S2\Thesis\7 dataset\hama3_split_raw\test\5\0013.raw,2,5,2,5,1,3828,4.630964040756226,94208,251492,256,OK,2026-03-19 16:41:08
256,D:\6S2\Thesis\7 dataset\hama3_split_raw\test\8\0118.raw,3,8,3,8,1,3828,4.632334232330322,94208,251492,257,OK,2026-03-19 16:41:14
257,D:\6S2\Thesis\7 dataset\hama3_split_raw\test\3\0003.raw,1,3,1,3,1,3827,4.630472183227539,94208,251492,258,OK,2026-03-19 16:41:21
258,D:\6S2\Thesis\7 dataset\hama3_split_raw\test\3\0079.raw,1,3,3,8,0,3827,4.631101369857788,94208,251492,259,OK,2026-03-19 16:41:28
259,D:\6S2\Thesis\7 dataset\hama3_split_raw\test\0\0059.raw,0,0,3,8,0,3827,4.631088495254517,94208,251492,260,OK,2026-03-19 16:41:34
260,D:\6S2\Thesis\7 dataset\hama3_split_raw\test\0\0060.raw,0,0,0,0,1,3827,4.630642652511597,94208,251492,261,OK,2026-03-19 16:41:41
261,D:\6S2\Thesis\7 dataset\hama3_split_raw\test\5\0020.raw,2,5,3,8,0,3828,4.63042140007019,94208,251492,262,OK,2026-03-19 16:41:48
262,D:\6S2\Thesis\7 dataset\hama3_split_raw\test\5\0106.raw,2,5,0,0,0,3827,4.630498170852661,94208,251492,263,OK,2026-03-19 16:41:54
263,D:\6S2\Thesis\7 dataset\hama3_split_raw\test\9\0053.raw,4,9,0,0,0,3827,4.63065767288208,94208,251492,264,OK,2026-03-19 16:42:01
264,D:\6S2\Thesis\7 dataset\hama3_split_raw\test\3\0047.raw,1,3,4,9,0,3828,4.629331111907959,94208,251492,265,OK,2026-03-19 16:42:07
265,D:\6S2\Thesis\7 dataset\hama3_split_raw\test\9\0041.raw,4,9,0,0,0,3828,4.630364179611206,94208,251492,266,OK,2026-03-19 16:42:14
266,D:\6S2\Thesis\7 dataset\hama3_split_raw\test\8\0019.raw,3,8,3,8,1,3828,4.631073951721191,94208,251492,267,OK,2026-03-19 16:42:21
267,D:\6S2\Thesis\7 dataset\hama3_split_raw\test\5\0119.raw,2,5,4,9,0,3828,4.631350994110107,94208,251492,268,OK,2026-03-19 16:42:27
268,D:\6S2\Thesis\7 dataset\hama3_split_raw\test\0\0029.raw,0,0,0,0,1,3827,4.630903005599976,94208,251492,269,OK,2026-03-19 16:42:34
269,D:\6S2\Thesis\7 dataset\hama3_split_raw\test\3\0041.raw,1,3,4,9,0,3827,4.629151105880737,94208,251492,270,OK,2026-03-19 16:42:41
270,D:\6S2\Thesis\7 dataset\hama3_split_raw\test\8\0019.raw,3,8,3,8,1,3827,4.630680322647095,94208,251492,271,OK,2026-03-19 16:42:47
271,D:\6S2\Thesis\7 dataset\hama3_split_raw\test\5\0098.raw,2,5,0,0,0,3828,4.631041526794434,94208,251492,272,OK,2026-03-19 16:42:54
272,D:\6S2\Thesis\7 dataset\hama3_split_raw\test\3\0094.raw,1,3,4,9,0,3827,4.631040811538696,94208,251492,273,OK,2026-03-19 16:43:00
273,D:\6S2\Thesis\7 dataset\hama3_split_raw\test\5\0094.raw,2,5,2,5,1,3827,4.62870192527771,94208,251492,274,OK,2026-03-19 16:43:07
274,D:\6S2\Thesis\7 dataset\hama3_split_raw\test\0\0009.raw,0,0,3,8,0,3828,4.628035068511963,94208,251492,275,OK,2026-03-19 16:43:14
275,D:\6S2\Thesis\7 dataset\hama3_split_raw\test\0\0046.raw,0,0,3,8,0,3828,4.6300270557403564,94208,251492,276,OK,2026-03-19 16:43:20
276,D:\6S2\Thesis\7 dataset\hama3_split_raw\test\9\0072.raw,4,9,2,5,0,3827,4.630273103713989,94208,251492,277,OK,2026-03-19 16:43:27
277,D:\6S2\Thesis\7 dataset\hama3_split_raw\test\0\0088.raw,0,0,2,5,0,3828,4.630638360977173,94208,251492,278,OK,2026-03-19 16:43:34
278,D:\6S2\Thesis\7 dataset\hama3_split_raw\test\0\0036.raw,0,0,3,8,0,3827,4.630150318145752,94208,251492,279,OK,2026-03-19 16:43:40
279,D:\6S2\Thesis\7 dataset\hama3_split_raw\test\5\0105.raw,2,5,1,3,0,3827,4.630980730056763,94208,251492,280,OK,2026-03-19 16:43:47
280,D:\6S2\Thesis\7 dataset\hama3_split_raw\test\0\0066.raw,0,0,4,9,0,3828,4.630437135696411,94208,251492,281,OK,2026-03-19 16:43:54
281,D:\6S2\Thesis\7 dataset\hama3_split_raw\test\0\0063.raw,0,0,4,9,0,3827,4.629240989685059,94208,251492,282,OK,2026-03-19 16:44:00
282,D:\6S2\Thesis\7 dataset\hama3_split_raw\test\8\0033.raw,3,8,0,0,0,3827,4.630129337310791,94208,251492,283,OK,2026-03-19 16:44:07
283,D:\6S2\Thesis\7 dataset\hama3_split_raw\test\0\0026.raw,0,0,0,0,1,3827,4.632666826248169,94208,251492,284,OK,2026-03-19 16:44:14
284,D:\6S2\Thesis\7 dataset\hama3_split_raw\test\0\0010.raw,0,0,3,8,0,3827,4.630701065063477,94208,251492,285,OK,2026-03-19 16:44:20
285,D:\6S2\Thesis\7 dataset\hama3_split_raw\test\9\0080.raw,4,9,4,9,1,3828,4.632004976272583,94208,251492,286,OK,2026-03-19 16:44:27
286,D:\6S2\Thesis\7 dataset\hama3_split_raw\test\5\0025.raw,2,5,2,5,1,3827,4.6285319328308105,94208,251492,287,OK,2026-03-19 16:44:33
287,D:\6S2\Thesis\7 dataset\hama3_split_raw\test\3\0069.raw,1,3,1,3,1,3827,4.629619121551514,94208,251492,288,OK,2026-03-19 16:44:40
288,D:\6S2\Thesis\7 dataset\hama3_split_raw\test\9\0073.raw,4,9,0,0,0,3827,4.630846977233887,94208,251492,289,OK,2026-03-19 16:44:47
289,D:\6S2\Thesis\7 dataset\hama3_split_raw\test\3\0023.raw,1,3,1,3,1,3827,4.630613565444946,94208,251492,290,OK,2026-03-19 16:44:53
290,D:\6S2\Thesis\7 dataset\hama3_split_raw\test\9\0046.raw,4,9,2,5,0,3828,4.630517959594727,94208,251492,291,OK,2026-03-19 16:45:00
291,D:\6S2\Thesis\7 dataset\hama3_split_raw\test\9\0065.raw,4,9,0,0,0,3828,4.630697250366211,94208,251492,292,OK,2026-03-19 16:45:07
292,D:\6S2\Thesis\7 dataset\hama3_split_raw\test\5\0011.raw,2,5,4,9,0,3828,4.630748510360718,94208,251492,293,OK,2026-03-19 16:45:13
293,D:\6S2\Thesis\7 dataset\hama3_split_raw\test\8\0118.raw,3,8,3,8,1,3827,4.630885362625122,94208,251492,294,OK,2026-03-19 16:45:20
294,D:\6S2\Thesis\7 dataset\hama3_split_raw\test\5\0106.raw,2,5,0,0,0,3827,4.630100250244141,94208,251492,295,OK,2026-03-19 16:45:26
295,D:\6S2\Thesis\7 dataset\hama3_split_raw\test\3\0048.raw,1,3,0,0,0,3827,4.630394697189331,94208,251492,296,OK,2026-03-19 16:45:33
296,D:\6S2\Thesis\7 dataset\hama3_split_raw\test\3\0036.raw,1,3,3,8,0,3827,4.630855083465576,94208,251492,297,OK,2026-03-19 16:45:40
297,D:\6S2\Thesis\7 dataset\hama3_split_raw\test\8\0176.raw,3,8,0,0,0,3827,4.630902051925659,94208,251492,298,OK,2026-03-19 16:45:46
298,D:\6S2\Thesis\7 dataset\hama3_split_raw\test\8\0164.raw,3,8,3,8,1,3827,4.628626108169556,94208,251492,299,OK,2026-03-19 16:45:53
299,D:\6S2\Thesis\7 dataset\hama3_split_raw\test\9\0066.raw,4,9,4,9,1,3828,4.6303465366363525,94208,251492,300,OK,2026-03-19 16:46:00
300,D:\6S2\Thesis\7 dataset\hama3_split_raw\test\8\0138.raw,3,8,3,8,1,3828,4.630609512329102,94208,251492,301,OK,2026-03-19 16:46:06
301,D:\6S2\Thesis\7 dataset\hama3_split_raw\test\8\0131.raw,3,8,2,5,0,3828,4.630714416503906,94208,251492,302,OK,2026-03-19 16:46:13
302,D:\6S2\Thesis\7 dataset\hama3_split_raw\test\0\0068.raw,0,0,4,9,0,3827,4.630445241928101,94208,251492,303,OK,2026-03-19 16:46:20
303,D:\6S2\Thesis\7 dataset\hama3_split_raw\test\9\0040.raw,4,9,2,5,0,3827,4.630640745162964,94208,251492,304,OK,2026-03-19 16:46:26
304,D:\6S2\Thesis\7 dataset\hama3_split_raw\test\0\0077.raw,0,0,0,0,1,3827,4.630676507949829,94208,251492,305,OK,2026-03-19 16:46:33
305,D:\6S2\Thesis\7 dataset\hama3_split_raw\test\9\0013.raw,4,9,0,0,0,3827,4.630866289138794,94208,251492,306,OK,2026-03-19 16:46:39
306,D:\6S2\Thesis\7 dataset\hama3_split_raw\test\0\0053.raw,0,0,0,0,1,3827,4.630765438079834,94208,251492,307,OK,2026-03-19 16:46:46
307,D:\6S2\Thesis\7 dataset\hama3_split_raw\test\5\0075.raw,2,5,0,0,0,3828,4.630122661590576,94208,251492,308,OK,2026-03-19 16:46:53
308,D:\6S2\Thesis\7 dataset\hama3_split_raw\test\3\0028.raw,1,3,2,5,0,3827,4.630709648132324,94208,251492,309,OK,2026-03-19 16:46:59
309,D:\6S2\Thesis\7 dataset\hama3_split_raw\test\5\0029.raw,2,5,2,5,1,3827,4.630979776382446,94208,251492,310,OK,2026-03-19 16:47:06
310,D:\6S2\Thesis\7 dataset\hama3_split_raw\test\8\0098.raw,3,8,0,0,0,3828,4.630709886550903,94208,251492,311,OK,2026-03-19 16:47:13
311,D:\6S2\Thesis\7 dataset\hama3_split_raw\test\3\0088.raw,1,3,2,5,0,3828,4.630182266235352,94208,251492,312,OK,2026-03-19 16:47:19
312,D:\6S2\Thesis\7 dataset\hama3_split_raw\test\5\0107.raw,2,5,1,3,0,3828,4.630682706832886,94208,251492,313,OK,2026-03-19 16:47:26
313,D:\6S2\Thesis\7 dataset\hama3_split_raw\test\8\0045.raw,3,8,0,0,0,3827,4.630262613296509,94208,251492,314,OK,2026-03-19 16:47:33
314,D:\6S2\Thesis\7 dataset\hama3_split_raw\test\8\0071.raw,3,8,3,8,1,3828,4.630091905593872,94208,251492,315,OK,2026-03-19 16:47:39
315,D:\6S2\Thesis\7 dataset\hama3_split_raw\test\8\0140.raw,3,8,3,8,1,3828,4.6309967041015625,94208,251492,316,OK,2026-03-19 16:47:46
316,D:\6S2\Thesis\7 dataset\hama3_split_raw\test\3\0044.raw,1,3,3,8,0,3828,4.630969285964966,94208,251492,317,OK,2026-03-19 16:47:52
317,D:\6S2\Thesis\7 dataset\hama3_split_raw\test\8\0040.raw,3,8,0,0,0,3828,4.630899906158447,94208,251492,318,OK,2026-03-19 16:47:59
318,D:\6S2\Thesis\7 dataset\hama3_split_raw\test\0\0032.raw,0,0,0,0,1,3827,4.630012273788452,94208,251492,319,OK,2026-03-19 16:48:06
319,D:\6S2\Thesis\7 dataset\hama3_split_raw\test\0\0015.raw,0,0,0,0,1,3827,4.628325462341309,94208,251492,320,OK,2026-03-19 16:48:12
320,D:\6S2\Thesis\7 dataset\hama3_split_raw\test\5\0093.raw,2,5,3,8,0,3828,4.6287617683410645,94208,251492,321,OK,2026-03-19 16:48:19
321,D:\6S2\Thesis\7 dataset\hama3_split_raw\test\0\0002.raw,0,0,0,0,1,3827,4.630008935928345,94208,251492,322,OK,2026-03-19 16:48:26
322,D:\6S2\Thesis\7 dataset\hama3_split_raw\test\0\0047.raw,0,0,0,0,1,3827,4.63036847114563,94208,251492,323,OK,2026-03-19 16:48:32
323,D:\6S2\Thesis\7 dataset\hama3_split_raw\test\5\0086.raw,2,5,2,5,1,3828,4.629647731781006,94208,251492,324,OK,2026-03-19 16:48:39
324,D:\6S2\Thesis\7 dataset\hama3_split_raw\test\5\0004.raw,2,5,3,8,0,3828,4.6308863162994385,94208,251492,325,OK,2026-03-19 16:48:45
325,D:\6S2\Thesis\7 dataset\hama3_split_raw\test\8\0107.raw,3,8,3,8,1,3827,4.630364894866943,94208,251492,326,OK,2026-03-19 16:48:52
326,D:\6S2\Thesis\7 dataset\hama3_split_raw\test\0\0087.raw,0,0,0,0,1,3828,4.628313779830933,94208,251492,327,OK,2026-03-19 16:48:59
327,D:\6S2\Thesis\7 dataset\hama3_split_raw\test\5\0088.raw,2,5,2,5,1,3828,4.630663871765137,94208,251492,328,OK,2026-03-19 16:49:05
328,D:\6S2\Thesis\7 dataset\hama3_split_raw\test\5\0062.raw,2,5,2,5,1,3828,4.631411552429199,94208,251492,329,OK,2026-03-19 16:49:12
329,D:\6S2\Thesis\7 dataset\hama3_split_raw\test\3\0035.raw,1,3,2,5,0,3827,4.630403995513916,94208,251492,330,OK,2026-03-19 16:49:19
330,D:\6S2\Thesis\7 dataset\hama3_split_raw\test\5\0020.raw,2,5,3,8,0,3827,4.630241632461548,94208,251492,331,OK,2026-03-19 16:49:25
331,D:\6S2\Thesis\7 dataset\hama3_split_raw\test\5\0077.raw,2,5,2,5,1,3827,4.630603790283203,94208,251492,332,OK,2026-03-19 16:49:32
332,D:\6S2\Thesis\7 dataset\hama3_split_raw\test\0\0043.raw,0,0,3,8,0,3827,4.630261659622192,94208,251492,333,OK,2026-03-19 16:49:39
333,D:\6S2\Thesis\7 dataset\hama3_split_raw\test\3\0086.raw,1,3,3,8,0,3827,4.630681753158569,94208,251492,334,OK,2026-03-19 16:49:45
334,D:\6S2\Thesis\7 dataset\hama3_split_raw\test\9\0058.raw,4,9,0,0,0,3828,4.630289793014526,94208,251492,335,OK,2026-03-19 16:49:52
335,D:\6S2\Thesis\7 dataset\hama3_split_raw\test\0\0025.raw,0,0,3,8,0,3827,4.630630254745483,94208,251492,336,OK,2026-03-19 16:49:58
336,D:\6S2\Thesis\7 dataset\hama3_split_raw\test\8\0154.raw,3,8,3,8,1,3828,4.6307806968688965,94208,251492,337,OK,2026-03-19 16:50:05
337,D:\6S2\Thesis\7 dataset\hama3_split_raw\test\9\0100.raw,4,9,3,8,0,3828,4.628778696060181,94208,251492,338,OK,2026-03-19 16:50:12
338,D:\6S2\Thesis\7 dataset\hama3_split_raw\test\3\0077.raw,1,3,0,0,0,3827,4.630516290664673,94208,251492,339,OK,2026-03-19 16:50:18
339,D:\6S2\Thesis\7 dataset\hama3_split_raw\test\3\0043.raw,1,3,0,0,0,3827,4.630467891693115,94208,251492,340,OK,2026-03-19 16:50:25
340,D:\6S2\Thesis\7 dataset\hama3_split_raw\test\3\0018.raw,1,3,4,9,0,3828,4.630752801895142,94208,251492,341,OK,2026-03-19 16:50:32
341,D:\6S2\Thesis\7 dataset\hama3_split_raw\test\9\0073.raw,4,9,0,0,0,3828,4.627558469772339,94208,251492,342,OK,2026-03-19 16:50:38
342,D:\6S2\Thesis\7 dataset\hama3_split_raw\test\9\0069.raw,4,9,2,5,0,3827,4.630211114883423,94208,251492,343,OK,2026-03-19 16:50:45
343,D:\6S2\Thesis\7 dataset\hama3_split_raw\test\9\0007.raw,4,9,0,0,0,3828,4.630842208862305,94208,251492,344,OK,2026-03-19 16:50:52
344,D:\6S2\Thesis\7 dataset\hama3_split_raw\test\3\0035.raw,1,3,2,5,0,3828,4.630260944366455,94208,251492,345,OK,2026-03-19 16:50:58
345,D:\6S2\Thesis\7 dataset\hama3_split_raw\test\0\0010.raw,0,0,3,8,0,3827,4.630792140960693,94208,251492,346,OK,2026-03-19 16:51:05
346,D:\6S2\Thesis\7 dataset\hama3_split_raw\test\8\0105.raw,3,8,3,8,1,3828,4.629947185516357,94208,251492,347,OK,2026-03-19 16:51:11
347,D:\6S2\Thesis\7 dataset\hama3_split_raw\test\0\0018.raw,0,0,0,0,1,3827,4.63069748878479,94208,251492,348,OK,2026-03-19 16:51:18
348,D:\6S2\Thesis\7 dataset\hama3_split_raw\test\5\0011.raw,2,5,4,9,0,3827,4.630693674087524,94208,251492,349,OK,2026-03-19 16:51:25
349,D:\6S2\Thesis\7 dataset\hama3_split_raw\test\8\0048.raw,3,8,3,8,1,3827,4.6306140422821045,94208,251492,350,OK,2026-03-19 16:51:31
350,D:\6S2\Thesis\7 dataset\hama3_split_raw\test\8\0067.raw,3,8,2,5,0,3828,4.6315624713897705,94208,251492,351,OK,2026-03-19 16:51:38
351,D:\6S2\Thesis\7 dataset\hama3_split_raw\test\8\0038.raw,3,8,3,8,1,3828,4.630757570266724,94208,251492,352,OK,2026-03-19 16:51:45
352,D:\6S2\Thesis\7 dataset\hama3_split_raw\test\5\0012.raw,2,5,0,0,0,3827,4.630927801132202,94208,251492,353,OK,2026-03-19 16:51:51
353,D:\6S2\Thesis\7 dataset\hama3_split_raw\test\3\0045.raw,1,3,4,9,0,3827,4.63073205947876,94208,251492,354,OK,2026-03-19 16:51:58
354,D:\6S2\Thesis\7 dataset\hama3_split_raw\test\5\0119.raw,2,5,4,9,0,3828,4.628830671310425,94208,251492,355,OK,2026-03-19 16:52:04
355,D:\6S2\Thesis\7 dataset\hama3_split_raw\test\0\0001.raw,0,0,3,8,0,3827,4.629991769790649,94208,251492,356,OK,2026-03-19 16:52:11
356,D:\6S2\Thesis\7 dataset\hama3_split_raw\test\9\0011.raw,4,9,4,9,1,3828,4.630011558532715,94208,251492,357,OK,2026-03-19 16:52:18
357,D:\6S2\Thesis\7 dataset\hama3_split_raw\test\5\0060.raw,2,5,3,8,0,3827,4.630547761917114,94208,251492,358,OK,2026-03-19 16:52:24
358,D:\6S2\Thesis\7 dataset\hama3_split_raw\test\0\0086.raw,0,0,3,8,0,3827,4.630593538284302,94208,251492,359,OK,2026-03-19 16:52:31
359,D:\6S2\Thesis\7 dataset\hama3_split_raw\test\3\0023.raw,1,3,1,3,1,3828,4.6317973136901855,94208,251492,360,OK,2026-03-19 16:52:38
360,D:\6S2\Thesis\7 dataset\hama3_split_raw\test\5\0119.raw,2,5,4,9,0,3827,4.630555868148804,94208,251492,361,OK,2026-03-19 16:52:44
361,D:\6S2\Thesis\7 dataset\hama3_split_raw\test\3\0049.raw,1,3,0,0,0,3828,4.6311259269714355,94208,251492,362,OK,2026-03-19 16:52:51
362,D:\6S2\Thesis\7 dataset\hama3_split_raw\test\3\0099.raw,1,3,0,0,0,3827,4.630311965942383,94208,251492,363,OK,2026-03-19 16:52:58
363,D:\6S2\Thesis\7 dataset\hama3_split_raw\test\3\0062.raw,1,3,3,8,0,3827,4.630715847015381,94208,251492,364,OK,2026-03-19 16:53:04
364,D:\6S2\Thesis\7 dataset\hama3_split_raw\test\5\0049.raw,2,5,2,5,1,3827,4.6305320262908936,94208,251492,365,OK,2026-03-19 16:53:11
365,D:\6S2\Thesis\7 dataset\hama3_split_raw\test\5\0111.raw,2,5,0,0,0,3827,4.6306986808776855,94208,251492,366,OK,2026-03-19 16:53:17
366,D:\6S2\Thesis\7 dataset\hama3_split_raw\test\0\0008.raw,0,0,0,0,1,3827,4.631784439086914,94208,251492,367,OK,2026-03-19 16:53:24
367,D:\6S2\Thesis\7 dataset\hama3_split_raw\test\5\0024.raw,2,5,4,9,0,3827,4.631356477737427,94208,251492,368,OK,2026-03-19 16:53:31
368,D:\6S2\Thesis\7 dataset\hama3_split_raw\test\8\0166.raw,3,8,3,8,1,3828,4.63106107711792,94208,251492,369,OK,2026-03-19 16:53:37
369,D:\6S2\Thesis\7 dataset\hama3_split_raw\test\8\0178.raw,3,8,3,8,1,3828,4.630763530731201,94208,251492,370,OK,2026-03-19 16:53:44
370,D:\6S2\Thesis\7 dataset\hama3_split_raw\test\0\0022.raw,0,0,0,0,1,3828,4.631242990493774,94208,251492,371,OK,2026-03-19 16:53:51
371,D:\6S2\Thesis\7 dataset\hama3_split_raw\test\8\0003.raw,3,8,3,8,1,3827,4.630921125411987,94208,251492,372,OK,2026-03-19 16:53:57
372,D:\6S2\Thesis\7 dataset\hama3_split_raw\test\5\0093.raw,2,5,3,8,0,3827,4.631221771240234,94208,251492,373,OK,2026-03-19 16:54:04
373,D:\6S2\Thesis\7 dataset\hama3_split_raw\test\0\0052.raw,0,0,0,0,1,3827,4.630946159362793,94208,251492,374,OK,2026-03-19 16:54:11
374,D:\6S2\Thesis\7 dataset\hama3_split_raw\test\5\0042.raw,2,5,3,8,0,3827,4.631742715835571,94208,251492,375,OK,2026-03-19 16:54:17
375,D:\6S2\Thesis\7 dataset\hama3_split_raw\test\0\0047.raw,0,0,0,0,1,3827,4.6311187744140625,94208,251492,376,OK,2026-03-19 16:54:24
376,D:\6S2\Thesis\7 dataset\hama3_split_raw\test\0\0028.raw,0,0,0,0,1,3828,4.630377769470215,94208,251492,377,OK,2026-03-19 16:54:30
377,D:\6S2\Thesis\7 dataset\hama3_split_raw\test\0\0082.raw,0,0,4,9,0,3827,4.631341934204102,94208,251492,378,OK,2026-03-19 16:54:37
378,D:\6S2\Thesis\7 dataset\hama3_split_raw\test\0\0048.raw,0,0,0,0,1,3828,4.631791830062866,94208,251492,379,OK,2026-03-19 16:54:44
379,D:\6S2\Thesis\7 dataset\hama3_split_raw\test\8\0118.raw,3,8,3,8,1,3827,4.6322362422943115,94208,251492,380,OK,2026-03-19 16:54:50
380,D:\6S2\Thesis\7 dataset\hama3_split_raw\test\9\0066.raw,4,9,4,9,1,3827,4.630848407745361,94208,251492,381,OK,2026-03-19 16:54:57
381,D:\6S2\Thesis\7 dataset\hama3_split_raw\test\8\0098.raw,3,8,0,0,0,3828,4.628692150115967,94208,251492,382,OK,2026-03-19 16:55:04
382,D:\6S2\Thesis\7 dataset\hama3_split_raw\test\9\0004.raw,4,9,0,0,0,3828,4.631631851196289,94208,251492,383,OK,2026-03-19 16:55:10
383,D:\6S2\Thesis\7 dataset\hama3_split_raw\test\3\0082.raw,1,3,3,8,0,3827,4.632826328277588,94208,251492,384,OK,2026-03-19 16:55:17
384,D:\6S2\Thesis\7 dataset\hama3_split_raw\test\5\0084.raw,2,5,0,0,0,3828,4.630499839782715,94208,251492,385,OK,2026-03-19 16:55:23
385,D:\6S2\Thesis\7 dataset\hama3_split_raw\test\3\0086.raw,1,3,3,8,0,3827,4.631649494171143,94208,251492,386,OK,2026-03-19 16:55:30
386,D:\6S2\Thesis\7 dataset\hama3_split_raw\test\9\0088.raw,4,9,2,5,0,3828,4.630800008773804,94208,251492,387,OK,2026-03-19 16:55:37
387,D:\6S2\Thesis\7 dataset\hama3_split_raw\test\8\0064.raw,3,8,0,0,0,3828,4.632579565048218,94208,251492,388,OK,2026-03-19 16:55:43
388,D:\6S2\Thesis\7 dataset\hama3_split_raw\test\8\0011.raw,3,8,3,8,1,3828,4.630366086959839,94208,251492,389,OK,2026-03-19 16:55:50
389,D:\6S2\Thesis\7 dataset\hama3_split_raw\test\9\0017.raw,4,9,0,0,0,3828,4.630823612213135,94208,251492,390,OK,2026-03-19 16:55:57
390,D:\6S2\Thesis\7 dataset\hama3_split_raw\test\3\0111.raw,1,3,2,5,0,3827,4.6311399936676025,94208,251492,391,OK,2026-03-19 16:56:03
391,D:\6S2\Thesis\7 dataset\hama3_split_raw\test\3\0036.raw,1,3,3,8,0,3828,4.631227254867554,94208,251492,392,OK,2026-03-19 16:56:10
392,D:\6S2\Thesis\7 dataset\hama3_split_raw\test\3\0045.raw,1,3,4,9,0,3828,4.631307601928711,94208,251492,393,OK,2026-03-19 16:56:17
393,D:\6S2\Thesis\7 dataset\hama3_split_raw\test\8\0056.raw,3,8,3,8,1,3827,4.630897283554077,94208,251492,394,OK,2026-03-19 16:56:23
394,D:\6S2\Thesis\7 dataset\hama3_split_raw\test\0\0042.raw,0,0,0,0,1,3827,4.63215446472168,94208,251492,395,OK,2026-03-19 16:56:30
395,D:\6S2\Thesis\7 dataset\hama3_split_raw\test\0\0063.raw,0,0,4,9,0,3827,4.630796432495117,94208,251492,396,OK,2026-03-19 16:56:36
396,D:\6S2\Thesis\7 dataset\hama3_split_raw\test\0\0024.raw,0,0,3,8,0,3827,4.6306235790252686,94208,251492,397,OK,2026-03-19 16:56:43
397,D:\6S2\Thesis\7 dataset\hama3_split_raw\test\3\0001.raw,1,3,4,9,0,3828,4.63031268119812,94208,251492,398,OK,2026-03-19 16:56:50
398,D:\6S2\Thesis\7 dataset\hama3_split_raw\test\0\0052.raw,0,0,0,0,1,3827,4.6301164627075195,94208,251492,399,OK,2026-03-19 16:56:56
399,D:\6S2\Thesis\7 dataset\hama3_split_raw\test\5\0110.raw,2,5,3,8,0,3827,4.631119966506958,94208,251492,400,OK,2026-03-19 16:57:03
400,D:\6S2\Thesis\7 dataset\hama3_split_raw\test\9\0034.raw,4,9,0,0,0,3827,4.628413438796997,94208,251492,401,OK,2026-03-19 16:57:10
401,D:\6S2\Thesis\7 dataset\hama3_split_raw\test\5\0055.raw,2,5,3,8,0,3828,4.630884408950806,94208,251492,402,OK,2026-03-19 16:57:16
402,D:\6S2\Thesis\7 dataset\hama3_split_raw\test\5\0081.raw,2,5,2,5,1,3828,4.630396366119385,94208,251492,403,OK,2026-03-19 16:57:23
403,D:\6S2\Thesis\7 dataset\hama3_split_raw\test\0\0045.raw,0,0,0,0,1,3828,4.631041526794434,94208,251492,404,OK,2026-03-19 16:57:30
404,D:\6S2\Thesis\7 dataset\hama3_split_raw\test\8\0077.raw,3,8,3,8,1,3827,4.63010048866272,94208,251492,405,OK,2026-03-19 16:57:36
405,D:\6S2\Thesis\7 dataset\hama3_split_raw\test\0\0052.raw,0,0,0,0,1,3828,4.630310535430908,94208,251492,406,OK,2026-03-19 16:57:43
406,D:\6S2\Thesis\7 dataset\hama3_split_raw\test\5\0114.raw,2,5,0,0,0,3827,4.6305320262908936,94208,251492,407,OK,2026-03-19 16:57:49
407,D:\6S2\Thesis\7 dataset\hama3_split_raw\test\5\0018.raw,2,5,0,0,0,3827,4.629279851913452,94208,251492,408,OK,2026-03-19 16:57:56
408,D:\6S2\Thesis\7 dataset\hama3_split_raw\test\5\0022.raw,2,5,2,5,1,3827,4.631053924560547,94208,251492,409,OK,2026-03-19 16:58:03
409,D:\6S2\Thesis\7 dataset\hama3_split_raw\test\5\0110.raw,2,5,3,8,0,3828,4.6304872035980225,94208,251492,410,OK,2026-03-19 16:58:09
410,D:\6S2\Thesis\7 dataset\hama3_split_raw\test\3\0034.raw,1,3,3,8,0,3827,4.629240989685059,94208,251492,411,OK,2026-03-19 16:58:16
411,D:\6S2\Thesis\7 dataset\hama3_split_raw\test\5\0051.raw,2,5,3,8,0,3827,4.630035638809204,94208,251492,412,OK,2026-03-19 16:58:23
412,D:\6S2\Thesis\7 dataset\hama3_split_raw\test\0\0051.raw,0,0,3,8,0,3827,4.631082773208618,94208,251492,413,OK,2026-03-19 16:58:29
413,D:\6S2\Thesis\7 dataset\hama3_split_raw\test\9\0102.raw,4,9,0,0,0,3827,4.6307313442230225,94208,251492,414,OK,2026-03-19 16:58:36
414,D:\6S2\Thesis\7 dataset\hama3_split_raw\test\3\0088.raw,1,3,2,5,0,3827,4.630326986312866,94208,251492,415,OK,2026-03-19 16:58:42
415,D:\6S2\Thesis\7 dataset\hama3_split_raw\test\0\0022.raw,0,0,0,0,1,3827,4.6303112506866455,94208,251492,416,OK,2026-03-19 16:58:49
416,D:\6S2\Thesis\7 dataset\hama3_split_raw\test\3\0073.raw,1,3,2,5,0,3827,4.6310224533081055,94208,251492,417,OK,2026-03-19 16:58:56
417,D:\6S2\Thesis\7 dataset\hama3_split_raw\test\0\0063.raw,0,0,4,9,0,3827,4.629323720932007,94208,251492,418,OK,2026-03-19 16:59:02
418,D:\6S2\Thesis\7 dataset\hama3_split_raw\test\3\0067.raw,1,3,4,9,0,3827,4.630542278289795,94208,251492,419,OK,2026-03-19 16:59:09
419,D:\6S2\Thesis\7 dataset\hama3_split_raw\test\0\0013.raw,0,0,0,0,1,3827,4.630763530731201,94208,251492,420,OK,2026-03-19 16:59:16
420,D:\6S2\Thesis\7 dataset\hama3_split_raw\test\8\0092.raw,3,8,4,9,0,3828,4.630809783935547,94208,251492,421,OK,2026-03-19 16:59:22
421,D:\6S2\Thesis\7 dataset\hama3_split_raw\test\9\0082.raw,4,9,4,9,1,3827,4.631153583526611,94208,251492,422,OK,2026-03-19 16:59:29
422,D:\6S2\Thesis\7 dataset\hama3_split_raw\test\8\0021.raw,3,8,0,0,0,3828,4.629998207092285,94208,251492,423,OK,2026-03-19 16:59:36
423,D:\6S2\Thesis\7 dataset\hama3_split_raw\test\3\0094.raw,1,3,4,9,0,3827,4.630640745162964,94208,251492,424,OK,2026-03-19 16:59:42
424,D:\6S2\Thesis\7 dataset\hama3_split_raw\test\8\0179.raw,3,8,3,8,1,3828,4.630048513412476,94208,251492,425,OK,2026-03-19 16:59:49
425,D:\6S2\Thesis\7 dataset\hama3_split_raw\test\8\0064.raw,3,8,0,0,0,3827,4.630542039871216,94208,251492,426,OK,2026-03-19 16:59:55
426,D:\6S2\Thesis\7 dataset\hama3_split_raw\test\0\0073.raw,0,0,3,8,0,3827,4.629451751708984,94208,251492,427,OK,2026-03-19 17:00:02
427,D:\6S2\Thesis\7 dataset\hama3_split_raw\test\8\0044.raw,3,8,3,8,1,3828,4.630707263946533,94208,251492,428,OK,2026-03-19 17:00:09
428,D:\6S2\Thesis\7 dataset\hama3_split_raw\test\5\0110.raw,2,5,3,8,0,3828,4.63115668296814,94208,251492,429,OK,2026-03-19 17:00:15
429,D:\6S2\Thesis\7 dataset\hama3_split_raw\test\9\0009.raw,4,9,3,8,0,3828,4.630161762237549,94208,251492,430,OK,2026-03-19 17:00:22
430,D:\6S2\Thesis\7 dataset\hama3_split_raw\test\9\0092.raw,4,9,0,0,0,3827,4.630455017089844,94208,251492,431,OK,2026-03-19 17:00:29
431,D:\6S2\Thesis\7 dataset\hama3_split_raw\test\8\0102.raw,3,8,0,0,0,3827,4.630267381668091,94208,251492,432,OK,2026-03-19 17:00:35
432,D:\6S2\Thesis\7 dataset\hama3_split_raw\test\9\0060.raw,4,9,4,9,1,3828,4.63069748878479,94208,251492,433,OK,2026-03-19 17:00:42
433,D:\6S2\Thesis\7 dataset\hama3_split_raw\test\3\0007.raw,1,3,1,3,1,3827,4.630956411361694,94208,251492,434,OK,2026-03-19 17:00:49
434,D:\6S2\Thesis\7 dataset\hama3_split_raw\test\8\0106.raw,3,8,3,8,1,3827,4.630344867706299,94208,251492,435,OK,2026-03-19 17:00:55
435,D:\6S2\Thesis\7 dataset\hama3_split_raw\test\8\0082.raw,3,8,3,8,1,3827,4.630529403686523,94208,251492,436,OK,2026-03-19 17:01:02
436,D:\6S2\Thesis\7 dataset\hama3_split_raw\test\0\0040.raw,0,0,3,8,0,3827,4.630622863769531,94208,251492,437,OK,2026-03-19 17:01:08
437,D:\6S2\Thesis\7 dataset\hama3_split_raw\test\9\0090.raw,4,9,2,5,0,3828,4.630460977554321,94208,251492,438,OK,2026-03-19 17:01:15
438,D:\6S2\Thesis\7 dataset\hama3_split_raw\test\3\0075.raw,1,3,3,8,0,3827,4.630268335342407,94208,251492,439,OK,2026-03-19 17:01:22
439,D:\6S2\Thesis\7 dataset\hama3_split_raw\test\9\0056.raw,4,9,2,5,0,3828,4.6296515464782715,94208,251492,440,OK,2026-03-19 17:01:28
440,D:\6S2\Thesis\7 dataset\hama3_split_raw\test\0\0044.raw,0,0,3,8,0,3827,4.630113124847412,94208,251492,441,OK,2026-03-19 17:01:35
441,D:\6S2\Thesis\7 dataset\hama3_split_raw\test\0\0034.raw,0,0,0,0,1,3828,4.63066029548645,94208,251492,442,OK,2026-03-19 17:01:42
442,D:\6S2\Thesis\7 dataset\hama3_split_raw\test\5\0037.raw,2,5,2,5,1,3828,4.629082918167114,94208,251492,443,OK,2026-03-19 17:01:48
443,D:\6S2\Thesis\7 dataset\hama3_split_raw\test\8\0132.raw,3,8,2,5,0,3827,4.631653308868408,94208,251492,444,OK,2026-03-19 17:01:55
444,D:\6S2\Thesis\7 dataset\hama3_split_raw\test\9\0036.raw,4,9,2,5,0,3827,4.629981279373169,94208,251492,445,OK,2026-03-19 17:02:02
445,D:\6S2\Thesis\7 dataset\hama3_split_raw\test\5\0075.raw,2,5,0,0,0,3827,4.629835367202759,94208,251492,446,OK,2026-03-19 17:02:08
446,D:\6S2\Thesis\7 dataset\hama3_split_raw\test\8\0051.raw,3,8,3,8,1,3827,4.627762794494629,94208,251492,447,OK,2026-03-19 17:02:15
447,D:\6S2\Thesis\7 dataset\hama3_split_raw\test\9\0073.raw,4,9,0,0,0,3827,4.628363847732544,94208,251492,448,OK,2026-03-19 17:02:21
448,D:\6S2\Thesis\7 dataset\hama3_split_raw\test\5\0116.raw,2,5,0,0,0,3827,4.630181789398193,94208,251492,449,OK,2026-03-19 17:02:28
449,D:\6S2\Thesis\7 dataset\hama3_split_raw\test\9\0000.raw,4,9,3,8,0,3827,4.63091254234314,94208,251492,450,OK,2026-03-19 17:02:35
450,D:\6S2\Thesis\7 dataset\hama3_split_raw\test\8\0099.raw,3,8,3,8,1,3827,4.630542039871216,94208,251492,451,OK,2026-03-19 17:02:41
451,D:\6S2\Thesis\7 dataset\hama3_split_raw\test\8\0176.raw,3,8,0,0,0,3827,4.630905628204346,94208,251492,452,OK,2026-03-19 17:02:48
452,D:\6S2\Thesis\7 dataset\hama3_split_raw\test\5\0111.raw,2,5,0,0,0,3828,4.629667282104492,94208,251492,453,OK,2026-03-19 17:02:55
453,D:\6S2\Thesis\7 dataset\hama3_split_raw\test\9\0039.raw,4,9,2,5,0,3827,4.630404949188232,94208,251492,454,OK,2026-03-19 17:03:01
454,D:\6S2\Thesis\7 dataset\hama3_split_raw\test\9\0019.raw,4,9,3,8,0,3827,4.630486011505127,94208,251492,455,OK,2026-03-19 17:03:08
455,D:\6S2\Thesis\7 dataset\hama3_split_raw\test\9\0048.raw,4,9,4,9,1,3828,4.632136344909668,94208,251492,456,OK,2026-03-19 17:03:14
456,D:\6S2\Thesis\7 dataset\hama3_split_raw\test\8\0012.raw,3,8,0,0,0,3827,4.630631685256958,94208,251492,457,OK,2026-03-19 17:03:21
457,D:\6S2\Thesis\7 dataset\hama3_split_raw\test\8\0025.raw,3,8,3,8,1,3827,4.630321025848389,94208,251492,458,OK,2026-03-19 17:03:28
458,D:\6S2\Thesis\7 dataset\hama3_split_raw\test\8\0006.raw,3,8,0,0,0,3827,4.629962682723999,94208,251492,459,OK,2026-03-19 17:03:34
459,D:\6S2\Thesis\7 dataset\hama3_split_raw\test\3\0095.raw,1,3,0,0,0,3828,4.630587100982666,94208,251492,460,OK,2026-03-19 17:03:41
460,D:\6S2\Thesis\7 dataset\hama3_split_raw\test\8\0176.raw,3,8,0,0,0,3827,4.628389835357666,94208,251492,461,OK,2026-03-19 17:03:48
461,D:\6S2\Thesis\7 dataset\hama3_split_raw\test\8\0095.raw,3,8,3,8,1,3827,4.630880355834961,94208,251492,462,OK,2026-03-19 17:03:54
462,D:\6S2\Thesis\7 dataset\hama3_split_raw\test\0\0043.raw,0,0,3,8,0,3827,4.630305528640747,94208,251492,463,OK,2026-03-19 17:04:01
463,D:\6S2\Thesis\7 dataset\hama3_split_raw\test\8\0166.raw,3,8,3,8,1,3827,4.631227016448975,94208,251492,464,OK,2026-03-19 17:04:08
464,D:\6S2\Thesis\7 dataset\hama3_split_raw\test\5\0026.raw,2,5,0,0,0,3827,4.630575656890869,94208,251492,465,OK,2026-03-19 17:04:14
465,D:\6S2\Thesis\7 dataset\hama3_split_raw\test\9\0019.raw,4,9,3,8,0,3827,4.630756616592407,94208,251492,466,OK,2026-03-19 17:04:21
466,D:\6S2\Thesis\7 dataset\hama3_split_raw\test\9\0018.raw,4,9,4,9,1,3828,4.630556583404541,94208,251492,467,OK,2026-03-19 17:04:27
467,D:\6S2\Thesis\7 dataset\hama3_split_raw\test\3\0019.raw,1,3,4,9,0,3827,4.631730079650879,94208,251492,468,OK,2026-03-19 17:04:34
468,D:\6S2\Thesis\7 dataset\hama3_split_raw\test\3\0039.raw,1,3,0,0,0,3827,4.631928443908691,94208,251492,469,OK,2026-03-19 17:04:41
469,D:\6S2\Thesis\7 dataset\hama3_split_raw\test\5\0007.raw,2,5,2,5,1,3827,4.630926609039307,94208,251492,470,OK,2026-03-19 17:04:47
470,D:\6S2\Thesis\7 dataset\hama3_split_raw\test\9\0002.raw,4,9,4,9,1,3827,4.630313158035278,94208,251492,471,OK,2026-03-19 17:04:54
471,D:\6S2\Thesis\7 dataset\hama3_split_raw\test\3\0099.raw,1,3,0,0,0,3827,4.63038444519043,94208,251492,472,OK,2026-03-19 17:05:01
472,D:\6S2\Thesis\7 dataset\hama3_split_raw\test\8\0033.raw,3,8,0,0,0,3828,4.631065607070923,94208,251492,473,OK,2026-03-19 17:05:07
473,D:\6S2\Thesis\7 dataset\hama3_split_raw\test\8\0020.raw,3,8,3,8,1,3827,4.63089656829834,94208,251492,474,OK,2026-03-19 17:05:14
474,D:\6S2\Thesis\7 dataset\hama3_split_raw\test\5\0016.raw,2,5,2,5,1,3827,4.631604194641113,94208,251492,475,OK,2026-03-19 17:05:21
475,D:\6S2\Thesis\7 dataset\hama3_split_raw\test\9\0041.raw,4,9,0,0,0,3828,4.630839109420776,94208,251492,476,OK,2026-03-19 17:05:27
476,D:\6S2\Thesis\7 dataset\hama3_split_raw\test\5\0115.raw,2,5,4,9,0,3828,4.632064342498779,94208,251492,477,OK,2026-03-19 17:05:34
477,D:\6S2\Thesis\7 dataset\hama3_split_raw\test\0\0058.raw,0,0,3,8,0,3827,4.6301329135894775,94208,251492,478,OK,2026-03-19 17:05:40
478,D:\6S2\Thesis\7 dataset\hama3_split_raw\test\9\0078.raw,4,9,4,9,1,3827,4.6307902336120605,94208,251492,479,OK,2026-03-19 17:05:47
479,D:\6S2\Thesis\7 dataset\hama3_split_raw\test\5\0008.raw,2,5,2,5,1,3827,4.630662441253662,94208,251492,480,OK,2026-03-19 17:05:54
480,D:\6S2\Thesis\7 dataset\hama3_split_raw\test\8\0029.raw,3,8,0,0,0,3828,4.628326177597046,94208,251492,481,OK,2026-03-19 17:06:00
481,D:\6S2\Thesis\7 dataset\hama3_split_raw\test\5\0117.raw,2,5,2,5,1,3828,4.630096673965454,94208,251492,482,OK,2026-03-19 17:06:07
482,D:\6S2\Thesis\7 dataset\hama3_split_raw\test\5\0036.raw,2,5,0,0,0,3827,4.631701469421387,94208,251492,483,OK,2026-03-19 17:06:14
483,D:\6S2\Thesis\7 dataset\hama3_split_raw\test\9\0059.raw,4,9,4,9,1,3827,4.630822658538818,94208,251492,484,OK,2026-03-19 17:06:20
484,D:\6S2\Thesis\7 dataset\hama3_split_raw\test\3\0108.raw,1,3,0,0,0,3827,4.6312127113342285,94208,251492,485,OK,2026-03-19 17:06:27
485,D:\6S2\Thesis\7 dataset\hama3_split_raw\test\9\0101.raw,4,9,3,8,0,3827,4.6291823387146,94208,251492,486,OK,2026-03-19 17:06:33
486,D:\6S2\Thesis\7 dataset\hama3_split_raw\test\0\0061.raw,0,0,0,0,1,3827,4.630864858627319,94208,251492,487,OK,2026-03-19 17:06:40
487,D:\6S2\Thesis\7 dataset\hama3_split_raw\test\8\0055.raw,3,8,2,5,0,3827,4.630413055419922,94208,251492,488,OK,2026-03-19 17:06:47
488,D:\6S2\Thesis\7 dataset\hama3_split_raw\test\3\0023.raw,1,3,1,3,1,3827,4.631037950515747,94208,251492,489,OK,2026-03-19 17:06:53
489,D:\6S2\Thesis\7 dataset\hama3_split_raw\test\9\0052.raw,4,9,4,9,1,3827,4.62833571434021,94208,251492,490,OK,2026-03-19 17:07:00
490,D:\6S2\Thesis\7 dataset\hama3_split_raw\test\5\0076.raw,2,5,0,0,0,3827,4.6302289962768555,94208,251492,491,OK,2026-03-19 17:07:07
491,D:\6S2\Thesis\7 dataset\hama3_split_raw\test\0\0016.raw,0,0,0,0,1,3828,4.6294944286346436,94208,251492,492,OK,2026-03-19 17:07:13
492,D:\6S2\Thesis\7 dataset\hama3_split_raw\test\3\0100.raw,1,3,2,5,0,3827,4.630516052246094,94208,251492,493,OK,2026-03-19 17:07:20
493,D:\6S2\Thesis\7 dataset\hama3_split_raw\test\3\0065.raw,1,3,3,8,0,3827,4.631756067276001,94208,251492,494,OK,2026-03-19 17:07:27
494,D:\6S2\Thesis\7 dataset\hama3_split_raw\test\5\0084.raw,2,5,0,0,0,3827,4.630439043045044,94208,251492,495,OK,2026-03-19 17:07:33
495,D:\6S2\Thesis\7 dataset\hama3_split_raw\test\9\0067.raw,4,9,3,8,0,3827,4.630857944488525,94208,251492,496,OK,2026-03-19 17:07:40
496,D:\6S2\Thesis\7 dataset\hama3_split_raw\test\8\0025.raw,3,8,3,8,1,3827,4.628249645233154,94208,251492,497,OK,2026-03-19 17:07:46
497,D:\6S2\Thesis\7 dataset\hama3_split_raw\test\3\0021.raw,1,3,4,9,0,3828,4.629094362258911,94208,251492,498,OK,2026-03-19 17:07:53
498,D:\6S2\Thesis\7 dataset\hama3_split_raw\test\3\0030.raw,1,3,0,0,0,3828,4.630551815032959,94208,251492,499,OK,2026-03-19 17:08:00
499,D:\6S2\Thesis\7 dataset\hama3_split_raw\test\5\0112.raw,2,5,3,8,0,3828,4.630527019500732,94208,251492,500,OK,2026-03-19 17:08:06
500,D:\6S2\Thesis\7 dataset\hama3_split_raw\test\5\0104.raw,2,5,4,9,0,3828,4.630534648895264,94208,251492,501,OK,2026-03-19 17:08:13
501,D:\6S2\Thesis\7 dataset\hama3_split_raw\test\8\0028.raw,3,8,3,8,1,3827,4.632192373275757,94208,251492,502,OK,2026-03-19 17:08:20
502,D:\6S2\Thesis\7 dataset\hama3_split_raw\test\0\0081.raw,0,0,0,0,1,3828,4.630455732345581,94208,251492,503,OK,2026-03-19 17:08:26
503,D:\6S2\Thesis\7 dataset\hama3_split_raw\test\0\0085.raw,0,0,0,0,1,3827,4.630392551422119,94208,251492,504,OK,2026-03-19 17:08:33
504,D:\6S2\Thesis\7 dataset\hama3_split_raw\test\5\0056.raw,2,5,2,5,1,3827,4.631420135498047,94208,251492,505,OK,2026-03-19 17:08:40
505,D:\6S2\Thesis\7 dataset\hama3_split_raw\test\0\0063.raw,0,0,4,9,0,3828,4.631265878677368,94208,251492,506,OK,2026-03-19 17:08:46
506,D:\6S2\Thesis\7 dataset\hama3_split_raw\test\0\0056.raw,0,0,2,5,0,3828,4.629997968673706,94208,251492,507,OK,2026-03-19 17:08:53
507,D:\6S2\Thesis\7 dataset\hama3_split_raw\test\8\0147.raw,3,8,3,8,1,3828,4.630563497543335,94208,251492,508,OK,2026-03-19 17:08:59
508,D:\6S2\Thesis\7 dataset\hama3_split_raw\test\3\0022.raw,1,3,2,5,0,3827,4.630619764328003,94208,251492,509,OK,2026-03-19 17:09:06
509,D:\6S2\Thesis\7 dataset\hama3_split_raw\test\3\0105.raw,1,3,4,9,0,3828,4.630649089813232,94208,251492,510,OK,2026-03-19 17:09:13
510,D:\6S2\Thesis\7 dataset\hama3_split_raw\test\5\0055.raw,2,5,3,8,0,3827,4.630322694778442,94208,251492,511,OK,2026-03-19 17:09:19
511,D:\6S2\Thesis\7 dataset\hama3_split_raw\test\0\0067.raw,0,0,0,0,1,3828,4.630826234817505,94208,251492,512,OK,2026-03-19 17:09:26
512,D:\6S2\Thesis\7 dataset\hama3_split_raw\test\3\0081.raw,1,3,2,5,0,3827,4.630536794662476,94208,251492,513,OK,2026-03-19 17:09:33
513,D:\6S2\Thesis\7 dataset\hama3_split_raw\test\3\0046.raw,1,3,4,9,0,3827,4.631170988082886,94208,251492,514,OK,2026-03-19 17:09:39
514,D:\6S2\Thesis\7 dataset\hama3_split_raw\test\8\0005.raw,3,8,3,8,1,3827,4.630415678024292,94208,251492,515,OK,2026-03-19 17:09:46
515,D:\6S2\Thesis\7 dataset\hama3_split_raw\test\9\0028.raw,4,9,4,9,1,3827,4.630465984344482,94208,251492,516,OK,2026-03-19 17:09:52
516,D:\6S2\Thesis\7 dataset\hama3_split_raw\test\0\0017.raw,0,0,0,0,1,3827,4.631336212158203,94208,251492,517,OK,2026-03-19 17:09:59
517,D:\6S2\Thesis\7 dataset\hama3_split_raw\test\8\0021.raw,3,8,0,0,0,3827,4.631194353103638,94208,251492,518,OK,2026-03-19 17:10:06
518,D:\6S2\Thesis\7 dataset\hama3_split_raw\test\0\0037.raw,0,0,2,5,0,3828,4.629382848739624,94208,251492,519,OK,2026-03-19 17:10:12
519,D:\6S2\Thesis\7 dataset\hama3_split_raw\test\0\0089.raw,0,0,0,0,1,3827,4.630641937255859,94208,251492,520,OK,2026-03-19 17:10:19
520,D:\6S2\Thesis\7 dataset\hama3_split_raw\test\9\0088.raw,4,9,2,5,0,3828,4.628337621688843,94208,251492,521,OK,2026-03-19 17:10:26
521,D:\6S2\Thesis\7 dataset\hama3_split_raw\test\8\0168.raw,3,8,3,8,1,3827,4.628561496734619,94208,251492,522,OK,2026-03-19 17:10:32
522,D:\6S2\Thesis\7 dataset\hama3_split_raw\test\0\0091.raw,0,0,0,0,1,3827,4.631540775299072,94208,251492,523,OK,2026-03-19 17:10:39
523,D:\6S2\Thesis\7 dataset\hama3_split_raw\test\9\0031.raw,4,9,0,0,0,3827,4.6302409172058105,94208,251492,524,OK,2026-03-19 17:10:46
524,D:\6S2\Thesis\7 dataset\hama3_split_raw\test\0\0029.raw,0,0,0,0,1,3827,4.630023717880249,94208,251492,525,OK,2026-03-19 17:10:52
525,D:\6S2\Thesis\7 dataset\hama3_split_raw\test\8\0159.raw,3,8,3,8,1,3827,4.629887104034424,94208,251492,526,OK,2026-03-19 17:10:59
526,D:\6S2\Thesis\7 dataset\hama3_split_raw\test\5\0024.raw,2,5,4,9,0,3827,4.630676984786987,94208,251492,527,OK,2026-03-19 17:11:05
527,D:\6S2\Thesis\7 dataset\hama3_split_raw\test\8\0027.raw,3,8,0,0,0,3827,4.629870653152466,94208,251492,528,OK,2026-03-19 17:11:12
528,D:\6S2\Thesis\7 dataset\hama3_split_raw\test\5\0085.raw,2,5,2,5,1,3828,4.630620718002319,94208,251492,529,OK,2026-03-19 17:11:19
529,D:\6S2\Thesis\7 dataset\hama3_split_raw\test\8\0149.raw,3,8,0,0,0,3828,4.630192756652832,94208,251492,530,OK,2026-03-19 17:11:25
530,D:\6S2\Thesis\7 dataset\hama3_split_raw\test\0\0026.raw,0,0,0,0,1,3828,4.630425930023193,94208,251492,531,OK,2026-03-19 17:11:32
531,D:\6S2\Thesis\7 dataset\hama3_split_raw\test\5\0015.raw,2,5,2,5,1,3827,4.630823373794556,94208,251492,532,OK,2026-03-19 17:11:39
532,D:\6S2\Thesis\7 dataset\hama3_split_raw\test\8\0075.raw,3,8,3,8,1,3828,4.630605220794678,94208,251492,533,OK,2026-03-19 17:11:45
533,D:\6S2\Thesis\7 dataset\hama3_split_raw\test\8\0044.raw,3,8,3,8,1,3827,4.630685091018677,94208,251492,534,OK,2026-03-19 17:11:52
534,D:\6S2\Thesis\7 dataset\hama3_split_raw\test\0\0009.raw,0,0,3,8,0,3827,4.6300437450408936,94208,251492,535,OK,2026-03-19 17:11:59
535,D:\6S2\Thesis\7 dataset\hama3_split_raw\test\3\0086.raw,1,3,3,8,0,3827,4.6308794021606445,94208,251492,536,OK,2026-03-19 17:12:05
536,D:\6S2\Thesis\7 dataset\hama3_split_raw\test\8\0134.raw,3,8,3,8,1,3827,4.630371570587158,94208,251492,537,OK,2026-03-19 17:12:12
537,D:\6S2\Thesis\7 dataset\hama3_split_raw\test\9\0072.raw,4,9,2,5,0,3828,4.63187837600708,94208,251492,538,OK,2026-03-19 17:12:18
538,D:\6S2\Thesis\7 dataset\hama3_split_raw\test\3\0014.raw,1,3,2,5,0,3827,4.6308839321136475,94208,251492,539,OK,2026-03-19 17:12:25
539,D:\6S2\Thesis\7 dataset\hama3_split_raw\test\9\0054.raw,4,9,4,9,1,3827,4.631606578826904,94208,251492,540,OK,2026-03-19 17:12:32
540,D:\6S2\Thesis\7 dataset\hama3_split_raw\test\9\0101.raw,4,9,3,8,0,3827,4.6308817863464355,94208,251492,541,OK,2026-03-19 17:12:38
541,D:\6S2\Thesis\7 dataset\hama3_split_raw\test\8\0096.raw,3,8,3,8,1,3827,4.630519390106201,94208,251492,542,OK,2026-03-19 17:12:45
542,D:\6S2\Thesis\7 dataset\hama3_split_raw\test\9\0095.raw,4,9,3,8,0,3827,4.6310718059539795,94208,251492,543,OK,2026-03-19 17:12:52
543,D:\6S2\Thesis\7 dataset\hama3_split_raw\test\5\0067.raw,2,5,3,8,0,3827,4.630566596984863,94208,251492,544,OK,2026-03-19 17:12:58
544,D:\6S2\Thesis\7 dataset\hama3_split_raw\test\5\0087.raw,2,5,2,5,1,3828,4.629903078079224,94208,251492,545,OK,2026-03-19 17:13:05
545,D:\6S2\Thesis\7 dataset\hama3_split_raw\test\5\0064.raw,2,5,2,5,1,3827,4.630608081817627,94208,251492,546,OK,2026-03-19 17:13:11
546,D:\6S2\Thesis\7 dataset\hama3_split_raw\test\5\0032.raw,2,5,0,0,0,3827,4.63055944442749,94208,251492,547,OK,2026-03-19 17:13:18
547,D:\6S2\Thesis\7 dataset\hama3_split_raw\test\5\0046.raw,2,5,2,5,1,3827,4.630839109420776,94208,251492,548,OK,2026-03-19 17:13:25
548,D:\6S2\Thesis\7 dataset\hama3_split_raw\test\0\0016.raw,0,0,0,0,1,3828,4.630351781845093,94208,251492,549,OK,2026-03-19 17:13:31
549,D:\6S2\Thesis\7 dataset\hama3_split_raw\test\9\0031.raw,4,9,0,0,0,3828,4.62982964515686,94208,251492,550,OK,2026-03-19 17:13:38
550,D:\6S2\Thesis\7 dataset\hama3_split_raw\test\0\0007.raw,0,0,0,0,1,3827,4.630376815795898,94208,251492,551,OK,2026-03-19 17:13:45
551,D:\6S2\Thesis\7 dataset\hama3_split_raw\test\8\0063.raw,3,8,3,8,1,3827,4.631073713302612,94208,251492,552,OK,2026-03-19 17:13:51
552,D:\6S2\Thesis\7 dataset\hama3_split_raw\test\3\0110.raw,1,3,3,8,0,3828,4.630907773971558,94208,251492,553,OK,2026-03-19 17:13:58
553,D:\6S2\Thesis\7 dataset\hama3_split_raw\test\9\0018.raw,4,9,4,9,1,3828,4.63048243522644,94208,251492,554,OK,2026-03-19 17:14:05
554,D:\6S2\Thesis\7 dataset\hama3_split_raw\test\0\0054.raw,0,0,0,0,1,3827,4.6303675174713135,94208,251492,555,OK,2026-03-19 17:14:11
555,D:\6S2\Thesis\7 dataset\hama3_split_raw\test\3\0098.raw,1,3,0,0,0,3827,4.631108045578003,94208,251492,556,OK,2026-03-19 17:14:18
556,D:\6S2\Thesis\7 dataset\hama3_split_raw\test\5\0067.raw,2,5,3,8,0,3827,4.630766868591309,94208,251492,557,OK,2026-03-19 17:14:24
557,D:\6S2\Thesis\7 dataset\hama3_split_raw\test\3\0063.raw,1,3,4,9,0,3827,4.6313254833221436,94208,251492,558,OK,2026-03-19 17:14:31
558,D:\6S2\Thesis\7 dataset\hama3_split_raw\test\3\0085.raw,1,3,4,9,0,3827,4.628129482269287,94208,251492,559,OK,2026-03-19 17:14:38
559,D:\6S2\Thesis\7 dataset\hama3_split_raw\test\9\0011.raw,4,9,4,9,1,3828,4.630535840988159,94208,251492,560,OK,2026-03-19 17:14:44
560,D:\6S2\Thesis\7 dataset\hama3_split_raw\test\9\0025.raw,4,9,0,0,0,3827,4.630826473236084,94208,251492,561,OK,2026-03-19 17:14:51
561,D:\6S2\Thesis\7 dataset\hama3_split_raw\test\9\0093.raw,4,9,0,0,0,3827,4.631835699081421,94208,251492,562,OK,2026-03-19 17:14:58
562,D:\6S2\Thesis\7 dataset\hama3_split_raw\test\3\0074.raw,1,3,0,0,0,3828,4.6306211948394775,94208,251492,563,OK,2026-03-19 17:15:04
563,D:\6S2\Thesis\7 dataset\hama3_split_raw\test\5\0062.raw,2,5,2,5,1,3827,4.630739688873291,94208,251492,564,OK,2026-03-19 17:15:11
564,D:\6S2\Thesis\7 dataset\hama3_split_raw\test\8\0038.raw,3,8,3,8,1,3827,4.63066291809082,94208,251492,565,OK,2026-03-19 17:15:18
565,D:\6S2\Thesis\7 dataset\hama3_split_raw\test\0\0079.raw,0,0,0,0,1,3828,4.628086090087891,94208,251492,566,OK,2026-03-19 17:15:24
566,D:\6S2\Thesis\7 dataset\hama3_split_raw\test\0\0025.raw,0,0,3,8,0,3827,4.62729549407959,94208,251492,567,OK,2026-03-19 17:15:31
567,D:\6S2\Thesis\7 dataset\hama3_split_raw\test\8\0141.raw,3,8,3,8,1,3827,4.627781867980957,94208,251492,568,OK,2026-03-19 17:15:37
568,D:\6S2\Thesis\7 dataset\hama3_split_raw\test\3\0021.raw,1,3,4,9,0,3827,4.627840757369995,94208,251492,569,OK,2026-03-19 17:15:44
569,D:\6S2\Thesis\7 dataset\hama3_split_raw\test\3\0062.raw,1,3,3,8,0,3828,4.627682685852051,94208,251492,570,OK,2026-03-19 17:15:51
570,D:\6S2\Thesis\7 dataset\hama3_split_raw\test\8\0087.raw,3,8,3,8,1,3828,4.627877235412598,94208,251492,571,OK,2026-03-19 17:15:57
571,D:\6S2\Thesis\7 dataset\hama3_split_raw\test\5\0060.raw,2,5,3,8,0,3828,4.627211093902588,94208,251492,572,OK,2026-03-19 17:16:04
572,D:\6S2\Thesis\7 dataset\hama3_split_raw\test\8\0097.raw,3,8,3,8,1,3827,4.627720355987549,94208,251492,573,OK,2026-03-19 17:16:11
573,D:\6S2\Thesis\7 dataset\hama3_split_raw\test\5\0110.raw,2,5,3,8,0,3828,4.627377986907959,94208,251492,574,OK,2026-03-19 17:16:17
574,D:\6S2\Thesis\7 dataset\hama3_split_raw\test\0\0018.raw,0,0,0,0,1,3827,4.628376722335815,94208,251492,575,OK,2026-03-19 17:16:24
575,D:\6S2\Thesis\7 dataset\hama3_split_raw\test\3\0030.raw,1,3,0,0,0,3827,4.62733268737793,94208,251492,576,OK,2026-03-19 17:16:31
576,D:\6S2\Thesis\7 dataset\hama3_split_raw\test\0\0047.raw,0,0,0,0,1,3827,4.627607583999634,94208,251492,577,OK,2026-03-19 17:16:37
577,D:\6S2\Thesis\7 dataset\hama3_split_raw\test\3\0060.raw,1,3,1,3,1,3828,4.62764573097229,94208,251492,578,OK,2026-03-19 17:16:44
578,D:\6S2\Thesis\7 dataset\hama3_split_raw\test\9\0074.raw,4,9,3,8,0,3827,4.627831697463989,94208,251492,579,OK,2026-03-19 17:16:50
579,D:\6S2\Thesis\7 dataset\hama3_split_raw\test\8\0083.raw,3,8,3,8,1,3828,4.628924608230591,94208,251492,580,OK,2026-03-19 17:16:57
580,D:\6S2\Thesis\7 dataset\hama3_split_raw\test\3\0062.raw,1,3,3,8,0,3828,4.628629684448242,94208,251492,581,OK,2026-03-19 17:17:04
581,D:\6S2\Thesis\7 dataset\hama3_split_raw\test\3\0019.raw,1,3,4,9,0,3827,4.628931760787964,94208,251492,582,OK,2026-03-19 17:17:10
582,D:\6S2\Thesis\7 dataset\hama3_split_raw\test\8\0077.raw,3,8,3,8,1,3827,4.6271538734436035,94208,251492,583,OK,2026-03-19 17:17:17
583,D:\6S2\Thesis\7 dataset\hama3_split_raw\test\5\0112.raw,2,5,3,8,0,3828,4.628166437149048,94208,251492,584,OK,2026-03-19 17:17:24
584,D:\6S2\Thesis\7 dataset\hama3_split_raw\test\5\0041.raw,2,5,0,0,0,3827,4.6292219161987305,94208,251492,585,OK,2026-03-19 17:17:30
585,D:\6S2\Thesis\7 dataset\hama3_split_raw\test\5\0118.raw,2,5,2,5,1,3828,4.628517150878906,94208,251492,586,OK,2026-03-19 17:17:37
586,D:\6S2\Thesis\7 dataset\hama3_split_raw\test\3\0051.raw,1,3,4,9,0,3828,4.628060340881348,94208,251492,587,OK,2026-03-19 17:17:44
587,D:\6S2\Thesis\7 dataset\hama3_split_raw\test\5\0009.raw,2,5,2,5,1,3827,4.627952337265015,94208,251492,588,OK,2026-03-19 17:17:50
588,D:\6S2\Thesis\7 dataset\hama3_split_raw\test\0\0077.raw,0,0,0,0,1,3827,4.628267049789429,94208,251492,589,OK,2026-03-19 17:17:57
589,D:\6S2\Thesis\7 dataset\hama3_split_raw\test\0\0026.raw,0,0,0,0,1,3827,4.628146648406982,94208,251492,590,OK,2026-03-19 17:18:03
590,D:\6S2\Thesis\7 dataset\hama3_split_raw\test\9\0045.raw,4,9,0,0,0,3828,4.628245115280151,94208,251492,591,OK,2026-03-19 17:18:10
591,D:\6S2\Thesis\7 dataset\hama3_split_raw\test\0\0055.raw,0,0,0,0,1,3827,4.629255294799805,94208,251492,592,OK,2026-03-19 17:18:17
592,D:\6S2\Thesis\7 dataset\hama3_split_raw\test\5\0029.raw,2,5,2,5,1,3827,4.628179311752319,94208,251492,593,OK,2026-03-19 17:18:23
593,D:\6S2\Thesis\7 dataset\hama3_split_raw\test\0\0055.raw,0,0,0,0,1,3827,4.6274683475494385,94208,251492,594,OK,2026-03-19 17:18:30
594,D:\6S2\Thesis\7 dataset\hama3_split_raw\test\3\0017.raw,1,3,4,9,0,3828,4.628355979919434,94208,251492,595,OK,2026-03-19 17:18:37
595,D:\6S2\Thesis\7 dataset\hama3_split_raw\test\5\0038.raw,2,5,0,0,0,3827,4.627938747406006,94208,251492,596,OK,2026-03-19 17:18:43
596,D:\6S2\Thesis\7 dataset\hama3_split_raw\test\5\0071.raw,2,5,2,5,1,3827,4.627893686294556,94208,251492,597,OK,2026-03-19 17:18:50
597,D:\6S2\Thesis\7 dataset\hama3_split_raw\test\5\0019.raw,2,5,0,0,0,3827,4.628094673156738,94208,251492,598,OK,2026-03-19 17:18:57
598,D:\6S2\Thesis\7 dataset\hama3_split_raw\test\8\0121.raw,3,8,3,8,1,3827,4.627928018569946,94208,251492,599,OK,2026-03-19 17:19:03
599,D:\6S2\Thesis\7 dataset\hama3_split_raw\test\0\0039.raw,0,0,3,8,0,3827,4.627594470977783,94208,251492,600,OK,2026-03-19 17:19:10
600,D:\6S2\Thesis\7 dataset\hama3_split_raw\test\9\0063.raw,4,9,4,9,1,3827,4.627971887588501,94208,251492,601,OK,2026-03-19 17:19:16
601,D:\6S2\Thesis\7 dataset\hama3_split_raw\test\0\0047.raw,0,0,0,0,1,3827,4.628036022186279,94208,251492,602,OK,2026-03-19 17:19:23
602,D:\6S2\Thesis\7 dataset\hama3_split_raw\test\9\0031.raw,4,9,0,0,0,3827,4.628028631210327,94208,251492,603,OK,2026-03-19 17:19:30
603,D:\6S2\Thesis\7 dataset\hama3_split_raw\test\5\0029.raw,2,5,2,5,1,3827,4.627756834030151,94208,251492,604,OK,2026-03-19 17:19:36
604,D:\6S2\Thesis\7 dataset\hama3_split_raw\test\9\0057.raw,4,9,4,9,1,3828,4.627719879150391,94208,251492,605,OK,2026-03-19 17:19:43
605,D:\6S2\Thesis\7 dataset\hama3_split_raw\test\9\0018.raw,4,9,4,9,1,3828,4.627901077270508,94208,251492,606,OK,2026-03-19 17:19:50
606,D:\6S2\Thesis\7 dataset\hama3_split_raw\test\5\0074.raw,2,5,0,0,0,3828,4.627864837646484,94208,251492,607,OK,2026-03-19 17:19:56
607,D:\6S2\Thesis\7 dataset\hama3_split_raw\test\9\0078.raw,4,9,4,9,1,3827,4.627959489822388,94208,251492,608,OK,2026-03-19 17:20:03
608,D:\6S2\Thesis\7 dataset\hama3_split_raw\test\5\0017.raw,2,5,0,0,0,3827,4.6289448738098145,94208,251492,609,OK,2026-03-19 17:20:10
609,D:\6S2\Thesis\7 dataset\hama3_split_raw\test\0\0040.raw,0,0,3,8,0,3827,4.627937078475952,94208,251492,610,OK,2026-03-19 17:20:16
610,D:\6S2\Thesis\7 dataset\hama3_split_raw\test\5\0005.raw,2,5,3,8,0,3827,4.628759145736694,94208,251492,611,OK,2026-03-19 17:20:23
611,D:\6S2\Thesis\7 dataset\hama3_split_raw\test\8\0055.raw,3,8,2,5,0,3827,4.628131151199341,94208,251492,612,OK,2026-03-19 17:20:29
612,D:\6S2\Thesis\7 dataset\hama3_split_raw\test\9\0094.raw,4,9,4,9,1,3827,4.628401041030884,94208,251492,613,OK,2026-03-19 17:20:36
613,D:\6S2\Thesis\7 dataset\hama3_split_raw\test\9\0074.raw,4,9,3,8,0,3827,4.628067493438721,94208,251492,614,OK,2026-03-19 17:20:43
614,D:\6S2\Thesis\7 dataset\hama3_split_raw\test\5\0065.raw,2,5,3,8,0,3827,4.630398750305176,94208,251492,615,OK,2026-03-19 17:20:49
615,D:\6S2\Thesis\7 dataset\hama3_split_raw\test\8\0007.raw,3,8,0,0,0,3828,4.628180027008057,94208,251492,616,OK,2026-03-19 17:20:56
616,D:\6S2\Thesis\7 dataset\hama3_split_raw\test\0\0042.raw,0,0,0,0,1,3827,4.628578424453735,94208,251492,617,OK,2026-03-19 17:21:03
617,D:\6S2\Thesis\7 dataset\hama3_split_raw\test\0\0053.raw,0,0,0,0,1,3828,4.6279284954071045,94208,251492,618,OK,2026-03-19 17:21:09
618,D:\6S2\Thesis\7 dataset\hama3_split_raw\test\8\0108.raw,3,8,0,0,0,3827,4.628170967102051,94208,251492,619,OK,2026-03-19 17:21:16
619,D:\6S2\Thesis\7 dataset\hama3_split_raw\test\8\0169.raw,3,8,0,0,0,3828,4.62803316116333,94208,251492,620,OK,2026-03-19 17:21:23
620,D:\6S2\Thesis\7 dataset\hama3_split_raw\test\9\0024.raw,4,9,3,8,0,3828,4.628448486328125,94208,251492,621,OK,2026-03-19 17:21:29
621,D:\6S2\Thesis\7 dataset\hama3_split_raw\test\8\0049.raw,3,8,3,8,1,3827,4.629449844360352,94208,251492,622,OK,2026-03-19 17:21:36
622,D:\6S2\Thesis\7 dataset\hama3_split_raw\test\3\0080.raw,1,3,0,0,0,3827,4.631044626235962,94208,251492,623,OK,2026-03-19 17:21:43
623,D:\6S2\Thesis\7 dataset\hama3_split_raw\test\8\0059.raw,3,8,3,8,1,3827,4.630086421966553,94208,251492,624,OK,2026-03-19 17:21:49
624,D:\6S2\Thesis\7 dataset\hama3_split_raw\test\3\0005.raw,1,3,1,3,1,3827,4.62831449508667,94208,251492,625,OK,2026-03-19 17:21:56
625,D:\6S2\Thesis\7 dataset\hama3_split_raw\test\8\0013.raw,3,8,0,0,0,3827,4.631096363067627,94208,251492,626,OK,2026-03-19 17:22:03
626,D:\6S2\Thesis\7 dataset\hama3_split_raw\test\8\0097.raw,3,8,3,8,1,3827,4.631315231323242,94208,251492,627,OK,2026-03-19 17:22:09
627,D:\6S2\Thesis\7 dataset\hama3_split_raw\test\9\0102.raw,4,9,0,0,0,3828,4.631391525268555,94208,251492,628,OK,2026-03-19 17:22:16
628,D:\6S2\Thesis\7 dataset\hama3_split_raw\test\3\0099.raw,1,3,0,0,0,3827,4.630361557006836,94208,251492,629,OK,2026-03-19 17:22:22
629,D:\6S2\Thesis\7 dataset\hama3_split_raw\test\5\0098.raw,2,5,0,0,0,3828,4.630224704742432,94208,251492,630,OK,2026-03-19 17:22:29
630,D:\6S2\Thesis\7 dataset\hama3_split_raw\test\0\0080.raw,0,0,3,8,0,3827,4.630730628967285,94208,251492,631,OK,2026-03-19 17:22:36
631,D:\6S2\Thesis\7 dataset\hama3_split_raw\test\0\0055.raw,0,0,0,0,1,3827,4.6296398639678955,94208,251492,632,OK,2026-03-19 17:22:42
632,D:\6S2\Thesis\7 dataset\hama3_split_raw\test\8\0176.raw,3,8,0,0,0,3828,4.6301374435424805,94208,251492,633,OK,2026-03-19 17:22:49
633,D:\6S2\Thesis\7 dataset\hama3_split_raw\test\0\0038.raw,0,0,0,0,1,3827,4.630033016204834,94208,251492,634,OK,2026-03-19 17:22:56
634,D:\6S2\Thesis\7 dataset\hama3_split_raw\test\5\0009.raw,2,5,2,5,1,3827,4.63026237487793,94208,251492,635,OK,2026-03-19 17:23:02
635,D:\6S2\Thesis\7 dataset\hama3_split_raw\test\8\0041.raw,3,8,0,0,0,3827,4.629595041275024,94208,251492,636,OK,2026-03-19 17:23:09
636,D:\6S2\Thesis\7 dataset\hama3_split_raw\test\9\0045.raw,4,9,0,0,0,3827,4.631094455718994,94208,251492,637,OK,2026-03-19 17:23:16
637,D:\6S2\Thesis\7 dataset\hama3_split_raw\test\5\0079.raw,2,5,2,5,1,3827,4.6303322315216064,94208,251492,638,OK,2026-03-19 17:23:22
638,D:\6S2\Thesis\7 dataset\hama3_split_raw\test\9\0081.raw,4,9,4,9,1,3828,4.630404949188232,94208,251492,639,OK,2026-03-19 17:23:29
639,D:\6S2\Thesis\7 dataset\hama3_split_raw\test\9\0023.raw,4,9,2,5,0,3828,4.630335569381714,94208,251492,640,OK,2026-03-19 17:23:36
640,D:\6S2\Thesis\7 dataset\hama3_split_raw\test\8\0118.raw,3,8,3,8,1,3828,4.63039755821228,94208,251492,641,OK,2026-03-19 17:23:42
641,D:\6S2\Thesis\7 dataset\hama3_split_raw\test\3\0008.raw,1,3,4,9,0,3828,4.6302809715271,94208,251492,642,OK,2026-03-19 17:23:49
642,D:\6S2\Thesis\7 dataset\hama3_split_raw\test\3\0038.raw,1,3,0,0,0,3827,4.630366563796997,94208,251492,643,OK,2026-03-19 17:23:56
643,D:\6S2\Thesis\7 dataset\hama3_split_raw\test\5\0063.raw,2,5,2,5,1,3828,4.630401849746704,94208,251492,644,OK,2026-03-19 17:24:02
644,D:\6S2\Thesis\7 dataset\hama3_split_raw\test\3\0108.raw,1,3,0,0,0,3827,4.630514621734619,94208,251492,645,OK,2026-03-19 17:24:09
645,D:\6S2\Thesis\7 dataset\hama3_split_raw\test\0\0006.raw,0,0,3,8,0,3828,4.629871129989624,94208,251492,646,OK,2026-03-19 17:24:16
646,D:\6S2\Thesis\7 dataset\hama3_split_raw\test\9\0047.raw,4,9,4,9,1,3827,4.630465030670166,94208,251492,647,OK,2026-03-19 17:24:22
647,D:\6S2\Thesis\7 dataset\hama3_split_raw\test\0\0044.raw,0,0,3,8,0,3828,4.6298909187316895,94208,251492,648,OK,2026-03-19 17:24:29
648,D:\6S2\Thesis\7 dataset\hama3_split_raw\test\3\0030.raw,1,3,0,0,0,3827,4.630628347396851,94208,251492,649,OK,2026-03-19 17:24:36
649,D:\6S2\Thesis\7 dataset\hama3_split_raw\test\0\0033.raw,0,0,3,8,0,3827,4.6303980350494385,94208,251492,650,OK,2026-03-19 17:24:42
650,D:\6S2\Thesis\7 dataset\hama3_split_raw\test\8\0029.raw,3,8,0,0,0,3827,4.628072500228882,94208,251492,651,OK,2026-03-19 17:24:49
651,D:\6S2\Thesis\7 dataset\hama3_split_raw\test\9\0005.raw,4,9,2,5,0,3827,4.630065679550171,94208,251492,652,OK,2026-03-19 17:24:56
652,D:\6S2\Thesis\7 dataset\hama3_split_raw\test\3\0043.raw,1,3,0,0,0,3827,4.6310999393463135,94208,251492,653,OK,2026-03-19 17:25:02
653,D:\6S2\Thesis\7 dataset\hama3_split_raw\test\9\0051.raw,4,9,4,9,1,3827,4.631059408187866,94208,251492,654,OK,2026-03-19 17:25:09
654,D:\6S2\Thesis\7 dataset\hama3_split_raw\test\3\0074.raw,1,3,0,0,0,3828,4.630561590194702,94208,251492,655,OK,2026-03-19 17:25:16
655,D:\6S2\Thesis\7 dataset\hama3_split_raw\test\5\0041.raw,2,5,0,0,0,3827,4.631235599517822,94208,251492,656,OK,2026-03-19 17:25:22
656,D:\6S2\Thesis\7 dataset\hama3_split_raw\test\5\0036.raw,2,5,0,0,0,3827,4.630183458328247,94208,251492,657,OK,2026-03-19 17:25:29
657,D:\6S2\Thesis\7 dataset\hama3_split_raw\test\8\0104.raw,3,8,0,0,0,3827,4.629724740982056,94208,251492,658,OK,2026-03-19 17:25:36
658,D:\6S2\Thesis\7 dataset\hama3_split_raw\test\0\0007.raw,0,0,0,0,1,3827,4.629801034927368,94208,251492,659,OK,2026-03-19 17:25:42
659,D:\6S2\Thesis\7 dataset\hama3_split_raw\test\9\0007.raw,4,9,0,0,0,3827,4.62988805770874,94208,251492,660,OK,2026-03-19 17:25:49
660,D:\6S2\Thesis\7 dataset\hama3_split_raw\test\9\0075.raw,4,9,0,0,0,3827,4.6292853355407715,94208,251492,661,OK,2026-03-19 17:25:56
661,D:\6S2\Thesis\7 dataset\hama3_split_raw\test\8\0035.raw,3,8,0,0,0,3827,4.6311562061309814,94208,251492,662,OK,2026-03-19 17:26:02
662,D:\6S2\Thesis\7 dataset\hama3_split_raw\test\8\0025.raw,3,8,3,8,1,3827,4.629980802536011,94208,251492,663,OK,2026-03-19 17:26:09
663,D:\6S2\Thesis\7 dataset\hama3_split_raw\test\8\0123.raw,3,8,3,8,1,3828,4.630629062652588,94208,251492,664,OK,2026-03-19 17:26:16
664,D:\6S2\Thesis\7 dataset\hama3_split_raw\test\8\0158.raw,3,8,2,5,0,3828,4.6303300857543945,94208,251492,665,OK,2026-03-19 17:26:22
665,D:\6S2\Thesis\7 dataset\hama3_split_raw\test\9\0023.raw,4,9,2,5,0,3828,4.630738973617554,94208,251492,666,OK,2026-03-19 17:26:29
666,D:\6S2\Thesis\7 dataset\hama3_split_raw\test\3\0076.raw,1,3,0,0,0,3827,4.630069971084595,94208,251492,667,OK,2026-03-19 17:26:36
667,D:\6S2\Thesis\7 dataset\hama3_split_raw\test\8\0125.raw,3,8,3,8,1,3827,4.63052225112915,94208,251492,668,OK,2026-03-19 17:26:42
668,D:\6S2\Thesis\7 dataset\hama3_split_raw\test\3\0041.raw,1,3,4,9,0,3827,4.630023717880249,94208,251492,669,OK,2026-03-19 17:26:49
669,D:\6S2\Thesis\7 dataset\hama3_split_raw\test\9\0071.raw,4,9,4,9,1,3827,4.630476951599121,94208,251492,670,OK,2026-03-19 17:26:56
670,D:\6S2\Thesis\7 dataset\hama3_split_raw\test\9\0057.raw,4,9,4,9,1,3827,4.630102872848511,94208,251492,671,OK,2026-03-19 17:27:02
671,D:\6S2\Thesis\7 dataset\hama3_split_raw\test\5\0023.raw,2,5,4,9,0,3828,4.6295106410980225,94208,251492,672,OK,2026-03-19 17:27:09
672,D:\6S2\Thesis\7 dataset\hama3_split_raw\test\8\0057.raw,3,8,3,8,1,3827,4.631185054779053,94208,251492,673,OK,2026-03-19 17:27:15
673,D:\6S2\Thesis\7 dataset\hama3_split_raw\test\5\0012.raw,2,5,0,0,0,3827,4.629903793334961,94208,251492,674,OK,2026-03-19 17:27:22
674,D:\6S2\Thesis\7 dataset\hama3_split_raw\test\8\0022.raw,3,8,3,8,1,3828,4.6308674812316895,94208,251492,675,OK,2026-03-19 17:27:29
675,D:\6S2\Thesis\7 dataset\hama3_split_raw\test\9\0026.raw,4,9,0,0,0,3827,4.630141973495483,94208,251492,676,OK,2026-03-19 17:27:36
676,D:\6S2\Thesis\7 dataset\hama3_split_raw\test\0\0016.raw,0,0,0,0,1,3828,4.630182981491089,94208,251492,677,OK,2026-03-19 17:27:42
677,D:\6S2\Thesis\7 dataset\hama3_split_raw\test\0\0064.raw,0,0,3,8,0,3828,4.630623817443848,94208,251492,678,OK,2026-03-19 17:27:49
678,D:\6S2\Thesis\7 dataset\hama3_split_raw\test\3\0031.raw,1,3,4,9,0,3827,4.631081819534302,94208,251492,679,OK,2026-03-19 17:27:56
679,D:\6S2\Thesis\7 dataset\hama3_split_raw\test\8\0178.raw,3,8,3,8,1,3828,4.6299238204956055,94208,251492,680,OK,2026-03-19 17:28:02
680,D:\6S2\Thesis\7 dataset\hama3_split_raw\test\0\0029.raw,0,0,0,0,1,3828,4.630360841751099,94208,251492,681,OK,2026-03-19 17:28:09
681,D:\6S2\Thesis\7 dataset\hama3_split_raw\test\0\0042.raw,0,0,0,0,1,3827,4.630785942077637,94208,251492,682,OK,2026-03-19 17:28:16
682,D:\6S2\Thesis\7 dataset\hama3_split_raw\test\0\0005.raw,0,0,3,8,0,3828,4.630104303359985,94208,251492,683,OK,2026-03-19 17:28:22
683,D:\6S2\Thesis\7 dataset\hama3_split_raw\test\0\0003.raw,0,0,0,0,1,3827,4.6301429271698,94208,251492,684,OK,2026-03-19 17:28:29
684,D:\6S2\Thesis\7 dataset\hama3_split_raw\test\0\0019.raw,0,0,0,0,1,3828,4.630282640457153,94208,251492,685,OK,2026-03-19 17:28:36
685,D:\6S2\Thesis\7 dataset\hama3_split_raw\test\9\0013.raw,4,9,0,0,0,3827,4.631369113922119,94208,251492,686,OK,2026-03-19 17:28:42
686,D:\6S2\Thesis\7 dataset\hama3_split_raw\test\9\0092.raw,4,9,0,0,0,3827,4.630239486694336,94208,251492,687,OK,2026-03-19 17:28:49
687,D:\6S2\Thesis\7 dataset\hama3_split_raw\test\0\0077.raw,0,0,0,0,1,3828,4.6304755210876465,94208,251492,688,OK,2026-03-19 17:28:56
688,D:\6S2\Thesis\7 dataset\hama3_split_raw\test\9\0037.raw,4,9,4,9,1,3828,4.6298911571502686,94208,251492,689,OK,2026-03-19 17:29:02
689,D:\6S2\Thesis\7 dataset\hama3_split_raw\test\9\0085.raw,4,9,0,0,0,3828,4.629841089248657,94208,251492,690,OK,2026-03-19 17:29:09
690,D:\6S2\Thesis\7 dataset\hama3_split_raw\test\8\0048.raw,3,8,3,8,1,3827,4.630412340164185,94208,251492,691,OK,2026-03-19 17:29:15
691,D:\6S2\Thesis\7 dataset\hama3_split_raw\test\8\0159.raw,3,8,3,8,1,3827,4.63047194480896,94208,251492,692,OK,2026-03-19 17:29:22
692,D:\6S2\Thesis\7 dataset\hama3_split_raw\test\0\0059.raw,0,0,3,8,0,3828,4.6307737827301025,94208,251492,693,OK,2026-03-19 17:29:29
693,D:\6S2\Thesis\7 dataset\hama3_split_raw\test\9\0077.raw,4,9,3,8,0,3827,4.630087614059448,94208,251492,694,OK,2026-03-19 17:29:35
694,D:\6S2\Thesis\7 dataset\hama3_split_raw\test\5\0051.raw,2,5,3,8,0,3828,4.63014030456543,94208,251492,695,OK,2026-03-19 17:29:42
695,D:\6S2\Thesis\7 dataset\hama3_split_raw\test\9\0074.raw,4,9,3,8,0,3827,4.6304931640625,94208,251492,696,OK,2026-03-19 17:29:49
696,D:\6S2\Thesis\7 dataset\hama3_split_raw\test\8\0023.raw,3,8,3,8,1,3827,4.631101608276367,94208,251492,697,OK,2026-03-19 17:29:55
697,D:\6S2\Thesis\7 dataset\hama3_split_raw\test\5\0032.raw,2,5,0,0,0,3828,4.629554510116577,94208,251492,698,OK,2026-03-19 17:30:02
698,D:\6S2\Thesis\7 dataset\hama3_split_raw\test\8\0124.raw,3,8,3,8,1,3827,4.629544496536255,94208,251492,699,OK,2026-03-19 17:30:09
699,D:\6S2\Thesis\7 dataset\hama3_split_raw\test\8\0008.raw,3,8,3,8,1,3827,4.628067970275879,94208,251492,700,OK,2026-03-19 17:30:15
700,D:\6S2\Thesis\7 dataset\hama3_split_raw\test\8\0001.raw,3,8,0,0,0,3828,4.629882335662842,94208,251492,701,OK,2026-03-19 17:30:22
701,D:\6S2\Thesis\7 dataset\hama3_split_raw\test\3\0057.raw,1,3,4,9,0,3827,4.63028359413147,94208,251492,702,OK,2026-03-19 17:30:29
702,D:\6S2\Thesis\7 dataset\hama3_split_raw\test\0\0044.raw,0,0,3,8,0,3828,4.630882024765015,94208,251492,703,OK,2026-03-19 17:30:35
703,D:\6S2\Thesis\7 dataset\hama3_split_raw\test\5\0084.raw,2,5,0,0,0,3828,4.630481958389282,94208,251492,704,OK,2026-03-19 17:30:42
704,D:\6S2\Thesis\7 dataset\hama3_split_raw\test\3\0039.raw,1,3,0,0,0,3828,4.6303393840789795,94208,251492,705,OK,2026-03-19 17:30:49
705,D:\6S2\Thesis\7 dataset\hama3_split_raw\test\8\0154.raw,3,8,3,8,1,3827,4.630887269973755,94208,251492,706,OK,2026-03-19 17:30:55
706,D:\6S2\Thesis\7 dataset\hama3_split_raw\test\8\0026.raw,3,8,0,0,0,3827,4.630779027938843,94208,251492,707,OK,2026-03-19 17:31:02
707,D:\6S2\Thesis\7 dataset\hama3_split_raw\test\5\0110.raw,2,5,3,8,0,3828,4.628247022628784,94208,251492,708,OK,2026-03-19 17:31:09
708,D:\6S2\Thesis\7 dataset\hama3_split_raw\test\9\0018.raw,4,9,4,9,1,3828,4.630039215087891,94208,251492,709,OK,2026-03-19 17:31:15
709,D:\6S2\Thesis\7 dataset\hama3_split_raw\test\0\0025.raw,0,0,3,8,0,3827,4.631375551223755,94208,251492,710,OK,2026-03-19 17:31:22
710,D:\6S2\Thesis\7 dataset\hama3_split_raw\test\8\0109.raw,3,8,0,0,0,3827,4.631673812866211,94208,251492,711,OK,2026-03-19 17:31:29
711,D:\6S2\Thesis\7 dataset\hama3_split_raw\test\9\0012.raw,4,9,4,9,1,3827,4.629945516586304,94208,251492,712,OK,2026-03-19 17:31:35
712,D:\6S2\Thesis\7 dataset\hama3_split_raw\test\3\0024.raw,1,3,4,9,0,3827,4.630628347396851,94208,251492,713,OK,2026-03-19 17:31:42
713,D:\6S2\Thesis\7 dataset\hama3_split_raw\test\8\0002.raw,3,8,0,0,0,3828,4.629723310470581,94208,251492,714,OK,2026-03-19 17:31:49
714,D:\6S2\Thesis\7 dataset\hama3_split_raw\test\3\0071.raw,1,3,4,9,0,3828,4.630220174789429,94208,251492,715,OK,2026-03-19 17:31:55
715,D:\6S2\Thesis\7 dataset\hama3_split_raw\test\5\0000.raw,2,5,0,0,0,3828,4.630443334579468,94208,251492,716,OK,2026-03-19 17:32:02
716,D:\6S2\Thesis\7 dataset\hama3_split_raw\test\0\0035.raw,0,0,0,0,1,3828,4.63140606880188,94208,251492,717,OK,2026-03-19 17:32:09
717,D:\6S2\Thesis\7 dataset\hama3_split_raw\test\5\0024.raw,2,5,4,9,0,3827,4.630179405212402,94208,251492,718,OK,2026-03-19 17:32:15
718,D:\6S2\Thesis\7 dataset\hama3_split_raw\test\0\0064.raw,0,0,3,8,0,3827,4.630203008651733,94208,251492,719,OK,2026-03-19 17:32:22
719,D:\6S2\Thesis\7 dataset\hama3_split_raw\test\8\0157.raw,3,8,0,0,0,3828,4.630384206771851,94208,251492,720,OK,2026-03-19 17:32:29
720,D:\6S2\Thesis\7 dataset\hama3_split_raw\test\3\0080.raw,1,3,0,0,0,3827,4.6302409172058105,94208,251492,721,OK,2026-03-19 17:32:35
721,D:\6S2\Thesis\7 dataset\hama3_split_raw\test\0\0030.raw,0,0,0,0,1,3827,4.62995171546936,94208,251492,722,OK,2026-03-19 17:32:42
722,D:\6S2\Thesis\7 dataset\hama3_split_raw\test\5\0043.raw,2,5,2,5,1,3828,4.630224227905273,94208,251492,723,OK,2026-03-19 17:32:49
723,D:\6S2\Thesis\7 dataset\hama3_split_raw\test\9\0055.raw,4,9,4,9,1,3827,4.629917621612549,94208,251492,724,OK,2026-03-19 17:32:55
724,D:\6S2\Thesis\7 dataset\hama3_split_raw\test\9\0027.raw,4,9,1,3,0,3828,4.630217790603638,94208,251492,725,OK,2026-03-19 17:33:02
725,D:\6S2\Thesis\7 dataset\hama3_split_raw\test\3\0013.raw,1,3,1,3,1,3827,4.630284547805786,94208,251492,726,OK,2026-03-19 17:33:09
726,D:\6S2\Thesis\7 dataset\hama3_split_raw\test\8\0064.raw,3,8,0,0,0,3827,4.6318700313568115,94208,251492,727,OK,2026-03-19 17:33:15
727,D:\6S2\Thesis\7 dataset\hama3_split_raw\test\8\0146.raw,3,8,3,8,1,3827,4.629603147506714,94208,251492,728,OK,2026-03-19 17:33:22
728,D:\6S2\Thesis\7 dataset\hama3_split_raw\test\0\0004.raw,0,0,0,0,1,3827,4.629935264587402,94208,251492,729,OK,2026-03-19 17:33:28
729,D:\6S2\Thesis\7 dataset\hama3_split_raw\test\9\0063.raw,4,9,4,9,1,3827,4.630830764770508,94208,251492,730,OK,2026-03-19 17:33:35
730,D:\6S2\Thesis\7 dataset\hama3_split_raw\test\0\0062.raw,0,0,3,8,0,3827,4.630472421646118,94208,251492,731,OK,2026-03-19 17:33:42
731,D:\6S2\Thesis\7 dataset\hama3_split_raw\test\5\0092.raw,2,5,2,5,1,3827,4.627382040023804,94208,251492,732,OK,2026-03-19 17:33:48
732,D:\6S2\Thesis\7 dataset\hama3_split_raw\test\9\0083.raw,4,9,4,9,1,3827,4.6299498081207275,94208,251492,733,OK,2026-03-19 17:33:55
733,D:\6S2\Thesis\7 dataset\hama3_split_raw\test\9\0041.raw,4,9,0,0,0,3828,4.629509210586548,94208,251492,734,OK,2026-03-19 17:34:02
734,D:\6S2\Thesis\7 dataset\hama3_split_raw\test\5\0107.raw,2,5,1,3,0,3827,4.629962921142578,94208,251492,735,OK,2026-03-19 17:34:08
735,D:\6S2\Thesis\7 dataset\hama3_split_raw\test\5\0050.raw,2,5,2,5,1,3828,4.629885911941528,94208,251492,736,OK,2026-03-19 17:34:15
736,D:\6S2\Thesis\7 dataset\hama3_split_raw\test\8\0120.raw,3,8,0,0,0,3828,4.630562782287598,94208,251492,737,OK,2026-03-19 17:34:22
737,D:\6S2\Thesis\7 dataset\hama3_split_raw\test\3\0073.raw,1,3,2,5,0,3827,4.6299707889556885,94208,251492,738,OK,2026-03-19 17:34:28
738,D:\6S2\Thesis\7 dataset\hama3_split_raw\test\8\0019.raw,3,8,3,8,1,3827,4.630509376525879,94208,251492,739,OK,2026-03-19 17:34:35
739,D:\6S2\Thesis\7 dataset\hama3_split_raw\test\0\0064.raw,0,0,3,8,0,3827,4.630913972854614,94208,251492,740,OK,2026-03-19 17:34:42
740,D:\6S2\Thesis\7 dataset\hama3_split_raw\test\0\0071.raw,0,0,0,0,1,3827,4.629462718963623,94208,251492,741,OK,2026-03-19 17:34:48
741,D:\6S2\Thesis\7 dataset\hama3_split_raw\test\9\0047.raw,4,9,4,9,1,3828,4.6305882930755615,94208,251492,742,OK,2026-03-19 17:34:55
742,D:\6S2\Thesis\7 dataset\hama3_split_raw\test\5\0085.raw,2,5,2,5,1,3827,4.630293369293213,94208,251492,743,OK,2026-03-19 17:35:02
743,D:\6S2\Thesis\7 dataset\hama3_split_raw\test\3\0030.raw,1,3,0,0,0,3827,4.6309685707092285,94208,251492,744,OK,2026-03-19 17:35:08
744,D:\6S2\Thesis\7 dataset\hama3_split_raw\test\9\0103.raw,4,9,4,9,1,3827,4.630471706390381,94208,251492,745,OK,2026-03-19 17:35:15
745,D:\6S2\Thesis\7 dataset\hama3_split_raw\test\3\0111.raw,1,3,2,5,0,3827,4.629829406738281,94208,251492,746,OK,2026-03-19 17:35:22
746,D:\6S2\Thesis\7 dataset\hama3_split_raw\test\3\0076.raw,1,3,0,0,0,3828,4.631024122238159,94208,251492,747,OK,2026-03-19 17:35:28
747,D:\6S2\Thesis\7 dataset\hama3_split_raw\test\3\0084.raw,1,3,0,0,0,3827,4.6304144859313965,94208,251492,748,OK,2026-03-19 17:35:35
748,D:\6S2\Thesis\7 dataset\hama3_split_raw\test\9\0016.raw,4,9,4,9,1,3828,4.629697322845459,94208,251492,749,OK,2026-03-19 17:35:42
749,D:\6S2\Thesis\7 dataset\hama3_split_raw\test\5\0100.raw,2,5,2,5,1,3828,4.630715847015381,94208,251492,750,OK,2026-03-19 17:35:48
750,D:\6S2\Thesis\7 dataset\hama3_split_raw\test\9\0087.raw,4,9,4,9,1,3827,4.6304192543029785,94208,251492,751,OK,2026-03-19 17:35:55
751,D:\6S2\Thesis\7 dataset\hama3_split_raw\test\9\0069.raw,4,9,2,5,0,3827,4.6301984786987305,94208,251492,752,OK,2026-03-19 17:36:02
752,D:\6S2\Thesis\7 dataset\hama3_split_raw\test\8\0157.raw,3,8,0,0,0,3828,4.630474805831909,94208,251492,753,OK,2026-03-19 17:36:08
753,D:\6S2\Thesis\7 dataset\hama3_split_raw\test\3\0001.raw,1,3,4,9,0,3827,4.63055682182312,94208,251492,754,OK,2026-03-19 17:36:15
754,D:\6S2\Thesis\7 dataset\hama3_split_raw\test\0\0026.raw,0,0,0,0,1,3827,4.631060361862183,94208,251492,755,OK,2026-03-19 17:36:22
755,D:\6S2\Thesis\7 dataset\hama3_split_raw\test\8\0015.raw,3,8,3,8,1,3827,4.630662202835083,94208,251492,756,OK,2026-03-19 17:36:28
756,D:\6S2\Thesis\7 dataset\hama3_split_raw\test\5\0113.raw,2,5,0,0,0,3828,4.630378484725952,94208,251492,757,OK,2026-03-19 17:36:35
757,D:\6S2\Thesis\7 dataset\hama3_split_raw\test\3\0109.raw,1,3,4,9,0,3828,4.629950523376465,94208,251492,758,OK,2026-03-19 17:36:42
758,D:\6S2\Thesis\7 dataset\hama3_split_raw\test\8\0038.raw,3,8,3,8,1,3827,4.630113363265991,94208,251492,759,OK,2026-03-19 17:36:48
759,D:\6S2\Thesis\7 dataset\hama3_split_raw\test\5\0059.raw,2,5,4,9,0,3827,4.6293933391571045,94208,251492,760,OK,2026-03-19 17:36:55
760,D:\6S2\Thesis\7 dataset\hama3_split_raw\test\3\0030.raw,1,3,0,0,0,3828,4.630416393280029,94208,251492,761,OK,2026-03-19 17:37:02
761,D:\6S2\Thesis\7 dataset\hama3_split_raw\test\5\0096.raw,2,5,1,3,0,3828,4.630120754241943,94208,251492,762,OK,2026-03-19 17:37:08
762,D:\6S2\Thesis\7 dataset\hama3_split_raw\test\8\0119.raw,3,8,3,8,1,3827,4.6306328773498535,94208,251492,763,OK,2026-03-19 17:37:15
763,D:\6S2\Thesis\7 dataset\hama3_split_raw\test\3\0048.raw,1,3,0,0,0,3827,4.63060450553894,94208,251492,764,OK,2026-03-19 17:37:22
764,D:\6S2\Thesis\7 dataset\hama3_split_raw\test\3\0058.raw,1,3,3,8,0,3827,4.631553649902344,94208,251492,765,OK,2026-03-19 17:37:28
765,D:\6S2\Thesis\7 dataset\hama3_split_raw\test\9\0094.raw,4,9,4,9,1,3827,4.630159378051758,94208,251492,766,OK,2026-03-19 17:37:35
766,D:\6S2\Thesis\7 dataset\hama3_split_raw\test\5\0094.raw,2,5,2,5,1,3827,4.630443811416626,94208,251492,767,OK,2026-03-19 17:37:42
767,D:\6S2\Thesis\7 dataset\hama3_split_raw\test\0\0041.raw,0,0,0,0,1,3828,4.6300694942474365,94208,251492,768,OK,2026-03-19 17:37:48
768,D:\6S2\Thesis\7 dataset\hama3_split_raw\test\9\0009.raw,4,9,3,8,0,3827,4.628793478012085,94208,251492,769,OK,2026-03-19 17:37:55
769,D:\6S2\Thesis\7 dataset\hama3_split_raw\test\0\0040.raw,0,0,3,8,0,3827,4.630491733551025,94208,251492,770,OK,2026-03-19 17:38:02
770,D:\6S2\Thesis\7 dataset\hama3_split_raw\test\5\0095.raw,2,5,0,0,0,3828,4.630451917648315,94208,251492,771,OK,2026-03-19 17:38:08
771,D:\6S2\Thesis\7 dataset\hama3_split_raw\test\5\0060.raw,2,5,3,8,0,3828,4.631094455718994,94208,251492,772,OK,2026-03-19 17:38:15
772,D:\6S2\Thesis\7 dataset\hama3_split_raw\test\3\0038.raw,1,3,0,0,0,3828,4.6304872035980225,94208,251492,773,OK,2026-03-19 17:38:22
773,D:\6S2\Thesis\7 dataset\hama3_split_raw\test\9\0072.raw,4,9,2,5,0,3828,4.629976034164429,94208,251492,774,OK,2026-03-19 17:38:28
774,D:\6S2\Thesis\7 dataset\hama3_split_raw\test\3\0064.raw,1,3,4,9,0,3827,4.632896184921265,94208,251492,775,OK,2026-03-19 17:38:35
775,D:\6S2\Thesis\7 dataset\hama3_split_raw\test\5\0069.raw,2,5,0,0,0,3828,4.630530118942261,94208,251492,776,OK,2026-03-19 17:38:42
776,D:\6S2\Thesis\7 dataset\hama3_split_raw\test\0\0002.raw,0,0,0,0,1,3828,4.630285263061523,94208,251492,777,OK,2026-03-19 17:38:48
777,D:\6S2\Thesis\7 dataset\hama3_split_raw\test\5\0118.raw,2,5,2,5,1,3827,4.630868673324585,94208,251492,778,OK,2026-03-19 17:38:55
778,D:\6S2\Thesis\7 dataset\hama3_split_raw\test\5\0076.raw,2,5,0,0,0,3827,4.630261659622192,94208,251492,779,OK,2026-03-19 17:39:01
779,D:\6S2\Thesis\7 dataset\hama3_split_raw\test\8\0101.raw,3,8,0,0,0,3827,4.6299216747283936,94208,251492,780,OK,2026-03-19 17:39:08
780,D:\6S2\Thesis\7 dataset\hama3_split_raw\test\8\0151.raw,3,8,0,0,0,3828,4.630187511444092,94208,251492,781,OK,2026-03-19 17:39:15
781,D:\6S2\Thesis\7 dataset\hama3_split_raw\test\3\0108.raw,1,3,0,0,0,3827,4.631319761276245,94208,251492,782,OK,2026-03-19 17:39:21
782,D:\6S2\Thesis\7 dataset\hama3_split_raw\test\9\0028.raw,4,9,4,9,1,3828,4.631322860717773,94208,251492,783,OK,2026-03-19 17:39:28
783,D:\6S2\Thesis\7 dataset\hama3_split_raw\test\8\0155.raw,3,8,4,9,0,3827,4.628343105316162,94208,251492,784,OK,2026-03-19 17:39:35
784,D:\6S2\Thesis\7 dataset\hama3_split_raw\test\8\0154.raw,3,8,3,8,1,3828,4.631160020828247,94208,251492,785,OK,2026-03-19 17:39:41
785,D:\6S2\Thesis\7 dataset\hama3_split_raw\test\5\0100.raw,2,5,2,5,1,3827,4.631152629852295,94208,251492,786,OK,2026-03-19 17:39:48
786,D:\6S2\Thesis\7 dataset\hama3_split_raw\test\0\0061.raw,0,0,0,0,1,3827,4.629812240600586,94208,251492,787,OK,2026-03-19 17:39:55
787,D:\6S2\Thesis\7 dataset\hama3_split_raw\test\5\0033.raw,2,5,3,8,0,3828,4.62813925743103,94208,251492,788,OK,2026-03-19 17:40:01
788,D:\6S2\Thesis\7 dataset\hama3_split_raw\test\8\0122.raw,3,8,3,8,1,3827,4.63127589225769,94208,251492,789,OK,2026-03-19 17:40:08
789,D:\6S2\Thesis\7 dataset\hama3_split_raw\test\3\0026.raw,1,3,4,9,0,3827,4.6310954093933105,94208,251492,790,OK,2026-03-19 17:40:15
790,D:\6S2\Thesis\7 dataset\hama3_split_raw\test\8\0134.raw,3,8,3,8,1,3827,4.630433082580566,94208,251492,791,OK,2026-03-19 17:40:21
791,D:\6S2\Thesis\7 dataset\hama3_split_raw\test\3\0040.raw,1,3,2,5,0,3827,4.630608797073364,94208,251492,792,OK,2026-03-19 17:40:28
792,D:\6S2\Thesis\7 dataset\hama3_split_raw\test\8\0030.raw,3,8,3,8,1,3827,4.631875991821289,94208,251492,793,OK,2026-03-19 17:40:35
793,D:\6S2\Thesis\7 dataset\hama3_split_raw\test\0\0067.raw,0,0,0,0,1,3828,4.62981653213501,94208,251492,794,OK,2026-03-19 17:40:41
794,D:\6S2\Thesis\7 dataset\hama3_split_raw\test\8\0103.raw,3,8,3,8,1,3827,4.630337715148926,94208,251492,795,OK,2026-03-19 17:40:48
795,D:\6S2\Thesis\7 dataset\hama3_split_raw\test\5\0097.raw,2,5,2,5,1,3827,4.629672527313232,94208,251492,796,OK,2026-03-19 17:40:55
796,D:\6S2\Thesis\7 dataset\hama3_split_raw\test\8\0102.raw,3,8,0,0,0,3828,4.629957437515259,94208,251492,797,OK,2026-03-19 17:41:01
797,D:\6S2\Thesis\7 dataset\hama3_split_raw\test\5\0113.raw,2,5,0,0,0,3827,4.630728006362915,94208,251492,798,OK,2026-03-19 17:41:08
798,D:\6S2\Thesis\7 dataset\hama3_split_raw\test\8\0005.raw,3,8,3,8,1,3828,4.629683256149292,94208,251492,799,OK,2026-03-19 17:41:15
799,D:\6S2\Thesis\7 dataset\hama3_split_raw\test\3\0021.raw,1,3,4,9,0,3828,4.632383584976196,94208,251492,800,OK,2026-03-19 17:41:21
800,D:\6S2\Thesis\7 dataset\hama3_split_raw\test\8\0007.raw,3,8,0,0,0,3827,4.631532907485962,94208,251492,801,OK,2026-03-19 17:41:28
801,D:\6S2\Thesis\7 dataset\hama3_split_raw\test\3\0085.raw,1,3,4,9,0,3827,4.629897594451904,94208,251492,802,OK,2026-03-19 17:41:35
802,D:\6S2\Thesis\7 dataset\hama3_split_raw\test\9\0043.raw,4,9,4,9,1,3827,4.628178834915161,94208,251492,803,OK,2026-03-19 17:41:41
803,D:\6S2\Thesis\7 dataset\hama3_split_raw\test\9\0025.raw,4,9,0,0,0,3827,4.63039231300354,94208,251492,804,OK,2026-03-19 17:41:48
804,D:\6S2\Thesis\7 dataset\hama3_split_raw\test\9\0037.raw,4,9,4,9,1,3827,4.63112735748291,94208,251492,805,OK,2026-03-19 17:41:54
805,D:\6S2\Thesis\7 dataset\hama3_split_raw\test\9\0055.raw,4,9,4,9,1,3827,4.631173372268677,94208,251492,806,OK,2026-03-19 17:42:01
806,D:\6S2\Thesis\7 dataset\hama3_split_raw\test\8\0138.raw,3,8,3,8,1,3828,4.628706216812134,94208,251492,807,OK,2026-03-19 17:42:08
807,D:\6S2\Thesis\7 dataset\hama3_split_raw\test\9\0025.raw,4,9,0,0,0,3828,4.630573272705078,94208,251492,808,OK,2026-03-19 17:42:14
808,D:\6S2\Thesis\7 dataset\hama3_split_raw\test\8\0041.raw,3,8,0,0,0,3827,4.631977558135986,94208,251492,809,OK,2026-03-19 17:42:21
809,D:\6S2\Thesis\7 dataset\hama3_split_raw\test\9\0029.raw,4,9,0,0,0,3827,4.63070273399353,94208,251492,810,OK,2026-03-19 17:42:28
810,D:\6S2\Thesis\7 dataset\hama3_split_raw\test\8\0075.raw,3,8,3,8,1,3827,4.629981994628906,94208,251492,811,OK,2026-03-19 17:42:34
811,D:\6S2\Thesis\7 dataset\hama3_split_raw\test\5\0057.raw,2,5,0,0,0,3828,4.630598545074463,94208,251492,812,OK,2026-03-19 17:42:41
812,D:\6S2\Thesis\7 dataset\hama3_split_raw\test\0\0072.raw,0,0,3,8,0,3827,4.630496978759766,94208,251492,813,OK,2026-03-19 17:42:48
813,D:\6S2\Thesis\7 dataset\hama3_split_raw\test\3\0107.raw,1,3,4,9,0,3827,4.630224227905273,94208,251492,814,OK,2026-03-19 17:42:54
814,D:\6S2\Thesis\7 dataset\hama3_split_raw\test\5\0115.raw,2,5,4,9,0,3827,4.630437612533569,94208,251492,815,OK,2026-03-19 17:43:01
815,D:\6S2\Thesis\7 dataset\hama3_split_raw\test\5\0041.raw,2,5,0,0,0,3828,4.627734184265137,94208,251492,816,OK,2026-03-19 17:43:08
816,D:\6S2\Thesis\7 dataset\hama3_split_raw\test\3\0026.raw,1,3,4,9,0,3827,4.630925893783569,94208,251492,817,OK,2026-03-19 17:43:14
817,D:\6S2\Thesis\7 dataset\hama3_split_raw\test\9\0020.raw,4,9,3,8,0,3827,4.630300045013428,94208,251492,818,OK,2026-03-19 17:43:21
818,D:\6S2\Thesis\7 dataset\hama3_split_raw\test\8\0107.raw,3,8,3,8,1,3827,4.632160425186157,94208,251492,819,OK,2026-03-19 17:43:28
819,D:\6S2\Thesis\7 dataset\hama3_split_raw\test\0\0080.raw,0,0,3,8,0,3827,4.6300084590911865,94208,251492,820,OK,2026-03-19 17:43:34
820,D:\6S2\Thesis\7 dataset\hama3_split_raw\test\3\0067.raw,1,3,4,9,0,3827,4.630730628967285,94208,251492,821,OK,2026-03-19 17:43:41
821,D:\6S2\Thesis\7 dataset\hama3_split_raw\test\0\0051.raw,0,0,3,8,0,3827,4.630540370941162,94208,251492,822,OK,2026-03-19 17:43:48
822,D:\6S2\Thesis\7 dataset\hama3_split_raw\test\8\0070.raw,3,8,3,8,1,3827,4.6303184032440186,94208,251492,823,OK,2026-03-19 17:43:54
823,D:\6S2\Thesis\7 dataset\hama3_split_raw\test\8\0042.raw,3,8,0,0,0,3828,4.628873825073242,94208,251492,824,OK,2026-03-19 17:44:01
824,D:\6S2\Thesis\7 dataset\hama3_split_raw\test\5\0103.raw,2,5,0,0,0,3827,4.63067102432251,94208,251492,825,OK,2026-03-19 17:44:08
825,D:\6S2\Thesis\7 dataset\hama3_split_raw\test\9\0083.raw,4,9,4,9,1,3827,4.629240036010742,94208,251492,826,OK,2026-03-19 17:44:14
826,D:\6S2\Thesis\7 dataset\hama3_split_raw\test\9\0040.raw,4,9,2,5,0,3827,4.630374908447266,94208,251492,827,OK,2026-03-19 17:44:21
827,D:\6S2\Thesis\7 dataset\hama3_split_raw\test\9\0012.raw,4,9,4,9,1,3828,4.630757093429565,94208,251492,828,OK,2026-03-19 17:44:28
828,D:\6S2\Thesis\7 dataset\hama3_split_raw\test\8\0122.raw,3,8,3,8,1,3827,4.631178855895996,94208,251492,829,OK,2026-03-19 17:44:34
829,D:\6S2\Thesis\7 dataset\hama3_split_raw\test\9\0075.raw,4,9,0,0,0,3827,4.629798889160156,94208,251492,830,OK,2026-03-19 17:44:41
830,D:\6S2\Thesis\7 dataset\hama3_split_raw\test\3\0003.raw,1,3,1,3,1,3828,4.630661249160767,94208,251492,831,OK,2026-03-19 17:44:47
831,D:\6S2\Thesis\7 dataset\hama3_split_raw\test\9\0016.raw,4,9,4,9,1,3827,4.631413221359253,94208,251492,832,OK,2026-03-19 17:44:54
832,D:\6S2\Thesis\7 dataset\hama3_split_raw\test\8\0143.raw,3,8,3,8,1,3827,4.63091778755188,94208,251492,833,OK,2026-03-19 17:45:01
833,D:\6S2\Thesis\7 dataset\hama3_split_raw\test\8\0006.raw,3,8,0,0,0,3827,4.630553722381592,94208,251492,834,OK,2026-03-19 17:45:07
834,D:\6S2\Thesis\7 dataset\hama3_split_raw\test\3\0100.raw,1,3,2,5,0,3827,4.6303815841674805,94208,251492,835,OK,2026-03-19 17:45:14
835,D:\6S2\Thesis\7 dataset\hama3_split_raw\test\8\0088.raw,3,8,3,8,1,3828,4.631579160690308,94208,251492,836,OK,2026-03-19 17:45:21
836,D:\6S2\Thesis\7 dataset\hama3_split_raw\test\9\0089.raw,4,9,3,8,0,3827,4.632028818130493,94208,251492,837,OK,2026-03-19 17:45:27
837,D:\6S2\Thesis\7 dataset\hama3_split_raw\test\9\0048.raw,4,9,4,9,1,3827,4.629940509796143,94208,251492,838,OK,2026-03-19 17:45:34
838,D:\6S2\Thesis\7 dataset\hama3_split_raw\test\8\0076.raw,3,8,3,8,1,3827,4.6326987743377686,94208,251492,839,OK,2026-03-19 17:45:41
839,D:\6S2\Thesis\7 dataset\hama3_split_raw\test\0\0083.raw,0,0,0,0,1,3827,4.630794286727905,94208,251492,840,OK,2026-03-19 17:45:47
840,D:\6S2\Thesis\7 dataset\hama3_split_raw\test\9\0056.raw,4,9,2,5,0,3827,4.630249500274658,94208,251492,841,OK,2026-03-19 17:45:54
841,D:\6S2\Thesis\7 dataset\hama3_split_raw\test\9\0060.raw,4,9,4,9,1,3828,4.63051962852478,94208,251492,842,OK,2026-03-19 17:46:01
842,D:\6S2\Thesis\7 dataset\hama3_split_raw\test\8\0106.raw,3,8,3,8,1,3827,4.632009983062744,94208,251492,843,OK,2026-03-19 17:46:07
843,D:\6S2\Thesis\7 dataset\hama3_split_raw\test\9\0075.raw,4,9,0,0,0,3827,4.6310625076293945,94208,251492,844,OK,2026-03-19 17:46:14
844,D:\6S2\Thesis\7 dataset\hama3_split_raw\test\8\0128.raw,3,8,3,8,1,3827,4.630985498428345,94208,251492,845,OK,2026-03-19 17:46:21
845,D:\6S2\Thesis\7 dataset\hama3_split_raw\test\3\0001.raw,1,3,4,9,0,3827,4.630743980407715,94208,251492,846,OK,2026-03-19 17:46:27
846,D:\6S2\Thesis\7 dataset\hama3_split_raw\test\0\0073.raw,0,0,3,8,0,3827,4.630370855331421,94208,251492,847,OK,2026-03-19 17:46:34
847,D:\6S2\Thesis\7 dataset\hama3_split_raw\test\5\0085.raw,2,5,2,5,1,3827,4.631430149078369,94208,251492,848,OK,2026-03-19 17:46:41
848,D:\6S2\Thesis\7 dataset\hama3_split_raw\test\5\0007.raw,2,5,2,5,1,3827,4.630525588989258,94208,251492,849,OK,2026-03-19 17:46:47
849,D:\6S2\Thesis\7 dataset\hama3_split_raw\test\8\0133.raw,3,8,3,8,1,3827,4.630920648574829,94208,251492,850,OK,2026-03-19 17:46:54
850,D:\6S2\Thesis\7 dataset\hama3_split_raw\test\3\0038.raw,1,3,0,0,0,3827,4.631453275680542,94208,251492,851,OK,2026-03-19 17:47:01
851,D:\6S2\Thesis\7 dataset\hama3_split_raw\test\8\0110.raw,3,8,3,8,1,3827,4.629077434539795,94208,251492,852,OK,2026-03-19 17:47:07
852,D:\6S2\Thesis\7 dataset\hama3_split_raw\test\5\0094.raw,2,5,2,5,1,3828,4.630805253982544,94208,251492,853,OK,2026-03-19 17:47:14
853,D:\6S2\Thesis\7 dataset\hama3_split_raw\test\8\0112.raw,3,8,2,5,0,3827,4.6312243938446045,94208,251492,854,OK,2026-03-19 17:47:20
854,D:\6S2\Thesis\7 dataset\hama3_split_raw\test\5\0037.raw,2,5,2,5,1,3828,4.630263805389404,94208,251492,855,OK,2026-03-19 17:47:27
855,D:\6S2\Thesis\7 dataset\hama3_split_raw\test\0\0043.raw,0,0,3,8,0,3828,4.630589962005615,94208,251492,856,OK,2026-03-19 17:47:34
856,D:\6S2\Thesis\7 dataset\hama3_split_raw\test\5\0034.raw,2,5,0,0,0,3827,4.630573987960815,94208,251492,857,OK,2026-03-19 17:47:40
857,D:\6S2\Thesis\7 dataset\hama3_split_raw\test\8\0153.raw,3,8,3,8,1,3827,4.63178277015686,94208,251492,858,OK,2026-03-19 17:47:47
858,D:\6S2\Thesis\7 dataset\hama3_split_raw\test\9\0040.raw,4,9,2,5,0,3827,4.630810976028442,94208,251492,859,OK,2026-03-19 17:47:54
859,D:\6S2\Thesis\7 dataset\hama3_split_raw\test\8\0084.raw,3,8,4,9,0,3828,4.631329774856567,94208,251492,860,OK,2026-03-19 17:48:00
860,D:\6S2\Thesis\7 dataset\hama3_split_raw\test\8\0113.raw,3,8,0,0,0,3828,4.6305882930755615,94208,251492,861,OK,2026-03-19 17:48:07
861,D:\6S2\Thesis\7 dataset\hama3_split_raw\test\9\0067.raw,4,9,3,8,0,3827,4.629441976547241,94208,251492,862,OK,2026-03-19 17:48:14
862,D:\6S2\Thesis\7 dataset\hama3_split_raw\test\3\0038.raw,1,3,0,0,0,3828,4.629881381988525,94208,251492,863,OK,2026-03-19 17:48:20
863,D:\6S2\Thesis\7 dataset\hama3_split_raw\test\5\0029.raw,2,5,2,5,1,3827,4.630654811859131,94208,251492,864,OK,2026-03-19 17:48:27
864,D:\6S2\Thesis\7 dataset\hama3_split_raw\test\5\0015.raw,2,5,2,5,1,3827,4.630793571472168,94208,251492,865,OK,2026-03-19 17:48:34
865,D:\6S2\Thesis\7 dataset\hama3_split_raw\test\5\0088.raw,2,5,2,5,1,3827,4.630019903182983,94208,251492,866,OK,2026-03-19 17:48:40
866,D:\6S2\Thesis\7 dataset\hama3_split_raw\test\0\0075.raw,0,0,0,0,1,3827,4.628262996673584,94208,251492,867,OK,2026-03-19 17:48:47
867,D:\6S2\Thesis\7 dataset\hama3_split_raw\test\9\0022.raw,4,9,4,9,1,3827,4.630187273025513,94208,251492,868,OK,2026-03-19 17:48:54
868,D:\6S2\Thesis\7 dataset\hama3_split_raw\test\0\0021.raw,0,0,4,9,0,3828,4.630727529525757,94208,251492,869,OK,2026-03-19 17:49:00
869,D:\6S2\Thesis\7 dataset\hama3_split_raw\test\3\0054.raw,1,3,0,0,0,3828,4.630087852478027,94208,251492,870,OK,2026-03-19 17:49:07
870,D:\6S2\Thesis\7 dataset\hama3_split_raw\test\8\0062.raw,3,8,3,8,1,3827,4.6285669803619385,94208,251492,871,OK,2026-03-19 17:49:14
871,D:\6S2\Thesis\7 dataset\hama3_split_raw\test\3\0079.raw,1,3,3,8,0,3827,4.630598068237305,94208,251492,872,OK,2026-03-19 17:49:20
872,D:\6S2\Thesis\7 dataset\hama3_split_raw\test\0\0086.raw,0,0,3,8,0,3827,4.630134582519531,94208,251492,873,OK,2026-03-19 17:49:27
873,D:\6S2\Thesis\7 dataset\hama3_split_raw\test\0\0066.raw,0,0,4,9,0,3828,4.630525827407837,94208,251492,874,OK,2026-03-19 17:49:34
874,D:\6S2\Thesis\7 dataset\hama3_split_raw\test\9\0089.raw,4,9,3,8,0,3827,4.630817413330078,94208,251492,875,OK,2026-03-19 17:49:40
875,D:\6S2\Thesis\7 dataset\hama3_split_raw\test\8\0056.raw,3,8,3,8,1,3827,4.628124952316284,94208,251492,876,OK,2026-03-19 17:49:47
876,D:\6S2\Thesis\7 dataset\hama3_split_raw\test\5\0117.raw,2,5,2,5,1,3827,4.630457162857056,94208,251492,877,OK,2026-03-19 17:49:54
877,D:\6S2\Thesis\7 dataset\hama3_split_raw\test\5\0093.raw,2,5,3,8,0,3827,4.630481004714966,94208,251492,878,OK,2026-03-19 17:50:00
878,D:\6S2\Thesis\7 dataset\hama3_split_raw\test\8\0007.raw,3,8,0,0,0,3827,4.631047964096069,94208,251492,879,OK,2026-03-19 17:50:07
879,D:\6S2\Thesis\7 dataset\hama3_split_raw\test\8\0002.raw,3,8,0,0,0,3827,4.628894090652466,94208,251492,880,OK,2026-03-19 17:50:14
880,D:\6S2\Thesis\7 dataset\hama3_split_raw\test\3\0105.raw,1,3,4,9,0,3828,4.630196809768677,94208,251492,881,OK,2026-03-19 17:50:20
881,D:\6S2\Thesis\7 dataset\hama3_split_raw\test\8\0018.raw,3,8,3,8,1,3827,4.632757186889648,94208,251492,882,OK,2026-03-19 17:50:27
882,D:\6S2\Thesis\7 dataset\hama3_split_raw\test\5\0117.raw,2,5,2,5,1,3827,4.631785154342651,94208,251492,883,OK,2026-03-19 17:50:33
883,D:\6S2\Thesis\7 dataset\hama3_split_raw\test\0\0068.raw,0,0,4,9,0,3827,4.630577087402344,94208,251492,884,OK,2026-03-19 17:50:40
884,D:\6S2\Thesis\7 dataset\hama3_split_raw\test\3\0010.raw,1,3,3,8,0,3828,4.63027811050415,94208,251492,885,OK,2026-03-19 17:50:47
885,D:\6S2\Thesis\7 dataset\hama3_split_raw\test\0\0084.raw,0,0,0,0,1,3828,4.63002872467041,94208,251492,886,OK,2026-03-19 17:50:53
886,D:\6S2\Thesis\7 dataset\hama3_split_raw\test\3\0015.raw,1,3,3,8,0,3828,4.6300718784332275,94208,251492,887,OK,2026-03-19 17:51:00
887,D:\6S2\Thesis\7 dataset\hama3_split_raw\test\5\0063.raw,2,5,2,5,1,3828,4.630535125732422,94208,251492,888,OK,2026-03-19 17:51:07
888,D:\6S2\Thesis\7 dataset\hama3_split_raw\test\5\0046.raw,2,5,2,5,1,3828,4.630247592926025,94208,251492,889,OK,2026-03-19 17:51:13
889,D:\6S2\Thesis\7 dataset\hama3_split_raw\test\8\0132.raw,3,8,2,5,0,3827,4.632543563842773,94208,251492,890,OK,2026-03-19 17:51:20
890,D:\6S2\Thesis\7 dataset\hama3_split_raw\test\3\0035.raw,1,3,2,5,0,3828,4.629405975341797,94208,251492,891,OK,2026-03-19 17:51:27
891,D:\6S2\Thesis\7 dataset\hama3_split_raw\test\5\0095.raw,2,5,0,0,0,3827,4.630703687667847,94208,251492,892,OK,2026-03-19 17:51:33
892,D:\6S2\Thesis\7 dataset\hama3_split_raw\test\0\0001.raw,0,0,3,8,0,3827,4.630521774291992,94208,251492,893,OK,2026-03-19 17:51:40
893,D:\6S2\Thesis\7 dataset\hama3_split_raw\test\3\0110.raw,1,3,3,8,0,3827,4.629965782165527,94208,251492,894,OK,2026-03-19 17:51:47
894,D:\6S2\Thesis\7 dataset\hama3_split_raw\test\3\0070.raw,1,3,2,5,0,3827,4.630361080169678,94208,251492,895,OK,2026-03-19 17:51:53
895,D:\6S2\Thesis\7 dataset\hama3_split_raw\test\5\0032.raw,2,5,0,0,0,3828,4.630884170532227,94208,251492,896,OK,2026-03-19 17:52:00
896,D:\6S2\Thesis\7 dataset\hama3_split_raw\test\8\0160.raw,3,8,3,8,1,3827,4.6309802532196045,94208,251492,897,OK,2026-03-19 17:52:07
897,D:\6S2\Thesis\7 dataset\hama3_split_raw\test\8\0152.raw,3,8,3,8,1,3828,4.630241632461548,94208,251492,898,OK,2026-03-19 17:52:13
898,D:\6S2\Thesis\7 dataset\hama3_split_raw\test\5\0036.raw,2,5,0,0,0,3827,4.630297899246216,94208,251492,899,OK,2026-03-19 17:52:20
899,D:\6S2\Thesis\7 dataset\hama3_split_raw\test\8\0120.raw,3,8,0,0,0,3827,4.6312525272369385,94208,251492,900,OK,2026-03-19 17:52:27
900,D:\6S2\Thesis\7 dataset\hama3_split_raw\test\0\0047.raw,0,0,0,0,1,3827,4.630338668823242,94208,251492,901,OK,2026-03-19 17:52:33
901,D:\6S2\Thesis\7 dataset\hama3_split_raw\test\0\0027.raw,0,0,2,5,0,3827,4.630153179168701,94208,251492,902,OK,2026-03-19 17:52:40
902,D:\6S2\Thesis\7 dataset\hama3_split_raw\test\3\0032.raw,1,3,1,3,1,3828,4.630416393280029,94208,251492,903,OK,2026-03-19 17:52:47
903,D:\6S2\Thesis\7 dataset\hama3_split_raw\test\9\0065.raw,4,9,0,0,0,3827,4.629204511642456,94208,251492,904,OK,2026-03-19 17:52:53
904,D:\6S2\Thesis\7 dataset\hama3_split_raw\test\5\0021.raw,2,5,2,5,1,3827,4.629425525665283,94208,251492,905,OK,2026-03-19 17:53:00
905,D:\6S2\Thesis\7 dataset\hama3_split_raw\test\3\0092.raw,1,3,4,9,0,3828,4.630012512207031,94208,251492,906,OK,2026-03-19 17:53:07
906,D:\6S2\Thesis\7 dataset\hama3_split_raw\test\0\0037.raw,0,0,2,5,0,3827,4.630706787109375,94208,251492,907,OK,2026-03-19 17:53:13
907,D:\6S2\Thesis\7 dataset\hama3_split_raw\test\5\0006.raw,2,5,2,5,1,3827,4.629902124404907,94208,251492,908,OK,2026-03-19 17:53:20
908,D:\6S2\Thesis\7 dataset\hama3_split_raw\test\0\0055.raw,0,0,0,0,1,3827,4.630258321762085,94208,251492,909,OK,2026-03-19 17:53:27
909,D:\6S2\Thesis\7 dataset\hama3_split_raw\test\0\0056.raw,0,0,2,5,0,3827,4.6299707889556885,94208,251492,910,OK,2026-03-19 17:53:33
910,D:\6S2\Thesis\7 dataset\hama3_split_raw\test\8\0058.raw,3,8,0,0,0,3828,4.630517482757568,94208,251492,911,OK,2026-03-19 17:53:40
911,D:\6S2\Thesis\7 dataset\hama3_split_raw\test\0\0066.raw,0,0,4,9,0,3827,4.630813360214233,94208,251492,912,OK,2026-03-19 17:53:47
912,D:\6S2\Thesis\7 dataset\hama3_split_raw\test\5\0067.raw,2,5,3,8,0,3828,4.630350351333618,94208,251492,913,OK,2026-03-19 17:53:53
913,D:\6S2\Thesis\7 dataset\hama3_split_raw\test\3\0061.raw,1,3,4,9,0,3827,4.629934549331665,94208,251492,914,OK,2026-03-19 17:54:00
914,D:\6S2\Thesis\7 dataset\hama3_split_raw\test\5\0009.raw,2,5,2,5,1,3827,4.630079746246338,94208,251492,915,OK,2026-03-19 17:54:07
915,D:\6S2\Thesis\7 dataset\hama3_split_raw\test\8\0085.raw,3,8,3,8,1,3827,4.63040018081665,94208,251492,916,OK,2026-03-19 17:54:13
916,D:\6S2\Thesis\7 dataset\hama3_split_raw\test\8\0013.raw,3,8,0,0,0,3827,4.631160259246826,94208,251492,917,OK,2026-03-19 17:54:20
917,D:\6S2\Thesis\7 dataset\hama3_split_raw\test\8\0064.raw,3,8,0,0,0,3827,4.630382061004639,94208,251492,918,OK,2026-03-19 17:54:27
918,D:\6S2\Thesis\7 dataset\hama3_split_raw\test\0\0090.raw,0,0,3,8,0,3827,4.630289077758789,94208,251492,919,OK,2026-03-19 17:54:33
919,D:\6S2\Thesis\7 dataset\hama3_split_raw\test\0\0052.raw,0,0,0,0,1,3828,4.6306469440460205,94208,251492,920,OK,2026-03-19 17:54:40
920,D:\6S2\Thesis\7 dataset\hama3_split_raw\test\9\0065.raw,4,9,0,0,0,3827,4.6316845417022705,94208,251492,921,OK,2026-03-19 17:54:46
921,D:\6S2\Thesis\7 dataset\hama3_split_raw\test\3\0085.raw,1,3,4,9,0,3827,4.63022255897522,94208,251492,922,OK,2026-03-19 17:54:53
922,D:\6S2\Thesis\7 dataset\hama3_split_raw\test\5\0073.raw,2,5,1,3,0,3827,4.630651235580444,94208,251492,923,OK,2026-03-19 17:55:00
923,D:\6S2\Thesis\7 dataset\hama3_split_raw\test\9\0035.raw,4,9,0,0,0,3827,4.629709720611572,94208,251492,924,OK,2026-03-19 17:55:07
924,D:\6S2\Thesis\7 dataset\hama3_split_raw\test\3\0100.raw,1,3,2,5,0,3828,4.6308135986328125,94208,251492,925,OK,2026-03-19 17:55:13
925,D:\6S2\Thesis\7 dataset\hama3_split_raw\test\8\0010.raw,3,8,3,8,1,3828,4.630663633346558,94208,251492,926,OK,2026-03-19 17:55:20
926,D:\6S2\Thesis\7 dataset\hama3_split_raw\test\5\0116.raw,2,5,0,0,0,3827,4.63070821762085,94208,251492,927,OK,2026-03-19 17:55:27
927,D:\6S2\Thesis\7 dataset\hama3_split_raw\test\9\0080.raw,4,9,4,9,1,3828,4.629688739776611,94208,251492,928,OK,2026-03-19 17:55:33
928,D:\6S2\Thesis\7 dataset\hama3_split_raw\test\8\0080.raw,3,8,0,0,0,3827,4.630526065826416,94208,251492,929,OK,2026-03-19 17:55:40
929,D:\6S2\Thesis\7 dataset\hama3_split_raw\test\0\0057.raw,0,0,0,0,1,3828,4.630591154098511,94208,251492,930,OK,2026-03-19 17:55:47
930,D:\6S2\Thesis\7 dataset\hama3_split_raw\test\3\0100.raw,1,3,2,5,0,3827,4.6305248737335205,94208,251492,931,OK,2026-03-19 17:55:53
931,D:\6S2\Thesis\7 dataset\hama3_split_raw\test\5\0113.raw,2,5,0,0,0,3827,4.630849599838257,94208,251492,932,OK,2026-03-19 17:56:00
932,D:\6S2\Thesis\7 dataset\hama3_split_raw\test\0\0008.raw,0,0,0,0,1,3828,4.630069255828857,94208,251492,933,OK,2026-03-19 17:56:06
933,D:\6S2\Thesis\7 dataset\hama3_split_raw\test\8\0000.raw,3,8,3,8,1,3828,4.630474090576172,94208,251492,934,OK,2026-03-19 17:56:13
934,D:\6S2\Thesis\7 dataset\hama3_split_raw\test\9\0086.raw,4,9,0,0,0,3828,4.630473852157593,94208,251492,935,OK,2026-03-19 17:56:20
935,D:\6S2\Thesis\7 dataset\hama3_split_raw\test\3\0072.raw,1,3,0,0,0,3827,4.631893873214722,94208,251492,936,OK,2026-03-19 17:56:26
936,D:\6S2\Thesis\7 dataset\hama3_split_raw\test\9\0071.raw,4,9,4,9,1,3827,4.631093502044678,94208,251492,937,OK,2026-03-19 17:56:33
937,D:\6S2\Thesis\7 dataset\hama3_split_raw\test\5\0028.raw,2,5,2,5,1,3827,4.628306150436401,94208,251492,938,OK,2026-03-19 17:56:40
938,D:\6S2\Thesis\7 dataset\hama3_split_raw\test\3\0027.raw,1,3,4,9,0,3828,4.631185054779053,94208,251492,939,OK,2026-03-19 17:56:46
939,D:\6S2\Thesis\7 dataset\hama3_split_raw\test\3\0073.raw,1,3,2,5,0,3828,4.630877256393433,94208,251492,940,OK,2026-03-19 17:56:53
940,D:\6S2\Thesis\7 dataset\hama3_split_raw\test\3\0079.raw,1,3,3,8,0,3827,4.63041615486145,94208,251492,941,OK,2026-03-19 17:57:00
941,D:\6S2\Thesis\7 dataset\hama3_split_raw\test\8\0042.raw,3,8,0,0,0,3827,4.6299889087677,94208,251492,942,OK,2026-03-19 17:57:06
942,D:\6S2\Thesis\7 dataset\hama3_split_raw\test\5\0009.raw,2,5,2,5,1,3828,4.630919933319092,94208,251492,943,OK,2026-03-19 17:57:13
943,D:\6S2\Thesis\7 dataset\hama3_split_raw\test\5\0095.raw,2,5,0,0,0,3827,4.631049633026123,94208,251492,944,OK,2026-03-19 17:57:20
944,D:\6S2\Thesis\7 dataset\hama3_split_raw\test\0\0036.raw,0,0,3,8,0,3827,4.630768060684204,94208,251492,945,OK,2026-03-19 17:57:26
945,D:\6S2\Thesis\7 dataset\hama3_split_raw\test\0\0053.raw,0,0,0,0,1,3827,4.629694700241089,94208,251492,946,OK,2026-03-19 17:57:33
946,D:\6S2\Thesis\7 dataset\hama3_split_raw\test\5\0104.raw,2,5,4,9,0,3828,4.63058876991272,94208,251492,947,OK,2026-03-19 17:57:40
947,D:\6S2\Thesis\7 dataset\hama3_split_raw\test\9\0072.raw,4,9,2,5,0,3828,4.632178068161011,94208,251492,948,OK,2026-03-19 17:57:46
948,D:\6S2\Thesis\7 dataset\hama3_split_raw\test\3\0016.raw,1,3,4,9,0,3828,4.629067897796631,94208,251492,949,OK,2026-03-19 17:57:53
949,D:\6S2\Thesis\7 dataset\hama3_split_raw\test\3\0073.raw,1,3,2,5,0,3827,4.630175828933716,94208,251492,950,OK,2026-03-19 17:58:00
950,D:\6S2\Thesis\7 dataset\hama3_split_raw\test\8\0058.raw,3,8,0,0,0,3827,4.631481885910034,94208,251492,951,OK,2026-03-19 17:58:06
951,D:\6S2\Thesis\7 dataset\hama3_split_raw\test\8\0081.raw,3,8,3,8,1,3827,4.630258560180664,94208,251492,952,OK,2026-03-19 17:58:13
952,D:\6S2\Thesis\7 dataset\hama3_split_raw\test\3\0081.raw,1,3,2,5,0,3828,4.6302971839904785,94208,251492,953,OK,2026-03-19 17:58:19
953,D:\6S2\Thesis\7 dataset\hama3_split_raw\test\0\0015.raw,0,0,0,0,1,3827,4.6298441886901855,94208,251492,954,OK,2026-03-19 17:58:26
954,D:\6S2\Thesis\7 dataset\hama3_split_raw\test\3\0000.raw,1,3,0,0,0,3828,4.630568265914917,94208,251492,955,OK,2026-03-19 17:58:33
955,D:\6S2\Thesis\7 dataset\hama3_split_raw\test\5\0069.raw,2,5,0,0,0,3827,4.631050109863281,94208,251492,956,OK,2026-03-19 17:58:39
956,D:\6S2\Thesis\7 dataset\hama3_split_raw\test\0\0018.raw,0,0,0,0,1,3827,4.630837440490723,94208,251492,957,OK,2026-03-19 17:58:46
957,D:\6S2\Thesis\7 dataset\hama3_split_raw\test\3\0036.raw,1,3,3,8,0,3827,4.630326986312866,94208,251492,958,OK,2026-03-19 17:58:53
958,D:\6S2\Thesis\7 dataset\hama3_split_raw\test\0\0055.raw,0,0,0,0,1,3827,4.63039231300354,94208,251492,959,OK,2026-03-19 17:58:59
959,D:\6S2\Thesis\7 dataset\hama3_split_raw\test\3\0074.raw,1,3,0,0,0,3828,4.6319475173950195,94208,251492,960,OK,2026-03-19 17:59:06
960,D:\6S2\Thesis\7 dataset\hama3_split_raw\test\3\0090.raw,1,3,4,9,0,3827,4.630757808685303,94208,251492,961,OK,2026-03-19 17:59:13
961,D:\6S2\Thesis\7 dataset\hama3_split_raw\test\0\0085.raw,0,0,0,0,1,3827,4.630549907684326,94208,251492,962,OK,2026-03-19 17:59:19
962,D:\6S2\Thesis\7 dataset\hama3_split_raw\test\9\0098.raw,4,9,0,0,0,3827,4.630541563034058,94208,251492,963,OK,2026-03-19 17:59:26
963,D:\6S2\Thesis\7 dataset\hama3_split_raw\test\9\0033.raw,4,9,0,0,0,3827,4.630526542663574,94208,251492,964,OK,2026-03-19 17:59:33
964,D:\6S2\Thesis\7 dataset\hama3_split_raw\test\3\0034.raw,1,3,3,8,0,3828,4.630151987075806,94208,251492,965,OK,2026-03-19 17:59:39
965,D:\6S2\Thesis\7 dataset\hama3_split_raw\test\8\0169.raw,3,8,0,0,0,3827,4.6306939125061035,94208,251492,966,OK,2026-03-19 17:59:46
966,D:\6S2\Thesis\7 dataset\hama3_split_raw\test\9\0048.raw,4,9,4,9,1,3827,4.63085675239563,94208,251492,967,OK,2026-03-19 17:59:53
967,D:\6S2\Thesis\7 dataset\hama3_split_raw\test\8\0118.raw,3,8,3,8,1,3827,4.6305251121521,94208,251492,968,OK,2026-03-19 17:59:59
968,D:\6S2\Thesis\7 dataset\hama3_split_raw\test\0\0046.raw,0,0,3,8,0,3828,4.63135838508606,94208,251492,969,OK,2026-03-19 18:00:06
969,D:\6S2\Thesis\7 dataset\hama3_split_raw\test\0\0044.raw,0,0,3,8,0,3827,4.630364418029785,94208,251492,970,OK,2026-03-19 18:00:13
970,D:\6S2\Thesis\7 dataset\hama3_split_raw\test\5\0050.raw,2,5,2,5,1,3827,4.630484104156494,94208,251492,971,OK,2026-03-19 18:00:19
971,D:\6S2\Thesis\7 dataset\hama3_split_raw\test\3\0095.raw,1,3,0,0,0,3827,4.629862308502197,94208,251492,972,OK,2026-03-19 18:00:26
972,D:\6S2\Thesis\7 dataset\hama3_split_raw\test\0\0091.raw,0,0,0,0,1,3828,4.629786252975464,94208,251492,973,OK,2026-03-19 18:00:32
973,D:\6S2\Thesis\7 dataset\hama3_split_raw\test\0\0058.raw,0,0,3,8,0,3827,4.630645275115967,94208,251492,974,OK,2026-03-19 18:00:39
974,D:\6S2\Thesis\7 dataset\hama3_split_raw\test\5\0119.raw,2,5,4,9,0,3828,4.631051063537598,94208,251492,975,OK,2026-03-19 18:00:46
975,D:\6S2\Thesis\7 dataset\hama3_split_raw\test\9\0012.raw,4,9,4,9,1,3827,4.629681348800659,94208,251492,976,OK,2026-03-19 18:00:52
976,D:\6S2\Thesis\7 dataset\hama3_split_raw\test\8\0051.raw,3,8,3,8,1,3828,4.6302642822265625,94208,251492,977,OK,2026-03-19 18:00:59
977,D:\6S2\Thesis\7 dataset\hama3_split_raw\test\9\0077.raw,4,9,3,8,0,3827,4.6317126750946045,94208,251492,978,OK,2026-03-19 18:01:06
978,D:\6S2\Thesis\7 dataset\hama3_split_raw\test\8\0179.raw,3,8,3,8,1,3828,4.630410671234131,94208,251492,979,OK,2026-03-19 18:01:12
979,D:\6S2\Thesis\7 dataset\hama3_split_raw\test\3\0014.raw,1,3,2,5,0,3827,4.629730939865112,94208,251492,980,OK,2026-03-19 18:01:19
980,D:\6S2\Thesis\7 dataset\hama3_split_raw\test\9\0062.raw,4,9,0,0,0,3827,4.630167245864868,94208,251492,981,OK,2026-03-19 18:01:26
981,D:\6S2\Thesis\7 dataset\hama3_split_raw\test\9\0067.raw,4,9,3,8,0,3827,4.630693197250366,94208,251492,982,OK,2026-03-19 18:01:32
982,D:\6S2\Thesis\7 dataset\hama3_split_raw\test\5\0075.raw,2,5,0,0,0,3828,4.63129734992981,94208,251492,983,OK,2026-03-19 18:01:39
983,D:\6S2\Thesis\7 dataset\hama3_split_raw\test\9\0046.raw,4,9,2,5,0,3828,4.630356073379517,94208,251492,984,OK,2026-03-19 18:01:46
984,D:\6S2\Thesis\7 dataset\hama3_split_raw\test\8\0108.raw,3,8,0,0,0,3828,4.631841659545898,94208,251492,985,OK,2026-03-19 18:01:52
985,D:\6S2\Thesis\7 dataset\hama3_split_raw\test\9\0053.raw,4,9,0,0,0,3827,4.6303651332855225,94208,251492,986,OK,2026-03-19 18:01:59
986,D:\6S2\Thesis\7 dataset\hama3_split_raw\test\5\0022.raw,2,5,2,5,1,3827,4.6298933029174805,94208,251492,987,OK,2026-03-19 18:02:06
987,D:\6S2\Thesis\7 dataset\hama3_split_raw\test\3\0097.raw,1,3,3,8,0,3827,4.631190776824951,94208,251492,988,OK,2026-03-19 18:02:12
988,D:\6S2\Thesis\7 dataset\hama3_split_raw\test\5\0022.raw,2,5,2,5,1,3827,4.626729726791382,94208,251492,989,OK,2026-03-19 18:02:19
989,D:\6S2\Thesis\7 dataset\hama3_split_raw\test\3\0077.raw,1,3,0,0,0,3828,4.630046606063843,94208,251492,990,OK,2026-03-19 18:02:25
990,D:\6S2\Thesis\7 dataset\hama3_split_raw\test\0\0055.raw,0,0,0,0,1,3827,4.630284547805786,94208,251492,991,OK,2026-03-19 18:02:32
991,D:\6S2\Thesis\7 dataset\hama3_split_raw\test\0\0034.raw,0,0,0,0,1,3827,4.630082130432129,94208,251492,992,OK,2026-03-19 18:02:39
992,D:\6S2\Thesis\7 dataset\hama3_split_raw\test\3\0051.raw,1,3,4,9,0,3827,4.630328178405762,94208,251492,993,OK,2026-03-19 18:02:45
993,D:\6S2\Thesis\7 dataset\hama3_split_raw\test\3\0021.raw,1,3,4,9,0,3827,4.6314778327941895,94208,251492,994,OK,2026-03-19 18:02:52
994,D:\6S2\Thesis\7 dataset\hama3_split_raw\test\8\0179.raw,3,8,3,8,1,3827,4.631410837173462,94208,251492,995,OK,2026-03-19 18:02:59
995,D:\6S2\Thesis\7 dataset\hama3_split_raw\test\9\0089.raw,4,9,3,8,0,3827,4.6314377784729,94208,251492,996,OK,2026-03-19 18:03:05
996,D:\6S2\Thesis\7 dataset\hama3_split_raw\test\3\0104.raw,1,3,1,3,1,3828,4.631023645401001,94208,251492,997,OK,2026-03-19 18:03:12
997,D:\6S2\Thesis\7 dataset\hama3_split_raw\test\0\0055.raw,0,0,0,0,1,3828,4.6319169998168945,94208,251492,998,OK,2026-03-19 18:03:19
998,D:\6S2\Thesis\7 dataset\hama3_split_raw\test\3\0069.raw,1,3,1,3,1,3827,4.629526138305664,94208,251492,999,OK,2026-03-19 18:03:25
999,D:\6S2\Thesis\7 dataset\hama3_split_raw\test\9\0002.raw,4,9,4,9,1,3828,4.629652976989746,94208,251492,1000,OK,2026-03-19 18:03:32
