test,file,gt_index,gt_label,pred_index,pred_label,correct,latency_mcu_ms,latency_pc_s,tensor_arena,free_ram,iteration,status,timestamp
0,D:\6S2\Thesis\7 dataset\hama3_split_raw\test\8\0150.raw,3,8,1,3,0,1268,2.068812131881714,96256,249444,7,OK,2026-03-19 12:58:13
1,D:\6S2\Thesis\7 dataset\hama3_split_raw\test\8\0136.raw,3,8,3,8,1,1268,2.0700647830963135,96256,249444,8,OK,2026-03-19 12:58:17
2,D:\6S2\Thesis\7 dataset\hama3_split_raw\test\5\0064.raw,2,5,2,5,1,1267,2.0703041553497314,96256,249444,9,OK,2026-03-19 12:58:21
3,D:\6S2\Thesis\7 dataset\hama3_split_raw\test\8\0082.raw,3,8,3,8,1,1268,2.070514678955078,96256,249444,10,OK,2026-03-19 12:58:25
4,D:\6S2\Thesis\7 dataset\hama3_split_raw\test\8\0074.raw,3,8,3,8,1,1268,2.0704891681671143,96256,249444,11,OK,2026-03-19 12:58:29
5,D:\6S2\Thesis\7 dataset\hama3_split_raw\test\0\0001.raw,0,0,3,8,0,1268,2.0701920986175537,96256,249444,12,OK,2026-03-19 12:58:34
6,D:\6S2\Thesis\7 dataset\hama3_split_raw\test\3\0091.raw,1,3,1,3,1,1267,2.0706088542938232,96256,249444,13,OK,2026-03-19 12:58:38
7,D:\6S2\Thesis\7 dataset\hama3_split_raw\test\3\0070.raw,1,3,1,3,1,1268,2.0707786083221436,96256,249444,14,OK,2026-03-19 12:58:42
8,D:\6S2\Thesis\7 dataset\hama3_split_raw\test\9\0031.raw,4,9,1,3,0,1268,2.070521116256714,96256,249444,15,OK,2026-03-19 12:58:46
9,D:\6S2\Thesis\7 dataset\hama3_split_raw\test\0\0008.raw,0,0,0,0,1,1268,2.070725917816162,96256,249444,16,OK,2026-03-19 12:58:50
10,D:\6S2\Thesis\7 dataset\hama3_split_raw\test\0\0079.raw,0,0,0,0,1,1268,2.070613145828247,96256,249444,17,OK,2026-03-19 12:58:54
11,D:\6S2\Thesis\7 dataset\hama3_split_raw\test\8\0082.raw,3,8,3,8,1,1268,2.070408582687378,96256,249444,18,OK,2026-03-19 12:58:58
12,D:\6S2\Thesis\7 dataset\hama3_split_raw\test\5\0078.raw,2,5,2,5,1,1268,2.070394992828369,96256,249444,19,OK,2026-03-19 12:59:02
13,D:\6S2\Thesis\7 dataset\hama3_split_raw\test\0\0068.raw,0,0,1,3,0,1268,2.069892644882202,96256,249444,20,OK,2026-03-19 12:59:06
14,D:\6S2\Thesis\7 dataset\hama3_split_raw\test\8\0015.raw,3,8,3,8,1,1268,2.070556163787842,96256,249444,21,OK,2026-03-19 12:59:10
15,D:\6S2\Thesis\7 dataset\hama3_split_raw\test\0\0003.raw,0,0,0,0,1,1268,2.071016550064087,96256,249444,22,OK,2026-03-19 12:59:14
16,D:\6S2\Thesis\7 dataset\hama3_split_raw\test\5\0077.raw,2,5,2,5,1,1268,2.0709848403930664,96256,249444,23,OK,2026-03-19 12:59:19
17,D:\6S2\Thesis\7 dataset\hama3_split_raw\test\0\0030.raw,0,0,0,0,1,1268,2.0712854862213135,96256,249444,24,OK,2026-03-19 12:59:23
18,D:\6S2\Thesis\7 dataset\hama3_split_raw\test\3\0088.raw,1,3,1,3,1,1268,2.070298433303833,96256,249444,25,OK,2026-03-19 12:59:27
19,D:\6S2\Thesis\7 dataset\hama3_split_raw\test\3\0067.raw,1,3,1,3,1,1268,2.07041597366333,96256,249444,26,OK,2026-03-19 12:59:31
20,D:\6S2\Thesis\7 dataset\hama3_split_raw\test\5\0062.raw,2,5,2,5,1,1267,2.0695834159851074,96256,249444,27,OK,2026-03-19 12:59:35
21,D:\6S2\Thesis\7 dataset\hama3_split_raw\test\0\0061.raw,0,0,0,0,1,1268,2.0702664852142334,96256,249444,28,OK,2026-03-19 12:59:39
22,D:\6S2\Thesis\7 dataset\hama3_split_raw\test\9\0086.raw,4,9,4,9,1,1268,2.070249080657959,96256,249444,29,OK,2026-03-19 12:59:43
23,D:\6S2\Thesis\7 dataset\hama3_split_raw\test\5\0106.raw,2,5,2,5,1,1268,2.0702319145202637,96256,249444,30,OK,2026-03-19 12:59:47
24,D:\6S2\Thesis\7 dataset\hama3_split_raw\test\5\0093.raw,2,5,3,8,0,1268,2.0706241130828857,96256,249444,31,OK,2026-03-19 12:59:51
25,D:\6S2\Thesis\7 dataset\hama3_split_raw\test\0\0054.raw,0,0,1,3,0,1268,2.0712270736694336,96256,249444,32,OK,2026-03-19 12:59:55
26,D:\6S2\Thesis\7 dataset\hama3_split_raw\test\8\0072.raw,3,8,3,8,1,1268,2.0683584213256836,96256,249444,33,OK,2026-03-19 12:59:59
27,D:\6S2\Thesis\7 dataset\hama3_split_raw\test\8\0074.raw,3,8,3,8,1,1267,2.0720176696777344,96256,249444,34,OK,2026-03-19 13:00:03
28,D:\6S2\Thesis\7 dataset\hama3_split_raw\test\0\0071.raw,0,0,0,0,1,1267,2.0695712566375732,96256,249444,35,OK,2026-03-19 13:00:07
29,D:\6S2\Thesis\7 dataset\hama3_split_raw\test\3\0017.raw,1,3,1,3,1,1268,2.070388078689575,96256,249444,36,OK,2026-03-19 13:00:11
30,D:\6S2\Thesis\7 dataset\hama3_split_raw\test\8\0152.raw,3,8,3,8,1,1267,2.0706844329833984,96256,249444,37,OK,2026-03-19 13:00:16
31,D:\6S2\Thesis\7 dataset\hama3_split_raw\test\3\0017.raw,1,3,1,3,1,1268,2.071178436279297,96256,249444,38,OK,2026-03-19 13:00:20
32,D:\6S2\Thesis\7 dataset\hama3_split_raw\test\8\0122.raw,3,8,1,3,0,1268,2.070324420928955,96256,249444,39,OK,2026-03-19 13:00:24
33,D:\6S2\Thesis\7 dataset\hama3_split_raw\test\3\0110.raw,1,3,3,8,0,1268,2.069545030593872,96256,249444,40,OK,2026-03-19 13:00:28
34,D:\6S2\Thesis\7 dataset\hama3_split_raw\test\8\0132.raw,3,8,3,8,1,1268,2.07204270362854,96256,249444,41,OK,2026-03-19 13:00:32
35,D:\6S2\Thesis\7 dataset\hama3_split_raw\test\5\0002.raw,2,5,2,5,1,1267,2.0701353549957275,96256,249444,42,OK,2026-03-19 13:00:36
36,D:\6S2\Thesis\7 dataset\hama3_split_raw\test\5\0110.raw,2,5,2,5,1,1267,2.0710678100585938,96256,249444,43,OK,2026-03-19 13:00:40
37,D:\6S2\Thesis\7 dataset\hama3_split_raw\test\9\0065.raw,4,9,1,3,0,1268,2.0698235034942627,96256,249444,44,OK,2026-03-19 13:00:44
38,D:\6S2\Thesis\7 dataset\hama3_split_raw\test\9\0020.raw,4,9,4,9,1,1267,2.0707807540893555,96256,249444,45,OK,2026-03-19 13:00:48
39,D:\6S2\Thesis\7 dataset\hama3_split_raw\test\5\0092.raw,2,5,2,5,1,1268,2.070267915725708,96256,249444,46,OK,2026-03-19 13:00:52
40,D:\6S2\Thesis\7 dataset\hama3_split_raw\test\5\0083.raw,2,5,2,5,1,1267,2.070894479751587,96256,249444,47,OK,2026-03-19 13:00:56
41,D:\6S2\Thesis\7 dataset\hama3_split_raw\test\0\0071.raw,0,0,0,0,1,1268,2.07015061378479,96256,249444,48,OK,2026-03-19 13:01:01
42,D:\6S2\Thesis\7 dataset\hama3_split_raw\test\5\0069.raw,2,5,1,3,0,1268,2.0709121227264404,96256,249444,49,OK,2026-03-19 13:01:05
43,D:\6S2\Thesis\7 dataset\hama3_split_raw\test\9\0099.raw,4,9,1,3,0,1267,2.06872820854187,96256,249444,50,OK,2026-03-19 13:01:09
44,D:\6S2\Thesis\7 dataset\hama3_split_raw\test\8\0109.raw,3,8,0,0,0,1268,2.071246385574341,96256,249444,51,OK,2026-03-19 13:01:13
45,D:\6S2\Thesis\7 dataset\hama3_split_raw\test\0\0031.raw,0,0,0,0,1,1268,2.0706229209899902,96256,249444,52,OK,2026-03-19 13:01:17
46,D:\6S2\Thesis\7 dataset\hama3_split_raw\test\8\0055.raw,3,8,3,8,1,1268,2.0707080364227295,96256,249444,53,OK,2026-03-19 13:01:21
47,D:\6S2\Thesis\7 dataset\hama3_split_raw\test\0\0085.raw,0,0,0,0,1,1267,2.0712623596191406,96256,249444,54,OK,2026-03-19 13:01:25
48,D:\6S2\Thesis\7 dataset\hama3_split_raw\test\3\0074.raw,1,3,2,5,0,1267,2.0689656734466553,96256,249444,55,OK,2026-03-19 13:01:29
49,D:\6S2\Thesis\7 dataset\hama3_split_raw\test\0\0020.raw,0,0,2,5,0,1268,2.0705270767211914,96256,249444,56,OK,2026-03-19 13:01:33
50,D:\6S2\Thesis\7 dataset\hama3_split_raw\test\3\0022.raw,1,3,1,3,1,1268,2.0706722736358643,96256,249444,57,OK,2026-03-19 13:01:37
51,D:\6S2\Thesis\7 dataset\hama3_split_raw\test\5\0012.raw,2,5,0,0,0,1268,2.0710883140563965,96256,249444,58,OK,2026-03-19 13:01:41
52,D:\6S2\Thesis\7 dataset\hama3_split_raw\test\8\0020.raw,3,8,3,8,1,1268,2.0708999633789062,96256,249444,59,OK,2026-03-19 13:01:45
53,D:\6S2\Thesis\7 dataset\hama3_split_raw\test\3\0022.raw,1,3,1,3,1,1268,2.0713822841644287,96256,249444,60,OK,2026-03-19 13:01:49
54,D:\6S2\Thesis\7 dataset\hama3_split_raw\test\0\0006.raw,0,0,0,0,1,1268,2.0708532333374023,96256,249444,61,OK,2026-03-19 13:01:54
55,D:\6S2\Thesis\7 dataset\hama3_split_raw\test\0\0040.raw,0,0,3,8,0,1267,2.0706260204315186,96256,249444,62,OK,2026-03-19 13:01:58
56,D:\6S2\Thesis\7 dataset\hama3_split_raw\test\8\0009.raw,3,8,3,8,1,1268,2.071789503097534,96256,249444,63,OK,2026-03-19 13:02:02
57,D:\6S2\Thesis\7 dataset\hama3_split_raw\test\3\0082.raw,1,3,1,3,1,1268,2.070730686187744,96256,249444,64,OK,2026-03-19 13:02:06
58,D:\6S2\Thesis\7 dataset\hama3_split_raw\test\5\0007.raw,2,5,2,5,1,1268,2.071200132369995,96256,249444,65,OK,2026-03-19 13:02:10
59,D:\6S2\Thesis\7 dataset\hama3_split_raw\test\0\0061.raw,0,0,0,0,1,1268,2.072566270828247,96256,249444,66,OK,2026-03-19 13:02:14
60,D:\6S2\Thesis\7 dataset\hama3_split_raw\test\0\0090.raw,0,0,3,8,0,1268,2.0673930644989014,96256,249444,67,OK,2026-03-19 13:02:18
61,D:\6S2\Thesis\7 dataset\hama3_split_raw\test\9\0040.raw,4,9,1,3,0,1268,2.069856882095337,96256,249444,68,OK,2026-03-19 13:02:22
62,D:\6S2\Thesis\7 dataset\hama3_split_raw\test\0\0043.raw,0,0,4,9,0,1268,2.071272611618042,96256,249444,69,OK,2026-03-19 13:02:26
63,D:\6S2\Thesis\7 dataset\hama3_split_raw\test\3\0065.raw,1,3,1,3,1,1268,2.070962905883789,96256,249444,70,OK,2026-03-19 13:02:30
64,D:\6S2\Thesis\7 dataset\hama3_split_raw\test\3\0039.raw,1,3,0,0,0,1268,2.070802688598633,96256,249444,71,OK,2026-03-19 13:02:34
65,D:\6S2\Thesis\7 dataset\hama3_split_raw\test\0\0041.raw,0,0,0,0,1,1268,2.070643186569214,96256,249444,72,OK,2026-03-19 13:02:38
66,D:\6S2\Thesis\7 dataset\hama3_split_raw\test\9\0011.raw,4,9,4,9,1,1268,2.071943759918213,96256,249444,73,OK,2026-03-19 13:02:42
67,D:\6S2\Thesis\7 dataset\hama3_split_raw\test\0\0004.raw,0,0,0,0,1,1268,2.070861577987671,96256,249444,74,OK,2026-03-19 13:02:47
68,D:\6S2\Thesis\7 dataset\hama3_split_raw\test\5\0040.raw,2,5,4,9,0,1268,2.071192502975464,96256,249444,75,OK,2026-03-19 13:02:51
69,D:\6S2\Thesis\7 dataset\hama3_split_raw\test\9\0037.raw,4,9,4,9,1,1268,2.0718135833740234,96256,249444,76,OK,2026-03-19 13:02:55
70,D:\6S2\Thesis\7 dataset\hama3_split_raw\test\3\0107.raw,1,3,4,9,0,1267,2.0707337856292725,96256,249444,77,OK,2026-03-19 13:02:59
71,D:\6S2\Thesis\7 dataset\hama3_split_raw\test\3\0015.raw,1,3,3,8,0,1268,2.071136474609375,96256,249444,78,OK,2026-03-19 13:03:03
72,D:\6S2\Thesis\7 dataset\hama3_split_raw\test\8\0173.raw,3,8,2,5,0,1268,2.0704894065856934,96256,249444,79,OK,2026-03-19 13:03:07
73,D:\6S2\Thesis\7 dataset\hama3_split_raw\test\8\0038.raw,3,8,2,5,0,1268,2.0708303451538086,96256,249444,80,OK,2026-03-19 13:03:11
74,D:\6S2\Thesis\7 dataset\hama3_split_raw\test\9\0058.raw,4,9,0,0,0,1267,2.071255922317505,96256,249444,81,OK,2026-03-19 13:03:15
75,D:\6S2\Thesis\7 dataset\hama3_split_raw\test\0\0025.raw,0,0,3,8,0,1268,2.067889451980591,96256,249444,82,OK,2026-03-19 13:03:19
76,D:\6S2\Thesis\7 dataset\hama3_split_raw\test\8\0121.raw,3,8,4,9,0,1268,2.0708847045898438,96256,249444,83,OK,2026-03-19 13:03:23
77,D:\6S2\Thesis\7 dataset\hama3_split_raw\test\8\0172.raw,3,8,3,8,1,1268,2.070716381072998,96256,249444,84,OK,2026-03-19 13:03:27
78,D:\6S2\Thesis\7 dataset\hama3_split_raw\test\0\0069.raw,0,0,0,0,1,1268,2.0701406002044678,96256,249444,85,OK,2026-03-19 13:03:31
79,D:\6S2\Thesis\7 dataset\hama3_split_raw\test\8\0013.raw,3,8,0,0,0,1268,2.0687108039855957,96256,249444,86,OK,2026-03-19 13:03:35
80,D:\6S2\Thesis\7 dataset\hama3_split_raw\test\8\0160.raw,3,8,1,3,0,1268,2.070615768432617,96256,249444,87,OK,2026-03-19 13:03:40
81,D:\6S2\Thesis\7 dataset\hama3_split_raw\test\9\0061.raw,4,9,4,9,1,1268,2.070829153060913,96256,249444,88,OK,2026-03-19 13:03:44
82,D:\6S2\Thesis\7 dataset\hama3_split_raw\test\3\0032.raw,1,3,1,3,1,1268,2.070939064025879,96256,249444,89,OK,2026-03-19 13:03:48
83,D:\6S2\Thesis\7 dataset\hama3_split_raw\test\8\0165.raw,3,8,3,8,1,1268,2.0705454349517822,96256,249444,90,OK,2026-03-19 13:03:52
84,D:\6S2\Thesis\7 dataset\hama3_split_raw\test\8\0029.raw,3,8,3,8,1,1268,2.071049213409424,96256,249444,91,OK,2026-03-19 13:03:56
85,D:\6S2\Thesis\7 dataset\hama3_split_raw\test\9\0037.raw,4,9,4,9,1,1268,2.0706682205200195,96256,249444,92,OK,2026-03-19 13:04:00
86,D:\6S2\Thesis\7 dataset\hama3_split_raw\test\0\0060.raw,0,0,0,0,1,1268,2.069932460784912,96256,249444,93,OK,2026-03-19 13:04:04
87,D:\6S2\Thesis\7 dataset\hama3_split_raw\test\8\0119.raw,3,8,3,8,1,1268,2.070845603942871,96256,249444,94,OK,2026-03-19 13:04:08
88,D:\6S2\Thesis\7 dataset\hama3_split_raw\test\8\0013.raw,3,8,0,0,0,1267,2.0706374645233154,96256,249444,95,OK,2026-03-19 13:04:12
89,D:\6S2\Thesis\7 dataset\hama3_split_raw\test\5\0110.raw,2,5,2,5,1,1268,2.071044921875,96256,249444,96,OK,2026-03-19 13:04:16
90,D:\6S2\Thesis\7 dataset\hama3_split_raw\test\0\0048.raw,0,0,0,0,1,1267,2.0706562995910645,96256,249444,97,OK,2026-03-19 13:04:20
91,D:\6S2\Thesis\7 dataset\hama3_split_raw\test\3\0048.raw,1,3,0,0,0,1268,2.0689563751220703,96256,249444,98,OK,2026-03-19 13:04:24
92,D:\6S2\Thesis\7 dataset\hama3_split_raw\test\3\0078.raw,1,3,1,3,1,1268,2.070500135421753,96256,249444,99,OK,2026-03-19 13:04:28
93,D:\6S2\Thesis\7 dataset\hama3_split_raw\test\0\0015.raw,0,0,0,0,1,1268,2.070922374725342,96256,249444,100,OK,2026-03-19 13:04:32
94,D:\6S2\Thesis\7 dataset\hama3_split_raw\test\5\0066.raw,2,5,2,5,1,1268,2.0705959796905518,96256,249444,101,OK,2026-03-19 13:04:37
95,D:\6S2\Thesis\7 dataset\hama3_split_raw\test\8\0107.raw,3,8,3,8,1,1267,2.070774555206299,96256,249444,102,OK,2026-03-19 13:04:41
96,D:\6S2\Thesis\7 dataset\hama3_split_raw\test\5\0095.raw,2,5,2,5,1,1268,2.0709285736083984,96256,249444,103,OK,2026-03-19 13:04:45
97,D:\6S2\Thesis\7 dataset\hama3_split_raw\test\5\0114.raw,2,5,2,5,1,1267,2.0711758136749268,96256,249444,104,OK,2026-03-19 13:04:49
98,D:\6S2\Thesis\7 dataset\hama3_split_raw\test\9\0088.raw,4,9,4,9,1,1267,2.0724074840545654,96256,249444,105,OK,2026-03-19 13:04:53
99,D:\6S2\Thesis\7 dataset\hama3_split_raw\test\0\0067.raw,0,0,0,0,1,1267,2.071024179458618,96256,249444,106,OK,2026-03-19 13:04:57
100,D:\6S2\Thesis\7 dataset\hama3_split_raw\test\3\0012.raw,1,3,4,9,0,1267,2.0705347061157227,96256,249444,107,OK,2026-03-19 13:05:01
101,D:\6S2\Thesis\7 dataset\hama3_split_raw\test\9\0102.raw,4,9,4,9,1,1268,2.0705792903900146,96256,249444,108,OK,2026-03-19 13:05:05
102,D:\6S2\Thesis\7 dataset\hama3_split_raw\test\3\0010.raw,1,3,1,3,1,1268,2.0706260204315186,96256,249444,109,OK,2026-03-19 13:05:09
103,D:\6S2\Thesis\7 dataset\hama3_split_raw\test\9\0095.raw,4,9,0,0,0,1268,2.071045398712158,96256,249444,110,OK,2026-03-19 13:05:13
104,D:\6S2\Thesis\7 dataset\hama3_split_raw\test\0\0086.raw,0,0,3,8,0,1267,2.0710628032684326,96256,249444,111,OK,2026-03-19 13:05:17
105,D:\6S2\Thesis\7 dataset\hama3_split_raw\test\8\0161.raw,3,8,1,3,0,1268,2.0714480876922607,96256,249444,112,OK,2026-03-19 13:05:22
106,D:\6S2\Thesis\7 dataset\hama3_split_raw\test\3\0064.raw,1,3,4,9,0,1268,2.0707881450653076,96256,249444,113,OK,2026-03-19 13:05:26
107,D:\6S2\Thesis\7 dataset\hama3_split_raw\test\9\0009.raw,4,9,3,8,0,1268,2.0711121559143066,96256,249444,114,OK,2026-03-19 13:05:30
108,D:\6S2\Thesis\7 dataset\hama3_split_raw\test\9\0103.raw,4,9,2,5,0,1268,2.070909023284912,96256,249444,115,OK,2026-03-19 13:05:34
109,D:\6S2\Thesis\7 dataset\hama3_split_raw\test\0\0037.raw,0,0,3,8,0,1267,2.0703377723693848,96256,249444,116,OK,2026-03-19 13:05:38
110,D:\6S2\Thesis\7 dataset\hama3_split_raw\test\8\0124.raw,3,8,3,8,1,1268,2.0709593296051025,96256,249444,117,OK,2026-03-19 13:05:42
111,D:\6S2\Thesis\7 dataset\hama3_split_raw\test\8\0058.raw,3,8,3,8,1,1268,2.070858955383301,96256,249444,118,OK,2026-03-19 13:05:46
112,D:\6S2\Thesis\7 dataset\hama3_split_raw\test\5\0082.raw,2,5,2,5,1,1267,2.0706281661987305,96256,249444,119,OK,2026-03-19 13:05:50
113,D:\6S2\Thesis\7 dataset\hama3_split_raw\test\9\0055.raw,4,9,4,9,1,1268,2.071772336959839,96256,249444,120,OK,2026-03-19 13:05:54
114,D:\6S2\Thesis\7 dataset\hama3_split_raw\test\8\0175.raw,3,8,1,3,0,1268,2.0709481239318848,96256,249444,121,OK,2026-03-19 13:05:58
115,D:\6S2\Thesis\7 dataset\hama3_split_raw\test\9\0088.raw,4,9,4,9,1,1268,2.072049617767334,96256,249444,122,OK,2026-03-19 13:06:02
116,D:\6S2\Thesis\7 dataset\hama3_split_raw\test\3\0072.raw,1,3,1,3,1,1268,2.0716474056243896,96256,249444,123,OK,2026-03-19 13:06:07
117,D:\6S2\Thesis\7 dataset\hama3_split_raw\test\0\0014.raw,0,0,0,0,1,1268,2.0707476139068604,96256,249444,124,OK,2026-03-19 13:06:11
118,D:\6S2\Thesis\7 dataset\hama3_split_raw\test\0\0015.raw,0,0,0,0,1,1267,2.0713775157928467,96256,249444,125,OK,2026-03-19 13:06:15
119,D:\6S2\Thesis\7 dataset\hama3_split_raw\test\9\0096.raw,4,9,4,9,1,1268,2.072190999984741,96256,249444,126,OK,2026-03-19 13:06:19
120,D:\6S2\Thesis\7 dataset\hama3_split_raw\test\9\0080.raw,4,9,4,9,1,1268,2.0708510875701904,96256,249444,127,OK,2026-03-19 13:06:23
121,D:\6S2\Thesis\7 dataset\hama3_split_raw\test\8\0084.raw,3,8,2,5,0,1267,2.0714199542999268,96256,249444,128,OK,2026-03-19 13:06:27
122,D:\6S2\Thesis\7 dataset\hama3_split_raw\test\0\0062.raw,0,0,0,0,1,1268,2.071200132369995,96256,249444,129,OK,2026-03-19 13:06:31
123,D:\6S2\Thesis\7 dataset\hama3_split_raw\test\0\0058.raw,0,0,3,8,0,1268,2.071194648742676,96256,249444,130,OK,2026-03-19 13:06:35
124,D:\6S2\Thesis\7 dataset\hama3_split_raw\test\5\0098.raw,2,5,2,5,1,1268,2.071176052093506,96256,249444,131,OK,2026-03-19 13:06:39
125,D:\6S2\Thesis\7 dataset\hama3_split_raw\test\0\0053.raw,0,0,0,0,1,1268,2.072057008743286,96256,249444,132,OK,2026-03-19 13:06:43
126,D:\6S2\Thesis\7 dataset\hama3_split_raw\test\9\0009.raw,4,9,3,8,0,1268,2.070683717727661,96256,249444,133,OK,2026-03-19 13:06:47
127,D:\6S2\Thesis\7 dataset\hama3_split_raw\test\8\0061.raw,3,8,0,0,0,1268,2.071124792098999,96256,249444,134,OK,2026-03-19 13:06:52
128,D:\6S2\Thesis\7 dataset\hama3_split_raw\test\0\0003.raw,0,0,0,0,1,1268,2.070918083190918,96256,249444,135,OK,2026-03-19 13:06:56
129,D:\6S2\Thesis\7 dataset\hama3_split_raw\test\5\0113.raw,2,5,2,5,1,1268,2.0710597038269043,96256,249444,136,OK,2026-03-19 13:07:00
130,D:\6S2\Thesis\7 dataset\hama3_split_raw\test\0\0074.raw,0,0,3,8,0,1268,2.071258306503296,96256,249444,137,OK,2026-03-19 13:07:04
131,D:\6S2\Thesis\7 dataset\hama3_split_raw\test\0\0042.raw,0,0,0,0,1,1268,2.0711841583251953,96256,249444,138,OK,2026-03-19 13:07:08
132,D:\6S2\Thesis\7 dataset\hama3_split_raw\test\9\0014.raw,4,9,4,9,1,1268,2.07090163230896,96256,249444,139,OK,2026-03-19 13:07:12
133,D:\6S2\Thesis\7 dataset\hama3_split_raw\test\8\0069.raw,3,8,3,8,1,1267,2.0706608295440674,96256,249444,140,OK,2026-03-19 13:07:16
134,D:\6S2\Thesis\7 dataset\hama3_split_raw\test\9\0006.raw,4,9,4,9,1,1267,2.0707550048828125,96256,249444,141,OK,2026-03-19 13:07:20
135,D:\6S2\Thesis\7 dataset\hama3_split_raw\test\0\0026.raw,0,0,2,5,0,1268,2.070530652999878,96256,249444,142,OK,2026-03-19 13:07:24
136,D:\6S2\Thesis\7 dataset\hama3_split_raw\test\0\0006.raw,0,0,0,0,1,1268,2.070868492126465,96256,249444,143,OK,2026-03-19 13:07:28
137,D:\6S2\Thesis\7 dataset\hama3_split_raw\test\3\0059.raw,1,3,1,3,1,1268,2.071009874343872,96256,249444,144,OK,2026-03-19 13:07:32
138,D:\6S2\Thesis\7 dataset\hama3_split_raw\test\5\0078.raw,2,5,2,5,1,1268,2.070279359817505,96256,249444,145,OK,2026-03-19 13:07:36
139,D:\6S2\Thesis\7 dataset\hama3_split_raw\test\8\0133.raw,3,8,3,8,1,1268,2.0711781978607178,96256,249444,146,OK,2026-03-19 13:07:40
140,D:\6S2\Thesis\7 dataset\hama3_split_raw\test\9\0081.raw,4,9,4,9,1,1268,2.0724058151245117,96256,249444,147,OK,2026-03-19 13:07:45
141,D:\6S2\Thesis\7 dataset\hama3_split_raw\test\0\0066.raw,0,0,1,3,0,1268,2.070448875427246,96256,249444,148,OK,2026-03-19 13:07:49
142,D:\6S2\Thesis\7 dataset\hama3_split_raw\test\0\0088.raw,0,0,0,0,1,1268,2.0707974433898926,96256,249444,149,OK,2026-03-19 13:07:53
143,D:\6S2\Thesis\7 dataset\hama3_split_raw\test\8\0043.raw,3,8,3,8,1,1268,2.07108998298645,96256,249444,150,OK,2026-03-19 13:07:57
144,D:\6S2\Thesis\7 dataset\hama3_split_raw\test\3\0025.raw,1,3,1,3,1,1267,2.0704996585845947,96256,249444,151,OK,2026-03-19 13:08:01
145,D:\6S2\Thesis\7 dataset\hama3_split_raw\test\3\0056.raw,1,3,4,9,0,1268,2.0709261894226074,96256,249444,152,OK,2026-03-19 13:08:05
146,D:\6S2\Thesis\7 dataset\hama3_split_raw\test\5\0057.raw,2,5,2,5,1,1267,2.071135997772217,96256,249444,153,OK,2026-03-19 13:08:09
147,D:\6S2\Thesis\7 dataset\hama3_split_raw\test\8\0007.raw,3,8,4,9,0,1268,2.071141242980957,96256,249444,154,OK,2026-03-19 13:08:13
148,D:\6S2\Thesis\7 dataset\hama3_split_raw\test\5\0114.raw,2,5,2,5,1,1268,2.070699691772461,96256,249444,155,OK,2026-03-19 13:08:17
149,D:\6S2\Thesis\7 dataset\hama3_split_raw\test\5\0080.raw,2,5,4,9,0,1268,2.0701966285705566,96256,249444,156,OK,2026-03-19 13:08:21
150,D:\6S2\Thesis\7 dataset\hama3_split_raw\test\9\0049.raw,4,9,4,9,1,1268,2.0708601474761963,96256,249444,157,OK,2026-03-19 13:08:25
151,D:\6S2\Thesis\7 dataset\hama3_split_raw\test\8\0059.raw,3,8,3,8,1,1268,2.0700607299804688,96256,249444,158,OK,2026-03-19 13:08:29
152,D:\6S2\Thesis\7 dataset\hama3_split_raw\test\0\0018.raw,0,0,0,0,1,1267,2.070462703704834,96256,249444,159,OK,2026-03-19 13:08:34
153,D:\6S2\Thesis\7 dataset\hama3_split_raw\test\5\0066.raw,2,5,2,5,1,1268,2.0705246925354004,96256,249444,160,OK,2026-03-19 13:08:38
154,D:\6S2\Thesis\7 dataset\hama3_split_raw\test\0\0006.raw,0,0,0,0,1,1268,2.0711522102355957,96256,249444,161,OK,2026-03-19 13:08:42
155,D:\6S2\Thesis\7 dataset\hama3_split_raw\test\9\0053.raw,4,9,4,9,1,1268,2.0705366134643555,96256,249444,162,OK,2026-03-19 13:08:46
156,D:\6S2\Thesis\7 dataset\hama3_split_raw\test\8\0081.raw,3,8,3,8,1,1268,2.0711984634399414,96256,249444,163,OK,2026-03-19 13:08:50
157,D:\6S2\Thesis\7 dataset\hama3_split_raw\test\0\0029.raw,0,0,0,0,1,1268,2.070796012878418,96256,249444,164,OK,2026-03-19 13:08:54
158,D:\6S2\Thesis\7 dataset\hama3_split_raw\test\0\0030.raw,0,0,0,0,1,1268,2.0707614421844482,96256,249444,165,OK,2026-03-19 13:08:58
159,D:\6S2\Thesis\7 dataset\hama3_split_raw\test\9\0005.raw,4,9,2,5,0,1268,2.0713047981262207,96256,249444,166,OK,2026-03-19 13:09:02
160,D:\6S2\Thesis\7 dataset\hama3_split_raw\test\5\0012.raw,2,5,0,0,0,1268,2.071667432785034,96256,249444,167,OK,2026-03-19 13:09:06
161,D:\6S2\Thesis\7 dataset\hama3_split_raw\test\9\0054.raw,4,9,2,5,0,1267,2.0696663856506348,96256,249444,168,OK,2026-03-19 13:09:10
162,D:\6S2\Thesis\7 dataset\hama3_split_raw\test\8\0106.raw,3,8,3,8,1,1268,2.070885419845581,96256,249444,169,OK,2026-03-19 13:09:14
163,D:\6S2\Thesis\7 dataset\hama3_split_raw\test\8\0114.raw,3,8,0,0,0,1268,2.070796251296997,96256,249444,170,OK,2026-03-19 13:09:18
164,D:\6S2\Thesis\7 dataset\hama3_split_raw\test\3\0065.raw,1,3,1,3,1,1268,2.0719246864318848,96256,249444,171,OK,2026-03-19 13:09:22
165,D:\6S2\Thesis\7 dataset\hama3_split_raw\test\3\0059.raw,1,3,1,3,1,1268,2.071338653564453,96256,249444,172,OK,2026-03-19 13:09:27
166,D:\6S2\Thesis\7 dataset\hama3_split_raw\test\5\0059.raw,2,5,4,9,0,1268,2.070732355117798,96256,249444,173,OK,2026-03-19 13:09:31
167,D:\6S2\Thesis\7 dataset\hama3_split_raw\test\0\0033.raw,0,0,4,9,0,1267,2.0709104537963867,96256,249444,174,OK,2026-03-19 13:09:35
168,D:\6S2\Thesis\7 dataset\hama3_split_raw\test\5\0041.raw,2,5,1,3,0,1268,2.0711381435394287,96256,249444,175,OK,2026-03-19 13:09:39
169,D:\6S2\Thesis\7 dataset\hama3_split_raw\test\3\0071.raw,1,3,4,9,0,1268,2.0711095333099365,96256,249444,176,OK,2026-03-19 13:09:43
170,D:\6S2\Thesis\7 dataset\hama3_split_raw\test\8\0128.raw,3,8,3,8,1,1268,2.072298288345337,96256,249444,177,OK,2026-03-19 13:09:47
171,D:\6S2\Thesis\7 dataset\hama3_split_raw\test\5\0014.raw,2,5,2,5,1,1267,2.0710856914520264,96256,249444,178,OK,2026-03-19 13:09:51
172,D:\6S2\Thesis\7 dataset\hama3_split_raw\test\3\0015.raw,1,3,3,8,0,1268,2.070957899093628,96256,249444,179,OK,2026-03-19 13:09:55
173,D:\6S2\Thesis\7 dataset\hama3_split_raw\test\5\0047.raw,2,5,4,9,0,1268,2.071315050125122,96256,249444,180,OK,2026-03-19 13:09:59
174,D:\6S2\Thesis\7 dataset\hama3_split_raw\test\8\0056.raw,3,8,0,0,0,1268,2.071413040161133,96256,249444,181,OK,2026-03-19 13:10:03
175,D:\6S2\Thesis\7 dataset\hama3_split_raw\test\5\0016.raw,2,5,2,5,1,1268,2.069608211517334,96256,249444,182,OK,2026-03-19 13:10:07
176,D:\6S2\Thesis\7 dataset\hama3_split_raw\test\0\0013.raw,0,0,0,0,1,1268,2.0709145069122314,96256,249444,183,OK,2026-03-19 13:10:11
177,D:\6S2\Thesis\7 dataset\hama3_split_raw\test\8\0088.raw,3,8,3,8,1,1268,2.0700345039367676,96256,249444,184,OK,2026-03-19 13:10:16
178,D:\6S2\Thesis\7 dataset\hama3_split_raw\test\0\0021.raw,0,0,1,3,0,1267,2.0702965259552,96256,249444,185,OK,2026-03-19 13:10:20
179,D:\6S2\Thesis\7 dataset\hama3_split_raw\test\9\0039.raw,4,9,1,3,0,1268,2.068971872329712,96256,249444,186,OK,2026-03-19 13:10:24
180,D:\6S2\Thesis\7 dataset\hama3_split_raw\test\3\0105.raw,1,3,1,3,1,1268,2.071672201156616,96256,249444,187,OK,2026-03-19 13:10:28
181,D:\6S2\Thesis\7 dataset\hama3_split_raw\test\3\0006.raw,1,3,1,3,1,1268,2.070765733718872,96256,249444,188,OK,2026-03-19 13:10:32
182,D:\6S2\Thesis\7 dataset\hama3_split_raw\test\3\0073.raw,1,3,0,0,0,1267,2.070391893386841,96256,249444,189,OK,2026-03-19 13:10:36
183,D:\6S2\Thesis\7 dataset\hama3_split_raw\test\9\0083.raw,4,9,4,9,1,1268,2.071152925491333,96256,249444,190,OK,2026-03-19 13:10:40
184,D:\6S2\Thesis\7 dataset\hama3_split_raw\test\8\0162.raw,3,8,3,8,1,1268,2.0721499919891357,96256,249444,191,OK,2026-03-19 13:10:44
185,D:\6S2\Thesis\7 dataset\hama3_split_raw\test\3\0003.raw,1,3,1,3,1,1267,2.070876359939575,96256,249444,192,OK,2026-03-19 13:10:48
186,D:\6S2\Thesis\7 dataset\hama3_split_raw\test\9\0073.raw,4,9,0,0,0,1268,2.0716490745544434,96256,249444,193,OK,2026-03-19 13:10:52
187,D:\6S2\Thesis\7 dataset\hama3_split_raw\test\9\0093.raw,4,9,4,9,1,1268,2.071392059326172,96256,249444,194,OK,2026-03-19 13:10:56
188,D:\6S2\Thesis\7 dataset\hama3_split_raw\test\9\0046.raw,4,9,2,5,0,1268,2.0701963901519775,96256,249444,195,OK,2026-03-19 13:11:00
189,D:\6S2\Thesis\7 dataset\hama3_split_raw\test\5\0086.raw,2,5,0,0,0,1268,2.0709285736083984,96256,249444,196,OK,2026-03-19 13:11:05
190,D:\6S2\Thesis\7 dataset\hama3_split_raw\test\5\0079.raw,2,5,2,5,1,1268,2.0711443424224854,96256,249444,197,OK,2026-03-19 13:11:09
191,D:\6S2\Thesis\7 dataset\hama3_split_raw\test\5\0103.raw,2,5,2,5,1,1268,2.070854902267456,96256,249444,198,OK,2026-03-19 13:11:13
192,D:\6S2\Thesis\7 dataset\hama3_split_raw\test\9\0003.raw,4,9,1,3,0,1268,2.0706841945648193,96256,249444,199,OK,2026-03-19 13:11:17
193,D:\6S2\Thesis\7 dataset\hama3_split_raw\test\8\0003.raw,3,8,3,8,1,1267,2.070667266845703,96256,249444,200,OK,2026-03-19 13:11:21
194,D:\6S2\Thesis\7 dataset\hama3_split_raw\test\5\0029.raw,2,5,2,5,1,1268,2.07183575630188,96256,249444,201,OK,2026-03-19 13:11:25
195,D:\6S2\Thesis\7 dataset\hama3_split_raw\test\5\0070.raw,2,5,2,5,1,1267,2.0725300312042236,96256,249444,202,OK,2026-03-19 13:11:29
196,D:\6S2\Thesis\7 dataset\hama3_split_raw\test\3\0077.raw,1,3,0,0,0,1267,2.071392297744751,96256,249444,203,OK,2026-03-19 13:11:33
197,D:\6S2\Thesis\7 dataset\hama3_split_raw\test\9\0081.raw,4,9,4,9,1,1267,2.071218729019165,96256,249444,204,OK,2026-03-19 13:11:37
198,D:\6S2\Thesis\7 dataset\hama3_split_raw\test\3\0067.raw,1,3,1,3,1,1268,2.070101499557495,96256,249444,205,OK,2026-03-19 13:11:41
199,D:\6S2\Thesis\7 dataset\hama3_split_raw\test\8\0048.raw,3,8,3,8,1,1268,2.0703134536743164,96256,249444,206,OK,2026-03-19 13:11:45
200,D:\6S2\Thesis\7 dataset\hama3_split_raw\test\0\0004.raw,0,0,0,0,1,1267,2.0711686611175537,96256,249444,207,OK,2026-03-19 13:11:49
201,D:\6S2\Thesis\7 dataset\hama3_split_raw\test\8\0144.raw,3,8,1,3,0,1268,2.0706052780151367,96256,249444,208,OK,2026-03-19 13:11:53
202,D:\6S2\Thesis\7 dataset\hama3_split_raw\test\8\0112.raw,3,8,2,5,0,1268,2.0688388347625732,96256,249444,209,OK,2026-03-19 13:11:58
203,D:\6S2\Thesis\7 dataset\hama3_split_raw\test\3\0012.raw,1,3,4,9,0,1268,2.070528984069824,96256,249444,210,OK,2026-03-19 13:12:02
204,D:\6S2\Thesis\7 dataset\hama3_split_raw\test\9\0005.raw,4,9,2,5,0,1268,2.0710673332214355,96256,249444,211,OK,2026-03-19 13:12:06
205,D:\6S2\Thesis\7 dataset\hama3_split_raw\test\5\0091.raw,2,5,2,5,1,1268,2.0709073543548584,96256,249444,212,OK,2026-03-19 13:12:10
206,D:\6S2\Thesis\7 dataset\hama3_split_raw\test\5\0071.raw,2,5,2,5,1,1268,2.0709025859832764,96256,249444,213,OK,2026-03-19 13:12:14
207,D:\6S2\Thesis\7 dataset\hama3_split_raw\test\8\0084.raw,3,8,2,5,0,1268,2.0710902214050293,96256,249444,214,OK,2026-03-19 13:12:18
208,D:\6S2\Thesis\7 dataset\hama3_split_raw\test\3\0017.raw,1,3,1,3,1,1268,2.0707030296325684,96256,249444,215,OK,2026-03-19 13:12:22
209,D:\6S2\Thesis\7 dataset\hama3_split_raw\test\8\0057.raw,3,8,3,8,1,1268,2.070587396621704,96256,249444,216,OK,2026-03-19 13:12:26
210,D:\6S2\Thesis\7 dataset\hama3_split_raw\test\3\0058.raw,1,3,3,8,0,1268,2.070711612701416,96256,249444,217,OK,2026-03-19 13:12:30
211,D:\6S2\Thesis\7 dataset\hama3_split_raw\test\0\0066.raw,0,0,1,3,0,1267,2.0709118843078613,96256,249444,218,OK,2026-03-19 13:12:34
212,D:\6S2\Thesis\7 dataset\hama3_split_raw\test\3\0059.raw,1,3,1,3,1,1268,2.0726943016052246,96256,249444,219,OK,2026-03-19 13:12:38
213,D:\6S2\Thesis\7 dataset\hama3_split_raw\test\3\0062.raw,1,3,3,8,0,1267,2.0715577602386475,96256,249444,220,OK,2026-03-19 13:12:42
214,D:\6S2\Thesis\7 dataset\hama3_split_raw\test\9\0011.raw,4,9,4,9,1,1268,2.0706794261932373,96256,249444,221,OK,2026-03-19 13:12:47
215,D:\6S2\Thesis\7 dataset\hama3_split_raw\test\3\0051.raw,1,3,1,3,1,1268,2.0704331398010254,96256,249444,222,OK,2026-03-19 13:12:51
216,D:\6S2\Thesis\7 dataset\hama3_split_raw\test\0\0038.raw,0,0,0,0,1,1268,2.0713694095611572,96256,249444,223,OK,2026-03-19 13:12:55
217,D:\6S2\Thesis\7 dataset\hama3_split_raw\test\0\0027.raw,0,0,2,5,0,1268,2.070195198059082,96256,249444,224,OK,2026-03-19 13:12:59
218,D:\6S2\Thesis\7 dataset\hama3_split_raw\test\0\0045.raw,0,0,0,0,1,1268,2.070553779602051,96256,249444,225,OK,2026-03-19 13:13:03
219,D:\6S2\Thesis\7 dataset\hama3_split_raw\test\8\0100.raw,3,8,0,0,0,1268,2.0711028575897217,96256,249444,226,OK,2026-03-19 13:13:07
220,D:\6S2\Thesis\7 dataset\hama3_split_raw\test\3\0078.raw,1,3,1,3,1,1268,2.0709803104400635,96256,249444,227,OK,2026-03-19 13:13:11
221,D:\6S2\Thesis\7 dataset\hama3_split_raw\test\5\0081.raw,2,5,2,5,1,1267,2.0717194080352783,96256,249444,228,OK,2026-03-19 13:13:15
222,D:\6S2\Thesis\7 dataset\hama3_split_raw\test\5\0008.raw,2,5,1,3,0,1268,2.0708560943603516,96256,249444,229,OK,2026-03-19 13:13:19
223,D:\6S2\Thesis\7 dataset\hama3_split_raw\test\3\0010.raw,1,3,1,3,1,1268,2.071392059326172,96256,249444,230,OK,2026-03-19 13:13:23
224,D:\6S2\Thesis\7 dataset\hama3_split_raw\test\3\0016.raw,1,3,4,9,0,1268,2.0713298320770264,96256,249444,231,OK,2026-03-19 13:13:27
225,D:\6S2\Thesis\7 dataset\hama3_split_raw\test\5\0112.raw,2,5,2,5,1,1268,2.071406602859497,96256,249444,232,OK,2026-03-19 13:13:32
226,D:\6S2\Thesis\7 dataset\hama3_split_raw\test\5\0038.raw,2,5,3,8,0,1268,2.070686101913452,96256,249444,233,OK,2026-03-19 13:13:36
227,D:\6S2\Thesis\7 dataset\hama3_split_raw\test\0\0007.raw,0,0,1,3,0,1268,2.0709919929504395,96256,249444,234,OK,2026-03-19 13:13:40
228,D:\6S2\Thesis\7 dataset\hama3_split_raw\test\5\0060.raw,2,5,2,5,1,1268,2.071298122406006,96256,249444,235,OK,2026-03-19 13:13:44
229,D:\6S2\Thesis\7 dataset\hama3_split_raw\test\5\0041.raw,2,5,1,3,0,1268,2.072391986846924,96256,249444,236,OK,2026-03-19 13:13:48
230,D:\6S2\Thesis\7 dataset\hama3_split_raw\test\5\0077.raw,2,5,2,5,1,1268,2.070377826690674,96256,249444,237,OK,2026-03-19 13:13:52
231,D:\6S2\Thesis\7 dataset\hama3_split_raw\test\8\0008.raw,3,8,3,8,1,1268,2.0706920623779297,96256,249444,238,OK,2026-03-19 13:13:56
232,D:\6S2\Thesis\7 dataset\hama3_split_raw\test\5\0013.raw,2,5,3,8,0,1268,2.070934534072876,96256,249444,239,OK,2026-03-19 13:14:00
233,D:\6S2\Thesis\7 dataset\hama3_split_raw\test\8\0009.raw,3,8,3,8,1,1268,2.071598768234253,96256,249444,240,OK,2026-03-19 13:14:04
234,D:\6S2\Thesis\7 dataset\hama3_split_raw\test\8\0081.raw,3,8,3,8,1,1267,2.0715901851654053,96256,249444,241,OK,2026-03-19 13:14:08
235,D:\6S2\Thesis\7 dataset\hama3_split_raw\test\5\0115.raw,2,5,1,3,0,1268,2.071441650390625,96256,249444,242,OK,2026-03-19 13:14:12
236,D:\6S2\Thesis\7 dataset\hama3_split_raw\test\0\0088.raw,0,0,0,0,1,1267,2.0695533752441406,96256,249444,243,OK,2026-03-19 13:14:16
237,D:\6S2\Thesis\7 dataset\hama3_split_raw\test\5\0092.raw,2,5,2,5,1,1268,2.072338581085205,96256,249444,244,OK,2026-03-19 13:14:20
238,D:\6S2\Thesis\7 dataset\hama3_split_raw\test\9\0093.raw,4,9,4,9,1,1268,2.069387197494507,96256,249444,245,OK,2026-03-19 13:14:25
239,D:\6S2\Thesis\7 dataset\hama3_split_raw\test\5\0030.raw,2,5,2,5,1,1268,2.0715513229370117,96256,249444,246,OK,2026-03-19 13:14:29
240,D:\6S2\Thesis\7 dataset\hama3_split_raw\test\9\0000.raw,4,9,4,9,1,1268,2.0712053775787354,96256,249444,247,OK,2026-03-19 13:14:33
241,D:\6S2\Thesis\7 dataset\hama3_split_raw\test\0\0035.raw,0,0,1,3,0,1267,2.071307420730591,96256,249444,248,OK,2026-03-19 13:14:37
242,D:\6S2\Thesis\7 dataset\hama3_split_raw\test\8\0125.raw,3,8,4,9,0,1267,2.070849895477295,96256,249444,249,OK,2026-03-19 13:14:41
243,D:\6S2\Thesis\7 dataset\hama3_split_raw\test\3\0069.raw,1,3,1,3,1,1268,2.0684823989868164,96256,249444,250,OK,2026-03-19 13:14:45
244,D:\6S2\Thesis\7 dataset\hama3_split_raw\test\3\0012.raw,1,3,4,9,0,1268,2.070794105529785,96256,249444,251,OK,2026-03-19 13:14:49
245,D:\6S2\Thesis\7 dataset\hama3_split_raw\test\9\0098.raw,4,9,3,8,0,1268,2.0713393688201904,96256,249444,252,OK,2026-03-19 13:14:53
246,D:\6S2\Thesis\7 dataset\hama3_split_raw\test\8\0038.raw,3,8,2,5,0,1268,2.070413827896118,96256,249444,253,OK,2026-03-19 13:14:57
247,D:\6S2\Thesis\7 dataset\hama3_split_raw\test\3\0014.raw,1,3,0,0,0,1268,2.0702896118164062,96256,249444,254,OK,2026-03-19 13:15:01
248,D:\6S2\Thesis\7 dataset\hama3_split_raw\test\5\0020.raw,2,5,2,5,1,1268,2.071631669998169,96256,249444,255,OK,2026-03-19 13:15:05
249,D:\6S2\Thesis\7 dataset\hama3_split_raw\test\3\0002.raw,1,3,2,5,0,1268,2.0709521770477295,96256,249444,256,OK,2026-03-19 13:15:10
250,D:\6S2\Thesis\7 dataset\hama3_split_raw\test\9\0080.raw,4,9,4,9,1,1268,2.0714235305786133,96256,249444,257,OK,2026-03-19 13:15:14
251,D:\6S2\Thesis\7 dataset\hama3_split_raw\test\3\0095.raw,1,3,2,5,0,1268,2.0716869831085205,96256,249444,258,OK,2026-03-19 13:15:18
252,D:\6S2\Thesis\7 dataset\hama3_split_raw\test\8\0147.raw,3,8,0,0,0,1268,2.070814847946167,96256,249444,259,OK,2026-03-19 13:15:22
253,D:\6S2\Thesis\7 dataset\hama3_split_raw\test\0\0032.raw,0,0,0,0,1,1268,2.071678876876831,96256,249444,260,OK,2026-03-19 13:15:26
254,D:\6S2\Thesis\7 dataset\hama3_split_raw\test\9\0093.raw,4,9,4,9,1,1268,2.0712356567382812,96256,249444,261,OK,2026-03-19 13:15:30
255,D:\6S2\Thesis\7 dataset\hama3_split_raw\test\3\0091.raw,1,3,1,3,1,1268,2.0693740844726562,96256,249444,262,OK,2026-03-19 13:15:34
256,D:\6S2\Thesis\7 dataset\hama3_split_raw\test\0\0061.raw,0,0,0,0,1,1268,2.070868492126465,96256,249444,263,OK,2026-03-19 13:15:38
257,D:\6S2\Thesis\7 dataset\hama3_split_raw\test\3\0031.raw,1,3,4,9,0,1268,2.070690155029297,96256,249444,264,OK,2026-03-19 13:15:42
258,D:\6S2\Thesis\7 dataset\hama3_split_raw\test\3\0014.raw,1,3,0,0,0,1268,2.0708999633789062,96256,249444,265,OK,2026-03-19 13:15:46
259,D:\6S2\Thesis\7 dataset\hama3_split_raw\test\9\0002.raw,4,9,4,9,1,1268,2.071040153503418,96256,249444,266,OK,2026-03-19 13:15:50
260,D:\6S2\Thesis\7 dataset\hama3_split_raw\test\3\0095.raw,1,3,2,5,0,1268,2.069347858428955,96256,249444,267,OK,2026-03-19 13:15:54
261,D:\6S2\Thesis\7 dataset\hama3_split_raw\test\3\0029.raw,1,3,1,3,1,1268,2.0711829662323,96256,249444,268,OK,2026-03-19 13:15:58
262,D:\6S2\Thesis\7 dataset\hama3_split_raw\test\0\0018.raw,0,0,0,0,1,1268,2.071664810180664,96256,249444,269,OK,2026-03-19 13:16:03
263,D:\6S2\Thesis\7 dataset\hama3_split_raw\test\9\0048.raw,4,9,4,9,1,1267,2.0701420307159424,96256,249444,270,OK,2026-03-19 13:16:07
264,D:\6S2\Thesis\7 dataset\hama3_split_raw\test\5\0099.raw,2,5,2,5,1,1268,2.071035385131836,96256,249444,271,OK,2026-03-19 13:16:11
265,D:\6S2\Thesis\7 dataset\hama3_split_raw\test\5\0103.raw,2,5,2,5,1,1268,2.070965528488159,96256,249444,272,OK,2026-03-19 13:16:15
266,D:\6S2\Thesis\7 dataset\hama3_split_raw\test\9\0101.raw,4,9,3,8,0,1268,2.0713050365448,96256,249444,273,OK,2026-03-19 13:16:19
267,D:\6S2\Thesis\7 dataset\hama3_split_raw\test\9\0001.raw,4,9,0,0,0,1268,2.071922540664673,96256,249444,274,OK,2026-03-19 13:16:23
268,D:\6S2\Thesis\7 dataset\hama3_split_raw\test\0\0034.raw,0,0,0,0,1,1268,2.0726773738861084,96256,249444,275,OK,2026-03-19 13:16:27
269,D:\6S2\Thesis\7 dataset\hama3_split_raw\test\0\0000.raw,0,0,0,0,1,1268,2.0708301067352295,96256,249444,276,OK,2026-03-19 13:16:31
270,D:\6S2\Thesis\7 dataset\hama3_split_raw\test\8\0043.raw,3,8,3,8,1,1268,2.0705361366271973,96256,249444,277,OK,2026-03-19 13:16:35
271,D:\6S2\Thesis\7 dataset\hama3_split_raw\test\3\0102.raw,1,3,0,0,0,1268,2.070755958557129,96256,249444,278,OK,2026-03-19 13:16:39
272,D:\6S2\Thesis\7 dataset\hama3_split_raw\test\9\0020.raw,4,9,4,9,1,1268,2.0730550289154053,96256,249444,279,OK,2026-03-19 13:16:43
273,D:\6S2\Thesis\7 dataset\hama3_split_raw\test\9\0023.raw,4,9,2,5,0,1268,2.072528839111328,96256,249444,280,OK,2026-03-19 13:16:47
274,D:\6S2\Thesis\7 dataset\hama3_split_raw\test\9\0069.raw,4,9,4,9,1,1268,2.071556806564331,96256,249444,281,OK,2026-03-19 13:16:51
275,D:\6S2\Thesis\7 dataset\hama3_split_raw\test\9\0048.raw,4,9,4,9,1,1268,2.0714516639709473,96256,249444,282,OK,2026-03-19 13:16:56
276,D:\6S2\Thesis\7 dataset\hama3_split_raw\test\0\0016.raw,0,0,0,0,1,1268,2.0708935260772705,96256,249444,283,OK,2026-03-19 13:17:00
277,D:\6S2\Thesis\7 dataset\hama3_split_raw\test\3\0036.raw,1,3,0,0,0,1268,2.0704824924468994,96256,249444,284,OK,2026-03-19 13:17:04
278,D:\6S2\Thesis\7 dataset\hama3_split_raw\test\0\0003.raw,0,0,0,0,1,1268,2.070753574371338,96256,249444,285,OK,2026-03-19 13:17:08
279,D:\6S2\Thesis\7 dataset\hama3_split_raw\test\9\0009.raw,4,9,3,8,0,1268,2.071669578552246,96256,249444,286,OK,2026-03-19 13:17:12
280,D:\6S2\Thesis\7 dataset\hama3_split_raw\test\3\0021.raw,1,3,0,0,0,1267,2.0711498260498047,96256,249444,287,OK,2026-03-19 13:17:16
281,D:\6S2\Thesis\7 dataset\hama3_split_raw\test\8\0075.raw,3,8,3,8,1,1267,2.0714046955108643,96256,249444,288,OK,2026-03-19 13:17:20
282,D:\6S2\Thesis\7 dataset\hama3_split_raw\test\5\0006.raw,2,5,4,9,0,1268,2.0714657306671143,96256,249444,289,OK,2026-03-19 13:17:24
283,D:\6S2\Thesis\7 dataset\hama3_split_raw\test\8\0122.raw,3,8,1,3,0,1268,2.07082200050354,96256,249444,290,OK,2026-03-19 13:17:28
284,D:\6S2\Thesis\7 dataset\hama3_split_raw\test\8\0023.raw,3,8,3,8,1,1268,2.070228099822998,96256,249444,291,OK,2026-03-19 13:17:32
285,D:\6S2\Thesis\7 dataset\hama3_split_raw\test\8\0119.raw,3,8,3,8,1,1268,2.071068286895752,96256,249444,292,OK,2026-03-19 13:17:36
286,D:\6S2\Thesis\7 dataset\hama3_split_raw\test\5\0031.raw,2,5,2,5,1,1268,2.071054458618164,96256,249444,293,OK,2026-03-19 13:17:40
287,D:\6S2\Thesis\7 dataset\hama3_split_raw\test\9\0001.raw,4,9,0,0,0,1268,2.071279287338257,96256,249444,294,OK,2026-03-19 13:17:45
288,D:\6S2\Thesis\7 dataset\hama3_split_raw\test\5\0093.raw,2,5,3,8,0,1268,2.0715317726135254,96256,249444,295,OK,2026-03-19 13:17:49
289,D:\6S2\Thesis\7 dataset\hama3_split_raw\test\8\0143.raw,3,8,3,8,1,1267,2.070833206176758,96256,249444,296,OK,2026-03-19 13:17:53
290,D:\6S2\Thesis\7 dataset\hama3_split_raw\test\3\0063.raw,1,3,1,3,1,1268,2.070793867111206,96256,249444,297,OK,2026-03-19 13:17:57
291,D:\6S2\Thesis\7 dataset\hama3_split_raw\test\0\0045.raw,0,0,0,0,1,1268,2.0715954303741455,96256,249444,298,OK,2026-03-19 13:18:01
292,D:\6S2\Thesis\7 dataset\hama3_split_raw\test\0\0077.raw,0,0,0,0,1,1268,2.0724589824676514,96256,249444,299,OK,2026-03-19 13:18:05
293,D:\6S2\Thesis\7 dataset\hama3_split_raw\test\3\0036.raw,1,3,0,0,0,1268,2.0713226795196533,96256,249444,300,OK,2026-03-19 13:18:09
294,D:\6S2\Thesis\7 dataset\hama3_split_raw\test\3\0081.raw,1,3,1,3,1,1268,2.071686267852783,96256,249444,301,OK,2026-03-19 13:18:13
295,D:\6S2\Thesis\7 dataset\hama3_split_raw\test\9\0065.raw,4,9,1,3,0,1268,2.071460247039795,96256,249444,302,OK,2026-03-19 13:18:17
296,D:\6S2\Thesis\7 dataset\hama3_split_raw\test\5\0119.raw,2,5,4,9,0,1268,2.070924997329712,96256,249444,303,OK,2026-03-19 13:18:21
297,D:\6S2\Thesis\7 dataset\hama3_split_raw\test\5\0023.raw,2,5,3,8,0,1268,2.07138991355896,96256,249444,304,OK,2026-03-19 13:18:25
298,D:\6S2\Thesis\7 dataset\hama3_split_raw\test\9\0005.raw,4,9,2,5,0,1268,2.0712904930114746,96256,249444,305,OK,2026-03-19 13:18:30
299,D:\6S2\Thesis\7 dataset\hama3_split_raw\test\0\0018.raw,0,0,0,0,1,1268,2.0708367824554443,96256,249444,306,OK,2026-03-19 13:18:34
300,D:\6S2\Thesis\7 dataset\hama3_split_raw\test\3\0086.raw,1,3,4,9,0,1268,2.071068286895752,96256,249444,307,OK,2026-03-19 13:18:38
301,D:\6S2\Thesis\7 dataset\hama3_split_raw\test\0\0070.raw,0,0,0,0,1,1268,2.070631742477417,96256,249444,308,OK,2026-03-19 13:18:42
302,D:\6S2\Thesis\7 dataset\hama3_split_raw\test\9\0060.raw,4,9,4,9,1,1268,2.070932388305664,96256,249444,309,OK,2026-03-19 13:18:46
303,D:\6S2\Thesis\7 dataset\hama3_split_raw\test\0\0078.raw,0,0,0,0,1,1268,2.0722639560699463,96256,249444,310,OK,2026-03-19 13:18:50
304,D:\6S2\Thesis\7 dataset\hama3_split_raw\test\3\0013.raw,1,3,1,3,1,1268,2.0704610347747803,96256,249444,311,OK,2026-03-19 13:18:54
305,D:\6S2\Thesis\7 dataset\hama3_split_raw\test\8\0125.raw,3,8,4,9,0,1268,2.0708909034729004,96256,249444,312,OK,2026-03-19 13:18:58
306,D:\6S2\Thesis\7 dataset\hama3_split_raw\test\0\0055.raw,0,0,0,0,1,1268,2.070780038833618,96256,249444,313,OK,2026-03-19 13:19:02
307,D:\6S2\Thesis\7 dataset\hama3_split_raw\test\8\0065.raw,3,8,2,5,0,1268,2.070436954498291,96256,249444,314,OK,2026-03-19 13:19:06
308,D:\6S2\Thesis\7 dataset\hama3_split_raw\test\0\0015.raw,0,0,0,0,1,1268,2.069775104522705,96256,249444,315,OK,2026-03-19 13:19:10
309,D:\6S2\Thesis\7 dataset\hama3_split_raw\test\8\0150.raw,3,8,1,3,0,1268,2.073523998260498,96256,249444,316,OK,2026-03-19 13:19:14
310,D:\6S2\Thesis\7 dataset\hama3_split_raw\test\0\0020.raw,0,0,2,5,0,1268,2.0708160400390625,96256,249444,317,OK,2026-03-19 13:19:19
311,D:\6S2\Thesis\7 dataset\hama3_split_raw\test\9\0077.raw,4,9,2,5,0,1268,2.0715527534484863,96256,249444,318,OK,2026-03-19 13:19:23
312,D:\6S2\Thesis\7 dataset\hama3_split_raw\test\9\0077.raw,4,9,2,5,0,1267,2.0685532093048096,96256,249444,319,OK,2026-03-19 13:19:27
313,D:\6S2\Thesis\7 dataset\hama3_split_raw\test\8\0049.raw,3,8,1,3,0,1268,2.067819595336914,96256,249444,320,OK,2026-03-19 13:19:31
314,D:\6S2\Thesis\7 dataset\hama3_split_raw\test\8\0057.raw,3,8,3,8,1,1268,2.069579839706421,96256,249444,321,OK,2026-03-19 13:19:35
315,D:\6S2\Thesis\7 dataset\hama3_split_raw\test\8\0179.raw,3,8,4,9,0,1268,2.0680363178253174,96256,249444,322,OK,2026-03-19 13:19:39
316,D:\6S2\Thesis\7 dataset\hama3_split_raw\test\8\0134.raw,3,8,2,5,0,1268,2.071213722229004,96256,249444,323,OK,2026-03-19 13:19:43
317,D:\6S2\Thesis\7 dataset\hama3_split_raw\test\0\0029.raw,0,0,0,0,1,1268,2.071169376373291,96256,249444,324,OK,2026-03-19 13:19:47
318,D:\6S2\Thesis\7 dataset\hama3_split_raw\test\0\0041.raw,0,0,0,0,1,1268,2.070072889328003,96256,249444,325,OK,2026-03-19 13:19:51
319,D:\6S2\Thesis\7 dataset\hama3_split_raw\test\8\0009.raw,3,8,3,8,1,1268,2.070932149887085,96256,249444,326,OK,2026-03-19 13:19:55
320,D:\6S2\Thesis\7 dataset\hama3_split_raw\test\5\0109.raw,2,5,1,3,0,1268,2.0708181858062744,96256,249444,327,OK,2026-03-19 13:19:59
321,D:\6S2\Thesis\7 dataset\hama3_split_raw\test\5\0010.raw,2,5,2,5,1,1267,2.070685386657715,96256,249444,328,OK,2026-03-19 13:20:03
322,D:\6S2\Thesis\7 dataset\hama3_split_raw\test\9\0007.raw,4,9,2,5,0,1267,2.0706589221954346,96256,249444,329,OK,2026-03-19 13:20:08
323,D:\6S2\Thesis\7 dataset\hama3_split_raw\test\3\0039.raw,1,3,0,0,0,1268,2.071502923965454,96256,249444,330,OK,2026-03-19 13:20:12
324,D:\6S2\Thesis\7 dataset\hama3_split_raw\test\5\0095.raw,2,5,2,5,1,1268,2.070753574371338,96256,249444,331,OK,2026-03-19 13:20:16
325,D:\6S2\Thesis\7 dataset\hama3_split_raw\test\8\0127.raw,3,8,3,8,1,1268,2.071458101272583,96256,249444,332,OK,2026-03-19 13:20:20
326,D:\6S2\Thesis\7 dataset\hama3_split_raw\test\0\0091.raw,0,0,0,0,1,1268,2.07174015045166,96256,249444,333,OK,2026-03-19 13:20:24
327,D:\6S2\Thesis\7 dataset\hama3_split_raw\test\5\0104.raw,2,5,2,5,1,1268,2.070957660675049,96256,249444,334,OK,2026-03-19 13:20:28
328,D:\6S2\Thesis\7 dataset\hama3_split_raw\test\3\0112.raw,1,3,1,3,1,1268,2.06929612159729,96256,249444,335,OK,2026-03-19 13:20:32
329,D:\6S2\Thesis\7 dataset\hama3_split_raw\test\8\0142.raw,3,8,3,8,1,1268,2.0697362422943115,96256,249444,336,OK,2026-03-19 13:20:36
330,D:\6S2\Thesis\7 dataset\hama3_split_raw\test\8\0103.raw,3,8,3,8,1,1268,2.0722970962524414,96256,249444,337,OK,2026-03-19 13:20:40
331,D:\6S2\Thesis\7 dataset\hama3_split_raw\test\3\0004.raw,1,3,0,0,0,1267,2.07222056388855,96256,249444,338,OK,2026-03-19 13:20:44
332,D:\6S2\Thesis\7 dataset\hama3_split_raw\test\0\0091.raw,0,0,0,0,1,1268,2.071326732635498,96256,249444,339,OK,2026-03-19 13:20:48
333,D:\6S2\Thesis\7 dataset\hama3_split_raw\test\8\0097.raw,3,8,3,8,1,1268,2.070950746536255,96256,249444,340,OK,2026-03-19 13:20:52
334,D:\6S2\Thesis\7 dataset\hama3_split_raw\test\9\0041.raw,4,9,4,9,1,1268,2.0712063312530518,96256,249444,341,OK,2026-03-19 13:20:57
335,D:\6S2\Thesis\7 dataset\hama3_split_raw\test\8\0096.raw,3,8,3,8,1,1267,2.0724990367889404,96256,249444,342,OK,2026-03-19 13:21:01
336,D:\6S2\Thesis\7 dataset\hama3_split_raw\test\5\0028.raw,2,5,2,5,1,1268,2.0712032318115234,96256,249444,343,OK,2026-03-19 13:21:05
337,D:\6S2\Thesis\7 dataset\hama3_split_raw\test\9\0018.raw,4,9,4,9,1,1268,2.0709242820739746,96256,249444,344,OK,2026-03-19 13:21:09
338,D:\6S2\Thesis\7 dataset\hama3_split_raw\test\3\0058.raw,1,3,3,8,0,1268,2.0711512565612793,96256,249444,345,OK,2026-03-19 13:21:13
339,D:\6S2\Thesis\7 dataset\hama3_split_raw\test\8\0052.raw,3,8,3,8,1,1268,2.0705831050872803,96256,249444,346,OK,2026-03-19 13:21:17
340,D:\6S2\Thesis\7 dataset\hama3_split_raw\test\5\0082.raw,2,5,2,5,1,1267,2.07130765914917,96256,249444,347,OK,2026-03-19 13:21:21
341,D:\6S2\Thesis\7 dataset\hama3_split_raw\test\5\0012.raw,2,5,0,0,0,1268,2.070699691772461,96256,249444,348,OK,2026-03-19 13:21:25
342,D:\6S2\Thesis\7 dataset\hama3_split_raw\test\9\0039.raw,4,9,1,3,0,1267,2.0707027912139893,96256,249444,349,OK,2026-03-19 13:21:29
343,D:\6S2\Thesis\7 dataset\hama3_split_raw\test\5\0070.raw,2,5,2,5,1,1268,2.0704634189605713,96256,249444,350,OK,2026-03-19 13:21:33
344,D:\6S2\Thesis\7 dataset\hama3_split_raw\test\0\0079.raw,0,0,0,0,1,1268,2.0710198879241943,96256,249444,351,OK,2026-03-19 13:21:37
345,D:\6S2\Thesis\7 dataset\hama3_split_raw\test\9\0022.raw,4,9,4,9,1,1268,2.070775032043457,96256,249444,352,OK,2026-03-19 13:21:41
346,D:\6S2\Thesis\7 dataset\hama3_split_raw\test\9\0087.raw,4,9,4,9,1,1268,2.0725133419036865,96256,249444,353,OK,2026-03-19 13:21:46
347,D:\6S2\Thesis\7 dataset\hama3_split_raw\test\3\0061.raw,1,3,1,3,1,1267,2.071010112762451,96256,249444,354,OK,2026-03-19 13:21:50
348,D:\6S2\Thesis\7 dataset\hama3_split_raw\test\3\0027.raw,1,3,1,3,1,1268,2.0709571838378906,96256,249444,355,OK,2026-03-19 13:21:54
349,D:\6S2\Thesis\7 dataset\hama3_split_raw\test\0\0082.raw,0,0,0,0,1,1268,2.0710055828094482,96256,249444,356,OK,2026-03-19 13:21:58
350,D:\6S2\Thesis\7 dataset\hama3_split_raw\test\0\0061.raw,0,0,0,0,1,1268,2.071122884750366,96256,249444,357,OK,2026-03-19 13:22:02
351,D:\6S2\Thesis\7 dataset\hama3_split_raw\test\3\0035.raw,1,3,2,5,0,1268,2.0709545612335205,96256,249444,358,OK,2026-03-19 13:22:06
352,D:\6S2\Thesis\7 dataset\hama3_split_raw\test\9\0035.raw,4,9,0,0,0,1268,2.0706048011779785,96256,249444,359,OK,2026-03-19 13:22:10
353,D:\6S2\Thesis\7 dataset\hama3_split_raw\test\8\0076.raw,3,8,3,8,1,1267,2.07096266746521,96256,249444,360,OK,2026-03-19 13:22:14
354,D:\6S2\Thesis\7 dataset\hama3_split_raw\test\0\0024.raw,0,0,0,0,1,1268,2.0712547302246094,96256,249444,361,OK,2026-03-19 13:22:18
355,D:\6S2\Thesis\7 dataset\hama3_split_raw\test\5\0087.raw,2,5,2,5,1,1268,2.071244955062866,96256,249444,362,OK,2026-03-19 13:22:22
356,D:\6S2\Thesis\7 dataset\hama3_split_raw\test\5\0074.raw,2,5,2,5,1,1268,2.070401906967163,96256,249444,363,OK,2026-03-19 13:22:26
357,D:\6S2\Thesis\7 dataset\hama3_split_raw\test\9\0015.raw,4,9,0,0,0,1267,2.0723865032196045,96256,249444,364,OK,2026-03-19 13:22:30
358,D:\6S2\Thesis\7 dataset\hama3_split_raw\test\8\0056.raw,3,8,0,0,0,1268,2.0706233978271484,96256,249444,365,OK,2026-03-19 13:22:35
359,D:\6S2\Thesis\7 dataset\hama3_split_raw\test\8\0058.raw,3,8,3,8,1,1268,2.0710504055023193,96256,249444,366,OK,2026-03-19 13:22:39
360,D:\6S2\Thesis\7 dataset\hama3_split_raw\test\3\0101.raw,1,3,1,3,1,1267,2.070317268371582,96256,249444,367,OK,2026-03-19 13:22:43
361,D:\6S2\Thesis\7 dataset\hama3_split_raw\test\0\0027.raw,0,0,2,5,0,1268,2.0711050033569336,96256,249444,368,OK,2026-03-19 13:22:47
362,D:\6S2\Thesis\7 dataset\hama3_split_raw\test\8\0091.raw,3,8,3,8,1,1268,2.070610523223877,96256,249444,369,OK,2026-03-19 13:22:51
363,D:\6S2\Thesis\7 dataset\hama3_split_raw\test\9\0067.raw,4,9,3,8,0,1268,2.071013927459717,96256,249444,370,OK,2026-03-19 13:22:55
364,D:\6S2\Thesis\7 dataset\hama3_split_raw\test\8\0066.raw,3,8,3,8,1,1268,2.0702271461486816,96256,249444,371,OK,2026-03-19 13:22:59
365,D:\6S2\Thesis\7 dataset\hama3_split_raw\test\3\0111.raw,1,3,1,3,1,1268,2.0708558559417725,96256,249444,372,OK,2026-03-19 13:23:03
366,D:\6S2\Thesis\7 dataset\hama3_split_raw\test\5\0014.raw,2,5,2,5,1,1268,2.0710668563842773,96256,249444,373,OK,2026-03-19 13:23:07
367,D:\6S2\Thesis\7 dataset\hama3_split_raw\test\3\0014.raw,1,3,0,0,0,1267,2.0696589946746826,96256,249444,374,OK,2026-03-19 13:23:11
368,D:\6S2\Thesis\7 dataset\hama3_split_raw\test\9\0018.raw,4,9,4,9,1,1268,2.070577383041382,96256,249444,375,OK,2026-03-19 13:23:15
369,D:\6S2\Thesis\7 dataset\hama3_split_raw\test\0\0009.raw,0,0,0,0,1,1268,2.0706019401550293,96256,249444,376,OK,2026-03-19 13:23:19
370,D:\6S2\Thesis\7 dataset\hama3_split_raw\test\8\0174.raw,3,8,3,8,1,1268,2.0681629180908203,96256,249444,377,OK,2026-03-19 13:23:24
371,D:\6S2\Thesis\7 dataset\hama3_split_raw\test\0\0042.raw,0,0,0,0,1,1268,2.0713915824890137,96256,249444,378,OK,2026-03-19 13:23:28
372,D:\6S2\Thesis\7 dataset\hama3_split_raw\test\8\0071.raw,3,8,3,8,1,1267,2.0704691410064697,96256,249444,379,OK,2026-03-19 13:23:32
373,D:\6S2\Thesis\7 dataset\hama3_split_raw\test\3\0058.raw,1,3,3,8,0,1267,2.071106195449829,96256,249444,380,OK,2026-03-19 13:23:36
374,D:\6S2\Thesis\7 dataset\hama3_split_raw\test\9\0095.raw,4,9,0,0,0,1268,2.0705480575561523,96256,249444,381,OK,2026-03-19 13:23:40
375,D:\6S2\Thesis\7 dataset\hama3_split_raw\test\3\0028.raw,1,3,3,8,0,1268,2.071317672729492,96256,249444,382,OK,2026-03-19 13:23:44
376,D:\6S2\Thesis\7 dataset\hama3_split_raw\test\9\0070.raw,4,9,0,0,0,1268,2.0705759525299072,96256,249444,383,OK,2026-03-19 13:23:48
377,D:\6S2\Thesis\7 dataset\hama3_split_raw\test\5\0089.raw,2,5,1,3,0,1268,2.0710222721099854,96256,249444,384,OK,2026-03-19 13:23:52
378,D:\6S2\Thesis\7 dataset\hama3_split_raw\test\9\0022.raw,4,9,4,9,1,1268,2.0715293884277344,96256,249444,385,OK,2026-03-19 13:23:56
379,D:\6S2\Thesis\7 dataset\hama3_split_raw\test\3\0019.raw,1,3,2,5,0,1267,2.0701911449432373,96256,249444,386,OK,2026-03-19 13:24:00
380,D:\6S2\Thesis\7 dataset\hama3_split_raw\test\5\0052.raw,2,5,2,5,1,1268,2.0709242820739746,96256,249444,387,OK,2026-03-19 13:24:04
381,D:\6S2\Thesis\7 dataset\hama3_split_raw\test\0\0021.raw,0,0,1,3,0,1268,2.071359157562256,96256,249444,388,OK,2026-03-19 13:24:08
382,D:\6S2\Thesis\7 dataset\hama3_split_raw\test\0\0022.raw,0,0,0,0,1,1267,2.0702929496765137,96256,249444,389,OK,2026-03-19 13:24:12
383,D:\6S2\Thesis\7 dataset\hama3_split_raw\test\0\0074.raw,0,0,3,8,0,1267,2.0689914226531982,96256,249444,390,OK,2026-03-19 13:24:17
384,D:\6S2\Thesis\7 dataset\hama3_split_raw\test\5\0076.raw,2,5,2,5,1,1268,2.070612907409668,96256,249444,391,OK,2026-03-19 13:24:21
385,D:\6S2\Thesis\7 dataset\hama3_split_raw\test\0\0083.raw,0,0,0,0,1,1268,2.071166515350342,96256,249444,392,OK,2026-03-19 13:24:25
386,D:\6S2\Thesis\7 dataset\hama3_split_raw\test\9\0016.raw,4,9,4,9,1,1268,2.071061372756958,96256,249444,393,OK,2026-03-19 13:24:29
387,D:\6S2\Thesis\7 dataset\hama3_split_raw\test\5\0087.raw,2,5,2,5,1,1268,2.0713555812835693,96256,249444,394,OK,2026-03-19 13:24:33
388,D:\6S2\Thesis\7 dataset\hama3_split_raw\test\9\0051.raw,4,9,4,9,1,1268,2.070736885070801,96256,249444,395,OK,2026-03-19 13:24:37
389,D:\6S2\Thesis\7 dataset\hama3_split_raw\test\5\0021.raw,2,5,3,8,0,1267,2.068554401397705,96256,249444,396,OK,2026-03-19 13:24:41
390,D:\6S2\Thesis\7 dataset\hama3_split_raw\test\8\0102.raw,3,8,4,9,0,1268,2.07145619392395,96256,249444,397,OK,2026-03-19 13:24:45
391,D:\6S2\Thesis\7 dataset\hama3_split_raw\test\3\0098.raw,1,3,0,0,0,1268,2.0690293312072754,96256,249444,398,OK,2026-03-19 13:24:49
392,D:\6S2\Thesis\7 dataset\hama3_split_raw\test\0\0063.raw,0,0,4,9,0,1267,2.069002389907837,96256,249444,399,OK,2026-03-19 13:24:53
393,D:\6S2\Thesis\7 dataset\hama3_split_raw\test\3\0004.raw,1,3,0,0,0,1267,2.070936679840088,96256,249444,400,OK,2026-03-19 13:24:57
394,D:\6S2\Thesis\7 dataset\hama3_split_raw\test\3\0027.raw,1,3,1,3,1,1268,2.0710337162017822,96256,249444,401,OK,2026-03-19 13:25:01
395,D:\6S2\Thesis\7 dataset\hama3_split_raw\test\8\0132.raw,3,8,3,8,1,1268,2.0707848072052,96256,249444,402,OK,2026-03-19 13:25:06
396,D:\6S2\Thesis\7 dataset\hama3_split_raw\test\0\0058.raw,0,0,3,8,0,1268,2.0710973739624023,96256,249444,403,OK,2026-03-19 13:25:10
397,D:\6S2\Thesis\7 dataset\hama3_split_raw\test\3\0031.raw,1,3,4,9,0,1268,2.0707411766052246,96256,249444,404,OK,2026-03-19 13:25:14
398,D:\6S2\Thesis\7 dataset\hama3_split_raw\test\3\0035.raw,1,3,2,5,0,1267,2.07189679145813,96256,249444,405,OK,2026-03-19 13:25:18
399,D:\6S2\Thesis\7 dataset\hama3_split_raw\test\9\0083.raw,4,9,4,9,1,1267,2.0706582069396973,96256,249444,406,OK,2026-03-19 13:25:22
400,D:\6S2\Thesis\7 dataset\hama3_split_raw\test\3\0020.raw,1,3,1,3,1,1268,2.0685677528381348,96256,249444,407,OK,2026-03-19 13:25:26
401,D:\6S2\Thesis\7 dataset\hama3_split_raw\test\0\0066.raw,0,0,1,3,0,1268,2.071153163909912,96256,249444,408,OK,2026-03-19 13:25:30
402,D:\6S2\Thesis\7 dataset\hama3_split_raw\test\9\0059.raw,4,9,1,3,0,1268,2.0711848735809326,96256,249444,409,OK,2026-03-19 13:25:34
403,D:\6S2\Thesis\7 dataset\hama3_split_raw\test\9\0018.raw,4,9,4,9,1,1268,2.070660352706909,96256,249444,410,OK,2026-03-19 13:25:38
404,D:\6S2\Thesis\7 dataset\hama3_split_raw\test\5\0042.raw,2,5,1,3,0,1268,2.07088303565979,96256,249444,411,OK,2026-03-19 13:25:42
405,D:\6S2\Thesis\7 dataset\hama3_split_raw\test\3\0078.raw,1,3,1,3,1,1268,2.0722708702087402,96256,249444,412,OK,2026-03-19 13:25:46
406,D:\6S2\Thesis\7 dataset\hama3_split_raw\test\0\0048.raw,0,0,0,0,1,1268,2.0707921981811523,96256,249444,413,OK,2026-03-19 13:25:50
407,D:\6S2\Thesis\7 dataset\hama3_split_raw\test\5\0104.raw,2,5,2,5,1,1268,2.0708861351013184,96256,249444,414,OK,2026-03-19 13:25:55
408,D:\6S2\Thesis\7 dataset\hama3_split_raw\test\9\0094.raw,4,9,4,9,1,1267,2.070284605026245,96256,249444,415,OK,2026-03-19 13:25:59
409,D:\6S2\Thesis\7 dataset\hama3_split_raw\test\3\0076.raw,1,3,1,3,1,1268,2.070464611053467,96256,249444,416,OK,2026-03-19 13:26:03
410,D:\6S2\Thesis\7 dataset\hama3_split_raw\test\3\0012.raw,1,3,4,9,0,1268,2.0709919929504395,96256,249444,417,OK,2026-03-19 13:26:07
411,D:\6S2\Thesis\7 dataset\hama3_split_raw\test\0\0040.raw,0,0,3,8,0,1268,2.0710065364837646,96256,249444,418,OK,2026-03-19 13:26:11
412,D:\6S2\Thesis\7 dataset\hama3_split_raw\test\5\0115.raw,2,5,1,3,0,1268,2.071263313293457,96256,249444,419,OK,2026-03-19 13:26:15
413,D:\6S2\Thesis\7 dataset\hama3_split_raw\test\9\0051.raw,4,9,4,9,1,1268,2.0703845024108887,96256,249444,420,OK,2026-03-19 13:26:19
414,D:\6S2\Thesis\7 dataset\hama3_split_raw\test\5\0088.raw,2,5,2,5,1,1268,2.0699028968811035,96256,249444,421,OK,2026-03-19 13:26:23
415,D:\6S2\Thesis\7 dataset\hama3_split_raw\test\5\0063.raw,2,5,2,5,1,1268,2.071303129196167,96256,249444,422,OK,2026-03-19 13:26:27
416,D:\6S2\Thesis\7 dataset\hama3_split_raw\test\3\0098.raw,1,3,0,0,0,1268,2.070634603500366,96256,249444,423,OK,2026-03-19 13:26:31
417,D:\6S2\Thesis\7 dataset\hama3_split_raw\test\0\0069.raw,0,0,0,0,1,1267,2.071143627166748,96256,249444,424,OK,2026-03-19 13:26:35
418,D:\6S2\Thesis\7 dataset\hama3_split_raw\test\0\0027.raw,0,0,2,5,0,1267,2.070758581161499,96256,249444,425,OK,2026-03-19 13:26:39
419,D:\6S2\Thesis\7 dataset\hama3_split_raw\test\9\0070.raw,4,9,0,0,0,1268,2.070814847946167,96256,249444,426,OK,2026-03-19 13:26:44
420,D:\6S2\Thesis\7 dataset\hama3_split_raw\test\5\0018.raw,2,5,4,9,0,1268,2.0706593990325928,96256,249444,427,OK,2026-03-19 13:26:48
421,D:\6S2\Thesis\7 dataset\hama3_split_raw\test\5\0003.raw,2,5,3,8,0,1267,2.0707643032073975,96256,249444,428,OK,2026-03-19 13:26:52
422,D:\6S2\Thesis\7 dataset\hama3_split_raw\test\5\0042.raw,2,5,1,3,0,1268,2.0708518028259277,96256,249444,429,OK,2026-03-19 13:26:56
423,D:\6S2\Thesis\7 dataset\hama3_split_raw\test\0\0028.raw,0,0,2,5,0,1268,2.071310043334961,96256,249444,430,OK,2026-03-19 13:27:00
424,D:\6S2\Thesis\7 dataset\hama3_split_raw\test\5\0097.raw,2,5,2,5,1,1268,2.0712311267852783,96256,249444,431,OK,2026-03-19 13:27:04
425,D:\6S2\Thesis\7 dataset\hama3_split_raw\test\3\0083.raw,1,3,4,9,0,1268,2.0704355239868164,96256,249444,432,OK,2026-03-19 13:27:08
426,D:\6S2\Thesis\7 dataset\hama3_split_raw\test\9\0048.raw,4,9,4,9,1,1268,2.0708537101745605,96256,249444,433,OK,2026-03-19 13:27:12
427,D:\6S2\Thesis\7 dataset\hama3_split_raw\test\8\0051.raw,3,8,3,8,1,1268,2.0708346366882324,96256,249444,434,OK,2026-03-19 13:27:16
428,D:\6S2\Thesis\7 dataset\hama3_split_raw\test\8\0120.raw,3,8,1,3,0,1268,2.071122884750366,96256,249444,435,OK,2026-03-19 13:27:20
429,D:\6S2\Thesis\7 dataset\hama3_split_raw\test\8\0175.raw,3,8,1,3,0,1268,2.0705506801605225,96256,249444,436,OK,2026-03-19 13:27:24
430,D:\6S2\Thesis\7 dataset\hama3_split_raw\test\5\0103.raw,2,5,2,5,1,1268,2.0710384845733643,96256,249444,437,OK,2026-03-19 13:27:29
431,D:\6S2\Thesis\7 dataset\hama3_split_raw\test\5\0001.raw,2,5,1,3,0,1268,2.070805788040161,96256,249444,438,OK,2026-03-19 13:27:33
432,D:\6S2\Thesis\7 dataset\hama3_split_raw\test\8\0019.raw,3,8,3,8,1,1268,2.0698862075805664,96256,249444,439,OK,2026-03-19 13:27:37
433,D:\6S2\Thesis\7 dataset\hama3_split_raw\test\3\0094.raw,1,3,4,9,0,1268,2.0712878704071045,96256,249444,440,OK,2026-03-19 13:27:41
434,D:\6S2\Thesis\7 dataset\hama3_split_raw\test\8\0088.raw,3,8,3,8,1,1268,2.070676326751709,96256,249444,441,OK,2026-03-19 13:27:45
435,D:\6S2\Thesis\7 dataset\hama3_split_raw\test\5\0022.raw,2,5,2,5,1,1268,2.07064151763916,96256,249444,442,OK,2026-03-19 13:27:49
436,D:\6S2\Thesis\7 dataset\hama3_split_raw\test\8\0130.raw,3,8,0,0,0,1267,2.0703439712524414,96256,249444,443,OK,2026-03-19 13:27:53
437,D:\6S2\Thesis\7 dataset\hama3_split_raw\test\3\0108.raw,1,3,1,3,1,1267,2.07133150100708,96256,249444,444,OK,2026-03-19 13:27:57
438,D:\6S2\Thesis\7 dataset\hama3_split_raw\test\3\0063.raw,1,3,1,3,1,1267,2.071025848388672,96256,249444,445,OK,2026-03-19 13:28:01
439,D:\6S2\Thesis\7 dataset\hama3_split_raw\test\9\0021.raw,4,9,1,3,0,1268,2.0706522464752197,96256,249444,446,OK,2026-03-19 13:28:05
440,D:\6S2\Thesis\7 dataset\hama3_split_raw\test\9\0095.raw,4,9,0,0,0,1267,2.069723129272461,96256,249444,447,OK,2026-03-19 13:28:09
441,D:\6S2\Thesis\7 dataset\hama3_split_raw\test\0\0032.raw,0,0,0,0,1,1268,2.072106122970581,96256,249444,448,OK,2026-03-19 13:28:14
442,D:\6S2\Thesis\7 dataset\hama3_split_raw\test\5\0045.raw,2,5,1,3,0,1267,2.0708563327789307,96256,249444,449,OK,2026-03-19 13:28:18
443,D:\6S2\Thesis\7 dataset\hama3_split_raw\test\0\0027.raw,0,0,2,5,0,1267,2.071073055267334,96256,249444,450,OK,2026-03-19 13:28:22
444,D:\6S2\Thesis\7 dataset\hama3_split_raw\test\3\0035.raw,1,3,2,5,0,1268,2.071603775024414,96256,249444,451,OK,2026-03-19 13:28:26
445,D:\6S2\Thesis\7 dataset\hama3_split_raw\test\9\0043.raw,4,9,4,9,1,1268,2.0720067024230957,96256,249444,452,OK,2026-03-19 13:28:30
446,D:\6S2\Thesis\7 dataset\hama3_split_raw\test\3\0104.raw,1,3,1,3,1,1268,2.0710256099700928,96256,249444,453,OK,2026-03-19 13:28:34
447,D:\6S2\Thesis\7 dataset\hama3_split_raw\test\5\0019.raw,2,5,2,5,1,1268,2.071150779724121,96256,249444,454,OK,2026-03-19 13:28:38
448,D:\6S2\Thesis\7 dataset\hama3_split_raw\test\5\0023.raw,2,5,3,8,0,1268,2.073115348815918,96256,249444,455,OK,2026-03-19 13:28:42
449,D:\6S2\Thesis\7 dataset\hama3_split_raw\test\3\0040.raw,1,3,1,3,1,1268,2.0700385570526123,96256,249444,456,OK,2026-03-19 13:28:46
450,D:\6S2\Thesis\7 dataset\hama3_split_raw\test\3\0048.raw,1,3,0,0,0,1268,2.07128643989563,96256,249444,457,OK,2026-03-19 13:28:50
451,D:\6S2\Thesis\7 dataset\hama3_split_raw\test\9\0058.raw,4,9,0,0,0,1268,2.0710604190826416,96256,249444,458,OK,2026-03-19 13:28:54
452,D:\6S2\Thesis\7 dataset\hama3_split_raw\test\8\0171.raw,3,8,3,8,1,1267,2.072035312652588,96256,249444,459,OK,2026-03-19 13:28:58
453,D:\6S2\Thesis\7 dataset\hama3_split_raw\test\3\0054.raw,1,3,1,3,1,1267,2.0714480876922607,96256,249444,460,OK,2026-03-19 13:29:03
454,D:\6S2\Thesis\7 dataset\hama3_split_raw\test\3\0109.raw,1,3,1,3,1,1268,2.0713720321655273,96256,249444,461,OK,2026-03-19 13:29:07
455,D:\6S2\Thesis\7 dataset\hama3_split_raw\test\5\0089.raw,2,5,1,3,0,1268,2.0715463161468506,96256,249444,462,OK,2026-03-19 13:29:11
456,D:\6S2\Thesis\7 dataset\hama3_split_raw\test\0\0078.raw,0,0,0,0,1,1268,2.070700168609619,96256,249444,463,OK,2026-03-19 13:29:15
457,D:\6S2\Thesis\7 dataset\hama3_split_raw\test\3\0008.raw,1,3,0,0,0,1268,2.071242094039917,96256,249444,464,OK,2026-03-19 13:29:19
458,D:\6S2\Thesis\7 dataset\hama3_split_raw\test\5\0112.raw,2,5,2,5,1,1268,2.071052074432373,96256,249444,465,OK,2026-03-19 13:29:23
459,D:\6S2\Thesis\7 dataset\hama3_split_raw\test\8\0138.raw,3,8,3,8,1,1268,2.0706934928894043,96256,249444,466,OK,2026-03-19 13:29:27
460,D:\6S2\Thesis\7 dataset\hama3_split_raw\test\3\0081.raw,1,3,1,3,1,1267,2.0712223052978516,96256,249444,467,OK,2026-03-19 13:29:31
461,D:\6S2\Thesis\7 dataset\hama3_split_raw\test\9\0036.raw,4,9,1,3,0,1268,2.0711491107940674,96256,249444,468,OK,2026-03-19 13:29:35
462,D:\6S2\Thesis\7 dataset\hama3_split_raw\test\0\0006.raw,0,0,0,0,1,1267,2.071086883544922,96256,249444,469,OK,2026-03-19 13:29:39
463,D:\6S2\Thesis\7 dataset\hama3_split_raw\test\0\0010.raw,0,0,0,0,1,1268,2.071951150894165,96256,249444,470,OK,2026-03-19 13:29:43
464,D:\6S2\Thesis\7 dataset\hama3_split_raw\test\5\0038.raw,2,5,3,8,0,1267,2.070822238922119,96256,249444,471,OK,2026-03-19 13:29:47
465,D:\6S2\Thesis\7 dataset\hama3_split_raw\test\9\0000.raw,4,9,4,9,1,1268,2.0709376335144043,96256,249444,472,OK,2026-03-19 13:29:51
466,D:\6S2\Thesis\7 dataset\hama3_split_raw\test\3\0041.raw,1,3,4,9,0,1268,2.071228504180908,96256,249444,473,OK,2026-03-19 13:29:56
467,D:\6S2\Thesis\7 dataset\hama3_split_raw\test\5\0071.raw,2,5,2,5,1,1267,2.0698893070220947,96256,249444,474,OK,2026-03-19 13:30:00
468,D:\6S2\Thesis\7 dataset\hama3_split_raw\test\5\0040.raw,2,5,4,9,0,1268,2.0710484981536865,96256,249444,475,OK,2026-03-19 13:30:04
469,D:\6S2\Thesis\7 dataset\hama3_split_raw\test\0\0040.raw,0,0,3,8,0,1268,2.071594476699829,96256,249444,476,OK,2026-03-19 13:30:08
470,D:\6S2\Thesis\7 dataset\hama3_split_raw\test\3\0055.raw,1,3,1,3,1,1268,2.070669174194336,96256,249444,477,OK,2026-03-19 13:30:12
471,D:\6S2\Thesis\7 dataset\hama3_split_raw\test\3\0081.raw,1,3,1,3,1,1268,2.0706429481506348,96256,249444,478,OK,2026-03-19 13:30:16
472,D:\6S2\Thesis\7 dataset\hama3_split_raw\test\5\0079.raw,2,5,2,5,1,1267,2.0706708431243896,96256,249444,479,OK,2026-03-19 13:30:20
473,D:\6S2\Thesis\7 dataset\hama3_split_raw\test\9\0048.raw,4,9,4,9,1,1268,2.071157693862915,96256,249444,480,OK,2026-03-19 13:30:24
474,D:\6S2\Thesis\7 dataset\hama3_split_raw\test\8\0035.raw,3,8,2,5,0,1268,2.0709314346313477,96256,249444,481,OK,2026-03-19 13:30:28
475,D:\6S2\Thesis\7 dataset\hama3_split_raw\test\8\0136.raw,3,8,3,8,1,1268,2.071861505508423,96256,249444,482,OK,2026-03-19 13:30:32
476,D:\6S2\Thesis\7 dataset\hama3_split_raw\test\0\0058.raw,0,0,3,8,0,1268,2.0708866119384766,96256,249444,483,OK,2026-03-19 13:30:36
477,D:\6S2\Thesis\7 dataset\hama3_split_raw\test\9\0029.raw,4,9,4,9,1,1268,2.072146415710449,96256,249444,484,OK,2026-03-19 13:30:40
478,D:\6S2\Thesis\7 dataset\hama3_split_raw\test\9\0046.raw,4,9,2,5,0,1267,2.0716094970703125,96256,249444,485,OK,2026-03-19 13:30:45
479,D:\6S2\Thesis\7 dataset\hama3_split_raw\test\8\0148.raw,3,8,0,0,0,1268,2.070387363433838,96256,249444,486,OK,2026-03-19 13:30:49
480,D:\6S2\Thesis\7 dataset\hama3_split_raw\test\8\0093.raw,3,8,2,5,0,1267,2.0709657669067383,96256,249444,487,OK,2026-03-19 13:30:53
481,D:\6S2\Thesis\7 dataset\hama3_split_raw\test\9\0080.raw,4,9,4,9,1,1268,2.068930149078369,96256,249444,488,OK,2026-03-19 13:30:57
482,D:\6S2\Thesis\7 dataset\hama3_split_raw\test\3\0072.raw,1,3,1,3,1,1268,2.070430278778076,96256,249444,489,OK,2026-03-19 13:31:01
483,D:\6S2\Thesis\7 dataset\hama3_split_raw\test\0\0052.raw,0,0,0,0,1,1268,2.0696237087249756,96256,249444,490,OK,2026-03-19 13:31:05
484,D:\6S2\Thesis\7 dataset\hama3_split_raw\test\3\0022.raw,1,3,1,3,1,1268,2.0711076259613037,96256,249444,491,OK,2026-03-19 13:31:09
485,D:\6S2\Thesis\7 dataset\hama3_split_raw\test\0\0025.raw,0,0,3,8,0,1268,2.0727522373199463,96256,249444,492,OK,2026-03-19 13:31:13
486,D:\6S2\Thesis\7 dataset\hama3_split_raw\test\0\0066.raw,0,0,1,3,0,1268,2.071049690246582,96256,249444,493,OK,2026-03-19 13:31:17
487,D:\6S2\Thesis\7 dataset\hama3_split_raw\test\9\0011.raw,4,9,4,9,1,1268,2.071340322494507,96256,249444,494,OK,2026-03-19 13:31:21
488,D:\6S2\Thesis\7 dataset\hama3_split_raw\test\5\0017.raw,2,5,2,5,1,1267,2.070819139480591,96256,249444,495,OK,2026-03-19 13:31:25
489,D:\6S2\Thesis\7 dataset\hama3_split_raw\test\8\0167.raw,3,8,4,9,0,1268,2.071338415145874,96256,249444,496,OK,2026-03-19 13:31:29
490,D:\6S2\Thesis\7 dataset\hama3_split_raw\test\5\0114.raw,2,5,2,5,1,1268,2.0720067024230957,96256,249444,497,OK,2026-03-19 13:31:33
491,D:\6S2\Thesis\7 dataset\hama3_split_raw\test\3\0108.raw,1,3,1,3,1,1268,2.0711660385131836,96256,249444,498,OK,2026-03-19 13:31:37
492,D:\6S2\Thesis\7 dataset\hama3_split_raw\test\0\0073.raw,0,0,1,3,0,1267,2.0700912475585938,96256,249444,499,OK,2026-03-19 13:31:42
493,D:\6S2\Thesis\7 dataset\hama3_split_raw\test\3\0069.raw,1,3,1,3,1,1268,2.0714399814605713,96256,249444,500,OK,2026-03-19 13:31:46
494,D:\6S2\Thesis\7 dataset\hama3_split_raw\test\0\0080.raw,0,0,1,3,0,1268,2.071662425994873,96256,249444,501,OK,2026-03-19 13:31:50
495,D:\6S2\Thesis\7 dataset\hama3_split_raw\test\9\0064.raw,4,9,1,3,0,1268,2.0720434188842773,96256,249444,502,OK,2026-03-19 13:31:54
496,D:\6S2\Thesis\7 dataset\hama3_split_raw\test\8\0102.raw,3,8,4,9,0,1267,2.071453809738159,96256,249444,503,OK,2026-03-19 13:31:58
497,D:\6S2\Thesis\7 dataset\hama3_split_raw\test\8\0055.raw,3,8,3,8,1,1268,2.071063995361328,96256,249444,504,OK,2026-03-19 13:32:02
498,D:\6S2\Thesis\7 dataset\hama3_split_raw\test\0\0033.raw,0,0,4,9,0,1268,2.0708417892456055,96256,249444,505,OK,2026-03-19 13:32:06
499,D:\6S2\Thesis\7 dataset\hama3_split_raw\test\0\0030.raw,0,0,0,0,1,1267,2.071578025817871,96256,249444,506,OK,2026-03-19 13:32:10
500,D:\6S2\Thesis\7 dataset\hama3_split_raw\test\5\0076.raw,2,5,2,5,1,1268,2.0727462768554688,96256,249444,507,OK,2026-03-19 13:32:14
501,D:\6S2\Thesis\7 dataset\hama3_split_raw\test\0\0052.raw,0,0,0,0,1,1268,2.0709738731384277,96256,249444,508,OK,2026-03-19 13:32:18
502,D:\6S2\Thesis\7 dataset\hama3_split_raw\test\9\0066.raw,4,9,4,9,1,1268,2.0710294246673584,96256,249444,509,OK,2026-03-19 13:32:22
503,D:\6S2\Thesis\7 dataset\hama3_split_raw\test\3\0107.raw,1,3,4,9,0,1267,2.0716025829315186,96256,249444,510,OK,2026-03-19 13:32:26
504,D:\6S2\Thesis\7 dataset\hama3_split_raw\test\5\0005.raw,2,5,2,5,1,1268,2.07133412361145,96256,249444,511,OK,2026-03-19 13:32:30
505,D:\6S2\Thesis\7 dataset\hama3_split_raw\test\5\0081.raw,2,5,2,5,1,1268,2.0709760189056396,96256,249444,512,OK,2026-03-19 13:32:35
506,D:\6S2\Thesis\7 dataset\hama3_split_raw\test\3\0019.raw,1,3,2,5,0,1268,2.0716285705566406,96256,249444,513,OK,2026-03-19 13:32:39
507,D:\6S2\Thesis\7 dataset\hama3_split_raw\test\3\0050.raw,1,3,4,9,0,1268,2.0712125301361084,96256,249444,514,OK,2026-03-19 13:32:43
508,D:\6S2\Thesis\7 dataset\hama3_split_raw\test\9\0061.raw,4,9,4,9,1,1267,2.0706512928009033,96256,249444,515,OK,2026-03-19 13:32:47
509,D:\6S2\Thesis\7 dataset\hama3_split_raw\test\5\0039.raw,2,5,2,5,1,1267,2.0720131397247314,96256,249444,516,OK,2026-03-19 13:32:51
510,D:\6S2\Thesis\7 dataset\hama3_split_raw\test\9\0019.raw,4,9,1,3,0,1268,2.071119546890259,96256,249444,517,OK,2026-03-19 13:32:55
511,D:\6S2\Thesis\7 dataset\hama3_split_raw\test\5\0114.raw,2,5,2,5,1,1268,2.071207284927368,96256,249444,518,OK,2026-03-19 13:32:59
512,D:\6S2\Thesis\7 dataset\hama3_split_raw\test\0\0020.raw,0,0,2,5,0,1268,2.0704758167266846,96256,249444,519,OK,2026-03-19 13:33:03
513,D:\6S2\Thesis\7 dataset\hama3_split_raw\test\5\0003.raw,2,5,3,8,0,1268,2.0708141326904297,96256,249444,520,OK,2026-03-19 13:33:07
514,D:\6S2\Thesis\7 dataset\hama3_split_raw\test\5\0005.raw,2,5,2,5,1,1268,2.0711002349853516,96256,249444,521,OK,2026-03-19 13:33:11
515,D:\6S2\Thesis\7 dataset\hama3_split_raw\test\3\0029.raw,1,3,1,3,1,1268,2.0729427337646484,96256,249444,522,OK,2026-03-19 13:33:15
516,D:\6S2\Thesis\7 dataset\hama3_split_raw\test\0\0051.raw,0,0,0,0,1,1268,2.070779800415039,96256,249444,523,OK,2026-03-19 13:33:19
517,D:\6S2\Thesis\7 dataset\hama3_split_raw\test\8\0093.raw,3,8,2,5,0,1267,2.070875406265259,96256,249444,524,OK,2026-03-19 13:33:23
518,D:\6S2\Thesis\7 dataset\hama3_split_raw\test\5\0026.raw,2,5,2,5,1,1268,2.071521520614624,96256,249444,525,OK,2026-03-19 13:33:28
519,D:\6S2\Thesis\7 dataset\hama3_split_raw\test\9\0003.raw,4,9,1,3,0,1268,2.070960283279419,96256,249444,526,OK,2026-03-19 13:33:32
520,D:\6S2\Thesis\7 dataset\hama3_split_raw\test\8\0116.raw,3,8,3,8,1,1268,2.070375919342041,96256,249444,527,OK,2026-03-19 13:33:36
521,D:\6S2\Thesis\7 dataset\hama3_split_raw\test\3\0017.raw,1,3,1,3,1,1268,2.071232557296753,96256,249444,528,OK,2026-03-19 13:33:40
522,D:\6S2\Thesis\7 dataset\hama3_split_raw\test\5\0102.raw,2,5,4,9,0,1268,2.070965051651001,96256,249444,529,OK,2026-03-19 13:33:44
523,D:\6S2\Thesis\7 dataset\hama3_split_raw\test\0\0003.raw,0,0,0,0,1,1267,2.0693070888519287,96256,249444,530,OK,2026-03-19 13:33:48
524,D:\6S2\Thesis\7 dataset\hama3_split_raw\test\9\0071.raw,4,9,1,3,0,1268,2.0709941387176514,96256,249444,531,OK,2026-03-19 13:33:52
525,D:\6S2\Thesis\7 dataset\hama3_split_raw\test\3\0003.raw,1,3,1,3,1,1267,2.072438955307007,96256,249444,532,OK,2026-03-19 13:33:56
526,D:\6S2\Thesis\7 dataset\hama3_split_raw\test\9\0068.raw,4,9,4,9,1,1268,2.070976972579956,96256,249444,533,OK,2026-03-19 13:34:00
527,D:\6S2\Thesis\7 dataset\hama3_split_raw\test\8\0006.raw,3,8,2,5,0,1268,2.0705184936523438,96256,249444,534,OK,2026-03-19 13:34:04
528,D:\6S2\Thesis\7 dataset\hama3_split_raw\test\3\0090.raw,1,3,1,3,1,1268,2.0689008235931396,96256,249444,535,OK,2026-03-19 13:34:08
529,D:\6S2\Thesis\7 dataset\hama3_split_raw\test\5\0115.raw,2,5,1,3,0,1268,2.0716474056243896,96256,249444,536,OK,2026-03-19 13:34:12
530,D:\6S2\Thesis\7 dataset\hama3_split_raw\test\3\0076.raw,1,3,1,3,1,1268,2.071031093597412,96256,249444,537,OK,2026-03-19 13:34:17
531,D:\6S2\Thesis\7 dataset\hama3_split_raw\test\0\0060.raw,0,0,0,0,1,1267,2.070671319961548,96256,249444,538,OK,2026-03-19 13:34:21
532,D:\6S2\Thesis\7 dataset\hama3_split_raw\test\3\0023.raw,1,3,1,3,1,1267,2.0707104206085205,96256,249444,539,OK,2026-03-19 13:34:25
533,D:\6S2\Thesis\7 dataset\hama3_split_raw\test\8\0148.raw,3,8,0,0,0,1267,2.070786952972412,96256,249444,540,OK,2026-03-19 13:34:29
534,D:\6S2\Thesis\7 dataset\hama3_split_raw\test\8\0170.raw,3,8,4,9,0,1268,2.0712780952453613,96256,249444,541,OK,2026-03-19 13:34:33
535,D:\6S2\Thesis\7 dataset\hama3_split_raw\test\8\0116.raw,3,8,3,8,1,1268,2.0709409713745117,96256,249444,542,OK,2026-03-19 13:34:37
536,D:\6S2\Thesis\7 dataset\hama3_split_raw\test\5\0088.raw,2,5,2,5,1,1267,2.072399854660034,96256,249444,543,OK,2026-03-19 13:34:41
537,D:\6S2\Thesis\7 dataset\hama3_split_raw\test\3\0041.raw,1,3,4,9,0,1268,2.070439100265503,96256,249444,544,OK,2026-03-19 13:34:45
538,D:\6S2\Thesis\7 dataset\hama3_split_raw\test\0\0089.raw,0,0,0,0,1,1268,2.0709900856018066,96256,249444,545,OK,2026-03-19 13:34:49
539,D:\6S2\Thesis\7 dataset\hama3_split_raw\test\0\0033.raw,0,0,4,9,0,1268,2.0712668895721436,96256,249444,546,OK,2026-03-19 13:34:53
540,D:\6S2\Thesis\7 dataset\hama3_split_raw\test\3\0004.raw,1,3,0,0,0,1268,2.070948839187622,96256,249444,547,OK,2026-03-19 13:34:57
541,D:\6S2\Thesis\7 dataset\hama3_split_raw\test\8\0158.raw,3,8,2,5,0,1268,2.0714781284332275,96256,249444,548,OK,2026-03-19 13:35:01
542,D:\6S2\Thesis\7 dataset\hama3_split_raw\test\3\0017.raw,1,3,1,3,1,1268,2.0715439319610596,96256,249444,549,OK,2026-03-19 13:35:05
543,D:\6S2\Thesis\7 dataset\hama3_split_raw\test\9\0046.raw,4,9,2,5,0,1267,2.071061611175537,96256,249444,550,OK,2026-03-19 13:35:10
544,D:\6S2\Thesis\7 dataset\hama3_split_raw\test\8\0060.raw,3,8,3,8,1,1268,2.070162773132324,96256,249444,551,OK,2026-03-19 13:35:14
545,D:\6S2\Thesis\7 dataset\hama3_split_raw\test\8\0155.raw,3,8,4,9,0,1268,2.0708322525024414,96256,249444,552,OK,2026-03-19 13:35:18
546,D:\6S2\Thesis\7 dataset\hama3_split_raw\test\8\0024.raw,3,8,2,5,0,1267,2.070751190185547,96256,249444,553,OK,2026-03-19 13:35:22
547,D:\6S2\Thesis\7 dataset\hama3_split_raw\test\9\0025.raw,4,9,4,9,1,1268,2.071432113647461,96256,249444,554,OK,2026-03-19 13:35:26
548,D:\6S2\Thesis\7 dataset\hama3_split_raw\test\9\0090.raw,4,9,0,0,0,1268,2.071592092514038,96256,249444,555,OK,2026-03-19 13:35:30
549,D:\6S2\Thesis\7 dataset\hama3_split_raw\test\5\0104.raw,2,5,2,5,1,1268,2.0708858966827393,96256,249444,556,OK,2026-03-19 13:35:34
550,D:\6S2\Thesis\7 dataset\hama3_split_raw\test\0\0008.raw,0,0,0,0,1,1268,2.0728650093078613,96256,249444,557,OK,2026-03-19 13:35:38
551,D:\6S2\Thesis\7 dataset\hama3_split_raw\test\9\0076.raw,4,9,4,9,1,1268,2.0709104537963867,96256,249444,558,OK,2026-03-19 13:35:42
552,D:\6S2\Thesis\7 dataset\hama3_split_raw\test\5\0027.raw,2,5,0,0,0,1268,2.0710694789886475,96256,249444,559,OK,2026-03-19 13:35:46
553,D:\6S2\Thesis\7 dataset\hama3_split_raw\test\0\0012.raw,0,0,3,8,0,1268,2.0705363750457764,96256,249444,560,OK,2026-03-19 13:35:50
554,D:\6S2\Thesis\7 dataset\hama3_split_raw\test\0\0017.raw,0,0,0,0,1,1268,2.0708913803100586,96256,249444,561,OK,2026-03-19 13:35:55
555,D:\6S2\Thesis\7 dataset\hama3_split_raw\test\9\0027.raw,4,9,4,9,1,1268,2.071611166000366,96256,249444,562,OK,2026-03-19 13:35:59
556,D:\6S2\Thesis\7 dataset\hama3_split_raw\test\9\0088.raw,4,9,4,9,1,1268,2.071484327316284,96256,249444,563,OK,2026-03-19 13:36:03
557,D:\6S2\Thesis\7 dataset\hama3_split_raw\test\9\0039.raw,4,9,1,3,0,1268,2.071742296218872,96256,249444,564,OK,2026-03-19 13:36:07
558,D:\6S2\Thesis\7 dataset\hama3_split_raw\test\0\0005.raw,0,0,0,0,1,1268,2.0713703632354736,96256,249444,565,OK,2026-03-19 13:36:11
559,D:\6S2\Thesis\7 dataset\hama3_split_raw\test\5\0089.raw,2,5,1,3,0,1267,2.071126699447632,96256,249444,566,OK,2026-03-19 13:36:15
560,D:\6S2\Thesis\7 dataset\hama3_split_raw\test\9\0088.raw,4,9,4,9,1,1268,2.0708847045898438,96256,249444,567,OK,2026-03-19 13:36:19
561,D:\6S2\Thesis\7 dataset\hama3_split_raw\test\5\0058.raw,2,5,1,3,0,1268,2.0704615116119385,96256,249444,568,OK,2026-03-19 13:36:23
562,D:\6S2\Thesis\7 dataset\hama3_split_raw\test\3\0031.raw,1,3,4,9,0,1267,2.0694661140441895,96256,249444,569,OK,2026-03-19 13:36:27
563,D:\6S2\Thesis\7 dataset\hama3_split_raw\test\9\0096.raw,4,9,4,9,1,1268,2.0705316066741943,96256,249444,570,OK,2026-03-19 13:36:31
564,D:\6S2\Thesis\7 dataset\hama3_split_raw\test\9\0056.raw,4,9,1,3,0,1268,2.0711376667022705,96256,249444,571,OK,2026-03-19 13:36:35
565,D:\6S2\Thesis\7 dataset\hama3_split_raw\test\8\0054.raw,3,8,4,9,0,1268,2.0714306831359863,96256,249444,572,OK,2026-03-19 13:36:39
566,D:\6S2\Thesis\7 dataset\hama3_split_raw\test\5\0060.raw,2,5,2,5,1,1268,2.071446657180786,96256,249444,573,OK,2026-03-19 13:36:43
567,D:\6S2\Thesis\7 dataset\hama3_split_raw\test\9\0070.raw,4,9,0,0,0,1268,2.0704009532928467,96256,249444,574,OK,2026-03-19 13:36:47
568,D:\6S2\Thesis\7 dataset\hama3_split_raw\test\5\0102.raw,2,5,4,9,0,1268,2.0708656311035156,96256,249444,575,OK,2026-03-19 13:36:52
569,D:\6S2\Thesis\7 dataset\hama3_split_raw\test\8\0156.raw,3,8,3,8,1,1268,2.0709874629974365,96256,249444,576,OK,2026-03-19 13:36:56
570,D:\6S2\Thesis\7 dataset\hama3_split_raw\test\9\0009.raw,4,9,3,8,0,1267,2.0704033374786377,96256,249444,577,OK,2026-03-19 13:37:00
571,D:\6S2\Thesis\7 dataset\hama3_split_raw\test\9\0060.raw,4,9,4,9,1,1267,2.0710201263427734,96256,249444,578,OK,2026-03-19 13:37:04
572,D:\6S2\Thesis\7 dataset\hama3_split_raw\test\0\0043.raw,0,0,4,9,0,1268,2.0714099407196045,96256,249444,579,OK,2026-03-19 13:37:08
573,D:\6S2\Thesis\7 dataset\hama3_split_raw\test\0\0008.raw,0,0,0,0,1,1268,2.0715882778167725,96256,249444,580,OK,2026-03-19 13:37:12
574,D:\6S2\Thesis\7 dataset\hama3_split_raw\test\8\0019.raw,3,8,3,8,1,1268,2.0692100524902344,96256,249444,581,OK,2026-03-19 13:37:16
575,D:\6S2\Thesis\7 dataset\hama3_split_raw\test\9\0065.raw,4,9,1,3,0,1268,2.0711557865142822,96256,249444,582,OK,2026-03-19 13:37:20
576,D:\6S2\Thesis\7 dataset\hama3_split_raw\test\9\0029.raw,4,9,4,9,1,1268,2.071154832839966,96256,249444,583,OK,2026-03-19 13:37:24
577,D:\6S2\Thesis\7 dataset\hama3_split_raw\test\9\0025.raw,4,9,4,9,1,1268,2.070660352706909,96256,249444,584,OK,2026-03-19 13:37:28
578,D:\6S2\Thesis\7 dataset\hama3_split_raw\test\5\0024.raw,2,5,2,5,1,1268,2.071533441543579,96256,249444,585,OK,2026-03-19 13:37:32
579,D:\6S2\Thesis\7 dataset\hama3_split_raw\test\3\0012.raw,1,3,4,9,0,1268,2.071650743484497,96256,249444,586,OK,2026-03-19 13:37:36
580,D:\6S2\Thesis\7 dataset\hama3_split_raw\test\3\0055.raw,1,3,1,3,1,1267,2.0696699619293213,96256,249444,587,OK,2026-03-19 13:37:40
581,D:\6S2\Thesis\7 dataset\hama3_split_raw\test\8\0128.raw,3,8,3,8,1,1268,2.0709500312805176,96256,249444,588,OK,2026-03-19 13:37:45
582,D:\6S2\Thesis\7 dataset\hama3_split_raw\test\0\0065.raw,0,0,0,0,1,1267,2.0721452236175537,96256,249444,589,OK,2026-03-19 13:37:49
583,D:\6S2\Thesis\7 dataset\hama3_split_raw\test\8\0151.raw,3,8,0,0,0,1268,2.0709621906280518,96256,249444,590,OK,2026-03-19 13:37:53
584,D:\6S2\Thesis\7 dataset\hama3_split_raw\test\5\0062.raw,2,5,2,5,1,1268,2.070472478866577,96256,249444,591,OK,2026-03-19 13:37:57
585,D:\6S2\Thesis\7 dataset\hama3_split_raw\test\9\0081.raw,4,9,4,9,1,1268,2.0701591968536377,96256,249444,592,OK,2026-03-19 13:38:01
586,D:\6S2\Thesis\7 dataset\hama3_split_raw\test\3\0037.raw,1,3,1,3,1,1268,2.0709216594696045,96256,249444,593,OK,2026-03-19 13:38:05
587,D:\6S2\Thesis\7 dataset\hama3_split_raw\test\5\0032.raw,2,5,3,8,0,1268,2.070742607116699,96256,249444,594,OK,2026-03-19 13:38:09
588,D:\6S2\Thesis\7 dataset\hama3_split_raw\test\0\0004.raw,0,0,0,0,1,1268,2.071625232696533,96256,249444,595,OK,2026-03-19 13:38:13
589,D:\6S2\Thesis\7 dataset\hama3_split_raw\test\5\0024.raw,2,5,2,5,1,1268,2.0715324878692627,96256,249444,596,OK,2026-03-19 13:38:17
590,D:\6S2\Thesis\7 dataset\hama3_split_raw\test\0\0045.raw,0,0,0,0,1,1267,2.0694682598114014,96256,249444,597,OK,2026-03-19 13:38:21
591,D:\6S2\Thesis\7 dataset\hama3_split_raw\test\0\0066.raw,0,0,1,3,0,1268,2.0710036754608154,96256,249444,598,OK,2026-03-19 13:38:25
592,D:\6S2\Thesis\7 dataset\hama3_split_raw\test\8\0161.raw,3,8,1,3,0,1268,2.0709383487701416,96256,249444,599,OK,2026-03-19 13:38:29
593,D:\6S2\Thesis\7 dataset\hama3_split_raw\test\5\0002.raw,2,5,2,5,1,1268,2.071033000946045,96256,249444,600,OK,2026-03-19 13:38:33
594,D:\6S2\Thesis\7 dataset\hama3_split_raw\test\3\0004.raw,1,3,0,0,0,1268,2.070918560028076,96256,249444,601,OK,2026-03-19 13:38:37
595,D:\6S2\Thesis\7 dataset\hama3_split_raw\test\3\0076.raw,1,3,1,3,1,1268,2.071551561355591,96256,249444,602,OK,2026-03-19 13:38:42
596,D:\6S2\Thesis\7 dataset\hama3_split_raw\test\3\0028.raw,1,3,3,8,0,1268,2.0719401836395264,96256,249444,603,OK,2026-03-19 13:38:46
597,D:\6S2\Thesis\7 dataset\hama3_split_raw\test\0\0044.raw,0,0,3,8,0,1267,2.069488286972046,96256,249444,604,OK,2026-03-19 13:38:50
598,D:\6S2\Thesis\7 dataset\hama3_split_raw\test\5\0078.raw,2,5,2,5,1,1268,2.0707156658172607,96256,249444,605,OK,2026-03-19 13:38:54
599,D:\6S2\Thesis\7 dataset\hama3_split_raw\test\9\0091.raw,4,9,4,9,1,1268,2.070960760116577,96256,249444,606,OK,2026-03-19 13:38:58
600,D:\6S2\Thesis\7 dataset\hama3_split_raw\test\8\0020.raw,3,8,3,8,1,1267,2.0707521438598633,96256,249444,607,OK,2026-03-19 13:39:02
601,D:\6S2\Thesis\7 dataset\hama3_split_raw\test\8\0153.raw,3,8,3,8,1,1268,2.071009397506714,96256,249444,608,OK,2026-03-19 13:39:06
602,D:\6S2\Thesis\7 dataset\hama3_split_raw\test\3\0073.raw,1,3,0,0,0,1268,2.071486473083496,96256,249444,609,OK,2026-03-19 13:39:10
603,D:\6S2\Thesis\7 dataset\hama3_split_raw\test\8\0135.raw,3,8,3,8,1,1268,2.0693411827087402,96256,249444,610,OK,2026-03-19 13:39:14
604,D:\6S2\Thesis\7 dataset\hama3_split_raw\test\9\0011.raw,4,9,4,9,1,1268,2.071667432785034,96256,249444,611,OK,2026-03-19 13:39:18
605,D:\6S2\Thesis\7 dataset\hama3_split_raw\test\0\0032.raw,0,0,0,0,1,1267,2.068664789199829,96256,249444,612,OK,2026-03-19 13:39:22
606,D:\6S2\Thesis\7 dataset\hama3_split_raw\test\5\0031.raw,2,5,2,5,1,1268,2.0706467628479004,96256,249444,613,OK,2026-03-19 13:39:26
607,D:\6S2\Thesis\7 dataset\hama3_split_raw\test\0\0083.raw,0,0,0,0,1,1268,2.070929765701294,96256,249444,614,OK,2026-03-19 13:39:30
608,D:\6S2\Thesis\7 dataset\hama3_split_raw\test\0\0001.raw,0,0,3,8,0,1268,2.0705502033233643,96256,249444,615,OK,2026-03-19 13:39:34
609,D:\6S2\Thesis\7 dataset\hama3_split_raw\test\0\0054.raw,0,0,1,3,0,1268,2.070957660675049,96256,249444,616,OK,2026-03-19 13:39:39
610,D:\6S2\Thesis\7 dataset\hama3_split_raw\test\9\0057.raw,4,9,4,9,1,1268,2.0712618827819824,96256,249444,617,OK,2026-03-19 13:39:43
611,D:\6S2\Thesis\7 dataset\hama3_split_raw\test\5\0113.raw,2,5,2,5,1,1268,2.0716099739074707,96256,249444,618,OK,2026-03-19 13:39:47
612,D:\6S2\Thesis\7 dataset\hama3_split_raw\test\8\0157.raw,3,8,2,5,0,1267,2.0705862045288086,96256,249444,619,OK,2026-03-19 13:39:51
613,D:\6S2\Thesis\7 dataset\hama3_split_raw\test\5\0059.raw,2,5,4,9,0,1268,2.0705559253692627,96256,249444,620,OK,2026-03-19 13:39:55
614,D:\6S2\Thesis\7 dataset\hama3_split_raw\test\0\0011.raw,0,0,1,3,0,1268,2.070852279663086,96256,249444,621,OK,2026-03-19 13:39:59
615,D:\6S2\Thesis\7 dataset\hama3_split_raw\test\3\0055.raw,1,3,1,3,1,1268,2.070338249206543,96256,249444,622,OK,2026-03-19 13:40:03
616,D:\6S2\Thesis\7 dataset\hama3_split_raw\test\5\0073.raw,2,5,2,5,1,1268,2.0702524185180664,96256,249444,623,OK,2026-03-19 13:40:07
617,D:\6S2\Thesis\7 dataset\hama3_split_raw\test\5\0072.raw,2,5,1,3,0,1268,2.0709404945373535,96256,249444,624,OK,2026-03-19 13:40:11
618,D:\6S2\Thesis\7 dataset\hama3_split_raw\test\5\0041.raw,2,5,1,3,0,1268,2.0696842670440674,96256,249444,625,OK,2026-03-19 13:40:15
619,D:\6S2\Thesis\7 dataset\hama3_split_raw\test\8\0020.raw,3,8,3,8,1,1268,2.0706982612609863,96256,249444,626,OK,2026-03-19 13:40:19
620,D:\6S2\Thesis\7 dataset\hama3_split_raw\test\0\0026.raw,0,0,2,5,0,1268,2.071230888366699,96256,249444,627,OK,2026-03-19 13:40:23
621,D:\6S2\Thesis\7 dataset\hama3_split_raw\test\9\0099.raw,4,9,1,3,0,1268,2.070690155029297,96256,249444,628,OK,2026-03-19 13:40:28
622,D:\6S2\Thesis\7 dataset\hama3_split_raw\test\5\0078.raw,2,5,2,5,1,1268,2.0711538791656494,96256,249444,629,OK,2026-03-19 13:40:32
623,D:\6S2\Thesis\7 dataset\hama3_split_raw\test\5\0018.raw,2,5,4,9,0,1268,2.0708603858947754,96256,249444,630,OK,2026-03-19 13:40:36
624,D:\6S2\Thesis\7 dataset\hama3_split_raw\test\9\0044.raw,4,9,4,9,1,1267,2.070995330810547,96256,249444,631,OK,2026-03-19 13:40:40
625,D:\6S2\Thesis\7 dataset\hama3_split_raw\test\9\0053.raw,4,9,4,9,1,1268,2.0708420276641846,96256,249444,632,OK,2026-03-19 13:40:44
626,D:\6S2\Thesis\7 dataset\hama3_split_raw\test\8\0164.raw,3,8,3,8,1,1268,2.0703012943267822,96256,249444,633,OK,2026-03-19 13:40:48
627,D:\6S2\Thesis\7 dataset\hama3_split_raw\test\8\0138.raw,3,8,3,8,1,1268,2.070890426635742,96256,249444,634,OK,2026-03-19 13:40:52
628,D:\6S2\Thesis\7 dataset\hama3_split_raw\test\8\0069.raw,3,8,3,8,1,1268,2.071098804473877,96256,249444,635,OK,2026-03-19 13:40:56
629,D:\6S2\Thesis\7 dataset\hama3_split_raw\test\8\0095.raw,3,8,3,8,1,1267,2.0709404945373535,96256,249444,636,OK,2026-03-19 13:41:00
630,D:\6S2\Thesis\7 dataset\hama3_split_raw\test\9\0000.raw,4,9,4,9,1,1268,2.070420265197754,96256,249444,637,OK,2026-03-19 13:41:04
631,D:\6S2\Thesis\7 dataset\hama3_split_raw\test\3\0079.raw,1,3,4,9,0,1268,2.071366786956787,96256,249444,638,OK,2026-03-19 13:41:08
632,D:\6S2\Thesis\7 dataset\hama3_split_raw\test\8\0039.raw,3,8,3,8,1,1267,2.0717856884002686,96256,249444,639,OK,2026-03-19 13:41:12
633,D:\6S2\Thesis\7 dataset\hama3_split_raw\test\8\0045.raw,3,8,1,3,0,1268,2.0709586143493652,96256,249444,640,OK,2026-03-19 13:41:16
634,D:\6S2\Thesis\7 dataset\hama3_split_raw\test\8\0070.raw,3,8,3,8,1,1268,2.071056842803955,96256,249444,641,OK,2026-03-19 13:41:21
635,D:\6S2\Thesis\7 dataset\hama3_split_raw\test\8\0114.raw,3,8,0,0,0,1268,2.0711588859558105,96256,249444,642,OK,2026-03-19 13:41:25
636,D:\6S2\Thesis\7 dataset\hama3_split_raw\test\3\0109.raw,1,3,1,3,1,1268,2.0713953971862793,96256,249444,643,OK,2026-03-19 13:41:29
637,D:\6S2\Thesis\7 dataset\hama3_split_raw\test\8\0015.raw,3,8,3,8,1,1268,2.071204900741577,96256,249444,644,OK,2026-03-19 13:41:33
638,D:\6S2\Thesis\7 dataset\hama3_split_raw\test\9\0059.raw,4,9,1,3,0,1268,2.071227550506592,96256,249444,645,OK,2026-03-19 13:41:37
639,D:\6S2\Thesis\7 dataset\hama3_split_raw\test\8\0172.raw,3,8,3,8,1,1268,2.069042921066284,96256,249444,646,OK,2026-03-19 13:41:41
640,D:\6S2\Thesis\7 dataset\hama3_split_raw\test\3\0013.raw,1,3,1,3,1,1268,2.0705785751342773,96256,249444,647,OK,2026-03-19 13:41:45
641,D:\6S2\Thesis\7 dataset\hama3_split_raw\test\0\0078.raw,0,0,0,0,1,1268,2.070505142211914,96256,249444,648,OK,2026-03-19 13:41:49
642,D:\6S2\Thesis\7 dataset\hama3_split_raw\test\0\0050.raw,0,0,1,3,0,1268,2.0704827308654785,96256,249444,649,OK,2026-03-19 13:41:53
643,D:\6S2\Thesis\7 dataset\hama3_split_raw\test\9\0030.raw,4,9,0,0,0,1268,2.071274518966675,96256,249444,650,OK,2026-03-19 13:41:57
644,D:\6S2\Thesis\7 dataset\hama3_split_raw\test\9\0000.raw,4,9,4,9,1,1268,2.0713391304016113,96256,249444,651,OK,2026-03-19 13:42:01
645,D:\6S2\Thesis\7 dataset\hama3_split_raw\test\0\0004.raw,0,0,0,0,1,1267,2.071443796157837,96256,249444,652,OK,2026-03-19 13:42:05
646,D:\6S2\Thesis\7 dataset\hama3_split_raw\test\5\0104.raw,2,5,2,5,1,1268,2.071667194366455,96256,249444,653,OK,2026-03-19 13:42:09
647,D:\6S2\Thesis\7 dataset\hama3_split_raw\test\0\0031.raw,0,0,0,0,1,1268,2.0692713260650635,96256,249444,654,OK,2026-03-19 13:42:13
648,D:\6S2\Thesis\7 dataset\hama3_split_raw\test\0\0016.raw,0,0,0,0,1,1268,2.0705671310424805,96256,249444,655,OK,2026-03-19 13:42:18
649,D:\6S2\Thesis\7 dataset\hama3_split_raw\test\8\0069.raw,3,8,3,8,1,1267,2.0706522464752197,96256,249444,656,OK,2026-03-19 13:42:22
650,D:\6S2\Thesis\7 dataset\hama3_split_raw\test\5\0032.raw,2,5,3,8,0,1268,2.0709388256073,96256,249444,657,OK,2026-03-19 13:42:26
651,D:\6S2\Thesis\7 dataset\hama3_split_raw\test\8\0057.raw,3,8,3,8,1,1268,2.0708327293395996,96256,249444,658,OK,2026-03-19 13:42:30
652,D:\6S2\Thesis\7 dataset\hama3_split_raw\test\0\0029.raw,0,0,0,0,1,1268,2.071331024169922,96256,249444,659,OK,2026-03-19 13:42:34
653,D:\6S2\Thesis\7 dataset\hama3_split_raw\test\3\0026.raw,1,3,4,9,0,1267,2.0705432891845703,96256,249444,660,OK,2026-03-19 13:42:38
654,D:\6S2\Thesis\7 dataset\hama3_split_raw\test\0\0040.raw,0,0,3,8,0,1268,2.0706634521484375,96256,249444,661,OK,2026-03-19 13:42:42
655,D:\6S2\Thesis\7 dataset\hama3_split_raw\test\9\0018.raw,4,9,4,9,1,1267,2.070546865463257,96256,249444,662,OK,2026-03-19 13:42:46
656,D:\6S2\Thesis\7 dataset\hama3_split_raw\test\9\0023.raw,4,9,2,5,0,1268,2.0713918209075928,96256,249444,663,OK,2026-03-19 13:42:50
657,D:\6S2\Thesis\7 dataset\hama3_split_raw\test\0\0036.raw,0,0,4,9,0,1268,2.0709879398345947,96256,249444,664,OK,2026-03-19 13:42:54
658,D:\6S2\Thesis\7 dataset\hama3_split_raw\test\0\0063.raw,0,0,4,9,0,1267,2.0710508823394775,96256,249444,665,OK,2026-03-19 13:42:58
659,D:\6S2\Thesis\7 dataset\hama3_split_raw\test\5\0013.raw,2,5,3,8,0,1268,2.072360038757324,96256,249444,666,OK,2026-03-19 13:43:02
660,D:\6S2\Thesis\7 dataset\hama3_split_raw\test\5\0036.raw,2,5,0,0,0,1268,2.070610761642456,96256,249444,667,OK,2026-03-19 13:43:06
661,D:\6S2\Thesis\7 dataset\hama3_split_raw\test\0\0052.raw,0,0,0,0,1,1268,2.070859432220459,96256,249444,668,OK,2026-03-19 13:43:11
662,D:\6S2\Thesis\7 dataset\hama3_split_raw\test\9\0056.raw,4,9,1,3,0,1268,2.070516347885132,96256,249444,669,OK,2026-03-19 13:43:15
663,D:\6S2\Thesis\7 dataset\hama3_split_raw\test\0\0036.raw,0,0,4,9,0,1267,2.071143865585327,96256,249444,670,OK,2026-03-19 13:43:19
664,D:\6S2\Thesis\7 dataset\hama3_split_raw\test\5\0073.raw,2,5,2,5,1,1267,2.0678207874298096,96256,249444,671,OK,2026-03-19 13:43:23
665,D:\6S2\Thesis\7 dataset\hama3_split_raw\test\0\0079.raw,0,0,0,0,1,1268,2.0712170600891113,96256,249444,672,OK,2026-03-19 13:43:27
666,D:\6S2\Thesis\7 dataset\hama3_split_raw\test\5\0107.raw,2,5,4,9,0,1268,2.071396827697754,96256,249444,673,OK,2026-03-19 13:43:31
667,D:\6S2\Thesis\7 dataset\hama3_split_raw\test\8\0025.raw,3,8,3,8,1,1268,2.071018934249878,96256,249444,674,OK,2026-03-19 13:43:35
668,D:\6S2\Thesis\7 dataset\hama3_split_raw\test\9\0053.raw,4,9,4,9,1,1268,2.0694544315338135,96256,249444,675,OK,2026-03-19 13:43:39
669,D:\6S2\Thesis\7 dataset\hama3_split_raw\test\8\0022.raw,3,8,3,8,1,1268,2.0708608627319336,96256,249444,676,OK,2026-03-19 13:43:43
670,D:\6S2\Thesis\7 dataset\hama3_split_raw\test\3\0096.raw,1,3,0,0,0,1267,2.071784734725952,96256,249444,677,OK,2026-03-19 13:43:47
671,D:\6S2\Thesis\7 dataset\hama3_split_raw\test\8\0104.raw,3,8,3,8,1,1267,2.070972204208374,96256,249444,678,OK,2026-03-19 13:43:51
672,D:\6S2\Thesis\7 dataset\hama3_split_raw\test\5\0068.raw,2,5,1,3,0,1268,2.071472644805908,96256,249444,679,OK,2026-03-19 13:43:56
673,D:\6S2\Thesis\7 dataset\hama3_split_raw\test\0\0020.raw,0,0,2,5,0,1268,2.0712075233459473,96256,249444,680,OK,2026-03-19 13:44:00
674,D:\6S2\Thesis\7 dataset\hama3_split_raw\test\5\0110.raw,2,5,2,5,1,1267,2.0711822509765625,96256,249444,681,OK,2026-03-19 13:44:04
675,D:\6S2\Thesis\7 dataset\hama3_split_raw\test\3\0008.raw,1,3,0,0,0,1268,2.0686519145965576,96256,249444,682,OK,2026-03-19 13:44:08
676,D:\6S2\Thesis\7 dataset\hama3_split_raw\test\8\0114.raw,3,8,0,0,0,1268,2.0710341930389404,96256,249444,683,OK,2026-03-19 13:44:12
677,D:\6S2\Thesis\7 dataset\hama3_split_raw\test\5\0068.raw,2,5,1,3,0,1267,2.0711827278137207,96256,249444,684,OK,2026-03-19 13:44:16
678,D:\6S2\Thesis\7 dataset\hama3_split_raw\test\5\0067.raw,2,5,2,5,1,1267,2.0705318450927734,96256,249444,685,OK,2026-03-19 13:44:20
679,D:\6S2\Thesis\7 dataset\hama3_split_raw\test\9\0037.raw,4,9,4,9,1,1268,2.0706417560577393,96256,249444,686,OK,2026-03-19 13:44:24
680,D:\6S2\Thesis\7 dataset\hama3_split_raw\test\8\0179.raw,3,8,4,9,0,1268,2.0708696842193604,96256,249444,687,OK,2026-03-19 13:44:28
681,D:\6S2\Thesis\7 dataset\hama3_split_raw\test\3\0018.raw,1,3,1,3,1,1268,2.070233106613159,96256,249444,688,OK,2026-03-19 13:44:32
682,D:\6S2\Thesis\7 dataset\hama3_split_raw\test\5\0107.raw,2,5,4,9,0,1268,2.070873498916626,96256,249444,689,OK,2026-03-19 13:44:36
683,D:\6S2\Thesis\7 dataset\hama3_split_raw\test\3\0052.raw,1,3,3,8,0,1267,2.070563316345215,96256,249444,690,OK,2026-03-19 13:44:40
684,D:\6S2\Thesis\7 dataset\hama3_split_raw\test\5\0015.raw,2,5,2,5,1,1268,2.070861339569092,96256,249444,691,OK,2026-03-19 13:44:44
685,D:\6S2\Thesis\7 dataset\hama3_split_raw\test\9\0016.raw,4,9,4,9,1,1268,2.071223258972168,96256,249444,692,OK,2026-03-19 13:44:49
686,D:\6S2\Thesis\7 dataset\hama3_split_raw\test\3\0028.raw,1,3,3,8,0,1268,2.0708515644073486,96256,249444,693,OK,2026-03-19 13:44:53
687,D:\6S2\Thesis\7 dataset\hama3_split_raw\test\0\0072.raw,0,0,1,3,0,1268,2.0712156295776367,96256,249444,694,OK,2026-03-19 13:44:57
688,D:\6S2\Thesis\7 dataset\hama3_split_raw\test\9\0090.raw,4,9,0,0,0,1268,2.0716023445129395,96256,249444,695,OK,2026-03-19 13:45:01
689,D:\6S2\Thesis\7 dataset\hama3_split_raw\test\5\0060.raw,2,5,2,5,1,1268,2.071239471435547,96256,249444,696,OK,2026-03-19 13:45:05
690,D:\6S2\Thesis\7 dataset\hama3_split_raw\test\0\0041.raw,0,0,0,0,1,1268,2.0697576999664307,96256,249444,697,OK,2026-03-19 13:45:09
691,D:\6S2\Thesis\7 dataset\hama3_split_raw\test\0\0003.raw,0,0,0,0,1,1268,2.0722477436065674,96256,249444,698,OK,2026-03-19 13:45:13
692,D:\6S2\Thesis\7 dataset\hama3_split_raw\test\8\0023.raw,3,8,3,8,1,1268,2.071075677871704,96256,249444,699,OK,2026-03-19 13:45:17
693,D:\6S2\Thesis\7 dataset\hama3_split_raw\test\0\0020.raw,0,0,2,5,0,1268,2.071685791015625,96256,249444,700,OK,2026-03-19 13:45:21
694,D:\6S2\Thesis\7 dataset\hama3_split_raw\test\0\0005.raw,0,0,0,0,1,1268,2.070777416229248,96256,249444,701,OK,2026-03-19 13:45:25
695,D:\6S2\Thesis\7 dataset\hama3_split_raw\test\3\0102.raw,1,3,0,0,0,1268,2.0709240436553955,96256,249444,702,OK,2026-03-19 13:45:29
696,D:\6S2\Thesis\7 dataset\hama3_split_raw\test\5\0027.raw,2,5,0,0,0,1268,2.0708041191101074,96256,249444,703,OK,2026-03-19 13:45:33
697,D:\6S2\Thesis\7 dataset\hama3_split_raw\test\9\0078.raw,4,9,4,9,1,1268,2.0713748931884766,96256,249444,704,OK,2026-03-19 13:45:37
698,D:\6S2\Thesis\7 dataset\hama3_split_raw\test\5\0096.raw,2,5,2,5,1,1267,2.0712931156158447,96256,249444,705,OK,2026-03-19 13:45:41
699,D:\6S2\Thesis\7 dataset\hama3_split_raw\test\8\0054.raw,3,8,4,9,0,1268,2.0707767009735107,96256,249444,706,OK,2026-03-19 13:45:46
700,D:\6S2\Thesis\7 dataset\hama3_split_raw\test\3\0027.raw,1,3,1,3,1,1267,2.0709104537963867,96256,249444,707,OK,2026-03-19 13:45:50
701,D:\6S2\Thesis\7 dataset\hama3_split_raw\test\5\0086.raw,2,5,0,0,0,1268,2.0709009170532227,96256,249444,708,OK,2026-03-19 13:45:54
702,D:\6S2\Thesis\7 dataset\hama3_split_raw\test\9\0058.raw,4,9,0,0,0,1268,2.0700879096984863,96256,249444,709,OK,2026-03-19 13:45:58
703,D:\6S2\Thesis\7 dataset\hama3_split_raw\test\8\0108.raw,3,8,0,0,0,1268,2.0704727172851562,96256,249444,710,OK,2026-03-19 13:46:02
704,D:\6S2\Thesis\7 dataset\hama3_split_raw\test\5\0080.raw,2,5,4,9,0,1268,2.072645664215088,96256,249444,711,OK,2026-03-19 13:46:06
705,D:\6S2\Thesis\7 dataset\hama3_split_raw\test\0\0021.raw,0,0,1,3,0,1268,2.0705721378326416,96256,249444,712,OK,2026-03-19 13:46:10
706,D:\6S2\Thesis\7 dataset\hama3_split_raw\test\9\0102.raw,4,9,4,9,1,1268,2.07094407081604,96256,249444,713,OK,2026-03-19 13:46:14
707,D:\6S2\Thesis\7 dataset\hama3_split_raw\test\9\0067.raw,4,9,3,8,0,1268,2.0711910724639893,96256,249444,714,OK,2026-03-19 13:46:18
708,D:\6S2\Thesis\7 dataset\hama3_split_raw\test\9\0007.raw,4,9,2,5,0,1267,2.0707738399505615,96256,249444,715,OK,2026-03-19 13:46:22
709,D:\6S2\Thesis\7 dataset\hama3_split_raw\test\0\0020.raw,0,0,2,5,0,1267,2.0713579654693604,96256,249444,716,OK,2026-03-19 13:46:26
710,D:\6S2\Thesis\7 dataset\hama3_split_raw\test\9\0016.raw,4,9,4,9,1,1268,2.071784496307373,96256,249444,717,OK,2026-03-19 13:46:30
711,D:\6S2\Thesis\7 dataset\hama3_split_raw\test\9\0074.raw,4,9,3,8,0,1268,2.0726044178009033,96256,249444,718,OK,2026-03-19 13:46:34
712,D:\6S2\Thesis\7 dataset\hama3_split_raw\test\9\0076.raw,4,9,4,9,1,1267,2.0707013607025146,96256,249444,719,OK,2026-03-19 13:46:39
713,D:\6S2\Thesis\7 dataset\hama3_split_raw\test\9\0036.raw,4,9,1,3,0,1268,2.0705952644348145,96256,249444,720,OK,2026-03-19 13:46:43
714,D:\6S2\Thesis\7 dataset\hama3_split_raw\test\0\0084.raw,0,0,0,0,1,1268,2.071467161178589,96256,249444,721,OK,2026-03-19 13:46:47
715,D:\6S2\Thesis\7 dataset\hama3_split_raw\test\0\0065.raw,0,0,0,0,1,1268,2.0713393688201904,96256,249444,722,OK,2026-03-19 13:46:51
716,D:\6S2\Thesis\7 dataset\hama3_split_raw\test\9\0088.raw,4,9,4,9,1,1267,2.071549892425537,96256,249444,723,OK,2026-03-19 13:46:55
717,D:\6S2\Thesis\7 dataset\hama3_split_raw\test\9\0009.raw,4,9,3,8,0,1268,2.0714457035064697,96256,249444,724,OK,2026-03-19 13:46:59
718,D:\6S2\Thesis\7 dataset\hama3_split_raw\test\3\0112.raw,1,3,1,3,1,1268,2.0712337493896484,96256,249444,725,OK,2026-03-19 13:47:03
719,D:\6S2\Thesis\7 dataset\hama3_split_raw\test\9\0051.raw,4,9,4,9,1,1268,2.072172164916992,96256,249444,726,OK,2026-03-19 13:47:07
720,D:\6S2\Thesis\7 dataset\hama3_split_raw\test\5\0064.raw,2,5,2,5,1,1268,2.070903778076172,96256,249444,727,OK,2026-03-19 13:47:11
721,D:\6S2\Thesis\7 dataset\hama3_split_raw\test\0\0080.raw,0,0,1,3,0,1267,2.070948839187622,96256,249444,728,OK,2026-03-19 13:47:15
722,D:\6S2\Thesis\7 dataset\hama3_split_raw\test\0\0070.raw,0,0,0,0,1,1268,2.0723469257354736,96256,249444,729,OK,2026-03-19 13:47:19
723,D:\6S2\Thesis\7 dataset\hama3_split_raw\test\0\0090.raw,0,0,3,8,0,1267,2.071730375289917,96256,249444,730,OK,2026-03-19 13:47:23
724,D:\6S2\Thesis\7 dataset\hama3_split_raw\test\8\0107.raw,3,8,3,8,1,1268,2.07147479057312,96256,249444,731,OK,2026-03-19 13:47:27
725,D:\6S2\Thesis\7 dataset\hama3_split_raw\test\3\0034.raw,1,3,0,0,0,1268,2.0713932514190674,96256,249444,732,OK,2026-03-19 13:47:32
726,D:\6S2\Thesis\7 dataset\hama3_split_raw\test\8\0115.raw,3,8,3,8,1,1267,2.072859525680542,96256,249444,733,OK,2026-03-19 13:47:36
727,D:\6S2\Thesis\7 dataset\hama3_split_raw\test\9\0072.raw,4,9,2,5,0,1268,2.0709197521209717,96256,249444,734,OK,2026-03-19 13:47:40
728,D:\6S2\Thesis\7 dataset\hama3_split_raw\test\5\0058.raw,2,5,1,3,0,1267,2.0710177421569824,96256,249444,735,OK,2026-03-19 13:47:44
729,D:\6S2\Thesis\7 dataset\hama3_split_raw\test\3\0004.raw,1,3,0,0,0,1267,2.0714471340179443,96256,249444,736,OK,2026-03-19 13:47:48
730,D:\6S2\Thesis\7 dataset\hama3_split_raw\test\5\0062.raw,2,5,2,5,1,1267,2.071615695953369,96256,249444,737,OK,2026-03-19 13:47:52
731,D:\6S2\Thesis\7 dataset\hama3_split_raw\test\3\0093.raw,1,3,1,3,1,1268,2.071352243423462,96256,249444,738,OK,2026-03-19 13:47:56
732,D:\6S2\Thesis\7 dataset\hama3_split_raw\test\9\0060.raw,4,9,4,9,1,1268,2.0727078914642334,96256,249444,739,OK,2026-03-19 13:48:00
733,D:\6S2\Thesis\7 dataset\hama3_split_raw\test\3\0103.raw,1,3,1,3,1,1268,2.0720150470733643,96256,249444,740,OK,2026-03-19 13:48:04
734,D:\6S2\Thesis\7 dataset\hama3_split_raw\test\0\0046.raw,0,0,3,8,0,1268,2.069798469543457,96256,249444,741,OK,2026-03-19 13:48:08
735,D:\6S2\Thesis\7 dataset\hama3_split_raw\test\0\0063.raw,0,0,4,9,0,1268,2.070843458175659,96256,249444,742,OK,2026-03-19 13:48:12
736,D:\6S2\Thesis\7 dataset\hama3_split_raw\test\8\0069.raw,3,8,3,8,1,1268,2.07096266746521,96256,249444,743,OK,2026-03-19 13:48:16
737,D:\6S2\Thesis\7 dataset\hama3_split_raw\test\0\0042.raw,0,0,0,0,1,1268,2.070683479309082,96256,249444,744,OK,2026-03-19 13:48:21
738,D:\6S2\Thesis\7 dataset\hama3_split_raw\test\9\0017.raw,4,9,1,3,0,1268,2.0722239017486572,96256,249444,745,OK,2026-03-19 13:48:25
739,D:\6S2\Thesis\7 dataset\hama3_split_raw\test\9\0000.raw,4,9,4,9,1,1268,2.070535659790039,96256,249444,746,OK,2026-03-19 13:48:29
740,D:\6S2\Thesis\7 dataset\hama3_split_raw\test\8\0104.raw,3,8,3,8,1,1268,2.0706865787506104,96256,249444,747,OK,2026-03-19 13:48:33
741,D:\6S2\Thesis\7 dataset\hama3_split_raw\test\9\0039.raw,4,9,1,3,0,1268,2.0701303482055664,96256,249444,748,OK,2026-03-19 13:48:37
742,D:\6S2\Thesis\7 dataset\hama3_split_raw\test\3\0046.raw,1,3,1,3,1,1268,2.07084059715271,96256,249444,749,OK,2026-03-19 13:48:41
743,D:\6S2\Thesis\7 dataset\hama3_split_raw\test\5\0008.raw,2,5,1,3,0,1267,2.07146954536438,96256,249444,750,OK,2026-03-19 13:48:45
744,D:\6S2\Thesis\7 dataset\hama3_split_raw\test\5\0055.raw,2,5,2,5,1,1267,2.070775032043457,96256,249444,751,OK,2026-03-19 13:48:49
745,D:\6S2\Thesis\7 dataset\hama3_split_raw\test\8\0176.raw,3,8,0,0,0,1268,2.071045398712158,96256,249444,752,OK,2026-03-19 13:48:53
746,D:\6S2\Thesis\7 dataset\hama3_split_raw\test\3\0029.raw,1,3,1,3,1,1268,2.071362257003784,96256,249444,753,OK,2026-03-19 13:48:57
747,D:\6S2\Thesis\7 dataset\hama3_split_raw\test\8\0036.raw,3,8,1,3,0,1267,2.072327136993408,96256,249444,754,OK,2026-03-19 13:49:01
748,D:\6S2\Thesis\7 dataset\hama3_split_raw\test\5\0092.raw,2,5,2,5,1,1268,2.070465326309204,96256,249444,755,OK,2026-03-19 13:49:05
749,D:\6S2\Thesis\7 dataset\hama3_split_raw\test\5\0045.raw,2,5,1,3,0,1268,2.070758819580078,96256,249444,756,OK,2026-03-19 13:49:09
750,D:\6S2\Thesis\7 dataset\hama3_split_raw\test\0\0011.raw,0,0,1,3,0,1268,2.0709071159362793,96256,249444,757,OK,2026-03-19 13:49:14
751,D:\6S2\Thesis\7 dataset\hama3_split_raw\test\9\0001.raw,4,9,0,0,0,1268,2.0708327293395996,96256,249444,758,OK,2026-03-19 13:49:18
752,D:\6S2\Thesis\7 dataset\hama3_split_raw\test\8\0085.raw,3,8,3,8,1,1268,2.0706541538238525,96256,249444,759,OK,2026-03-19 13:49:22
753,D:\6S2\Thesis\7 dataset\hama3_split_raw\test\5\0086.raw,2,5,0,0,0,1268,2.0714516639709473,96256,249444,760,OK,2026-03-19 13:49:26
754,D:\6S2\Thesis\7 dataset\hama3_split_raw\test\3\0061.raw,1,3,1,3,1,1268,2.0706396102905273,96256,249444,761,OK,2026-03-19 13:49:30
755,D:\6S2\Thesis\7 dataset\hama3_split_raw\test\5\0097.raw,2,5,2,5,1,1268,2.0713694095611572,96256,249444,762,OK,2026-03-19 13:49:34
756,D:\6S2\Thesis\7 dataset\hama3_split_raw\test\8\0164.raw,3,8,3,8,1,1268,2.0703909397125244,96256,249444,763,OK,2026-03-19 13:49:38
757,D:\6S2\Thesis\7 dataset\hama3_split_raw\test\5\0113.raw,2,5,2,5,1,1268,2.070873975753784,96256,249444,764,OK,2026-03-19 13:49:42
758,D:\6S2\Thesis\7 dataset\hama3_split_raw\test\8\0157.raw,3,8,2,5,0,1268,2.070878267288208,96256,249444,765,OK,2026-03-19 13:49:46
759,D:\6S2\Thesis\7 dataset\hama3_split_raw\test\8\0069.raw,3,8,3,8,1,1268,2.071202039718628,96256,249444,766,OK,2026-03-19 13:49:50
760,D:\6S2\Thesis\7 dataset\hama3_split_raw\test\5\0045.raw,2,5,1,3,0,1268,2.0711941719055176,96256,249444,767,OK,2026-03-19 13:49:54
761,D:\6S2\Thesis\7 dataset\hama3_split_raw\test\5\0119.raw,2,5,4,9,0,1267,2.0690488815307617,96256,249444,768,OK,2026-03-19 13:49:58
762,D:\6S2\Thesis\7 dataset\hama3_split_raw\test\8\0129.raw,3,8,3,8,1,1267,2.0706403255462646,96256,249444,769,OK,2026-03-19 13:50:02
763,D:\6S2\Thesis\7 dataset\hama3_split_raw\test\8\0122.raw,3,8,1,3,0,1267,2.0707437992095947,96256,249444,770,OK,2026-03-19 13:50:07
764,D:\6S2\Thesis\7 dataset\hama3_split_raw\test\5\0004.raw,2,5,4,9,0,1268,2.0713019371032715,96256,249444,771,OK,2026-03-19 13:50:11
765,D:\6S2\Thesis\7 dataset\hama3_split_raw\test\8\0012.raw,3,8,2,5,0,1268,2.070096731185913,96256,249444,772,OK,2026-03-19 13:50:15
766,D:\6S2\Thesis\7 dataset\hama3_split_raw\test\3\0053.raw,1,3,0,0,0,1267,2.070307731628418,96256,249444,773,OK,2026-03-19 13:50:19
767,D:\6S2\Thesis\7 dataset\hama3_split_raw\test\3\0055.raw,1,3,1,3,1,1267,2.071420669555664,96256,249444,774,OK,2026-03-19 13:50:23
768,D:\6S2\Thesis\7 dataset\hama3_split_raw\test\0\0030.raw,0,0,0,0,1,1268,2.071380376815796,96256,249444,775,OK,2026-03-19 13:50:27
769,D:\6S2\Thesis\7 dataset\hama3_split_raw\test\9\0032.raw,4,9,2,5,0,1268,2.0707201957702637,96256,249444,776,OK,2026-03-19 13:50:31
770,D:\6S2\Thesis\7 dataset\hama3_split_raw\test\8\0148.raw,3,8,0,0,0,1267,2.0715150833129883,96256,249444,777,OK,2026-03-19 13:50:35
771,D:\6S2\Thesis\7 dataset\hama3_split_raw\test\9\0037.raw,4,9,4,9,1,1268,2.071216106414795,96256,249444,778,OK,2026-03-19 13:50:39
772,D:\6S2\Thesis\7 dataset\hama3_split_raw\test\8\0065.raw,3,8,2,5,0,1268,2.0702157020568848,96256,249444,779,OK,2026-03-19 13:50:43
773,D:\6S2\Thesis\7 dataset\hama3_split_raw\test\5\0049.raw,2,5,2,5,1,1268,2.0691752433776855,96256,249444,780,OK,2026-03-19 13:50:47
774,D:\6S2\Thesis\7 dataset\hama3_split_raw\test\9\0017.raw,4,9,1,3,0,1268,2.071349859237671,96256,249444,781,OK,2026-03-19 13:50:51
775,D:\6S2\Thesis\7 dataset\hama3_split_raw\test\3\0016.raw,1,3,4,9,0,1268,2.0712621212005615,96256,249444,782,OK,2026-03-19 13:50:56
776,D:\6S2\Thesis\7 dataset\hama3_split_raw\test\9\0065.raw,4,9,1,3,0,1268,2.0685737133026123,96256,249444,783,OK,2026-03-19 13:51:00
777,D:\6S2\Thesis\7 dataset\hama3_split_raw\test\9\0031.raw,4,9,1,3,0,1267,2.071127414703369,96256,249444,784,OK,2026-03-19 13:51:04
778,D:\6S2\Thesis\7 dataset\hama3_split_raw\test\5\0011.raw,2,5,4,9,0,1267,2.070435047149658,96256,249444,785,OK,2026-03-19 13:51:08
779,D:\6S2\Thesis\7 dataset\hama3_split_raw\test\5\0090.raw,2,5,3,8,0,1268,2.0709869861602783,96256,249444,786,OK,2026-03-19 13:51:12
780,D:\6S2\Thesis\7 dataset\hama3_split_raw\test\3\0077.raw,1,3,0,0,0,1268,2.070967435836792,96256,249444,787,OK,2026-03-19 13:51:16
781,D:\6S2\Thesis\7 dataset\hama3_split_raw\test\0\0006.raw,0,0,0,0,1,1268,2.071315288543701,96256,249444,788,OK,2026-03-19 13:51:20
782,D:\6S2\Thesis\7 dataset\hama3_split_raw\test\0\0081.raw,0,0,1,3,0,1267,2.071568727493286,96256,249444,789,OK,2026-03-19 13:51:24
783,D:\6S2\Thesis\7 dataset\hama3_split_raw\test\5\0116.raw,2,5,1,3,0,1268,2.0708017349243164,96256,249444,790,OK,2026-03-19 13:51:28
784,D:\6S2\Thesis\7 dataset\hama3_split_raw\test\3\0004.raw,1,3,0,0,0,1268,2.0710437297821045,96256,249444,791,OK,2026-03-19 13:51:32
785,D:\6S2\Thesis\7 dataset\hama3_split_raw\test\0\0090.raw,0,0,3,8,0,1268,2.0710666179656982,96256,249444,792,OK,2026-03-19 13:51:36
786,D:\6S2\Thesis\7 dataset\hama3_split_raw\test\0\0026.raw,0,0,2,5,0,1268,2.071012496948242,96256,249444,793,OK,2026-03-19 13:51:40
787,D:\6S2\Thesis\7 dataset\hama3_split_raw\test\0\0055.raw,0,0,0,0,1,1268,2.0713300704956055,96256,249444,794,OK,2026-03-19 13:51:45
788,D:\6S2\Thesis\7 dataset\hama3_split_raw\test\8\0077.raw,3,8,3,8,1,1268,2.069460153579712,96256,249444,795,OK,2026-03-19 13:51:49
789,D:\6S2\Thesis\7 dataset\hama3_split_raw\test\8\0086.raw,3,8,3,8,1,1268,2.071387767791748,96256,249444,796,OK,2026-03-19 13:51:53
790,D:\6S2\Thesis\7 dataset\hama3_split_raw\test\3\0036.raw,1,3,0,0,0,1268,2.070962429046631,96256,249444,797,OK,2026-03-19 13:51:57
791,D:\6S2\Thesis\7 dataset\hama3_split_raw\test\3\0009.raw,1,3,0,0,0,1267,2.0708022117614746,96256,249444,798,OK,2026-03-19 13:52:01
792,D:\6S2\Thesis\7 dataset\hama3_split_raw\test\9\0093.raw,4,9,4,9,1,1268,2.071042537689209,96256,249444,799,OK,2026-03-19 13:52:05
793,D:\6S2\Thesis\7 dataset\hama3_split_raw\test\0\0064.raw,0,0,0,0,1,1268,2.07138991355896,96256,249444,800,OK,2026-03-19 13:52:09
794,D:\6S2\Thesis\7 dataset\hama3_split_raw\test\8\0135.raw,3,8,3,8,1,1268,2.07062029838562,96256,249444,801,OK,2026-03-19 13:52:13
795,D:\6S2\Thesis\7 dataset\hama3_split_raw\test\5\0061.raw,2,5,2,5,1,1267,2.071110248565674,96256,249444,802,OK,2026-03-19 13:52:17
796,D:\6S2\Thesis\7 dataset\hama3_split_raw\test\9\0010.raw,4,9,3,8,0,1268,2.0718226432800293,96256,249444,803,OK,2026-03-19 13:52:21
797,D:\6S2\Thesis\7 dataset\hama3_split_raw\test\9\0062.raw,4,9,3,8,0,1268,2.071211576461792,96256,249444,804,OK,2026-03-19 13:52:25
798,D:\6S2\Thesis\7 dataset\hama3_split_raw\test\3\0054.raw,1,3,1,3,1,1268,2.0721046924591064,96256,249444,805,OK,2026-03-19 13:52:29
799,D:\6S2\Thesis\7 dataset\hama3_split_raw\test\8\0047.raw,3,8,4,9,0,1268,2.0702521800994873,96256,249444,806,OK,2026-03-19 13:52:33
800,D:\6S2\Thesis\7 dataset\hama3_split_raw\test\5\0036.raw,2,5,0,0,0,1268,2.0712697505950928,96256,249444,807,OK,2026-03-19 13:52:38
801,D:\6S2\Thesis\7 dataset\hama3_split_raw\test\5\0043.raw,2,5,4,9,0,1268,2.070589303970337,96256,249444,808,OK,2026-03-19 13:52:42
802,D:\6S2\Thesis\7 dataset\hama3_split_raw\test\9\0089.raw,4,9,4,9,1,1267,2.071052312850952,96256,249444,809,OK,2026-03-19 13:52:46
803,D:\6S2\Thesis\7 dataset\hama3_split_raw\test\9\0097.raw,4,9,2,5,0,1268,2.070993423461914,96256,249444,810,OK,2026-03-19 13:52:50
804,D:\6S2\Thesis\7 dataset\hama3_split_raw\test\5\0043.raw,2,5,4,9,0,1268,2.072202205657959,96256,249444,811,OK,2026-03-19 13:52:54
805,D:\6S2\Thesis\7 dataset\hama3_split_raw\test\0\0001.raw,0,0,3,8,0,1267,2.071152925491333,96256,249444,812,OK,2026-03-19 13:52:58
806,D:\6S2\Thesis\7 dataset\hama3_split_raw\test\3\0006.raw,1,3,1,3,1,1268,2.0709829330444336,96256,249444,813,OK,2026-03-19 13:53:02
807,D:\6S2\Thesis\7 dataset\hama3_split_raw\test\9\0043.raw,4,9,4,9,1,1267,2.0712077617645264,96256,249444,814,OK,2026-03-19 13:53:06
808,D:\6S2\Thesis\7 dataset\hama3_split_raw\test\0\0009.raw,0,0,0,0,1,1268,2.0712223052978516,96256,249444,815,OK,2026-03-19 13:53:10
809,D:\6S2\Thesis\7 dataset\hama3_split_raw\test\9\0044.raw,4,9,4,9,1,1268,2.070847511291504,96256,249444,816,OK,2026-03-19 13:53:14
810,D:\6S2\Thesis\7 dataset\hama3_split_raw\test\3\0016.raw,1,3,4,9,0,1268,2.0712552070617676,96256,249444,817,OK,2026-03-19 13:53:18
811,D:\6S2\Thesis\7 dataset\hama3_split_raw\test\3\0007.raw,1,3,1,3,1,1268,2.073240280151367,96256,249444,818,OK,2026-03-19 13:53:22
812,D:\6S2\Thesis\7 dataset\hama3_split_raw\test\5\0043.raw,2,5,4,9,0,1268,2.0696020126342773,96256,249444,819,OK,2026-03-19 13:53:27
813,D:\6S2\Thesis\7 dataset\hama3_split_raw\test\5\0106.raw,2,5,2,5,1,1267,2.070845127105713,96256,249444,820,OK,2026-03-19 13:53:31
814,D:\6S2\Thesis\7 dataset\hama3_split_raw\test\5\0004.raw,2,5,4,9,0,1267,2.0711874961853027,96256,249444,821,OK,2026-03-19 13:53:35
815,D:\6S2\Thesis\7 dataset\hama3_split_raw\test\8\0063.raw,3,8,3,8,1,1268,2.0687849521636963,96256,249444,822,OK,2026-03-19 13:53:39
816,D:\6S2\Thesis\7 dataset\hama3_split_raw\test\0\0002.raw,0,0,3,8,0,1268,2.071349620819092,96256,249444,823,OK,2026-03-19 13:53:43
817,D:\6S2\Thesis\7 dataset\hama3_split_raw\test\0\0071.raw,0,0,0,0,1,1268,2.0705983638763428,96256,249444,824,OK,2026-03-19 13:53:47
818,D:\6S2\Thesis\7 dataset\hama3_split_raw\test\3\0062.raw,1,3,3,8,0,1268,2.0707128047943115,96256,249444,825,OK,2026-03-19 13:53:51
819,D:\6S2\Thesis\7 dataset\hama3_split_raw\test\9\0075.raw,4,9,4,9,1,1268,2.0706334114074707,96256,249444,826,OK,2026-03-19 13:53:55
820,D:\6S2\Thesis\7 dataset\hama3_split_raw\test\8\0120.raw,3,8,1,3,0,1268,2.070930242538452,96256,249444,827,OK,2026-03-19 13:53:59
821,D:\6S2\Thesis\7 dataset\hama3_split_raw\test\3\0077.raw,1,3,0,0,0,1268,2.070423126220703,96256,249444,828,OK,2026-03-19 13:54:03
822,D:\6S2\Thesis\7 dataset\hama3_split_raw\test\0\0081.raw,0,0,1,3,0,1268,2.070972204208374,96256,249444,829,OK,2026-03-19 13:54:07
823,D:\6S2\Thesis\7 dataset\hama3_split_raw\test\8\0085.raw,3,8,3,8,1,1267,2.0708279609680176,96256,249444,830,OK,2026-03-19 13:54:11
824,D:\6S2\Thesis\7 dataset\hama3_split_raw\test\8\0158.raw,3,8,2,5,0,1268,2.0716543197631836,96256,249444,831,OK,2026-03-19 13:54:15
825,D:\6S2\Thesis\7 dataset\hama3_split_raw\test\8\0068.raw,3,8,3,8,1,1268,2.071251392364502,96256,249444,832,OK,2026-03-19 13:54:19
826,D:\6S2\Thesis\7 dataset\hama3_split_raw\test\8\0004.raw,3,8,0,0,0,1268,2.0714733600616455,96256,249444,833,OK,2026-03-19 13:54:24
827,D:\6S2\Thesis\7 dataset\hama3_split_raw\test\9\0083.raw,4,9,4,9,1,1267,2.0710349082946777,96256,249444,834,OK,2026-03-19 13:54:28
828,D:\6S2\Thesis\7 dataset\hama3_split_raw\test\3\0021.raw,1,3,0,0,0,1268,2.071566343307495,96256,249444,835,OK,2026-03-19 13:54:32
829,D:\6S2\Thesis\7 dataset\hama3_split_raw\test\9\0085.raw,4,9,0,0,0,1268,2.071169137954712,96256,249444,836,OK,2026-03-19 13:54:36
830,D:\6S2\Thesis\7 dataset\hama3_split_raw\test\8\0129.raw,3,8,3,8,1,1268,2.0713279247283936,96256,249444,837,OK,2026-03-19 13:54:40
831,D:\6S2\Thesis\7 dataset\hama3_split_raw\test\0\0048.raw,0,0,0,0,1,1268,2.070702075958252,96256,249444,838,OK,2026-03-19 13:54:44
832,D:\6S2\Thesis\7 dataset\hama3_split_raw\test\5\0071.raw,2,5,2,5,1,1268,2.0724494457244873,96256,249444,839,OK,2026-03-19 13:54:48
833,D:\6S2\Thesis\7 dataset\hama3_split_raw\test\8\0022.raw,3,8,3,8,1,1267,2.0711047649383545,96256,249444,840,OK,2026-03-19 13:54:52
834,D:\6S2\Thesis\7 dataset\hama3_split_raw\test\3\0074.raw,1,3,2,5,0,1268,2.072084903717041,96256,249444,841,OK,2026-03-19 13:54:56
835,D:\6S2\Thesis\7 dataset\hama3_split_raw\test\9\0072.raw,4,9,2,5,0,1268,2.071180820465088,96256,249444,842,OK,2026-03-19 13:55:00
836,D:\6S2\Thesis\7 dataset\hama3_split_raw\test\0\0017.raw,0,0,0,0,1,1268,2.071324110031128,96256,249444,843,OK,2026-03-19 13:55:04
837,D:\6S2\Thesis\7 dataset\hama3_split_raw\test\8\0166.raw,3,8,3,8,1,1267,2.071241855621338,96256,249444,844,OK,2026-03-19 13:55:08
838,D:\6S2\Thesis\7 dataset\hama3_split_raw\test\0\0045.raw,0,0,0,0,1,1268,2.071282148361206,96256,249444,845,OK,2026-03-19 13:55:12
839,D:\6S2\Thesis\7 dataset\hama3_split_raw\test\5\0103.raw,2,5,2,5,1,1267,2.0712199211120605,96256,249444,846,OK,2026-03-19 13:55:17
840,D:\6S2\Thesis\7 dataset\hama3_split_raw\test\8\0048.raw,3,8,3,8,1,1268,2.069239854812622,96256,249444,847,OK,2026-03-19 13:55:21
841,D:\6S2\Thesis\7 dataset\hama3_split_raw\test\3\0093.raw,1,3,1,3,1,1268,2.071506977081299,96256,249444,848,OK,2026-03-19 13:55:25
842,D:\6S2\Thesis\7 dataset\hama3_split_raw\test\3\0034.raw,1,3,0,0,0,1268,2.0722062587738037,96256,249444,849,OK,2026-03-19 13:55:29
843,D:\6S2\Thesis\7 dataset\hama3_split_raw\test\8\0016.raw,3,8,3,8,1,1268,2.070878267288208,96256,249444,850,OK,2026-03-19 13:55:33
844,D:\6S2\Thesis\7 dataset\hama3_split_raw\test\0\0031.raw,0,0,0,0,1,1268,2.0713553428649902,96256,249444,851,OK,2026-03-19 13:55:37
845,D:\6S2\Thesis\7 dataset\hama3_split_raw\test\5\0013.raw,2,5,3,8,0,1268,2.0706944465637207,96256,249444,852,OK,2026-03-19 13:55:41
846,D:\6S2\Thesis\7 dataset\hama3_split_raw\test\3\0070.raw,1,3,1,3,1,1268,2.071225881576538,96256,249444,853,OK,2026-03-19 13:55:45
847,D:\6S2\Thesis\7 dataset\hama3_split_raw\test\8\0017.raw,3,8,4,9,0,1268,2.0710768699645996,96256,249444,854,OK,2026-03-19 13:55:49
848,D:\6S2\Thesis\7 dataset\hama3_split_raw\test\8\0032.raw,3,8,2,5,0,1267,2.0709099769592285,96256,249444,855,OK,2026-03-19 13:55:53
849,D:\6S2\Thesis\7 dataset\hama3_split_raw\test\3\0027.raw,1,3,1,3,1,1268,2.0713114738464355,96256,249444,856,OK,2026-03-19 13:55:57
850,D:\6S2\Thesis\7 dataset\hama3_split_raw\test\0\0073.raw,0,0,1,3,0,1267,2.0709497928619385,96256,249444,857,OK,2026-03-19 13:56:01
851,D:\6S2\Thesis\7 dataset\hama3_split_raw\test\3\0097.raw,1,3,1,3,1,1268,2.0709033012390137,96256,249444,858,OK,2026-03-19 13:56:06
852,D:\6S2\Thesis\7 dataset\hama3_split_raw\test\3\0006.raw,1,3,1,3,1,1268,2.0725796222686768,96256,249444,859,OK,2026-03-19 13:56:10
853,D:\6S2\Thesis\7 dataset\hama3_split_raw\test\5\0118.raw,2,5,1,3,0,1268,2.0721943378448486,96256,249444,860,OK,2026-03-19 13:56:14
854,D:\6S2\Thesis\7 dataset\hama3_split_raw\test\9\0039.raw,4,9,1,3,0,1267,2.0709455013275146,96256,249444,861,OK,2026-03-19 13:56:18
855,D:\6S2\Thesis\7 dataset\hama3_split_raw\test\9\0067.raw,4,9,3,8,0,1268,2.070760726928711,96256,249444,862,OK,2026-03-19 13:56:22
856,D:\6S2\Thesis\7 dataset\hama3_split_raw\test\9\0064.raw,4,9,1,3,0,1268,2.0714571475982666,96256,249444,863,OK,2026-03-19 13:56:26
857,D:\6S2\Thesis\7 dataset\hama3_split_raw\test\0\0046.raw,0,0,3,8,0,1268,2.0710301399230957,96256,249444,864,OK,2026-03-19 13:56:30
858,D:\6S2\Thesis\7 dataset\hama3_split_raw\test\8\0055.raw,3,8,3,8,1,1267,2.069472551345825,96256,249444,865,OK,2026-03-19 13:56:34
859,D:\6S2\Thesis\7 dataset\hama3_split_raw\test\9\0012.raw,4,9,1,3,0,1267,2.072064161300659,96256,249444,866,OK,2026-03-19 13:56:38
860,D:\6S2\Thesis\7 dataset\hama3_split_raw\test\9\0083.raw,4,9,4,9,1,1267,2.070777177810669,96256,249444,867,OK,2026-03-19 13:56:42
861,D:\6S2\Thesis\7 dataset\hama3_split_raw\test\0\0029.raw,0,0,0,0,1,1267,2.0718789100646973,96256,249444,868,OK,2026-03-19 13:56:46
862,D:\6S2\Thesis\7 dataset\hama3_split_raw\test\5\0074.raw,2,5,2,5,1,1268,2.0710289478302,96256,249444,869,OK,2026-03-19 13:56:50
863,D:\6S2\Thesis\7 dataset\hama3_split_raw\test\8\0177.raw,3,8,3,8,1,1268,2.070700168609619,96256,249444,870,OK,2026-03-19 13:56:54
864,D:\6S2\Thesis\7 dataset\hama3_split_raw\test\3\0006.raw,1,3,1,3,1,1268,2.071523904800415,96256,249444,871,OK,2026-03-19 13:56:58
865,D:\6S2\Thesis\7 dataset\hama3_split_raw\test\9\0075.raw,4,9,4,9,1,1268,2.072436809539795,96256,249444,872,OK,2026-03-19 13:57:03
866,D:\6S2\Thesis\7 dataset\hama3_split_raw\test\9\0090.raw,4,9,0,0,0,1268,2.0709495544433594,96256,249444,873,OK,2026-03-19 13:57:07
867,D:\6S2\Thesis\7 dataset\hama3_split_raw\test\3\0038.raw,1,3,2,5,0,1267,2.071371555328369,96256,249444,874,OK,2026-03-19 13:57:11
868,D:\6S2\Thesis\7 dataset\hama3_split_raw\test\8\0094.raw,3,8,3,8,1,1267,2.071385622024536,96256,249444,875,OK,2026-03-19 13:57:15
869,D:\6S2\Thesis\7 dataset\hama3_split_raw\test\0\0056.raw,0,0,4,9,0,1268,2.0708765983581543,96256,249444,876,OK,2026-03-19 13:57:19
870,D:\6S2\Thesis\7 dataset\hama3_split_raw\test\3\0106.raw,1,3,1,3,1,1268,2.0707345008850098,96256,249444,877,OK,2026-03-19 13:57:23
871,D:\6S2\Thesis\7 dataset\hama3_split_raw\test\8\0116.raw,3,8,3,8,1,1268,2.070918560028076,96256,249444,878,OK,2026-03-19 13:57:27
872,D:\6S2\Thesis\7 dataset\hama3_split_raw\test\8\0078.raw,3,8,3,8,1,1268,2.0712473392486572,96256,249444,879,OK,2026-03-19 13:57:31
873,D:\6S2\Thesis\7 dataset\hama3_split_raw\test\0\0059.raw,0,0,1,3,0,1268,2.0721991062164307,96256,249444,880,OK,2026-03-19 13:57:35
874,D:\6S2\Thesis\7 dataset\hama3_split_raw\test\0\0002.raw,0,0,3,8,0,1268,2.070037364959717,96256,249444,881,OK,2026-03-19 13:57:39
875,D:\6S2\Thesis\7 dataset\hama3_split_raw\test\0\0067.raw,0,0,0,0,1,1268,2.0731234550476074,96256,249444,882,OK,2026-03-19 13:57:43
876,D:\6S2\Thesis\7 dataset\hama3_split_raw\test\8\0134.raw,3,8,2,5,0,1268,2.071345567703247,96256,249444,883,OK,2026-03-19 13:57:47
877,D:\6S2\Thesis\7 dataset\hama3_split_raw\test\5\0110.raw,2,5,2,5,1,1268,2.071441888809204,96256,249444,884,OK,2026-03-19 13:57:51
878,D:\6S2\Thesis\7 dataset\hama3_split_raw\test\8\0071.raw,3,8,3,8,1,1267,2.072005271911621,96256,249444,885,OK,2026-03-19 13:57:56
879,D:\6S2\Thesis\7 dataset\hama3_split_raw\test\3\0048.raw,1,3,0,0,0,1267,2.0704667568206787,96256,249444,886,OK,2026-03-19 13:58:00
880,D:\6S2\Thesis\7 dataset\hama3_split_raw\test\0\0006.raw,0,0,0,0,1,1268,2.0715229511260986,96256,249444,887,OK,2026-03-19 13:58:04
881,D:\6S2\Thesis\7 dataset\hama3_split_raw\test\0\0019.raw,0,0,4,9,0,1268,2.0713953971862793,96256,249444,888,OK,2026-03-19 13:58:08
882,D:\6S2\Thesis\7 dataset\hama3_split_raw\test\9\0099.raw,4,9,1,3,0,1268,2.0709168910980225,96256,249444,889,OK,2026-03-19 13:58:12
883,D:\6S2\Thesis\7 dataset\hama3_split_raw\test\3\0099.raw,1,3,2,5,0,1268,2.071366786956787,96256,249444,890,OK,2026-03-19 13:58:16
884,D:\6S2\Thesis\7 dataset\hama3_split_raw\test\0\0065.raw,0,0,0,0,1,1268,2.0703721046447754,96256,249444,891,OK,2026-03-19 13:58:20
885,D:\6S2\Thesis\7 dataset\hama3_split_raw\test\5\0053.raw,2,5,2,5,1,1267,2.070835590362549,96256,249444,892,OK,2026-03-19 13:58:24
886,D:\6S2\Thesis\7 dataset\hama3_split_raw\test\8\0063.raw,3,8,3,8,1,1268,2.071106433868408,96256,249444,893,OK,2026-03-19 13:58:28
887,D:\6S2\Thesis\7 dataset\hama3_split_raw\test\8\0142.raw,3,8,3,8,1,1268,2.0717992782592773,96256,249444,894,OK,2026-03-19 13:58:32
888,D:\6S2\Thesis\7 dataset\hama3_split_raw\test\9\0029.raw,4,9,4,9,1,1268,2.0719614028930664,96256,249444,895,OK,2026-03-19 13:58:36
889,D:\6S2\Thesis\7 dataset\hama3_split_raw\test\8\0148.raw,3,8,0,0,0,1268,2.0712597370147705,96256,249444,896,OK,2026-03-19 13:58:40
890,D:\6S2\Thesis\7 dataset\hama3_split_raw\test\9\0008.raw,4,9,4,9,1,1268,2.07086181640625,96256,249444,897,OK,2026-03-19 13:58:44
891,D:\6S2\Thesis\7 dataset\hama3_split_raw\test\9\0069.raw,4,9,4,9,1,1268,2.0719239711761475,96256,249444,898,OK,2026-03-19 13:58:48
892,D:\6S2\Thesis\7 dataset\hama3_split_raw\test\9\0102.raw,4,9,4,9,1,1268,2.07076096534729,96256,249444,899,OK,2026-03-19 13:58:53
893,D:\6S2\Thesis\7 dataset\hama3_split_raw\test\3\0073.raw,1,3,0,0,0,1268,2.0712318420410156,96256,249444,900,OK,2026-03-19 13:58:57
894,D:\6S2\Thesis\7 dataset\hama3_split_raw\test\9\0067.raw,4,9,3,8,0,1268,2.0708885192871094,96256,249444,901,OK,2026-03-19 13:59:01
895,D:\6S2\Thesis\7 dataset\hama3_split_raw\test\9\0082.raw,4,9,4,9,1,1268,2.0709805488586426,96256,249444,902,OK,2026-03-19 13:59:05
896,D:\6S2\Thesis\7 dataset\hama3_split_raw\test\9\0040.raw,4,9,1,3,0,1268,2.070232391357422,96256,249444,903,OK,2026-03-19 13:59:09
897,D:\6S2\Thesis\7 dataset\hama3_split_raw\test\9\0095.raw,4,9,0,0,0,1268,2.072056531906128,96256,249444,904,OK,2026-03-19 13:59:13
898,D:\6S2\Thesis\7 dataset\hama3_split_raw\test\0\0053.raw,0,0,0,0,1,1268,2.0712358951568604,96256,249444,905,OK,2026-03-19 13:59:17
899,D:\6S2\Thesis\7 dataset\hama3_split_raw\test\3\0015.raw,1,3,3,8,0,1268,2.072817087173462,96256,249444,906,OK,2026-03-19 13:59:21
900,D:\6S2\Thesis\7 dataset\hama3_split_raw\test\3\0035.raw,1,3,2,5,0,1268,2.071371555328369,96256,249444,907,OK,2026-03-19 13:59:25
901,D:\6S2\Thesis\7 dataset\hama3_split_raw\test\0\0078.raw,0,0,0,0,1,1268,2.0714049339294434,96256,249444,908,OK,2026-03-19 13:59:29
902,D:\6S2\Thesis\7 dataset\hama3_split_raw\test\3\0070.raw,1,3,1,3,1,1267,2.071944236755371,96256,249444,909,OK,2026-03-19 13:59:33
903,D:\6S2\Thesis\7 dataset\hama3_split_raw\test\8\0084.raw,3,8,2,5,0,1268,2.0715339183807373,96256,249444,910,OK,2026-03-19 13:59:37
904,D:\6S2\Thesis\7 dataset\hama3_split_raw\test\5\0102.raw,2,5,4,9,0,1268,2.0685362815856934,96256,249444,911,OK,2026-03-19 13:59:41
905,D:\6S2\Thesis\7 dataset\hama3_split_raw\test\9\0011.raw,4,9,4,9,1,1268,2.0707504749298096,96256,249444,912,OK,2026-03-19 13:59:46
906,D:\6S2\Thesis\7 dataset\hama3_split_raw\test\5\0004.raw,2,5,4,9,0,1268,2.071190357208252,96256,249444,913,OK,2026-03-19 13:59:50
907,D:\6S2\Thesis\7 dataset\hama3_split_raw\test\8\0163.raw,3,8,3,8,1,1268,2.0716333389282227,96256,249444,914,OK,2026-03-19 13:59:54
908,D:\6S2\Thesis\7 dataset\hama3_split_raw\test\9\0054.raw,4,9,2,5,0,1268,2.0709774494171143,96256,249444,915,OK,2026-03-19 13:59:58
909,D:\6S2\Thesis\7 dataset\hama3_split_raw\test\0\0072.raw,0,0,1,3,0,1267,2.070586919784546,96256,249444,916,OK,2026-03-19 14:00:02
910,D:\6S2\Thesis\7 dataset\hama3_split_raw\test\5\0017.raw,2,5,2,5,1,1268,2.0708374977111816,96256,249444,917,OK,2026-03-19 14:00:06
911,D:\6S2\Thesis\7 dataset\hama3_split_raw\test\3\0033.raw,1,3,1,3,1,1268,2.0688273906707764,96256,249444,918,OK,2026-03-19 14:00:10
912,D:\6S2\Thesis\7 dataset\hama3_split_raw\test\9\0091.raw,4,9,4,9,1,1268,2.0709967613220215,96256,249444,919,OK,2026-03-19 14:00:14
913,D:\6S2\Thesis\7 dataset\hama3_split_raw\test\0\0012.raw,0,0,3,8,0,1268,2.071408271789551,96256,249444,920,OK,2026-03-19 14:00:18
914,D:\6S2\Thesis\7 dataset\hama3_split_raw\test\5\0095.raw,2,5,2,5,1,1267,2.070671558380127,96256,249444,921,OK,2026-03-19 14:00:22
915,D:\6S2\Thesis\7 dataset\hama3_split_raw\test\3\0019.raw,1,3,2,5,0,1268,2.0724401473999023,96256,249444,922,OK,2026-03-19 14:00:26
916,D:\6S2\Thesis\7 dataset\hama3_split_raw\test\3\0062.raw,1,3,3,8,0,1268,2.0707523822784424,96256,249444,923,OK,2026-03-19 14:00:30
917,D:\6S2\Thesis\7 dataset\hama3_split_raw\test\5\0084.raw,2,5,2,5,1,1268,2.0684406757354736,96256,249444,924,OK,2026-03-19 14:00:34
918,D:\6S2\Thesis\7 dataset\hama3_split_raw\test\3\0108.raw,1,3,1,3,1,1268,2.0712945461273193,96256,249444,925,OK,2026-03-19 14:00:39
919,D:\6S2\Thesis\7 dataset\hama3_split_raw\test\0\0019.raw,0,0,4,9,0,1268,2.0707881450653076,96256,249444,926,OK,2026-03-19 14:00:43
920,D:\6S2\Thesis\7 dataset\hama3_split_raw\test\3\0014.raw,1,3,0,0,0,1268,2.0706636905670166,96256,249444,927,OK,2026-03-19 14:00:47
921,D:\6S2\Thesis\7 dataset\hama3_split_raw\test\5\0031.raw,2,5,2,5,1,1268,2.0710368156433105,96256,249444,928,OK,2026-03-19 14:00:51
922,D:\6S2\Thesis\7 dataset\hama3_split_raw\test\8\0142.raw,3,8,3,8,1,1268,2.0699965953826904,96256,249444,929,OK,2026-03-19 14:00:55
923,D:\6S2\Thesis\7 dataset\hama3_split_raw\test\3\0061.raw,1,3,1,3,1,1268,2.0712854862213135,96256,249444,930,OK,2026-03-19 14:00:59
924,D:\6S2\Thesis\7 dataset\hama3_split_raw\test\3\0025.raw,1,3,1,3,1,1268,2.070199489593506,96256,249444,931,OK,2026-03-19 14:01:03
925,D:\6S2\Thesis\7 dataset\hama3_split_raw\test\5\0093.raw,2,5,3,8,0,1268,2.071773052215576,96256,249444,932,OK,2026-03-19 14:01:07
926,D:\6S2\Thesis\7 dataset\hama3_split_raw\test\8\0108.raw,3,8,0,0,0,1268,2.070145606994629,96256,249444,933,OK,2026-03-19 14:01:11
927,D:\6S2\Thesis\7 dataset\hama3_split_raw\test\0\0065.raw,0,0,0,0,1,1268,2.0707194805145264,96256,249444,934,OK,2026-03-19 14:01:15
928,D:\6S2\Thesis\7 dataset\hama3_split_raw\test\9\0058.raw,4,9,0,0,0,1268,2.071934938430786,96256,249444,935,OK,2026-03-19 14:01:19
929,D:\6S2\Thesis\7 dataset\hama3_split_raw\test\0\0057.raw,0,0,0,0,1,1268,2.0712788105010986,96256,249444,936,OK,2026-03-19 14:01:23
930,D:\6S2\Thesis\7 dataset\hama3_split_raw\test\8\0168.raw,3,8,3,8,1,1268,2.0708484649658203,96256,249444,937,OK,2026-03-19 14:01:27
931,D:\6S2\Thesis\7 dataset\hama3_split_raw\test\3\0017.raw,1,3,1,3,1,1267,2.0705103874206543,96256,249444,938,OK,2026-03-19 14:01:32
932,D:\6S2\Thesis\7 dataset\hama3_split_raw\test\9\0008.raw,4,9,4,9,1,1268,2.0711276531219482,96256,249444,939,OK,2026-03-19 14:01:36
933,D:\6S2\Thesis\7 dataset\hama3_split_raw\test\3\0015.raw,1,3,3,8,0,1268,2.0711984634399414,96256,249444,940,OK,2026-03-19 14:01:40
934,D:\6S2\Thesis\7 dataset\hama3_split_raw\test\5\0023.raw,2,5,3,8,0,1268,2.0708184242248535,96256,249444,941,OK,2026-03-19 14:01:44
935,D:\6S2\Thesis\7 dataset\hama3_split_raw\test\9\0077.raw,4,9,2,5,0,1268,2.069814443588257,96256,249444,942,OK,2026-03-19 14:01:48
936,D:\6S2\Thesis\7 dataset\hama3_split_raw\test\3\0110.raw,1,3,3,8,0,1267,2.0711026191711426,96256,249444,943,OK,2026-03-19 14:01:52
937,D:\6S2\Thesis\7 dataset\hama3_split_raw\test\0\0012.raw,0,0,3,8,0,1267,2.0713281631469727,96256,249444,944,OK,2026-03-19 14:01:56
938,D:\6S2\Thesis\7 dataset\hama3_split_raw\test\5\0090.raw,2,5,3,8,0,1267,2.0709497928619385,96256,249444,945,OK,2026-03-19 14:02:00
939,D:\6S2\Thesis\7 dataset\hama3_split_raw\test\0\0046.raw,0,0,3,8,0,1268,2.0717430114746094,96256,249444,946,OK,2026-03-19 14:02:04
940,D:\6S2\Thesis\7 dataset\hama3_split_raw\test\8\0030.raw,3,8,3,8,1,1267,2.0712544918060303,96256,249444,947,OK,2026-03-19 14:02:08
941,D:\6S2\Thesis\7 dataset\hama3_split_raw\test\0\0022.raw,0,0,0,0,1,1267,2.071756601333618,96256,249444,948,OK,2026-03-19 14:02:12
942,D:\6S2\Thesis\7 dataset\hama3_split_raw\test\0\0007.raw,0,0,1,3,0,1268,2.0690436363220215,96256,249444,949,OK,2026-03-19 14:02:16
943,D:\6S2\Thesis\7 dataset\hama3_split_raw\test\8\0019.raw,3,8,3,8,1,1268,2.0685088634490967,96256,249444,950,OK,2026-03-19 14:02:20
944,D:\6S2\Thesis\7 dataset\hama3_split_raw\test\8\0102.raw,3,8,4,9,0,1268,2.068704843521118,96256,249444,951,OK,2026-03-19 14:02:25
945,D:\6S2\Thesis\7 dataset\hama3_split_raw\test\0\0062.raw,0,0,0,0,1,1268,2.0690362453460693,96256,249444,952,OK,2026-03-19 14:02:29
946,D:\6S2\Thesis\7 dataset\hama3_split_raw\test\8\0093.raw,3,8,2,5,0,1268,2.071732997894287,96256,249444,953,OK,2026-03-19 14:02:33
947,D:\6S2\Thesis\7 dataset\hama3_split_raw\test\5\0032.raw,2,5,3,8,0,1268,2.07073712348938,96256,249444,954,OK,2026-03-19 14:02:37
948,D:\6S2\Thesis\7 dataset\hama3_split_raw\test\5\0074.raw,2,5,2,5,1,1268,2.072845220565796,96256,249444,955,OK,2026-03-19 14:02:41
949,D:\6S2\Thesis\7 dataset\hama3_split_raw\test\0\0014.raw,0,0,0,0,1,1268,2.070793867111206,96256,249444,956,OK,2026-03-19 14:02:45
950,D:\6S2\Thesis\7 dataset\hama3_split_raw\test\0\0061.raw,0,0,0,0,1,1267,2.0710933208465576,96256,249444,957,OK,2026-03-19 14:02:49
951,D:\6S2\Thesis\7 dataset\hama3_split_raw\test\0\0002.raw,0,0,3,8,0,1268,2.0714223384857178,96256,249444,958,OK,2026-03-19 14:02:53
952,D:\6S2\Thesis\7 dataset\hama3_split_raw\test\0\0053.raw,0,0,0,0,1,1268,2.0689878463745117,96256,249444,959,OK,2026-03-19 14:02:57
953,D:\6S2\Thesis\7 dataset\hama3_split_raw\test\0\0084.raw,0,0,0,0,1,1268,2.0711443424224854,96256,249444,960,OK,2026-03-19 14:03:01
954,D:\6S2\Thesis\7 dataset\hama3_split_raw\test\9\0082.raw,4,9,4,9,1,1268,2.0711095333099365,96256,249444,961,OK,2026-03-19 14:03:05
955,D:\6S2\Thesis\7 dataset\hama3_split_raw\test\3\0007.raw,1,3,1,3,1,1268,2.071239709854126,96256,249444,962,OK,2026-03-19 14:03:09
956,D:\6S2\Thesis\7 dataset\hama3_split_raw\test\9\0006.raw,4,9,4,9,1,1268,2.071798801422119,96256,249444,963,OK,2026-03-19 14:03:13
957,D:\6S2\Thesis\7 dataset\hama3_split_raw\test\3\0111.raw,1,3,1,3,1,1268,2.06947660446167,96256,249444,964,OK,2026-03-19 14:03:17
958,D:\6S2\Thesis\7 dataset\hama3_split_raw\test\8\0025.raw,3,8,3,8,1,1268,2.070690155029297,96256,249444,965,OK,2026-03-19 14:03:22
959,D:\6S2\Thesis\7 dataset\hama3_split_raw\test\0\0052.raw,0,0,0,0,1,1268,2.0710108280181885,96256,249444,966,OK,2026-03-19 14:03:26
960,D:\6S2\Thesis\7 dataset\hama3_split_raw\test\9\0009.raw,4,9,3,8,0,1268,2.0710718631744385,96256,249444,967,OK,2026-03-19 14:03:30
961,D:\6S2\Thesis\7 dataset\hama3_split_raw\test\8\0138.raw,3,8,3,8,1,1268,2.0712902545928955,96256,249444,968,OK,2026-03-19 14:03:34
962,D:\6S2\Thesis\7 dataset\hama3_split_raw\test\8\0103.raw,3,8,3,8,1,1268,2.07077693939209,96256,249444,969,OK,2026-03-19 14:03:38
963,D:\6S2\Thesis\7 dataset\hama3_split_raw\test\8\0175.raw,3,8,1,3,0,1268,2.0716912746429443,96256,249444,970,OK,2026-03-19 14:03:42
964,D:\6S2\Thesis\7 dataset\hama3_split_raw\test\3\0028.raw,1,3,3,8,0,1268,2.0725176334381104,96256,249444,971,OK,2026-03-19 14:03:46
965,D:\6S2\Thesis\7 dataset\hama3_split_raw\test\8\0028.raw,3,8,3,8,1,1268,2.0709002017974854,96256,249444,972,OK,2026-03-19 14:03:50
966,D:\6S2\Thesis\7 dataset\hama3_split_raw\test\9\0071.raw,4,9,1,3,0,1268,2.0712344646453857,96256,249444,973,OK,2026-03-19 14:03:54
967,D:\6S2\Thesis\7 dataset\hama3_split_raw\test\8\0016.raw,3,8,3,8,1,1268,2.0712766647338867,96256,249444,974,OK,2026-03-19 14:03:58
968,D:\6S2\Thesis\7 dataset\hama3_split_raw\test\0\0083.raw,0,0,0,0,1,1268,2.0687947273254395,96256,249444,975,OK,2026-03-19 14:04:02
969,D:\6S2\Thesis\7 dataset\hama3_split_raw\test\3\0008.raw,1,3,0,0,0,1268,2.0716891288757324,96256,249444,976,OK,2026-03-19 14:04:06
970,D:\6S2\Thesis\7 dataset\hama3_split_raw\test\5\0062.raw,2,5,2,5,1,1268,2.071449041366577,96256,249444,977,OK,2026-03-19 14:04:10
971,D:\6S2\Thesis\7 dataset\hama3_split_raw\test\9\0022.raw,4,9,4,9,1,1267,2.0715343952178955,96256,249444,978,OK,2026-03-19 14:04:14
972,D:\6S2\Thesis\7 dataset\hama3_split_raw\test\9\0017.raw,4,9,1,3,0,1268,2.0730574131011963,96256,249444,979,OK,2026-03-19 14:04:19
973,D:\6S2\Thesis\7 dataset\hama3_split_raw\test\5\0094.raw,2,5,3,8,0,1268,2.07076096534729,96256,249444,980,OK,2026-03-19 14:04:23
974,D:\6S2\Thesis\7 dataset\hama3_split_raw\test\0\0074.raw,0,0,3,8,0,1268,2.0707032680511475,96256,249444,981,OK,2026-03-19 14:04:27
975,D:\6S2\Thesis\7 dataset\hama3_split_raw\test\8\0088.raw,3,8,3,8,1,1268,2.0707924365997314,96256,249444,982,OK,2026-03-19 14:04:31
976,D:\6S2\Thesis\7 dataset\hama3_split_raw\test\5\0027.raw,2,5,0,0,0,1268,2.068647861480713,96256,249444,983,OK,2026-03-19 14:04:35
977,D:\6S2\Thesis\7 dataset\hama3_split_raw\test\0\0090.raw,0,0,3,8,0,1267,2.0717108249664307,96256,249444,984,OK,2026-03-19 14:04:39
978,D:\6S2\Thesis\7 dataset\hama3_split_raw\test\3\0112.raw,1,3,1,3,1,1268,2.070632219314575,96256,249444,985,OK,2026-03-19 14:04:43
979,D:\6S2\Thesis\7 dataset\hama3_split_raw\test\0\0015.raw,0,0,0,0,1,1268,2.07124924659729,96256,249444,986,OK,2026-03-19 14:04:47
980,D:\6S2\Thesis\7 dataset\hama3_split_raw\test\9\0083.raw,4,9,4,9,1,1268,2.0713706016540527,96256,249444,987,OK,2026-03-19 14:04:51
981,D:\6S2\Thesis\7 dataset\hama3_split_raw\test\3\0098.raw,1,3,0,0,0,1268,2.0708224773406982,96256,249444,988,OK,2026-03-19 14:04:55
982,D:\6S2\Thesis\7 dataset\hama3_split_raw\test\3\0112.raw,1,3,1,3,1,1268,2.070373296737671,96256,249444,989,OK,2026-03-19 14:04:59
983,D:\6S2\Thesis\7 dataset\hama3_split_raw\test\5\0091.raw,2,5,2,5,1,1267,2.0711870193481445,96256,249444,990,OK,2026-03-19 14:05:03
984,D:\6S2\Thesis\7 dataset\hama3_split_raw\test\3\0023.raw,1,3,1,3,1,1267,2.071173906326294,96256,249444,991,OK,2026-03-19 14:05:07
985,D:\6S2\Thesis\7 dataset\hama3_split_raw\test\5\0116.raw,2,5,1,3,0,1268,2.071272850036621,96256,249444,992,OK,2026-03-19 14:05:12
986,D:\6S2\Thesis\7 dataset\hama3_split_raw\test\3\0015.raw,1,3,3,8,0,1267,2.0716712474823,96256,249444,993,OK,2026-03-19 14:05:16
987,D:\6S2\Thesis\7 dataset\hama3_split_raw\test\8\0168.raw,3,8,3,8,1,1268,2.071108102798462,96256,249444,994,OK,2026-03-19 14:05:20
988,D:\6S2\Thesis\7 dataset\hama3_split_raw\test\8\0072.raw,3,8,3,8,1,1268,2.0707955360412598,96256,249444,995,OK,2026-03-19 14:05:24
989,D:\6S2\Thesis\7 dataset\hama3_split_raw\test\8\0154.raw,3,8,3,8,1,1268,2.070512294769287,96256,249444,996,OK,2026-03-19 14:05:28
990,D:\6S2\Thesis\7 dataset\hama3_split_raw\test\0\0016.raw,0,0,0,0,1,1268,2.0705058574676514,96256,249444,997,OK,2026-03-19 14:05:32
991,D:\6S2\Thesis\7 dataset\hama3_split_raw\test\5\0080.raw,2,5,4,9,0,1268,2.0709786415100098,96256,249444,998,OK,2026-03-19 14:05:36
992,D:\6S2\Thesis\7 dataset\hama3_split_raw\test\9\0003.raw,4,9,1,3,0,1268,2.0707848072052,96256,249444,999,OK,2026-03-19 14:05:40
993,D:\6S2\Thesis\7 dataset\hama3_split_raw\test\0\0065.raw,0,0,0,0,1,1268,2.072146415710449,96256,249444,1000,OK,2026-03-19 14:05:44
994,D:\6S2\Thesis\7 dataset\hama3_split_raw\test\9\0065.raw,4,9,1,3,0,1267,2.071290969848633,96256,249444,1001,OK,2026-03-19 14:05:48
995,D:\6S2\Thesis\7 dataset\hama3_split_raw\test\3\0019.raw,1,3,2,5,0,1268,2.0709304809570312,96256,249444,1002,OK,2026-03-19 14:05:52
996,D:\6S2\Thesis\7 dataset\hama3_split_raw\test\8\0053.raw,3,8,3,8,1,1268,2.072796106338501,96256,249444,1003,OK,2026-03-19 14:05:56
997,D:\6S2\Thesis\7 dataset\hama3_split_raw\test\3\0079.raw,1,3,4,9,0,1268,2.071094274520874,96256,249444,1004,OK,2026-03-19 14:06:00
998,D:\6S2\Thesis\7 dataset\hama3_split_raw\test\8\0100.raw,3,8,0,0,0,1267,2.071704387664795,96256,249444,1005,OK,2026-03-19 14:06:05
999,D:\6S2\Thesis\7 dataset\hama3_split_raw\test\5\0024.raw,2,5,2,5,1,1268,2.0716819763183594,96256,249444,1006,OK,2026-03-19 14:06:09
