test,file,gt_index,gt_label,pred_index,pred_label,correct,latency_mcu_ms,latency_pc_s,tensor_arena,free_ram,iteration,status,timestamp
0,D:\6S2\Thesis\7 dataset\hama3_split_raw\test\8\0103.raw,3,8,3,8,1,3647,4.449849843978882,86016,259684,1005,OK,2026-03-18 20:14:53
1,D:\6S2\Thesis\7 dataset\hama3_split_raw\test\0\0046.raw,0,0,0,0,1,3647,4.449899673461914,86016,259684,1006,OK,2026-03-18 20:15:00
2,D:\6S2\Thesis\7 dataset\hama3_split_raw\test\3\0075.raw,1,3,3,8,0,3647,4.449793815612793,86016,259684,1007,OK,2026-03-18 20:15:06
3,D:\6S2\Thesis\7 dataset\hama3_split_raw\test\0\0037.raw,0,0,2,5,0,3647,4.450253248214722,86016,259684,1008,OK,2026-03-18 20:15:12
4,D:\6S2\Thesis\7 dataset\hama3_split_raw\test\8\0084.raw,3,8,3,8,1,3647,4.4498560428619385,86016,259684,1009,OK,2026-03-18 20:15:19
5,D:\6S2\Thesis\7 dataset\hama3_split_raw\test\9\0002.raw,4,9,4,9,1,3647,4.450108289718628,86016,259684,1010,OK,2026-03-18 20:15:25
6,D:\6S2\Thesis\7 dataset\hama3_split_raw\test\9\0024.raw,4,9,4,9,1,3647,4.4497153759002686,86016,259684,1011,OK,2026-03-18 20:15:32
7,D:\6S2\Thesis\7 dataset\hama3_split_raw\test\0\0034.raw,0,0,3,8,0,3647,4.449792146682739,86016,259684,1012,OK,2026-03-18 20:15:38
8,D:\6S2\Thesis\7 dataset\hama3_split_raw\test\5\0018.raw,2,5,3,8,0,3647,4.45055627822876,86016,259684,1013,OK,2026-03-18 20:15:45
9,D:\6S2\Thesis\7 dataset\hama3_split_raw\test\3\0086.raw,1,3,1,3,1,3647,4.448663949966431,86016,259684,1014,OK,2026-03-18 20:15:51
10,D:\6S2\Thesis\7 dataset\hama3_split_raw\test\8\0036.raw,3,8,1,3,0,3648,4.449903964996338,86016,259684,1015,OK,2026-03-18 20:15:58
11,D:\6S2\Thesis\7 dataset\hama3_split_raw\test\5\0103.raw,2,5,2,5,1,3647,4.45035457611084,86016,259684,1016,OK,2026-03-18 20:16:04
12,D:\6S2\Thesis\7 dataset\hama3_split_raw\test\5\0082.raw,2,5,2,5,1,3647,4.450382947921753,86016,259684,1017,OK,2026-03-18 20:16:11
13,D:\6S2\Thesis\7 dataset\hama3_split_raw\test\5\0089.raw,2,5,2,5,1,3647,4.4504475593566895,86016,259684,1018,OK,2026-03-18 20:16:17
14,D:\6S2\Thesis\7 dataset\hama3_split_raw\test\3\0071.raw,1,3,1,3,1,3647,4.450373649597168,86016,259684,1019,OK,2026-03-18 20:16:23
15,D:\6S2\Thesis\7 dataset\hama3_split_raw\test\0\0090.raw,0,0,3,8,0,3648,4.450030565261841,86016,259684,1020,OK,2026-03-18 20:16:30
16,D:\6S2\Thesis\7 dataset\hama3_split_raw\test\3\0092.raw,1,3,1,3,1,3648,4.450742721557617,86016,259684,1021,OK,2026-03-18 20:16:36
17,D:\6S2\Thesis\7 dataset\hama3_split_raw\test\8\0080.raw,3,8,3,8,1,3647,4.450414657592773,86016,259684,1022,OK,2026-03-18 20:16:43
18,D:\6S2\Thesis\7 dataset\hama3_split_raw\test\9\0035.raw,4,9,4,9,1,3647,4.447944641113281,86016,259684,1023,OK,2026-03-18 20:16:49
19,D:\6S2\Thesis\7 dataset\hama3_split_raw\test\3\0004.raw,1,3,4,9,0,3648,4.452032566070557,86016,259684,1024,OK,2026-03-18 20:16:56
20,D:\6S2\Thesis\7 dataset\hama3_split_raw\test\5\0103.raw,2,5,2,5,1,3647,4.45112943649292,86016,259684,1025,OK,2026-03-18 20:17:02
21,D:\6S2\Thesis\7 dataset\hama3_split_raw\test\8\0133.raw,3,8,3,8,1,3648,4.450576543807983,86016,259684,1026,OK,2026-03-18 20:17:09
22,D:\6S2\Thesis\7 dataset\hama3_split_raw\test\0\0024.raw,0,0,3,8,0,3648,4.4501776695251465,86016,259684,1027,OK,2026-03-18 20:17:15
23,D:\6S2\Thesis\7 dataset\hama3_split_raw\test\0\0061.raw,0,0,0,0,1,3648,4.451028823852539,86016,259684,1028,OK,2026-03-18 20:17:22
24,D:\6S2\Thesis\7 dataset\hama3_split_raw\test\0\0065.raw,0,0,0,0,1,3647,4.450343132019043,86016,259684,1029,OK,2026-03-18 20:17:28
25,D:\6S2\Thesis\7 dataset\hama3_split_raw\test\5\0010.raw,2,5,2,5,1,3647,4.448861360549927,86016,259684,1030,OK,2026-03-18 20:17:35
26,D:\6S2\Thesis\7 dataset\hama3_split_raw\test\9\0069.raw,4,9,4,9,1,3648,4.44947624206543,86016,259684,1031,OK,2026-03-18 20:17:41
27,D:\6S2\Thesis\7 dataset\hama3_split_raw\test\5\0102.raw,2,5,2,5,1,3647,4.448588132858276,86016,259684,1032,OK,2026-03-18 20:17:47
28,D:\6S2\Thesis\7 dataset\hama3_split_raw\test\3\0064.raw,1,3,2,5,0,3647,4.450526714324951,86016,259684,1033,OK,2026-03-18 20:17:54
29,D:\6S2\Thesis\7 dataset\hama3_split_raw\test\0\0046.raw,0,0,0,0,1,3648,4.451066017150879,86016,259684,1034,OK,2026-03-18 20:18:00
30,D:\6S2\Thesis\7 dataset\hama3_split_raw\test\3\0076.raw,1,3,1,3,1,3648,4.450822830200195,86016,259684,1035,OK,2026-03-18 20:18:07
31,D:\6S2\Thesis\7 dataset\hama3_split_raw\test\5\0082.raw,2,5,2,5,1,3647,4.448782920837402,86016,259684,1036,OK,2026-03-18 20:18:13
32,D:\6S2\Thesis\7 dataset\hama3_split_raw\test\5\0069.raw,2,5,3,8,0,3648,4.450396537780762,86016,259684,1037,OK,2026-03-18 20:18:20
33,D:\6S2\Thesis\7 dataset\hama3_split_raw\test\3\0032.raw,1,3,1,3,1,3647,4.449904680252075,86016,259684,1038,OK,2026-03-18 20:18:26
34,D:\6S2\Thesis\7 dataset\hama3_split_raw\test\9\0087.raw,4,9,4,9,1,3647,4.4502623081207275,86016,259684,1039,OK,2026-03-18 20:18:33
35,D:\6S2\Thesis\7 dataset\hama3_split_raw\test\5\0054.raw,2,5,2,5,1,3647,4.450775384902954,86016,259684,1040,OK,2026-03-18 20:18:39
36,D:\6S2\Thesis\7 dataset\hama3_split_raw\test\8\0079.raw,3,8,3,8,1,3647,4.450180292129517,86016,259684,1041,OK,2026-03-18 20:18:46
37,D:\6S2\Thesis\7 dataset\hama3_split_raw\test\0\0082.raw,0,0,4,9,0,3647,4.450740575790405,86016,259684,1042,OK,2026-03-18 20:18:52
38,D:\6S2\Thesis\7 dataset\hama3_split_raw\test\9\0025.raw,4,9,4,9,1,3647,4.450105667114258,86016,259684,1043,OK,2026-03-18 20:18:58
39,D:\6S2\Thesis\7 dataset\hama3_split_raw\test\8\0077.raw,3,8,3,8,1,3648,4.451019525527954,86016,259684,1044,OK,2026-03-18 20:19:05
40,D:\6S2\Thesis\7 dataset\hama3_split_raw\test\5\0110.raw,2,5,2,5,1,3647,4.451121091842651,86016,259684,1045,OK,2026-03-18 20:19:11
41,D:\6S2\Thesis\7 dataset\hama3_split_raw\test\3\0101.raw,1,3,0,0,0,3647,4.4502646923065186,86016,259684,1046,OK,2026-03-18 20:19:18
42,D:\6S2\Thesis\7 dataset\hama3_split_raw\test\9\0027.raw,4,9,3,8,0,3648,4.449820518493652,86016,259684,1047,OK,2026-03-18 20:19:24
43,D:\6S2\Thesis\7 dataset\hama3_split_raw\test\8\0038.raw,3,8,3,8,1,3648,4.449271202087402,86016,259684,1048,OK,2026-03-18 20:19:31
44,D:\6S2\Thesis\7 dataset\hama3_split_raw\test\9\0015.raw,4,9,4,9,1,3647,4.4508233070373535,86016,259684,1049,OK,2026-03-18 20:19:37
45,D:\6S2\Thesis\7 dataset\hama3_split_raw\test\3\0034.raw,1,3,0,0,0,3648,4.4509289264678955,86016,259684,1050,OK,2026-03-18 20:19:44
46,D:\6S2\Thesis\7 dataset\hama3_split_raw\test\9\0033.raw,4,9,1,3,0,3647,4.450403451919556,86016,259684,1051,OK,2026-03-18 20:19:50
47,D:\6S2\Thesis\7 dataset\hama3_split_raw\test\3\0088.raw,1,3,1,3,1,3647,4.450087308883667,86016,259684,1052,OK,2026-03-18 20:19:57
48,D:\6S2\Thesis\7 dataset\hama3_split_raw\test\0\0006.raw,0,0,0,0,1,3647,4.451810598373413,86016,259684,1053,OK,2026-03-18 20:20:03
49,D:\6S2\Thesis\7 dataset\hama3_split_raw\test\9\0031.raw,4,9,3,8,0,3648,4.451736927032471,86016,259684,1054,OK,2026-03-18 20:20:10
50,D:\6S2\Thesis\7 dataset\hama3_split_raw\test\3\0080.raw,1,3,4,9,0,3647,4.4495649337768555,86016,259684,1055,OK,2026-03-18 20:20:16
51,D:\6S2\Thesis\7 dataset\hama3_split_raw\test\5\0040.raw,2,5,2,5,1,3647,4.450676679611206,86016,259684,1056,OK,2026-03-18 20:20:22
52,D:\6S2\Thesis\7 dataset\hama3_split_raw\test\0\0027.raw,0,0,2,5,0,3647,4.451724290847778,86016,259684,1057,OK,2026-03-18 20:20:29
53,D:\6S2\Thesis\7 dataset\hama3_split_raw\test\0\0064.raw,0,0,2,5,0,3647,4.450476169586182,86016,259684,1058,OK,2026-03-18 20:20:35
54,D:\6S2\Thesis\7 dataset\hama3_split_raw\test\5\0117.raw,2,5,2,5,1,3647,4.449763774871826,86016,259684,1059,OK,2026-03-18 20:20:42
55,D:\6S2\Thesis\7 dataset\hama3_split_raw\test\0\0043.raw,0,0,0,0,1,3647,4.452201843261719,86016,259684,1060,OK,2026-03-18 20:20:48
56,D:\6S2\Thesis\7 dataset\hama3_split_raw\test\8\0072.raw,3,8,3,8,1,3647,4.452023267745972,86016,259684,1061,OK,2026-03-18 20:20:55
57,D:\6S2\Thesis\7 dataset\hama3_split_raw\test\5\0045.raw,2,5,2,5,1,3648,4.45094633102417,86016,259684,1062,OK,2026-03-18 20:21:01
58,D:\6S2\Thesis\7 dataset\hama3_split_raw\test\5\0046.raw,2,5,2,5,1,3647,4.4507129192352295,86016,259684,1063,OK,2026-03-18 20:21:08
59,D:\6S2\Thesis\7 dataset\hama3_split_raw\test\8\0073.raw,3,8,0,0,0,3648,4.45054817199707,86016,259684,1064,OK,2026-03-18 20:21:14
60,D:\6S2\Thesis\7 dataset\hama3_split_raw\test\0\0005.raw,0,0,0,0,1,3648,4.450185775756836,86016,259684,1065,OK,2026-03-18 20:21:21
61,D:\6S2\Thesis\7 dataset\hama3_split_raw\test\8\0074.raw,3,8,3,8,1,3647,4.450683355331421,86016,259684,1066,OK,2026-03-18 20:21:27
62,D:\6S2\Thesis\7 dataset\hama3_split_raw\test\3\0081.raw,1,3,1,3,1,3647,4.452006816864014,86016,259684,1067,OK,2026-03-18 20:21:33
63,D:\6S2\Thesis\7 dataset\hama3_split_raw\test\0\0091.raw,0,0,0,0,1,3648,4.45070481300354,86016,259684,1068,OK,2026-03-18 20:21:40
64,D:\6S2\Thesis\7 dataset\hama3_split_raw\test\8\0084.raw,3,8,3,8,1,3647,4.451706171035767,86016,259684,1069,OK,2026-03-18 20:21:46
65,D:\6S2\Thesis\7 dataset\hama3_split_raw\test\8\0001.raw,3,8,3,8,1,3647,4.4482362270355225,86016,259684,1070,OK,2026-03-18 20:21:53
66,D:\6S2\Thesis\7 dataset\hama3_split_raw\test\9\0044.raw,4,9,4,9,1,3647,4.4505205154418945,86016,259684,1071,OK,2026-03-18 20:21:59
67,D:\6S2\Thesis\7 dataset\hama3_split_raw\test\8\0007.raw,3,8,3,8,1,3648,4.449854850769043,86016,259684,1072,OK,2026-03-18 20:22:06
68,D:\6S2\Thesis\7 dataset\hama3_split_raw\test\3\0098.raw,1,3,4,9,0,3648,4.450721979141235,86016,259684,1073,OK,2026-03-18 20:22:12
69,D:\6S2\Thesis\7 dataset\hama3_split_raw\test\5\0118.raw,2,5,0,0,0,3648,4.450263500213623,86016,259684,1074,OK,2026-03-18 20:22:19
70,D:\6S2\Thesis\7 dataset\hama3_split_raw\test\5\0008.raw,2,5,2,5,1,3647,4.450441122055054,86016,259684,1075,OK,2026-03-18 20:22:25
71,D:\6S2\Thesis\7 dataset\hama3_split_raw\test\9\0069.raw,4,9,4,9,1,3647,4.4507896900177,86016,259684,1076,OK,2026-03-18 20:22:32
72,D:\6S2\Thesis\7 dataset\hama3_split_raw\test\3\0053.raw,1,3,1,3,1,3648,4.450831174850464,86016,259684,1077,OK,2026-03-18 20:22:38
73,D:\6S2\Thesis\7 dataset\hama3_split_raw\test\0\0012.raw,0,0,0,0,1,3648,4.451012372970581,86016,259684,1078,OK,2026-03-18 20:22:45
74,D:\6S2\Thesis\7 dataset\hama3_split_raw\test\0\0090.raw,0,0,3,8,0,3648,4.450636386871338,86016,259684,1079,OK,2026-03-18 20:22:51
75,D:\6S2\Thesis\7 dataset\hama3_split_raw\test\9\0085.raw,4,9,3,8,0,3647,4.450383424758911,86016,259684,1080,OK,2026-03-18 20:22:57
76,D:\6S2\Thesis\7 dataset\hama3_split_raw\test\8\0025.raw,3,8,3,8,1,3648,4.451906442642212,86016,259684,1081,OK,2026-03-18 20:23:04
77,D:\6S2\Thesis\7 dataset\hama3_split_raw\test\9\0063.raw,4,9,4,9,1,3648,4.450065612792969,86016,259684,1082,OK,2026-03-18 20:23:10
78,D:\6S2\Thesis\7 dataset\hama3_split_raw\test\8\0175.raw,3,8,3,8,1,3647,4.451160669326782,86016,259684,1083,OK,2026-03-18 20:23:17
79,D:\6S2\Thesis\7 dataset\hama3_split_raw\test\9\0070.raw,4,9,4,9,1,3648,4.450367212295532,86016,259684,1084,OK,2026-03-18 20:23:23
80,D:\6S2\Thesis\7 dataset\hama3_split_raw\test\0\0065.raw,0,0,0,0,1,3647,4.450792551040649,86016,259684,1085,OK,2026-03-18 20:23:30
81,D:\6S2\Thesis\7 dataset\hama3_split_raw\test\0\0014.raw,0,0,1,3,0,3648,4.450485467910767,86016,259684,1086,OK,2026-03-18 20:23:36
82,D:\6S2\Thesis\7 dataset\hama3_split_raw\test\8\0042.raw,3,8,3,8,1,3648,4.450366973876953,86016,259684,1087,OK,2026-03-18 20:23:43
83,D:\6S2\Thesis\7 dataset\hama3_split_raw\test\0\0082.raw,0,0,4,9,0,3648,4.450714111328125,86016,259684,1088,OK,2026-03-18 20:23:49
84,D:\6S2\Thesis\7 dataset\hama3_split_raw\test\5\0000.raw,2,5,2,5,1,3647,4.449833631515503,86016,259684,1089,OK,2026-03-18 20:23:56
85,D:\6S2\Thesis\7 dataset\hama3_split_raw\test\3\0058.raw,1,3,3,8,0,3647,4.451376914978027,86016,259684,1090,OK,2026-03-18 20:24:02
86,D:\6S2\Thesis\7 dataset\hama3_split_raw\test\8\0052.raw,3,8,4,9,0,3647,4.450058460235596,86016,259684,1091,OK,2026-03-18 20:24:08
87,D:\6S2\Thesis\7 dataset\hama3_split_raw\test\5\0035.raw,2,5,0,0,0,3648,4.448877334594727,86016,259684,1092,OK,2026-03-18 20:24:15
88,D:\6S2\Thesis\7 dataset\hama3_split_raw\test\5\0084.raw,2,5,2,5,1,3647,4.451632022857666,86016,259684,1093,OK,2026-03-18 20:24:21
89,D:\6S2\Thesis\7 dataset\hama3_split_raw\test\0\0005.raw,0,0,0,0,1,3647,4.451059818267822,86016,259684,1094,OK,2026-03-18 20:24:28
90,D:\6S2\Thesis\7 dataset\hama3_split_raw\test\8\0003.raw,3,8,3,8,1,3647,4.451868534088135,86016,259684,1095,OK,2026-03-18 20:24:34
91,D:\6S2\Thesis\7 dataset\hama3_split_raw\test\5\0043.raw,2,5,4,9,0,3648,4.451035737991333,86016,259684,1096,OK,2026-03-18 20:24:41
92,D:\6S2\Thesis\7 dataset\hama3_split_raw\test\8\0014.raw,3,8,3,8,1,3647,4.450613737106323,86016,259684,1097,OK,2026-03-18 20:24:47
93,D:\6S2\Thesis\7 dataset\hama3_split_raw\test\3\0086.raw,1,3,1,3,1,3647,4.45048713684082,86016,259684,1098,OK,2026-03-18 20:24:54
94,D:\6S2\Thesis\7 dataset\hama3_split_raw\test\0\0051.raw,0,0,0,0,1,3648,4.450345039367676,86016,259684,1099,OK,2026-03-18 20:25:00
95,D:\6S2\Thesis\7 dataset\hama3_split_raw\test\9\0098.raw,4,9,0,0,0,3647,4.4505295753479,86016,259684,1100,OK,2026-03-18 20:25:07
96,D:\6S2\Thesis\7 dataset\hama3_split_raw\test\0\0041.raw,0,0,0,0,1,3647,4.4503607749938965,86016,259684,1101,OK,2026-03-18 20:25:13
97,D:\6S2\Thesis\7 dataset\hama3_split_raw\test\3\0066.raw,1,3,4,9,0,3647,4.450220823287964,86016,259684,1102,OK,2026-03-18 20:25:20
98,D:\6S2\Thesis\7 dataset\hama3_split_raw\test\3\0061.raw,1,3,1,3,1,3647,4.450194835662842,86016,259684,1103,OK,2026-03-18 20:25:26
99,D:\6S2\Thesis\7 dataset\hama3_split_raw\test\0\0058.raw,0,0,0,0,1,3647,4.450809478759766,86016,259684,1104,OK,2026-03-18 20:25:32
100,D:\6S2\Thesis\7 dataset\hama3_split_raw\test\0\0022.raw,0,0,0,0,1,3648,4.450708866119385,86016,259684,1105,OK,2026-03-18 20:25:39
101,D:\6S2\Thesis\7 dataset\hama3_split_raw\test\9\0033.raw,4,9,1,3,0,3647,4.451077938079834,86016,259684,1106,OK,2026-03-18 20:25:45
102,D:\6S2\Thesis\7 dataset\hama3_split_raw\test\3\0056.raw,1,3,1,3,1,3647,4.4500977993011475,86016,259684,1107,OK,2026-03-18 20:25:52
103,D:\6S2\Thesis\7 dataset\hama3_split_raw\test\3\0055.raw,1,3,1,3,1,3648,4.450352191925049,86016,259684,1108,OK,2026-03-18 20:25:58
104,D:\6S2\Thesis\7 dataset\hama3_split_raw\test\3\0106.raw,1,3,3,8,0,3647,4.450700044631958,86016,259684,1109,OK,2026-03-18 20:26:05
105,D:\6S2\Thesis\7 dataset\hama3_split_raw\test\9\0064.raw,4,9,2,5,0,3647,4.450242042541504,86016,259684,1110,OK,2026-03-18 20:26:11
106,D:\6S2\Thesis\7 dataset\hama3_split_raw\test\8\0114.raw,3,8,3,8,1,3647,4.4503984451293945,86016,259684,1111,OK,2026-03-18 20:26:18
107,D:\6S2\Thesis\7 dataset\hama3_split_raw\test\5\0115.raw,2,5,2,5,1,3647,4.450844764709473,86016,259684,1112,OK,2026-03-18 20:26:24
108,D:\6S2\Thesis\7 dataset\hama3_split_raw\test\0\0016.raw,0,0,0,0,1,3647,4.450672626495361,86016,259684,1113,OK,2026-03-18 20:26:31
109,D:\6S2\Thesis\7 dataset\hama3_split_raw\test\0\0071.raw,0,0,0,0,1,3647,4.450916051864624,86016,259684,1114,OK,2026-03-18 20:26:37
110,D:\6S2\Thesis\7 dataset\hama3_split_raw\test\0\0029.raw,0,0,0,0,1,3648,4.451503038406372,86016,259684,1115,OK,2026-03-18 20:26:44
111,D:\6S2\Thesis\7 dataset\hama3_split_raw\test\5\0084.raw,2,5,2,5,1,3648,4.450693130493164,86016,259684,1116,OK,2026-03-18 20:26:50
112,D:\6S2\Thesis\7 dataset\hama3_split_raw\test\5\0026.raw,2,5,2,5,1,3648,4.4504687786102295,86016,259684,1117,OK,2026-03-18 20:26:57
113,D:\6S2\Thesis\7 dataset\hama3_split_raw\test\9\0027.raw,4,9,3,8,0,3647,4.45093560218811,86016,259684,1118,OK,2026-03-18 20:27:03
114,D:\6S2\Thesis\7 dataset\hama3_split_raw\test\5\0088.raw,2,5,2,5,1,3648,4.450993299484253,86016,259684,1119,OK,2026-03-18 20:27:09
115,D:\6S2\Thesis\7 dataset\hama3_split_raw\test\3\0085.raw,1,3,1,3,1,3648,4.450554847717285,86016,259684,1120,OK,2026-03-18 20:27:16
116,D:\6S2\Thesis\7 dataset\hama3_split_raw\test\9\0005.raw,4,9,4,9,1,3648,4.450093507766724,86016,259684,1121,OK,2026-03-18 20:27:22
117,D:\6S2\Thesis\7 dataset\hama3_split_raw\test\8\0072.raw,3,8,3,8,1,3647,4.451924085617065,86016,259684,1122,OK,2026-03-18 20:27:29
118,D:\6S2\Thesis\7 dataset\hama3_split_raw\test\3\0027.raw,1,3,4,9,0,3648,4.449896574020386,86016,259684,1123,OK,2026-03-18 20:27:35
119,D:\6S2\Thesis\7 dataset\hama3_split_raw\test\3\0050.raw,1,3,1,3,1,3648,4.450373888015747,86016,259684,1124,OK,2026-03-18 20:27:42
120,D:\6S2\Thesis\7 dataset\hama3_split_raw\test\9\0060.raw,4,9,4,9,1,3648,4.450072526931763,86016,259684,1125,OK,2026-03-18 20:27:48
121,D:\6S2\Thesis\7 dataset\hama3_split_raw\test\3\0018.raw,1,3,1,3,1,3648,4.452173471450806,86016,259684,1126,OK,2026-03-18 20:27:55
122,D:\6S2\Thesis\7 dataset\hama3_split_raw\test\8\0084.raw,3,8,3,8,1,3647,4.451303243637085,86016,259684,1127,OK,2026-03-18 20:28:01
123,D:\6S2\Thesis\7 dataset\hama3_split_raw\test\8\0054.raw,3,8,3,8,1,3647,4.451076984405518,86016,259684,1128,OK,2026-03-18 20:28:08
124,D:\6S2\Thesis\7 dataset\hama3_split_raw\test\0\0053.raw,0,0,0,0,1,3648,4.450773239135742,86016,259684,1129,OK,2026-03-18 20:28:14
125,D:\6S2\Thesis\7 dataset\hama3_split_raw\test\9\0080.raw,4,9,4,9,1,3647,4.450735569000244,86016,259684,1130,OK,2026-03-18 20:28:21
126,D:\6S2\Thesis\7 dataset\hama3_split_raw\test\9\0001.raw,4,9,4,9,1,3647,4.449399709701538,86016,259684,1131,OK,2026-03-18 20:28:27
127,D:\6S2\Thesis\7 dataset\hama3_split_raw\test\0\0005.raw,0,0,0,0,1,3647,4.451441049575806,86016,259684,1132,OK,2026-03-18 20:28:33
128,D:\6S2\Thesis\7 dataset\hama3_split_raw\test\0\0076.raw,0,0,0,0,1,3647,4.450723648071289,86016,259684,1133,OK,2026-03-18 20:28:40
129,D:\6S2\Thesis\7 dataset\hama3_split_raw\test\5\0070.raw,2,5,4,9,0,3647,4.4518373012542725,86016,259684,1134,OK,2026-03-18 20:28:46
130,D:\6S2\Thesis\7 dataset\hama3_split_raw\test\5\0011.raw,2,5,2,5,1,3647,4.451313734054565,86016,259684,1135,OK,2026-03-18 20:28:53
131,D:\6S2\Thesis\7 dataset\hama3_split_raw\test\0\0067.raw,0,0,0,0,1,3648,4.449840068817139,86016,259684,1136,OK,2026-03-18 20:28:59
132,D:\6S2\Thesis\7 dataset\hama3_split_raw\test\8\0036.raw,3,8,1,3,0,3648,4.4524827003479,86016,259684,1137,OK,2026-03-18 20:29:06
133,D:\6S2\Thesis\7 dataset\hama3_split_raw\test\3\0034.raw,1,3,0,0,0,3647,4.45077919960022,86016,259684,1138,OK,2026-03-18 20:29:12
134,D:\6S2\Thesis\7 dataset\hama3_split_raw\test\5\0104.raw,2,5,2,5,1,3647,4.450813055038452,86016,259684,1139,OK,2026-03-18 20:29:19
135,D:\6S2\Thesis\7 dataset\hama3_split_raw\test\0\0039.raw,0,0,0,0,1,3647,4.452711820602417,86016,259684,1140,OK,2026-03-18 20:29:25
136,D:\6S2\Thesis\7 dataset\hama3_split_raw\test\0\0072.raw,0,0,0,0,1,3647,4.4504759311676025,86016,259684,1141,OK,2026-03-18 20:29:32
137,D:\6S2\Thesis\7 dataset\hama3_split_raw\test\5\0107.raw,2,5,0,0,0,3647,4.451132535934448,86016,259684,1142,OK,2026-03-18 20:29:38
138,D:\6S2\Thesis\7 dataset\hama3_split_raw\test\0\0080.raw,0,0,0,0,1,3647,4.450738191604614,86016,259684,1143,OK,2026-03-18 20:29:44
139,D:\6S2\Thesis\7 dataset\hama3_split_raw\test\8\0078.raw,3,8,1,3,0,3647,4.452417373657227,86016,259684,1144,OK,2026-03-18 20:29:51
140,D:\6S2\Thesis\7 dataset\hama3_split_raw\test\9\0030.raw,4,9,2,5,0,3648,4.451554775238037,86016,259684,1145,OK,2026-03-18 20:29:57
141,D:\6S2\Thesis\7 dataset\hama3_split_raw\test\8\0099.raw,3,8,3,8,1,3648,4.451010227203369,86016,259684,1146,OK,2026-03-18 20:30:04
142,D:\6S2\Thesis\7 dataset\hama3_split_raw\test\0\0058.raw,0,0,0,0,1,3647,4.45128607749939,86016,259684,1147,OK,2026-03-18 20:30:10
143,D:\6S2\Thesis\7 dataset\hama3_split_raw\test\8\0170.raw,3,8,3,8,1,3647,4.449787378311157,86016,259684,1148,OK,2026-03-18 20:30:17
144,D:\6S2\Thesis\7 dataset\hama3_split_raw\test\8\0097.raw,3,8,3,8,1,3647,4.450683355331421,86016,259684,1149,OK,2026-03-18 20:30:23
145,D:\6S2\Thesis\7 dataset\hama3_split_raw\test\0\0060.raw,0,0,0,0,1,3647,4.451528787612915,86016,259684,1150,OK,2026-03-18 20:30:30
146,D:\6S2\Thesis\7 dataset\hama3_split_raw\test\3\0054.raw,1,3,1,3,1,3647,4.451178312301636,86016,259684,1151,OK,2026-03-18 20:30:36
147,D:\6S2\Thesis\7 dataset\hama3_split_raw\test\0\0055.raw,0,0,0,0,1,3647,4.451472043991089,86016,259684,1152,OK,2026-03-18 20:30:43
148,D:\6S2\Thesis\7 dataset\hama3_split_raw\test\9\0045.raw,4,9,1,3,0,3647,4.4514546394348145,86016,259684,1153,OK,2026-03-18 20:30:49
149,D:\6S2\Thesis\7 dataset\hama3_split_raw\test\9\0037.raw,4,9,1,3,0,3648,4.4508140087127686,86016,259684,1154,OK,2026-03-18 20:30:55
150,D:\6S2\Thesis\7 dataset\hama3_split_raw\test\8\0147.raw,3,8,4,9,0,3647,4.450837135314941,86016,259684,1155,OK,2026-03-18 20:31:02
151,D:\6S2\Thesis\7 dataset\hama3_split_raw\test\5\0035.raw,2,5,0,0,0,3647,4.452268600463867,86016,259684,1156,OK,2026-03-18 20:31:08
152,D:\6S2\Thesis\7 dataset\hama3_split_raw\test\0\0016.raw,0,0,0,0,1,3647,4.45099401473999,86016,259684,1157,OK,2026-03-18 20:31:15
153,D:\6S2\Thesis\7 dataset\hama3_split_raw\test\9\0034.raw,4,9,0,0,0,3647,4.450842618942261,86016,259684,1158,OK,2026-03-18 20:31:21
154,D:\6S2\Thesis\7 dataset\hama3_split_raw\test\3\0109.raw,1,3,1,3,1,3647,4.45116662979126,86016,259684,1159,OK,2026-03-18 20:31:28
155,D:\6S2\Thesis\7 dataset\hama3_split_raw\test\0\0076.raw,0,0,0,0,1,3647,4.4505884647369385,86016,259684,1160,OK,2026-03-18 20:31:34
156,D:\6S2\Thesis\7 dataset\hama3_split_raw\test\9\0010.raw,4,9,4,9,1,3647,4.45112943649292,86016,259684,1161,OK,2026-03-18 20:31:41
157,D:\6S2\Thesis\7 dataset\hama3_split_raw\test\8\0020.raw,3,8,3,8,1,3647,4.4525110721588135,86016,259684,1162,OK,2026-03-18 20:31:47
158,D:\6S2\Thesis\7 dataset\hama3_split_raw\test\0\0054.raw,0,0,1,3,0,3647,4.448497772216797,86016,259684,1163,OK,2026-03-18 20:31:54
159,D:\6S2\Thesis\7 dataset\hama3_split_raw\test\9\0082.raw,4,9,3,8,0,3647,4.451083660125732,86016,259684,1164,OK,2026-03-18 20:32:00
160,D:\6S2\Thesis\7 dataset\hama3_split_raw\test\8\0132.raw,3,8,3,8,1,3647,4.4509382247924805,86016,259684,1165,OK,2026-03-18 20:32:06
161,D:\6S2\Thesis\7 dataset\hama3_split_raw\test\5\0055.raw,2,5,2,5,1,3647,4.450196981430054,86016,259684,1166,OK,2026-03-18 20:32:13
162,D:\6S2\Thesis\7 dataset\hama3_split_raw\test\8\0094.raw,3,8,3,8,1,3647,4.452855110168457,86016,259684,1167,OK,2026-03-18 20:32:19
163,D:\6S2\Thesis\7 dataset\hama3_split_raw\test\9\0089.raw,4,9,4,9,1,3648,4.450627326965332,86016,259684,1168,OK,2026-03-18 20:32:26
164,D:\6S2\Thesis\7 dataset\hama3_split_raw\test\8\0079.raw,3,8,3,8,1,3647,4.451266288757324,86016,259684,1169,OK,2026-03-18 20:32:32
165,D:\6S2\Thesis\7 dataset\hama3_split_raw\test\5\0011.raw,2,5,2,5,1,3647,4.451561689376831,86016,259684,1170,OK,2026-03-18 20:32:39
166,D:\6S2\Thesis\7 dataset\hama3_split_raw\test\3\0028.raw,1,3,1,3,1,3648,4.450483560562134,86016,259684,1171,OK,2026-03-18 20:32:45
167,D:\6S2\Thesis\7 dataset\hama3_split_raw\test\9\0001.raw,4,9,4,9,1,3647,4.451091289520264,86016,259684,1172,OK,2026-03-18 20:32:52
168,D:\6S2\Thesis\7 dataset\hama3_split_raw\test\0\0020.raw,0,0,0,0,1,3647,4.450525999069214,86016,259684,1173,OK,2026-03-18 20:32:58
169,D:\6S2\Thesis\7 dataset\hama3_split_raw\test\0\0047.raw,0,0,0,0,1,3648,4.450842618942261,86016,259684,1174,OK,2026-03-18 20:33:05
170,D:\6S2\Thesis\7 dataset\hama3_split_raw\test\9\0043.raw,4,9,4,9,1,3648,4.450339078903198,86016,259684,1175,OK,2026-03-18 20:33:11
171,D:\6S2\Thesis\7 dataset\hama3_split_raw\test\5\0068.raw,2,5,2,5,1,3648,4.4537353515625,86016,259684,1176,OK,2026-03-18 20:33:18
172,D:\6S2\Thesis\7 dataset\hama3_split_raw\test\8\0142.raw,3,8,2,5,0,3648,4.451249361038208,86016,259684,1177,OK,2026-03-18 20:33:24
173,D:\6S2\Thesis\7 dataset\hama3_split_raw\test\0\0072.raw,0,0,0,0,1,3648,4.451613664627075,86016,259684,1178,OK,2026-03-18 20:33:31
174,D:\6S2\Thesis\7 dataset\hama3_split_raw\test\9\0019.raw,4,9,4,9,1,3647,4.451397895812988,86016,259684,1179,OK,2026-03-18 20:33:37
175,D:\6S2\Thesis\7 dataset\hama3_split_raw\test\9\0036.raw,4,9,4,9,1,3647,4.452522277832031,86016,259684,1180,OK,2026-03-18 20:33:43
176,D:\6S2\Thesis\7 dataset\hama3_split_raw\test\0\0003.raw,0,0,0,0,1,3648,4.451820373535156,86016,259684,1181,OK,2026-03-18 20:33:50
177,D:\6S2\Thesis\7 dataset\hama3_split_raw\test\5\0081.raw,2,5,2,5,1,3647,4.450733661651611,86016,259684,1182,OK,2026-03-18 20:33:56
178,D:\6S2\Thesis\7 dataset\hama3_split_raw\test\0\0074.raw,0,0,3,8,0,3648,4.451137542724609,86016,259684,1183,OK,2026-03-18 20:34:03
179,D:\6S2\Thesis\7 dataset\hama3_split_raw\test\8\0054.raw,3,8,3,8,1,3647,4.451502561569214,86016,259684,1184,OK,2026-03-18 20:34:09
180,D:\6S2\Thesis\7 dataset\hama3_split_raw\test\9\0019.raw,4,9,4,9,1,3647,4.450663328170776,86016,259684,1185,OK,2026-03-18 20:34:16
181,D:\6S2\Thesis\7 dataset\hama3_split_raw\test\0\0060.raw,0,0,0,0,1,3647,4.451380729675293,86016,259684,1186,OK,2026-03-18 20:34:22
182,D:\6S2\Thesis\7 dataset\hama3_split_raw\test\5\0037.raw,2,5,2,5,1,3647,4.448511600494385,86016,259684,1187,OK,2026-03-18 20:34:29
183,D:\6S2\Thesis\7 dataset\hama3_split_raw\test\0\0016.raw,0,0,0,0,1,3648,4.451138734817505,86016,259684,1188,OK,2026-03-18 20:34:35
184,D:\6S2\Thesis\7 dataset\hama3_split_raw\test\8\0073.raw,3,8,0,0,0,3648,4.451564788818359,86016,259684,1189,OK,2026-03-18 20:34:42
185,D:\6S2\Thesis\7 dataset\hama3_split_raw\test\3\0044.raw,1,3,3,8,0,3648,4.451250076293945,86016,259684,1190,OK,2026-03-18 20:34:48
186,D:\6S2\Thesis\7 dataset\hama3_split_raw\test\0\0088.raw,0,0,0,0,1,3648,4.452455520629883,86016,259684,1191,OK,2026-03-18 20:34:54
187,D:\6S2\Thesis\7 dataset\hama3_split_raw\test\8\0053.raw,3,8,3,8,1,3647,4.451148509979248,86016,259684,1192,OK,2026-03-18 20:35:01
188,D:\6S2\Thesis\7 dataset\hama3_split_raw\test\3\0049.raw,1,3,1,3,1,3647,4.451931715011597,86016,259684,1193,OK,2026-03-18 20:35:07
189,D:\6S2\Thesis\7 dataset\hama3_split_raw\test\5\0008.raw,2,5,2,5,1,3647,4.451338529586792,86016,259684,1194,OK,2026-03-18 20:35:14
190,D:\6S2\Thesis\7 dataset\hama3_split_raw\test\0\0031.raw,0,0,0,0,1,3648,4.451346397399902,86016,259684,1195,OK,2026-03-18 20:35:20
191,D:\6S2\Thesis\7 dataset\hama3_split_raw\test\5\0044.raw,2,5,2,5,1,3648,4.450868368148804,86016,259684,1196,OK,2026-03-18 20:35:27
192,D:\6S2\Thesis\7 dataset\hama3_split_raw\test\8\0130.raw,3,8,1,3,0,3648,4.450697422027588,86016,259684,1197,OK,2026-03-18 20:35:33
193,D:\6S2\Thesis\7 dataset\hama3_split_raw\test\8\0167.raw,3,8,4,9,0,3647,4.45024847984314,86016,259684,1198,OK,2026-03-18 20:35:40
194,D:\6S2\Thesis\7 dataset\hama3_split_raw\test\3\0048.raw,1,3,1,3,1,3647,4.451735496520996,86016,259684,1199,OK,2026-03-18 20:35:46
195,D:\6S2\Thesis\7 dataset\hama3_split_raw\test\5\0076.raw,2,5,2,5,1,3647,4.451183557510376,86016,259684,1200,OK,2026-03-18 20:35:53
196,D:\6S2\Thesis\7 dataset\hama3_split_raw\test\3\0050.raw,1,3,1,3,1,3648,4.451103925704956,86016,259684,1201,OK,2026-03-18 20:35:59
197,D:\6S2\Thesis\7 dataset\hama3_split_raw\test\3\0054.raw,1,3,1,3,1,3647,4.450362205505371,86016,259684,1202,OK,2026-03-18 20:36:06
198,D:\6S2\Thesis\7 dataset\hama3_split_raw\test\0\0007.raw,0,0,0,0,1,3648,4.451704025268555,86016,259684,1203,OK,2026-03-18 20:36:12
199,D:\6S2\Thesis\7 dataset\hama3_split_raw\test\8\0005.raw,3,8,3,8,1,3647,4.449942111968994,86016,259684,1204,OK,2026-03-18 20:36:18
200,D:\6S2\Thesis\7 dataset\hama3_split_raw\test\9\0080.raw,4,9,4,9,1,3647,4.451286792755127,86016,259684,1205,OK,2026-03-18 20:36:25
201,D:\6S2\Thesis\7 dataset\hama3_split_raw\test\8\0120.raw,3,8,3,8,1,3647,4.4511847496032715,86016,259684,1206,OK,2026-03-18 20:36:31
202,D:\6S2\Thesis\7 dataset\hama3_split_raw\test\5\0016.raw,2,5,2,5,1,3647,4.452186107635498,86016,259684,1207,OK,2026-03-18 20:36:38
203,D:\6S2\Thesis\7 dataset\hama3_split_raw\test\5\0118.raw,2,5,0,0,0,3648,4.450271368026733,86016,259684,1208,OK,2026-03-18 20:36:44
204,D:\6S2\Thesis\7 dataset\hama3_split_raw\test\8\0137.raw,3,8,3,8,1,3647,4.450909614562988,86016,259684,1209,OK,2026-03-18 20:36:51
205,D:\6S2\Thesis\7 dataset\hama3_split_raw\test\0\0022.raw,0,0,0,0,1,3647,4.450117349624634,86016,259684,1210,OK,2026-03-18 20:36:57
206,D:\6S2\Thesis\7 dataset\hama3_split_raw\test\0\0060.raw,0,0,0,0,1,3647,4.451274394989014,86016,259684,1211,OK,2026-03-18 20:37:04
207,D:\6S2\Thesis\7 dataset\hama3_split_raw\test\0\0029.raw,0,0,0,0,1,3647,4.449878454208374,86016,259684,1212,OK,2026-03-18 20:37:10
208,D:\6S2\Thesis\7 dataset\hama3_split_raw\test\8\0021.raw,3,8,3,8,1,3647,4.4484758377075195,86016,259684,1213,OK,2026-03-18 20:37:17
209,D:\6S2\Thesis\7 dataset\hama3_split_raw\test\3\0027.raw,1,3,4,9,0,3647,4.450305700302124,86016,259684,1214,OK,2026-03-18 20:37:23
210,D:\6S2\Thesis\7 dataset\hama3_split_raw\test\5\0035.raw,2,5,0,0,0,3647,4.4504852294921875,86016,259684,1215,OK,2026-03-18 20:37:30
211,D:\6S2\Thesis\7 dataset\hama3_split_raw\test\9\0099.raw,4,9,0,0,0,3647,4.450621843338013,86016,259684,1216,OK,2026-03-18 20:37:36
212,D:\6S2\Thesis\7 dataset\hama3_split_raw\test\0\0074.raw,0,0,3,8,0,3648,4.451108932495117,86016,259684,1217,OK,2026-03-18 20:37:42
213,D:\6S2\Thesis\7 dataset\hama3_split_raw\test\0\0046.raw,0,0,0,0,1,3647,4.450215578079224,86016,259684,1218,OK,2026-03-18 20:37:49
214,D:\6S2\Thesis\7 dataset\hama3_split_raw\test\0\0055.raw,0,0,0,0,1,3647,4.44993782043457,86016,259684,1219,OK,2026-03-18 20:37:55
215,D:\6S2\Thesis\7 dataset\hama3_split_raw\test\5\0044.raw,2,5,2,5,1,3648,4.450465440750122,86016,259684,1220,OK,2026-03-18 20:38:02
216,D:\6S2\Thesis\7 dataset\hama3_split_raw\test\8\0029.raw,3,8,3,8,1,3647,4.45085597038269,86016,259684,1221,OK,2026-03-18 20:38:08
217,D:\6S2\Thesis\7 dataset\hama3_split_raw\test\8\0015.raw,3,8,3,8,1,3648,4.451437711715698,86016,259684,1222,OK,2026-03-18 20:38:15
218,D:\6S2\Thesis\7 dataset\hama3_split_raw\test\5\0040.raw,2,5,2,5,1,3647,4.451006174087524,86016,259684,1223,OK,2026-03-18 20:38:21
219,D:\6S2\Thesis\7 dataset\hama3_split_raw\test\8\0150.raw,3,8,4,9,0,3648,4.450438022613525,86016,259684,1224,OK,2026-03-18 20:38:28
220,D:\6S2\Thesis\7 dataset\hama3_split_raw\test\5\0016.raw,2,5,2,5,1,3647,4.450596809387207,86016,259684,1225,OK,2026-03-18 20:38:34
221,D:\6S2\Thesis\7 dataset\hama3_split_raw\test\5\0056.raw,2,5,2,5,1,3647,4.451000213623047,86016,259684,1226,OK,2026-03-18 20:38:40
222,D:\6S2\Thesis\7 dataset\hama3_split_raw\test\9\0037.raw,4,9,1,3,0,3648,4.450229644775391,86016,259684,1227,OK,2026-03-18 20:38:47
223,D:\6S2\Thesis\7 dataset\hama3_split_raw\test\8\0073.raw,3,8,0,0,0,3648,4.451154947280884,86016,259684,1228,OK,2026-03-18 20:38:53
224,D:\6S2\Thesis\7 dataset\hama3_split_raw\test\0\0075.raw,0,0,0,0,1,3647,4.452195405960083,86016,259684,1229,OK,2026-03-18 20:39:00
225,D:\6S2\Thesis\7 dataset\hama3_split_raw\test\9\0008.raw,4,9,4,9,1,3648,4.450393438339233,86016,259684,1230,OK,2026-03-18 20:39:06
226,D:\6S2\Thesis\7 dataset\hama3_split_raw\test\3\0009.raw,1,3,1,3,1,3647,4.451268196105957,86016,259684,1231,OK,2026-03-18 20:39:13
227,D:\6S2\Thesis\7 dataset\hama3_split_raw\test\9\0098.raw,4,9,0,0,0,3647,4.450728893280029,86016,259684,1232,OK,2026-03-18 20:39:19
228,D:\6S2\Thesis\7 dataset\hama3_split_raw\test\3\0056.raw,1,3,1,3,1,3648,4.4507527351379395,86016,259684,1233,OK,2026-03-18 20:39:26
229,D:\6S2\Thesis\7 dataset\hama3_split_raw\test\0\0053.raw,0,0,0,0,1,3648,4.450268268585205,86016,259684,1234,OK,2026-03-18 20:39:32
230,D:\6S2\Thesis\7 dataset\hama3_split_raw\test\9\0096.raw,4,9,4,9,1,3647,4.4500792026519775,86016,259684,1235,OK,2026-03-18 20:39:39
231,D:\6S2\Thesis\7 dataset\hama3_split_raw\test\0\0063.raw,0,0,0,0,1,3647,4.450866460800171,86016,259684,1236,OK,2026-03-18 20:39:45
232,D:\6S2\Thesis\7 dataset\hama3_split_raw\test\3\0035.raw,1,3,1,3,1,3647,4.451218843460083,86016,259684,1237,OK,2026-03-18 20:39:51
233,D:\6S2\Thesis\7 dataset\hama3_split_raw\test\8\0124.raw,3,8,3,8,1,3647,4.4507155418396,86016,259684,1238,OK,2026-03-18 20:39:58
234,D:\6S2\Thesis\7 dataset\hama3_split_raw\test\9\0096.raw,4,9,4,9,1,3647,4.4521918296813965,86016,259684,1239,OK,2026-03-18 20:40:04
235,D:\6S2\Thesis\7 dataset\hama3_split_raw\test\3\0060.raw,1,3,1,3,1,3647,4.450550556182861,86016,259684,1240,OK,2026-03-18 20:40:11
236,D:\6S2\Thesis\7 dataset\hama3_split_raw\test\5\0077.raw,2,5,2,5,1,3647,4.450690507888794,86016,259684,1241,OK,2026-03-18 20:40:17
237,D:\6S2\Thesis\7 dataset\hama3_split_raw\test\0\0081.raw,0,0,0,0,1,3647,4.449509859085083,86016,259684,1242,OK,2026-03-18 20:40:24
238,D:\6S2\Thesis\7 dataset\hama3_split_raw\test\5\0094.raw,2,5,2,5,1,3647,4.450451135635376,86016,259684,1243,OK,2026-03-18 20:40:30
239,D:\6S2\Thesis\7 dataset\hama3_split_raw\test\8\0138.raw,3,8,3,8,1,3647,4.450327157974243,86016,259684,1244,OK,2026-03-18 20:40:37
240,D:\6S2\Thesis\7 dataset\hama3_split_raw\test\3\0049.raw,1,3,1,3,1,3647,4.448233366012573,86016,259684,1245,OK,2026-03-18 20:40:43
241,D:\6S2\Thesis\7 dataset\hama3_split_raw\test\0\0009.raw,0,0,0,0,1,3647,4.450197219848633,86016,259684,1246,OK,2026-03-18 20:40:50
242,D:\6S2\Thesis\7 dataset\hama3_split_raw\test\3\0048.raw,1,3,1,3,1,3648,4.450608015060425,86016,259684,1247,OK,2026-03-18 20:40:56
243,D:\6S2\Thesis\7 dataset\hama3_split_raw\test\9\0058.raw,4,9,4,9,1,3648,4.450834035873413,86016,259684,1248,OK,2026-03-18 20:41:03
244,D:\6S2\Thesis\7 dataset\hama3_split_raw\test\3\0021.raw,1,3,1,3,1,3647,4.450999975204468,86016,259684,1249,OK,2026-03-18 20:41:09
245,D:\6S2\Thesis\7 dataset\hama3_split_raw\test\9\0063.raw,4,9,4,9,1,3647,4.450052976608276,86016,259684,1250,OK,2026-03-18 20:41:15
246,D:\6S2\Thesis\7 dataset\hama3_split_raw\test\9\0009.raw,4,9,4,9,1,3648,4.450283527374268,86016,259684,1251,OK,2026-03-18 20:41:22
247,D:\6S2\Thesis\7 dataset\hama3_split_raw\test\0\0058.raw,0,0,0,0,1,3647,4.450168132781982,86016,259684,1252,OK,2026-03-18 20:41:28
248,D:\6S2\Thesis\7 dataset\hama3_split_raw\test\3\0103.raw,1,3,1,3,1,3648,4.450256824493408,86016,259684,1253,OK,2026-03-18 20:41:35
249,D:\6S2\Thesis\7 dataset\hama3_split_raw\test\0\0072.raw,0,0,0,0,1,3647,4.449721097946167,86016,259684,1254,OK,2026-03-18 20:41:41
250,D:\6S2\Thesis\7 dataset\hama3_split_raw\test\8\0086.raw,3,8,3,8,1,3648,4.451345682144165,86016,259684,1255,OK,2026-03-18 20:41:48
251,D:\6S2\Thesis\7 dataset\hama3_split_raw\test\0\0035.raw,0,0,0,0,1,3648,4.450700998306274,86016,259684,1256,OK,2026-03-18 20:41:54
252,D:\6S2\Thesis\7 dataset\hama3_split_raw\test\9\0002.raw,4,9,4,9,1,3648,4.450264930725098,86016,259684,1257,OK,2026-03-18 20:42:01
253,D:\6S2\Thesis\7 dataset\hama3_split_raw\test\0\0018.raw,0,0,0,0,1,3647,4.450530290603638,86016,259684,1258,OK,2026-03-18 20:42:07
254,D:\6S2\Thesis\7 dataset\hama3_split_raw\test\3\0068.raw,1,3,4,9,0,3647,4.450833320617676,86016,259684,1259,OK,2026-03-18 20:42:14
255,D:\6S2\Thesis\7 dataset\hama3_split_raw\test\8\0047.raw,3,8,0,0,0,3647,4.452127695083618,86016,259684,1260,OK,2026-03-18 20:42:20
256,D:\6S2\Thesis\7 dataset\hama3_split_raw\test\3\0110.raw,1,3,0,0,0,3647,4.449807643890381,86016,259684,1261,OK,2026-03-18 20:42:27
257,D:\6S2\Thesis\7 dataset\hama3_split_raw\test\0\0050.raw,0,0,1,3,0,3647,4.450109481811523,86016,259684,1262,OK,2026-03-18 20:42:33
258,D:\6S2\Thesis\7 dataset\hama3_split_raw\test\9\0093.raw,4,9,4,9,1,3647,4.450554609298706,86016,259684,1263,OK,2026-03-18 20:42:40
259,D:\6S2\Thesis\7 dataset\hama3_split_raw\test\5\0029.raw,2,5,2,5,1,3647,4.450510740280151,86016,259684,1264,OK,2026-03-18 20:42:46
260,D:\6S2\Thesis\7 dataset\hama3_split_raw\test\3\0004.raw,1,3,4,9,0,3647,4.451424598693848,86016,259684,1265,OK,2026-03-18 20:42:52
261,D:\6S2\Thesis\7 dataset\hama3_split_raw\test\8\0052.raw,3,8,4,9,0,3648,4.4505157470703125,86016,259684,1266,OK,2026-03-18 20:42:59
262,D:\6S2\Thesis\7 dataset\hama3_split_raw\test\0\0070.raw,0,0,0,0,1,3647,4.450228929519653,86016,259684,1267,OK,2026-03-18 20:43:05
263,D:\6S2\Thesis\7 dataset\hama3_split_raw\test\5\0034.raw,2,5,1,3,0,3647,4.450375080108643,86016,259684,1268,OK,2026-03-18 20:43:12
264,D:\6S2\Thesis\7 dataset\hama3_split_raw\test\5\0006.raw,2,5,2,5,1,3647,4.45037841796875,86016,259684,1269,OK,2026-03-18 20:43:18
265,D:\6S2\Thesis\7 dataset\hama3_split_raw\test\3\0056.raw,1,3,1,3,1,3647,4.4505603313446045,86016,259684,1270,OK,2026-03-18 20:43:25
266,D:\6S2\Thesis\7 dataset\hama3_split_raw\test\8\0004.raw,3,8,0,0,0,3648,4.450078964233398,86016,259684,1271,OK,2026-03-18 20:43:31
267,D:\6S2\Thesis\7 dataset\hama3_split_raw\test\8\0114.raw,3,8,3,8,1,3648,4.448380708694458,86016,259684,1272,OK,2026-03-18 20:43:38
268,D:\6S2\Thesis\7 dataset\hama3_split_raw\test\3\0112.raw,1,3,3,8,0,3647,4.449908256530762,86016,259684,1273,OK,2026-03-18 20:43:44
269,D:\6S2\Thesis\7 dataset\hama3_split_raw\test\3\0079.raw,1,3,1,3,1,3647,4.451181173324585,86016,259684,1274,OK,2026-03-18 20:43:51
270,D:\6S2\Thesis\7 dataset\hama3_split_raw\test\9\0000.raw,4,9,3,8,0,3648,4.452491998672485,86016,259684,1275,OK,2026-03-18 20:43:57
271,D:\6S2\Thesis\7 dataset\hama3_split_raw\test\3\0101.raw,1,3,0,0,0,3648,4.450437307357788,86016,259684,1276,OK,2026-03-18 20:44:03
272,D:\6S2\Thesis\7 dataset\hama3_split_raw\test\5\0009.raw,2,5,2,5,1,3647,4.450819492340088,86016,259684,1277,OK,2026-03-18 20:44:10
273,D:\6S2\Thesis\7 dataset\hama3_split_raw\test\8\0178.raw,3,8,3,8,1,3648,4.450246810913086,86016,259684,1278,OK,2026-03-18 20:44:16
274,D:\6S2\Thesis\7 dataset\hama3_split_raw\test\0\0008.raw,0,0,0,0,1,3647,4.450851202011108,86016,259684,1279,OK,2026-03-18 20:44:23
275,D:\6S2\Thesis\7 dataset\hama3_split_raw\test\3\0094.raw,1,3,1,3,1,3647,4.451144456863403,86016,259684,1280,OK,2026-03-18 20:44:29
276,D:\6S2\Thesis\7 dataset\hama3_split_raw\test\5\0011.raw,2,5,2,5,1,3648,4.451564311981201,86016,259684,1281,OK,2026-03-18 20:44:36
277,D:\6S2\Thesis\7 dataset\hama3_split_raw\test\5\0075.raw,2,5,3,8,0,3648,4.451290130615234,86016,259684,1282,OK,2026-03-18 20:44:42
278,D:\6S2\Thesis\7 dataset\hama3_split_raw\test\3\0024.raw,1,3,3,8,0,3647,4.451658725738525,86016,259684,1283,OK,2026-03-18 20:44:49
279,D:\6S2\Thesis\7 dataset\hama3_split_raw\test\9\0006.raw,4,9,4,9,1,3647,4.4521284103393555,86016,259684,1284,OK,2026-03-18 20:44:55
280,D:\6S2\Thesis\7 dataset\hama3_split_raw\test\5\0106.raw,2,5,2,5,1,3648,4.451383352279663,86016,259684,1285,OK,2026-03-18 20:45:02
281,D:\6S2\Thesis\7 dataset\hama3_split_raw\test\0\0052.raw,0,0,0,0,1,3647,4.451836347579956,86016,259684,1286,OK,2026-03-18 20:45:08
282,D:\6S2\Thesis\7 dataset\hama3_split_raw\test\0\0085.raw,0,0,0,0,1,3647,4.452095985412598,86016,259684,1287,OK,2026-03-18 20:45:14
283,D:\6S2\Thesis\7 dataset\hama3_split_raw\test\9\0068.raw,4,9,4,9,1,3648,4.449291467666626,86016,259684,1288,OK,2026-03-18 20:45:21
284,D:\6S2\Thesis\7 dataset\hama3_split_raw\test\8\0094.raw,3,8,3,8,1,3647,4.449291467666626,86016,259684,1289,OK,2026-03-18 20:45:27
285,D:\6S2\Thesis\7 dataset\hama3_split_raw\test\3\0065.raw,1,3,1,3,1,3647,4.451590061187744,86016,259684,1290,OK,2026-03-18 20:45:34
286,D:\6S2\Thesis\7 dataset\hama3_split_raw\test\3\0096.raw,1,3,1,3,1,3647,4.450888633728027,86016,259684,1291,OK,2026-03-18 20:45:40
287,D:\6S2\Thesis\7 dataset\hama3_split_raw\test\0\0061.raw,0,0,0,0,1,3647,4.451828241348267,86016,259684,1292,OK,2026-03-18 20:45:47
288,D:\6S2\Thesis\7 dataset\hama3_split_raw\test\9\0045.raw,4,9,1,3,0,3647,4.448118448257446,86016,259684,1293,OK,2026-03-18 20:45:53
289,D:\6S2\Thesis\7 dataset\hama3_split_raw\test\8\0057.raw,3,8,3,8,1,3648,4.450865983963013,86016,259684,1294,OK,2026-03-18 20:46:00
290,D:\6S2\Thesis\7 dataset\hama3_split_raw\test\3\0037.raw,1,3,1,3,1,3647,4.450730085372925,86016,259684,1295,OK,2026-03-18 20:46:06
291,D:\6S2\Thesis\7 dataset\hama3_split_raw\test\3\0050.raw,1,3,1,3,1,3647,4.4509429931640625,86016,259684,1296,OK,2026-03-18 20:46:13
292,D:\6S2\Thesis\7 dataset\hama3_split_raw\test\5\0092.raw,2,5,2,5,1,3647,4.453023433685303,86016,259684,1297,OK,2026-03-18 20:46:19
293,D:\6S2\Thesis\7 dataset\hama3_split_raw\test\9\0066.raw,4,9,4,9,1,3647,4.451108694076538,86016,259684,1298,OK,2026-03-18 20:46:25
294,D:\6S2\Thesis\7 dataset\hama3_split_raw\test\9\0002.raw,4,9,4,9,1,3648,4.451261520385742,86016,259684,1299,OK,2026-03-18 20:46:32
295,D:\6S2\Thesis\7 dataset\hama3_split_raw\test\5\0106.raw,2,5,2,5,1,3648,4.452190637588501,86016,259684,1300,OK,2026-03-18 20:46:38
296,D:\6S2\Thesis\7 dataset\hama3_split_raw\test\0\0033.raw,0,0,3,8,0,3647,4.450929403305054,86016,259684,1301,OK,2026-03-18 20:46:45
297,D:\6S2\Thesis\7 dataset\hama3_split_raw\test\5\0113.raw,2,5,2,5,1,3647,4.4510815143585205,86016,259684,1302,OK,2026-03-18 20:46:51
298,D:\6S2\Thesis\7 dataset\hama3_split_raw\test\5\0100.raw,2,5,2,5,1,3648,4.4504594802856445,86016,259684,1303,OK,2026-03-18 20:46:58
299,D:\6S2\Thesis\7 dataset\hama3_split_raw\test\9\0097.raw,4,9,2,5,0,3647,4.450732231140137,86016,259684,1304,OK,2026-03-18 20:47:04
300,D:\6S2\Thesis\7 dataset\hama3_split_raw\test\8\0162.raw,3,8,3,8,1,3647,4.45133638381958,86016,259684,1305,OK,2026-03-18 20:47:11
301,D:\6S2\Thesis\7 dataset\hama3_split_raw\test\9\0064.raw,4,9,2,5,0,3647,4.450019836425781,86016,259684,1306,OK,2026-03-18 20:47:17
302,D:\6S2\Thesis\7 dataset\hama3_split_raw\test\8\0085.raw,3,8,3,8,1,3647,4.452282667160034,86016,259684,1307,OK,2026-03-18 20:47:24
303,D:\6S2\Thesis\7 dataset\hama3_split_raw\test\3\0096.raw,1,3,1,3,1,3648,4.451707363128662,86016,259684,1308,OK,2026-03-18 20:47:30
304,D:\6S2\Thesis\7 dataset\hama3_split_raw\test\0\0045.raw,0,0,0,0,1,3648,4.451496124267578,86016,259684,1309,OK,2026-03-18 20:47:37
305,D:\6S2\Thesis\7 dataset\hama3_split_raw\test\9\0070.raw,4,9,4,9,1,3647,4.4513421058654785,86016,259684,1310,OK,2026-03-18 20:47:43
306,D:\6S2\Thesis\7 dataset\hama3_split_raw\test\5\0052.raw,2,5,2,5,1,3647,4.451054811477661,86016,259684,1311,OK,2026-03-18 20:47:49
307,D:\6S2\Thesis\7 dataset\hama3_split_raw\test\9\0071.raw,4,9,4,9,1,3647,4.451164484024048,86016,259684,1312,OK,2026-03-18 20:47:56
308,D:\6S2\Thesis\7 dataset\hama3_split_raw\test\0\0059.raw,0,0,4,9,0,3647,4.450822830200195,86016,259684,1313,OK,2026-03-18 20:48:02
309,D:\6S2\Thesis\7 dataset\hama3_split_raw\test\9\0064.raw,4,9,2,5,0,3647,4.4507975578308105,86016,259684,1314,OK,2026-03-18 20:48:09
310,D:\6S2\Thesis\7 dataset\hama3_split_raw\test\5\0029.raw,2,5,2,5,1,3648,4.451458215713501,86016,259684,1315,OK,2026-03-18 20:48:15
311,D:\6S2\Thesis\7 dataset\hama3_split_raw\test\8\0053.raw,3,8,3,8,1,3648,4.45208477973938,86016,259684,1316,OK,2026-03-18 20:48:22
312,D:\6S2\Thesis\7 dataset\hama3_split_raw\test\0\0011.raw,0,0,0,0,1,3648,4.4509851932525635,86016,259684,1317,OK,2026-03-18 20:48:28
313,D:\6S2\Thesis\7 dataset\hama3_split_raw\test\8\0133.raw,3,8,3,8,1,3647,4.4514853954315186,86016,259684,1318,OK,2026-03-18 20:48:35
314,D:\6S2\Thesis\7 dataset\hama3_split_raw\test\8\0098.raw,3,8,3,8,1,3647,4.450396776199341,86016,259684,1319,OK,2026-03-18 20:48:41
315,D:\6S2\Thesis\7 dataset\hama3_split_raw\test\5\0039.raw,2,5,2,5,1,3647,4.451329469680786,86016,259684,1320,OK,2026-03-18 20:48:48
316,D:\6S2\Thesis\7 dataset\hama3_split_raw\test\3\0078.raw,1,3,1,3,1,3647,4.451404571533203,86016,259684,1321,OK,2026-03-18 20:48:54
317,D:\6S2\Thesis\7 dataset\hama3_split_raw\test\9\0086.raw,4,9,1,3,0,3647,4.450654983520508,86016,259684,1322,OK,2026-03-18 20:49:01
318,D:\6S2\Thesis\7 dataset\hama3_split_raw\test\9\0047.raw,4,9,4,9,1,3648,4.44946551322937,86016,259684,1323,OK,2026-03-18 20:49:07
319,D:\6S2\Thesis\7 dataset\hama3_split_raw\test\8\0091.raw,3,8,3,8,1,3648,4.449335813522339,86016,259684,1324,OK,2026-03-18 20:49:13
320,D:\6S2\Thesis\7 dataset\hama3_split_raw\test\0\0074.raw,0,0,3,8,0,3647,4.450786828994751,86016,259684,1325,OK,2026-03-18 20:49:20
321,D:\6S2\Thesis\7 dataset\hama3_split_raw\test\0\0016.raw,0,0,0,0,1,3647,4.451042413711548,86016,259684,1326,OK,2026-03-18 20:49:26
322,D:\6S2\Thesis\7 dataset\hama3_split_raw\test\9\0095.raw,4,9,4,9,1,3648,4.450566291809082,86016,259684,1327,OK,2026-03-18 20:49:33
323,D:\6S2\Thesis\7 dataset\hama3_split_raw\test\3\0018.raw,1,3,1,3,1,3647,4.450929164886475,86016,259684,1328,OK,2026-03-18 20:49:39
324,D:\6S2\Thesis\7 dataset\hama3_split_raw\test\8\0089.raw,3,8,3,8,1,3648,4.450475692749023,86016,259684,1329,OK,2026-03-18 20:49:46
325,D:\6S2\Thesis\7 dataset\hama3_split_raw\test\8\0042.raw,3,8,3,8,1,3647,4.45013952255249,86016,259684,1330,OK,2026-03-18 20:49:52
326,D:\6S2\Thesis\7 dataset\hama3_split_raw\test\8\0078.raw,3,8,1,3,0,3647,4.450429916381836,86016,259684,1331,OK,2026-03-18 20:49:59
327,D:\6S2\Thesis\7 dataset\hama3_split_raw\test\0\0007.raw,0,0,0,0,1,3647,4.450743913650513,86016,259684,1332,OK,2026-03-18 20:50:05
328,D:\6S2\Thesis\7 dataset\hama3_split_raw\test\8\0053.raw,3,8,3,8,1,3647,4.451130390167236,86016,259684,1333,OK,2026-03-18 20:50:11
329,D:\6S2\Thesis\7 dataset\hama3_split_raw\test\0\0089.raw,0,0,0,0,1,3647,4.450575828552246,86016,259684,1334,OK,2026-03-18 20:50:18
330,D:\6S2\Thesis\7 dataset\hama3_split_raw\test\5\0081.raw,2,5,2,5,1,3647,4.450500249862671,86016,259684,1335,OK,2026-03-18 20:50:24
331,D:\6S2\Thesis\7 dataset\hama3_split_raw\test\0\0084.raw,0,0,0,0,1,3648,4.451195001602173,86016,259684,1336,OK,2026-03-18 20:50:31
332,D:\6S2\Thesis\7 dataset\hama3_split_raw\test\5\0058.raw,2,5,2,5,1,3647,4.450501203536987,86016,259684,1337,OK,2026-03-18 20:50:37
333,D:\6S2\Thesis\7 dataset\hama3_split_raw\test\5\0003.raw,2,5,3,8,0,3647,4.449931859970093,86016,259684,1338,OK,2026-03-18 20:50:44
334,D:\6S2\Thesis\7 dataset\hama3_split_raw\test\8\0020.raw,3,8,3,8,1,3648,4.450519800186157,86016,259684,1339,OK,2026-03-18 20:50:50
335,D:\6S2\Thesis\7 dataset\hama3_split_raw\test\0\0072.raw,0,0,0,0,1,3647,4.450462579727173,86016,259684,1340,OK,2026-03-18 20:50:57
336,D:\6S2\Thesis\7 dataset\hama3_split_raw\test\9\0006.raw,4,9,4,9,1,3647,4.45038366317749,86016,259684,1341,OK,2026-03-18 20:51:03
337,D:\6S2\Thesis\7 dataset\hama3_split_raw\test\8\0127.raw,3,8,3,8,1,3647,4.450178861618042,86016,259684,1342,OK,2026-03-18 20:51:10
338,D:\6S2\Thesis\7 dataset\hama3_split_raw\test\5\0078.raw,2,5,2,5,1,3647,4.451235771179199,86016,259684,1343,OK,2026-03-18 20:51:16
339,D:\6S2\Thesis\7 dataset\hama3_split_raw\test\8\0055.raw,3,8,1,3,0,3648,4.450456857681274,86016,259684,1344,OK,2026-03-18 20:51:23
340,D:\6S2\Thesis\7 dataset\hama3_split_raw\test\3\0066.raw,1,3,4,9,0,3647,4.451114892959595,86016,259684,1345,OK,2026-03-18 20:51:29
341,D:\6S2\Thesis\7 dataset\hama3_split_raw\test\5\0064.raw,2,5,0,0,0,3647,4.450848579406738,86016,259684,1346,OK,2026-03-18 20:51:36
342,D:\6S2\Thesis\7 dataset\hama3_split_raw\test\3\0042.raw,1,3,1,3,1,3648,4.450231075286865,86016,259684,1347,OK,2026-03-18 20:51:42
343,D:\6S2\Thesis\7 dataset\hama3_split_raw\test\5\0116.raw,2,5,2,5,1,3648,4.450817823410034,86016,259684,1348,OK,2026-03-18 20:51:48
344,D:\6S2\Thesis\7 dataset\hama3_split_raw\test\3\0073.raw,1,3,1,3,1,3648,4.450859546661377,86016,259684,1349,OK,2026-03-18 20:51:55
345,D:\6S2\Thesis\7 dataset\hama3_split_raw\test\5\0060.raw,2,5,2,5,1,3647,4.450640678405762,86016,259684,1350,OK,2026-03-18 20:52:01
346,D:\6S2\Thesis\7 dataset\hama3_split_raw\test\8\0144.raw,3,8,3,8,1,3648,4.448575973510742,86016,259684,1351,OK,2026-03-18 20:52:08
347,D:\6S2\Thesis\7 dataset\hama3_split_raw\test\0\0027.raw,0,0,2,5,0,3647,4.450467348098755,86016,259684,1352,OK,2026-03-18 20:52:14
348,D:\6S2\Thesis\7 dataset\hama3_split_raw\test\0\0039.raw,0,0,0,0,1,3647,4.4506378173828125,86016,259684,1353,OK,2026-03-18 20:52:21
349,D:\6S2\Thesis\7 dataset\hama3_split_raw\test\5\0004.raw,2,5,2,5,1,3647,4.449518203735352,86016,259684,1354,OK,2026-03-18 20:52:27
350,D:\6S2\Thesis\7 dataset\hama3_split_raw\test\8\0090.raw,3,8,3,8,1,3647,4.449779033660889,86016,259684,1355,OK,2026-03-18 20:52:34
351,D:\6S2\Thesis\7 dataset\hama3_split_raw\test\5\0028.raw,2,5,2,5,1,3647,4.451051712036133,86016,259684,1356,OK,2026-03-18 20:52:40
352,D:\6S2\Thesis\7 dataset\hama3_split_raw\test\8\0011.raw,3,8,3,8,1,3648,4.450693130493164,86016,259684,1357,OK,2026-03-18 20:52:47
353,D:\6S2\Thesis\7 dataset\hama3_split_raw\test\8\0119.raw,3,8,3,8,1,3647,4.447583198547363,86016,259684,1358,OK,2026-03-18 20:52:53
354,D:\6S2\Thesis\7 dataset\hama3_split_raw\test\5\0036.raw,2,5,2,5,1,3647,4.45061993598938,86016,259684,1359,OK,2026-03-18 20:52:59
355,D:\6S2\Thesis\7 dataset\hama3_split_raw\test\3\0070.raw,1,3,1,3,1,3648,4.450746536254883,86016,259684,1360,OK,2026-03-18 20:53:06
356,D:\6S2\Thesis\7 dataset\hama3_split_raw\test\0\0054.raw,0,0,1,3,0,3648,4.451512813568115,86016,259684,1361,OK,2026-03-18 20:53:12
357,D:\6S2\Thesis\7 dataset\hama3_split_raw\test\9\0082.raw,4,9,3,8,0,3647,4.4511494636535645,86016,259684,1362,OK,2026-03-18 20:53:19
358,D:\6S2\Thesis\7 dataset\hama3_split_raw\test\3\0041.raw,1,3,1,3,1,3647,4.45189356803894,86016,259684,1363,OK,2026-03-18 20:53:25
359,D:\6S2\Thesis\7 dataset\hama3_split_raw\test\9\0088.raw,4,9,4,9,1,3647,4.451617240905762,86016,259684,1364,OK,2026-03-18 20:53:32
360,D:\6S2\Thesis\7 dataset\hama3_split_raw\test\0\0010.raw,0,0,4,9,0,3647,4.451885938644409,86016,259684,1365,OK,2026-03-18 20:53:38
361,D:\6S2\Thesis\7 dataset\hama3_split_raw\test\9\0053.raw,4,9,1,3,0,3647,4.450546026229858,86016,259684,1366,OK,2026-03-18 20:53:45
362,D:\6S2\Thesis\7 dataset\hama3_split_raw\test\5\0025.raw,2,5,0,0,0,3648,4.4511823654174805,86016,259684,1367,OK,2026-03-18 20:53:51
363,D:\6S2\Thesis\7 dataset\hama3_split_raw\test\3\0107.raw,1,3,2,5,0,3647,4.452671766281128,86016,259684,1368,OK,2026-03-18 20:53:58
364,D:\6S2\Thesis\7 dataset\hama3_split_raw\test\0\0072.raw,0,0,0,0,1,3647,4.451245069503784,86016,259684,1369,OK,2026-03-18 20:54:04
365,D:\6S2\Thesis\7 dataset\hama3_split_raw\test\8\0046.raw,3,8,3,8,1,3647,4.452866315841675,86016,259684,1370,OK,2026-03-18 20:54:11
366,D:\6S2\Thesis\7 dataset\hama3_split_raw\test\8\0050.raw,3,8,4,9,0,3647,4.450459718704224,86016,259684,1371,OK,2026-03-18 20:54:17
367,D:\6S2\Thesis\7 dataset\hama3_split_raw\test\0\0033.raw,0,0,3,8,0,3647,4.4510602951049805,86016,259684,1372,OK,2026-03-18 20:54:23
368,D:\6S2\Thesis\7 dataset\hama3_split_raw\test\3\0101.raw,1,3,0,0,0,3647,4.451153039932251,86016,259684,1373,OK,2026-03-18 20:54:30
369,D:\6S2\Thesis\7 dataset\hama3_split_raw\test\3\0059.raw,1,3,2,5,0,3647,4.451596736907959,86016,259684,1374,OK,2026-03-18 20:54:36
370,D:\6S2\Thesis\7 dataset\hama3_split_raw\test\3\0095.raw,1,3,0,0,0,3647,4.451196193695068,86016,259684,1375,OK,2026-03-18 20:54:43
371,D:\6S2\Thesis\7 dataset\hama3_split_raw\test\0\0008.raw,0,0,0,0,1,3647,4.450755596160889,86016,259684,1376,OK,2026-03-18 20:54:49
372,D:\6S2\Thesis\7 dataset\hama3_split_raw\test\8\0162.raw,3,8,3,8,1,3647,4.45304012298584,86016,259684,1377,OK,2026-03-18 20:54:56
373,D:\6S2\Thesis\7 dataset\hama3_split_raw\test\3\0021.raw,1,3,1,3,1,3647,4.4512412548065186,86016,259684,1378,OK,2026-03-18 20:55:02
374,D:\6S2\Thesis\7 dataset\hama3_split_raw\test\3\0106.raw,1,3,3,8,0,3648,4.451042413711548,86016,259684,1379,OK,2026-03-18 20:55:09
375,D:\6S2\Thesis\7 dataset\hama3_split_raw\test\3\0018.raw,1,3,1,3,1,3648,4.451578855514526,86016,259684,1380,OK,2026-03-18 20:55:15
376,D:\6S2\Thesis\7 dataset\hama3_split_raw\test\9\0053.raw,4,9,1,3,0,3647,4.450345993041992,86016,259684,1381,OK,2026-03-18 20:55:22
377,D:\6S2\Thesis\7 dataset\hama3_split_raw\test\8\0001.raw,3,8,3,8,1,3647,4.451326131820679,86016,259684,1382,OK,2026-03-18 20:55:28
378,D:\6S2\Thesis\7 dataset\hama3_split_raw\test\0\0077.raw,0,0,0,0,1,3648,4.451406002044678,86016,259684,1383,OK,2026-03-18 20:55:34
379,D:\6S2\Thesis\7 dataset\hama3_split_raw\test\8\0145.raw,3,8,3,8,1,3648,4.450276613235474,86016,259684,1384,OK,2026-03-18 20:55:41
380,D:\6S2\Thesis\7 dataset\hama3_split_raw\test\9\0036.raw,4,9,4,9,1,3647,4.451165676116943,86016,259684,1385,OK,2026-03-18 20:55:47
381,D:\6S2\Thesis\7 dataset\hama3_split_raw\test\5\0070.raw,2,5,4,9,0,3647,4.451871395111084,86016,259684,1386,OK,2026-03-18 20:55:54
382,D:\6S2\Thesis\7 dataset\hama3_split_raw\test\3\0018.raw,1,3,1,3,1,3647,4.451081275939941,86016,259684,1387,OK,2026-03-18 20:56:00
383,D:\6S2\Thesis\7 dataset\hama3_split_raw\test\3\0068.raw,1,3,4,9,0,3648,4.45102858543396,86016,259684,1388,OK,2026-03-18 20:56:07
384,D:\6S2\Thesis\7 dataset\hama3_split_raw\test\0\0069.raw,0,0,3,8,0,3647,4.451122522354126,86016,259684,1389,OK,2026-03-18 20:56:13
385,D:\6S2\Thesis\7 dataset\hama3_split_raw\test\0\0008.raw,0,0,0,0,1,3647,4.451038360595703,86016,259684,1390,OK,2026-03-18 20:56:20
386,D:\6S2\Thesis\7 dataset\hama3_split_raw\test\8\0040.raw,3,8,0,0,0,3647,4.451256990432739,86016,259684,1391,OK,2026-03-18 20:56:26
387,D:\6S2\Thesis\7 dataset\hama3_split_raw\test\5\0069.raw,2,5,3,8,0,3647,4.451704263687134,86016,259684,1392,OK,2026-03-18 20:56:33
388,D:\6S2\Thesis\7 dataset\hama3_split_raw\test\8\0157.raw,3,8,3,8,1,3647,4.450351238250732,86016,259684,1393,OK,2026-03-18 20:56:39
389,D:\6S2\Thesis\7 dataset\hama3_split_raw\test\8\0113.raw,3,8,3,8,1,3647,4.450334787368774,86016,259684,1394,OK,2026-03-18 20:56:46
390,D:\6S2\Thesis\7 dataset\hama3_split_raw\test\8\0060.raw,3,8,3,8,1,3647,4.450042009353638,86016,259684,1395,OK,2026-03-18 20:56:52
391,D:\6S2\Thesis\7 dataset\hama3_split_raw\test\8\0082.raw,3,8,3,8,1,3648,4.450131177902222,86016,259684,1396,OK,2026-03-18 20:56:58
392,D:\6S2\Thesis\7 dataset\hama3_split_raw\test\3\0025.raw,1,3,1,3,1,3648,4.451179265975952,86016,259684,1397,OK,2026-03-18 20:57:05
393,D:\6S2\Thesis\7 dataset\hama3_split_raw\test\0\0049.raw,0,0,3,8,0,3648,4.451437473297119,86016,259684,1398,OK,2026-03-18 20:57:11
394,D:\6S2\Thesis\7 dataset\hama3_split_raw\test\3\0023.raw,1,3,1,3,1,3647,4.4507060050964355,86016,259684,1399,OK,2026-03-18 20:57:18
395,D:\6S2\Thesis\7 dataset\hama3_split_raw\test\0\0048.raw,0,0,0,0,1,3647,4.450856924057007,86016,259684,1400,OK,2026-03-18 20:57:24
396,D:\6S2\Thesis\7 dataset\hama3_split_raw\test\5\0004.raw,2,5,2,5,1,3647,4.450833320617676,86016,259684,1401,OK,2026-03-18 20:57:31
397,D:\6S2\Thesis\7 dataset\hama3_split_raw\test\3\0088.raw,1,3,1,3,1,3647,4.450770854949951,86016,259684,1402,OK,2026-03-18 20:57:37
398,D:\6S2\Thesis\7 dataset\hama3_split_raw\test\5\0103.raw,2,5,2,5,1,3647,4.450309753417969,86016,259684,1403,OK,2026-03-18 20:57:44
399,D:\6S2\Thesis\7 dataset\hama3_split_raw\test\5\0019.raw,2,5,2,5,1,3647,4.4485907554626465,86016,259684,1404,OK,2026-03-18 20:57:50
400,D:\6S2\Thesis\7 dataset\hama3_split_raw\test\8\0124.raw,3,8,3,8,1,3647,4.450642108917236,86016,259684,1405,OK,2026-03-18 20:57:57
401,D:\6S2\Thesis\7 dataset\hama3_split_raw\test\0\0010.raw,0,0,4,9,0,3647,4.451347827911377,86016,259684,1406,OK,2026-03-18 20:58:03
402,D:\6S2\Thesis\7 dataset\hama3_split_raw\test\9\0051.raw,4,9,4,9,1,3647,4.45174765586853,86016,259684,1407,OK,2026-03-18 20:58:09
403,D:\6S2\Thesis\7 dataset\hama3_split_raw\test\8\0126.raw,3,8,3,8,1,3648,4.4509735107421875,86016,259684,1408,OK,2026-03-18 20:58:16
404,D:\6S2\Thesis\7 dataset\hama3_split_raw\test\5\0087.raw,2,5,2,5,1,3647,4.451906681060791,86016,259684,1409,OK,2026-03-18 20:58:22
405,D:\6S2\Thesis\7 dataset\hama3_split_raw\test\3\0109.raw,1,3,1,3,1,3647,4.450791835784912,86016,259684,1410,OK,2026-03-18 20:58:29
406,D:\6S2\Thesis\7 dataset\hama3_split_raw\test\8\0129.raw,3,8,3,8,1,3647,4.451219797134399,86016,259684,1411,OK,2026-03-18 20:58:35
407,D:\6S2\Thesis\7 dataset\hama3_split_raw\test\5\0028.raw,2,5,2,5,1,3648,4.451491832733154,86016,259684,1412,OK,2026-03-18 20:58:42
408,D:\6S2\Thesis\7 dataset\hama3_split_raw\test\8\0152.raw,3,8,3,8,1,3647,4.451634645462036,86016,259684,1413,OK,2026-03-18 20:58:48
409,D:\6S2\Thesis\7 dataset\hama3_split_raw\test\3\0061.raw,1,3,1,3,1,3647,4.4509117603302,86016,259684,1414,OK,2026-03-18 20:58:55
410,D:\6S2\Thesis\7 dataset\hama3_split_raw\test\9\0085.raw,4,9,3,8,0,3647,4.451090097427368,86016,259684,1415,OK,2026-03-18 20:59:01
411,D:\6S2\Thesis\7 dataset\hama3_split_raw\test\8\0156.raw,3,8,3,8,1,3648,4.450911045074463,86016,259684,1416,OK,2026-03-18 20:59:08
412,D:\6S2\Thesis\7 dataset\hama3_split_raw\test\8\0167.raw,3,8,4,9,0,3647,4.451307535171509,86016,259684,1417,OK,2026-03-18 20:59:14
413,D:\6S2\Thesis\7 dataset\hama3_split_raw\test\8\0100.raw,3,8,3,8,1,3648,4.4509828090667725,86016,259684,1418,OK,2026-03-18 20:59:20
414,D:\6S2\Thesis\7 dataset\hama3_split_raw\test\0\0039.raw,0,0,0,0,1,3647,4.45069432258606,86016,259684,1419,OK,2026-03-18 20:59:27
415,D:\6S2\Thesis\7 dataset\hama3_split_raw\test\5\0043.raw,2,5,4,9,0,3648,4.451209306716919,86016,259684,1420,OK,2026-03-18 20:59:33
416,D:\6S2\Thesis\7 dataset\hama3_split_raw\test\9\0001.raw,4,9,4,9,1,3648,4.4509077072143555,86016,259684,1421,OK,2026-03-18 20:59:40
417,D:\6S2\Thesis\7 dataset\hama3_split_raw\test\9\0087.raw,4,9,4,9,1,3647,4.451139688491821,86016,259684,1422,OK,2026-03-18 20:59:46
418,D:\6S2\Thesis\7 dataset\hama3_split_raw\test\0\0064.raw,0,0,2,5,0,3648,4.451421499252319,86016,259684,1423,OK,2026-03-18 20:59:53
419,D:\6S2\Thesis\7 dataset\hama3_split_raw\test\0\0040.raw,0,0,1,3,0,3648,4.451145887374878,86016,259684,1424,OK,2026-03-18 20:59:59
420,D:\6S2\Thesis\7 dataset\hama3_split_raw\test\8\0125.raw,3,8,3,8,1,3647,4.451367378234863,86016,259684,1425,OK,2026-03-18 21:00:06
421,D:\6S2\Thesis\7 dataset\hama3_split_raw\test\9\0054.raw,4,9,4,9,1,3647,4.450571298599243,86016,259684,1426,OK,2026-03-18 21:00:12
422,D:\6S2\Thesis\7 dataset\hama3_split_raw\test\8\0045.raw,3,8,3,8,1,3647,4.450163841247559,86016,259684,1427,OK,2026-03-18 21:00:19
423,D:\6S2\Thesis\7 dataset\hama3_split_raw\test\9\0042.raw,4,9,4,9,1,3647,4.449857473373413,86016,259684,1428,OK,2026-03-18 21:00:25
424,D:\6S2\Thesis\7 dataset\hama3_split_raw\test\0\0013.raw,0,0,0,0,1,3647,4.451018333435059,86016,259684,1429,OK,2026-03-18 21:00:32
425,D:\6S2\Thesis\7 dataset\hama3_split_raw\test\9\0007.raw,4,9,0,0,0,3647,4.450955390930176,86016,259684,1430,OK,2026-03-18 21:00:38
426,D:\6S2\Thesis\7 dataset\hama3_split_raw\test\8\0088.raw,3,8,3,8,1,3648,4.449935436248779,86016,259684,1431,OK,2026-03-18 21:00:44
427,D:\6S2\Thesis\7 dataset\hama3_split_raw\test\9\0058.raw,4,9,4,9,1,3647,4.4504618644714355,86016,259684,1432,OK,2026-03-18 21:00:51
428,D:\6S2\Thesis\7 dataset\hama3_split_raw\test\9\0026.raw,4,9,4,9,1,3648,4.450378179550171,86016,259684,1433,OK,2026-03-18 21:00:57
429,D:\6S2\Thesis\7 dataset\hama3_split_raw\test\5\0032.raw,2,5,2,5,1,3647,4.4510345458984375,86016,259684,1434,OK,2026-03-18 21:01:04
430,D:\6S2\Thesis\7 dataset\hama3_split_raw\test\3\0007.raw,1,3,1,3,1,3648,4.451127529144287,86016,259684,1435,OK,2026-03-18 21:01:10
431,D:\6S2\Thesis\7 dataset\hama3_split_raw\test\8\0157.raw,3,8,3,8,1,3648,4.451197147369385,86016,259684,1436,OK,2026-03-18 21:01:17
432,D:\6S2\Thesis\7 dataset\hama3_split_raw\test\0\0090.raw,0,0,3,8,0,3647,4.4508056640625,86016,259684,1437,OK,2026-03-18 21:01:23
433,D:\6S2\Thesis\7 dataset\hama3_split_raw\test\5\0066.raw,2,5,2,5,1,3648,4.450934410095215,86016,259684,1438,OK,2026-03-18 21:01:30
434,D:\6S2\Thesis\7 dataset\hama3_split_raw\test\8\0058.raw,3,8,3,8,1,3647,4.450748682022095,86016,259684,1439,OK,2026-03-18 21:01:36
435,D:\6S2\Thesis\7 dataset\hama3_split_raw\test\9\0039.raw,4,9,4,9,1,3648,4.451311111450195,86016,259684,1440,OK,2026-03-18 21:01:43
436,D:\6S2\Thesis\7 dataset\hama3_split_raw\test\9\0092.raw,4,9,4,9,1,3648,4.450837135314941,86016,259684,1441,OK,2026-03-18 21:01:49
437,D:\6S2\Thesis\7 dataset\hama3_split_raw\test\3\0013.raw,1,3,1,3,1,3647,4.448657512664795,86016,259684,1442,OK,2026-03-18 21:01:56
438,D:\6S2\Thesis\7 dataset\hama3_split_raw\test\9\0093.raw,4,9,4,9,1,3647,4.450721979141235,86016,259684,1443,OK,2026-03-18 21:02:02
439,D:\6S2\Thesis\7 dataset\hama3_split_raw\test\5\0051.raw,2,5,2,5,1,3647,4.4494616985321045,86016,259684,1444,OK,2026-03-18 21:02:09
440,D:\6S2\Thesis\7 dataset\hama3_split_raw\test\3\0102.raw,1,3,1,3,1,3648,4.45073938369751,86016,259684,1445,OK,2026-03-18 21:02:15
441,D:\6S2\Thesis\7 dataset\hama3_split_raw\test\5\0013.raw,2,5,3,8,0,3647,4.4507927894592285,86016,259684,1446,OK,2026-03-18 21:02:21
442,D:\6S2\Thesis\7 dataset\hama3_split_raw\test\5\0088.raw,2,5,2,5,1,3647,4.450787782669067,86016,259684,1447,OK,2026-03-18 21:02:28
443,D:\6S2\Thesis\7 dataset\hama3_split_raw\test\9\0085.raw,4,9,3,8,0,3647,4.451375246047974,86016,259684,1448,OK,2026-03-18 21:02:34
444,D:\6S2\Thesis\7 dataset\hama3_split_raw\test\3\0099.raw,1,3,1,3,1,3648,4.449971675872803,86016,259684,1449,OK,2026-03-18 21:02:41
445,D:\6S2\Thesis\7 dataset\hama3_split_raw\test\0\0056.raw,0,0,1,3,0,3647,4.450705289840698,86016,259684,1450,OK,2026-03-18 21:02:47
446,D:\6S2\Thesis\7 dataset\hama3_split_raw\test\0\0046.raw,0,0,0,0,1,3647,4.4513139724731445,86016,259684,1451,OK,2026-03-18 21:02:54
447,D:\6S2\Thesis\7 dataset\hama3_split_raw\test\0\0065.raw,0,0,0,0,1,3648,4.451075077056885,86016,259684,1452,OK,2026-03-18 21:03:00
448,D:\6S2\Thesis\7 dataset\hama3_split_raw\test\0\0022.raw,0,0,0,0,1,3647,4.451483726501465,86016,259684,1453,OK,2026-03-18 21:03:07
449,D:\6S2\Thesis\7 dataset\hama3_split_raw\test\8\0035.raw,3,8,3,8,1,3647,4.45133638381958,86016,259684,1454,OK,2026-03-18 21:03:13
450,D:\6S2\Thesis\7 dataset\hama3_split_raw\test\9\0063.raw,4,9,4,9,1,3647,4.451072454452515,86016,259684,1455,OK,2026-03-18 21:03:20
451,D:\6S2\Thesis\7 dataset\hama3_split_raw\test\8\0131.raw,3,8,3,8,1,3647,4.450425386428833,86016,259684,1456,OK,2026-03-18 21:03:26
452,D:\6S2\Thesis\7 dataset\hama3_split_raw\test\8\0020.raw,3,8,3,8,1,3647,4.451320648193359,86016,259684,1457,OK,2026-03-18 21:03:32
453,D:\6S2\Thesis\7 dataset\hama3_split_raw\test\5\0119.raw,2,5,2,5,1,3647,4.451420307159424,86016,259684,1458,OK,2026-03-18 21:03:39
454,D:\6S2\Thesis\7 dataset\hama3_split_raw\test\5\0068.raw,2,5,2,5,1,3647,4.451492786407471,86016,259684,1459,OK,2026-03-18 21:03:45
455,D:\6S2\Thesis\7 dataset\hama3_split_raw\test\3\0001.raw,1,3,1,3,1,3647,4.450315237045288,86016,259684,1460,OK,2026-03-18 21:03:52
456,D:\6S2\Thesis\7 dataset\hama3_split_raw\test\9\0080.raw,4,9,4,9,1,3647,4.450816869735718,86016,259684,1461,OK,2026-03-18 21:03:58
457,D:\6S2\Thesis\7 dataset\hama3_split_raw\test\0\0019.raw,0,0,0,0,1,3647,4.451502799987793,86016,259684,1462,OK,2026-03-18 21:04:05
458,D:\6S2\Thesis\7 dataset\hama3_split_raw\test\0\0079.raw,0,0,0,0,1,3647,4.451335906982422,86016,259684,1463,OK,2026-03-18 21:04:11
459,D:\6S2\Thesis\7 dataset\hama3_split_raw\test\3\0074.raw,1,3,1,3,1,3647,4.451871633529663,86016,259684,1464,OK,2026-03-18 21:04:18
460,D:\6S2\Thesis\7 dataset\hama3_split_raw\test\8\0144.raw,3,8,3,8,1,3647,4.453529357910156,86016,259684,1465,OK,2026-03-18 21:04:24
461,D:\6S2\Thesis\7 dataset\hama3_split_raw\test\9\0019.raw,4,9,4,9,1,3647,4.450871229171753,86016,259684,1466,OK,2026-03-18 21:04:31
462,D:\6S2\Thesis\7 dataset\hama3_split_raw\test\3\0101.raw,1,3,0,0,0,3648,4.451440811157227,86016,259684,1467,OK,2026-03-18 21:04:37
463,D:\6S2\Thesis\7 dataset\hama3_split_raw\test\9\0062.raw,4,9,3,8,0,3647,4.449817180633545,86016,259684,1468,OK,2026-03-18 21:04:43
464,D:\6S2\Thesis\7 dataset\hama3_split_raw\test\8\0141.raw,3,8,3,8,1,3648,4.4505088329315186,86016,259684,1469,OK,2026-03-18 21:04:50
465,D:\6S2\Thesis\7 dataset\hama3_split_raw\test\5\0067.raw,2,5,4,9,0,3647,4.450585603713989,86016,259684,1470,OK,2026-03-18 21:04:56
466,D:\6S2\Thesis\7 dataset\hama3_split_raw\test\8\0081.raw,3,8,3,8,1,3647,4.450837135314941,86016,259684,1471,OK,2026-03-18 21:05:03
467,D:\6S2\Thesis\7 dataset\hama3_split_raw\test\8\0021.raw,3,8,3,8,1,3647,4.450941562652588,86016,259684,1472,OK,2026-03-18 21:05:09
468,D:\6S2\Thesis\7 dataset\hama3_split_raw\test\5\0081.raw,2,5,2,5,1,3647,4.450714826583862,86016,259684,1473,OK,2026-03-18 21:05:16
469,D:\6S2\Thesis\7 dataset\hama3_split_raw\test\9\0001.raw,4,9,4,9,1,3648,4.450970649719238,86016,259684,1474,OK,2026-03-18 21:05:22
470,D:\6S2\Thesis\7 dataset\hama3_split_raw\test\9\0046.raw,4,9,2,5,0,3647,4.4520204067230225,86016,259684,1475,OK,2026-03-18 21:05:29
471,D:\6S2\Thesis\7 dataset\hama3_split_raw\test\8\0020.raw,3,8,3,8,1,3647,4.449065923690796,86016,259684,1476,OK,2026-03-18 21:05:35
472,D:\6S2\Thesis\7 dataset\hama3_split_raw\test\8\0149.raw,3,8,3,8,1,3647,4.447878360748291,86016,259684,1477,OK,2026-03-18 21:05:42
473,D:\6S2\Thesis\7 dataset\hama3_split_raw\test\3\0050.raw,1,3,1,3,1,3647,4.448836326599121,86016,259684,1478,OK,2026-03-18 21:05:48
474,D:\6S2\Thesis\7 dataset\hama3_split_raw\test\3\0055.raw,1,3,1,3,1,3647,4.4512670040130615,86016,259684,1479,OK,2026-03-18 21:05:55
475,D:\6S2\Thesis\7 dataset\hama3_split_raw\test\0\0069.raw,0,0,3,8,0,3647,4.451296329498291,86016,259684,1480,OK,2026-03-18 21:06:01
476,D:\6S2\Thesis\7 dataset\hama3_split_raw\test\9\0097.raw,4,9,2,5,0,3648,4.451084136962891,86016,259684,1481,OK,2026-03-18 21:06:07
477,D:\6S2\Thesis\7 dataset\hama3_split_raw\test\3\0101.raw,1,3,0,0,0,3647,4.45076584815979,86016,259684,1482,OK,2026-03-18 21:06:14
478,D:\6S2\Thesis\7 dataset\hama3_split_raw\test\0\0090.raw,0,0,3,8,0,3647,4.449068784713745,86016,259684,1483,OK,2026-03-18 21:06:20
479,D:\6S2\Thesis\7 dataset\hama3_split_raw\test\0\0087.raw,0,0,0,0,1,3648,4.4524946212768555,86016,259684,1484,OK,2026-03-18 21:06:27
480,D:\6S2\Thesis\7 dataset\hama3_split_raw\test\3\0040.raw,1,3,2,5,0,3648,4.450614929199219,86016,259684,1485,OK,2026-03-18 21:06:33
481,D:\6S2\Thesis\7 dataset\hama3_split_raw\test\9\0075.raw,4,9,4,9,1,3647,4.450585842132568,86016,259684,1486,OK,2026-03-18 21:06:40
482,D:\6S2\Thesis\7 dataset\hama3_split_raw\test\0\0041.raw,0,0,0,0,1,3647,4.4510955810546875,86016,259684,1487,OK,2026-03-18 21:06:46
483,D:\6S2\Thesis\7 dataset\hama3_split_raw\test\0\0009.raw,0,0,0,0,1,3648,4.447633504867554,86016,259684,1488,OK,2026-03-18 21:06:53
484,D:\6S2\Thesis\7 dataset\hama3_split_raw\test\3\0085.raw,1,3,1,3,1,3647,4.4511024951934814,86016,259684,1489,OK,2026-03-18 21:06:59
485,D:\6S2\Thesis\7 dataset\hama3_split_raw\test\5\0079.raw,2,5,2,5,1,3647,4.449795484542847,86016,259684,1490,OK,2026-03-18 21:07:06
486,D:\6S2\Thesis\7 dataset\hama3_split_raw\test\8\0106.raw,3,8,3,8,1,3647,4.4496612548828125,86016,259684,1491,OK,2026-03-18 21:07:12
487,D:\6S2\Thesis\7 dataset\hama3_split_raw\test\9\0015.raw,4,9,4,9,1,3648,4.4509687423706055,86016,259684,1492,OK,2026-03-18 21:07:19
488,D:\6S2\Thesis\7 dataset\hama3_split_raw\test\9\0087.raw,4,9,4,9,1,3648,4.450677871704102,86016,259684,1493,OK,2026-03-18 21:07:25
489,D:\6S2\Thesis\7 dataset\hama3_split_raw\test\5\0098.raw,2,5,2,5,1,3647,4.450387477874756,86016,259684,1494,OK,2026-03-18 21:07:32
490,D:\6S2\Thesis\7 dataset\hama3_split_raw\test\0\0043.raw,0,0,0,0,1,3647,4.451258182525635,86016,259684,1495,OK,2026-03-18 21:07:38
491,D:\6S2\Thesis\7 dataset\hama3_split_raw\test\8\0170.raw,3,8,3,8,1,3647,4.452553987503052,86016,259684,1496,OK,2026-03-18 21:07:44
492,D:\6S2\Thesis\7 dataset\hama3_split_raw\test\3\0087.raw,1,3,4,9,0,3647,4.450510263442993,86016,259684,1497,OK,2026-03-18 21:07:51
493,D:\6S2\Thesis\7 dataset\hama3_split_raw\test\0\0032.raw,0,0,4,9,0,3647,4.4508278369903564,86016,259684,1498,OK,2026-03-18 21:07:57
494,D:\6S2\Thesis\7 dataset\hama3_split_raw\test\8\0123.raw,3,8,3,8,1,3648,4.450931549072266,86016,259684,1499,OK,2026-03-18 21:08:04
495,D:\6S2\Thesis\7 dataset\hama3_split_raw\test\8\0096.raw,3,8,3,8,1,3647,4.450266122817993,86016,259684,1500,OK,2026-03-18 21:08:10
496,D:\6S2\Thesis\7 dataset\hama3_split_raw\test\8\0150.raw,3,8,4,9,0,3647,4.451222658157349,86016,259684,1501,OK,2026-03-18 21:08:17
497,D:\6S2\Thesis\7 dataset\hama3_split_raw\test\8\0165.raw,3,8,3,8,1,3648,4.45051908493042,86016,259684,1502,OK,2026-03-18 21:08:23
498,D:\6S2\Thesis\7 dataset\hama3_split_raw\test\8\0092.raw,3,8,3,8,1,3648,4.450661897659302,86016,259684,1503,OK,2026-03-18 21:08:30
499,D:\6S2\Thesis\7 dataset\hama3_split_raw\test\5\0116.raw,2,5,2,5,1,3648,4.4509546756744385,86016,259684,1504,OK,2026-03-18 21:08:36
500,D:\6S2\Thesis\7 dataset\hama3_split_raw\test\3\0016.raw,1,3,4,9,0,3647,4.449895620346069,86016,259684,1505,OK,2026-03-18 21:08:43
501,D:\6S2\Thesis\7 dataset\hama3_split_raw\test\9\0068.raw,4,9,4,9,1,3647,4.450420379638672,86016,259684,1506,OK,2026-03-18 21:08:49
502,D:\6S2\Thesis\7 dataset\hama3_split_raw\test\3\0050.raw,1,3,1,3,1,3647,4.450542211532593,86016,259684,1507,OK,2026-03-18 21:08:56
503,D:\6S2\Thesis\7 dataset\hama3_split_raw\test\0\0016.raw,0,0,0,0,1,3647,4.451255798339844,86016,259684,1508,OK,2026-03-18 21:09:02
504,D:\6S2\Thesis\7 dataset\hama3_split_raw\test\5\0060.raw,2,5,2,5,1,3647,4.450853586196899,86016,259684,1509,OK,2026-03-18 21:09:09
505,D:\6S2\Thesis\7 dataset\hama3_split_raw\test\3\0092.raw,1,3,1,3,1,3647,4.4503397941589355,86016,259684,1510,OK,2026-03-18 21:09:15
506,D:\6S2\Thesis\7 dataset\hama3_split_raw\test\3\0036.raw,1,3,3,8,0,3648,4.450430870056152,86016,259684,1511,OK,2026-03-18 21:09:22
507,D:\6S2\Thesis\7 dataset\hama3_split_raw\test\3\0029.raw,1,3,1,3,1,3647,4.450798273086548,86016,259684,1512,OK,2026-03-18 21:09:28
508,D:\6S2\Thesis\7 dataset\hama3_split_raw\test\3\0034.raw,1,3,0,0,0,3648,4.4511260986328125,86016,259684,1513,OK,2026-03-18 21:09:35
509,D:\6S2\Thesis\7 dataset\hama3_split_raw\test\0\0000.raw,0,0,0,0,1,3647,4.450540065765381,86016,259684,1514,OK,2026-03-18 21:09:41
510,D:\6S2\Thesis\7 dataset\hama3_split_raw\test\0\0060.raw,0,0,0,0,1,3647,4.450507879257202,86016,259684,1515,OK,2026-03-18 21:09:47
511,D:\6S2\Thesis\7 dataset\hama3_split_raw\test\8\0107.raw,3,8,3,8,1,3648,4.4503514766693115,86016,259684,1516,OK,2026-03-18 21:09:54
512,D:\6S2\Thesis\7 dataset\hama3_split_raw\test\3\0084.raw,1,3,1,3,1,3647,4.451286315917969,86016,259684,1517,OK,2026-03-18 21:10:00
513,D:\6S2\Thesis\7 dataset\hama3_split_raw\test\3\0112.raw,1,3,3,8,0,3648,4.45076322555542,86016,259684,1518,OK,2026-03-18 21:10:07
514,D:\6S2\Thesis\7 dataset\hama3_split_raw\test\0\0003.raw,0,0,0,0,1,3647,4.451693296432495,86016,259684,1519,OK,2026-03-18 21:10:13
515,D:\6S2\Thesis\7 dataset\hama3_split_raw\test\9\0091.raw,4,9,4,9,1,3647,4.45143985748291,86016,259684,1520,OK,2026-03-18 21:10:20
516,D:\6S2\Thesis\7 dataset\hama3_split_raw\test\8\0127.raw,3,8,3,8,1,3647,4.451021909713745,86016,259684,1521,OK,2026-03-18 21:10:26
517,D:\6S2\Thesis\7 dataset\hama3_split_raw\test\8\0023.raw,3,8,2,5,0,3647,4.450533390045166,86016,259684,1522,OK,2026-03-18 21:10:33
518,D:\6S2\Thesis\7 dataset\hama3_split_raw\test\5\0019.raw,2,5,2,5,1,3647,4.450901031494141,86016,259684,1523,OK,2026-03-18 21:10:39
519,D:\6S2\Thesis\7 dataset\hama3_split_raw\test\9\0028.raw,4,9,4,9,1,3647,4.450044870376587,86016,259684,1524,OK,2026-03-18 21:10:46
520,D:\6S2\Thesis\7 dataset\hama3_split_raw\test\8\0024.raw,3,8,1,3,0,3647,4.45050835609436,86016,259684,1525,OK,2026-03-18 21:10:52
521,D:\6S2\Thesis\7 dataset\hama3_split_raw\test\5\0019.raw,2,5,2,5,1,3647,4.4504735469818115,86016,259684,1526,OK,2026-03-18 21:10:58
522,D:\6S2\Thesis\7 dataset\hama3_split_raw\test\8\0159.raw,3,8,3,8,1,3647,4.449290990829468,86016,259684,1527,OK,2026-03-18 21:11:05
523,D:\6S2\Thesis\7 dataset\hama3_split_raw\test\0\0028.raw,0,0,0,0,1,3648,4.450993061065674,86016,259684,1528,OK,2026-03-18 21:11:11
524,D:\6S2\Thesis\7 dataset\hama3_split_raw\test\0\0051.raw,0,0,0,0,1,3647,4.451197147369385,86016,259684,1529,OK,2026-03-18 21:11:18
525,D:\6S2\Thesis\7 dataset\hama3_split_raw\test\9\0058.raw,4,9,4,9,1,3647,4.450656890869141,86016,259684,1530,OK,2026-03-18 21:11:24
526,D:\6S2\Thesis\7 dataset\hama3_split_raw\test\8\0067.raw,3,8,2,5,0,3648,4.449879884719849,86016,259684,1531,OK,2026-03-18 21:11:31
527,D:\6S2\Thesis\7 dataset\hama3_split_raw\test\3\0098.raw,1,3,4,9,0,3647,4.4507317543029785,86016,259684,1532,OK,2026-03-18 21:11:37
528,D:\6S2\Thesis\7 dataset\hama3_split_raw\test\5\0027.raw,2,5,2,5,1,3648,4.450289726257324,86016,259684,1533,OK,2026-03-18 21:11:44
529,D:\6S2\Thesis\7 dataset\hama3_split_raw\test\9\0034.raw,4,9,0,0,0,3647,4.450854301452637,86016,259684,1534,OK,2026-03-18 21:11:50
530,D:\6S2\Thesis\7 dataset\hama3_split_raw\test\3\0025.raw,1,3,1,3,1,3647,4.450721979141235,86016,259684,1535,OK,2026-03-18 21:11:57
531,D:\6S2\Thesis\7 dataset\hama3_split_raw\test\3\0004.raw,1,3,4,9,0,3647,4.449918985366821,86016,259684,1536,OK,2026-03-18 21:12:03
532,D:\6S2\Thesis\7 dataset\hama3_split_raw\test\8\0163.raw,3,8,3,8,1,3648,4.4499499797821045,86016,259684,1537,OK,2026-03-18 21:12:10
533,D:\6S2\Thesis\7 dataset\hama3_split_raw\test\8\0163.raw,3,8,3,8,1,3647,4.449631690979004,86016,259684,1538,OK,2026-03-18 21:12:16
534,D:\6S2\Thesis\7 dataset\hama3_split_raw\test\3\0040.raw,1,3,2,5,0,3647,4.449916362762451,86016,259684,1539,OK,2026-03-18 21:12:22
535,D:\6S2\Thesis\7 dataset\hama3_split_raw\test\8\0135.raw,3,8,3,8,1,3647,4.450939655303955,86016,259684,1540,OK,2026-03-18 21:12:29
536,D:\6S2\Thesis\7 dataset\hama3_split_raw\test\5\0106.raw,2,5,2,5,1,3648,4.450925827026367,86016,259684,1541,OK,2026-03-18 21:12:35
537,D:\6S2\Thesis\7 dataset\hama3_split_raw\test\8\0033.raw,3,8,3,8,1,3648,4.450157642364502,86016,259684,1542,OK,2026-03-18 21:12:42
538,D:\6S2\Thesis\7 dataset\hama3_split_raw\test\3\0073.raw,1,3,1,3,1,3647,4.451709508895874,86016,259684,1543,OK,2026-03-18 21:12:48
539,D:\6S2\Thesis\7 dataset\hama3_split_raw\test\5\0062.raw,2,5,2,5,1,3647,4.4508056640625,86016,259684,1544,OK,2026-03-18 21:12:55
540,D:\6S2\Thesis\7 dataset\hama3_split_raw\test\5\0055.raw,2,5,2,5,1,3647,4.4507739543914795,86016,259684,1545,OK,2026-03-18 21:13:01
541,D:\6S2\Thesis\7 dataset\hama3_split_raw\test\5\0032.raw,2,5,2,5,1,3647,4.451671361923218,86016,259684,1546,OK,2026-03-18 21:13:08
542,D:\6S2\Thesis\7 dataset\hama3_split_raw\test\0\0065.raw,0,0,0,0,1,3647,4.45029616355896,86016,259684,1547,OK,2026-03-18 21:13:14
543,D:\6S2\Thesis\7 dataset\hama3_split_raw\test\3\0042.raw,1,3,1,3,1,3647,4.451034784317017,86016,259684,1548,OK,2026-03-18 21:13:21
544,D:\6S2\Thesis\7 dataset\hama3_split_raw\test\9\0063.raw,4,9,4,9,1,3647,4.448482036590576,86016,259684,1549,OK,2026-03-18 21:13:27
545,D:\6S2\Thesis\7 dataset\hama3_split_raw\test\0\0013.raw,0,0,0,0,1,3647,4.451153039932251,86016,259684,1550,OK,2026-03-18 21:13:34
546,D:\6S2\Thesis\7 dataset\hama3_split_raw\test\0\0031.raw,0,0,0,0,1,3647,4.4515416622161865,86016,259684,1551,OK,2026-03-18 21:13:40
547,D:\6S2\Thesis\7 dataset\hama3_split_raw\test\0\0039.raw,0,0,0,0,1,3647,4.450693130493164,86016,259684,1552,OK,2026-03-18 21:13:46
548,D:\6S2\Thesis\7 dataset\hama3_split_raw\test\0\0057.raw,0,0,0,0,1,3647,4.451427221298218,86016,259684,1553,OK,2026-03-18 21:13:53
549,D:\6S2\Thesis\7 dataset\hama3_split_raw\test\3\0028.raw,1,3,1,3,1,3648,4.450937747955322,86016,259684,1554,OK,2026-03-18 21:13:59
550,D:\6S2\Thesis\7 dataset\hama3_split_raw\test\3\0094.raw,1,3,1,3,1,3647,4.451213598251343,86016,259684,1555,OK,2026-03-18 21:14:06
551,D:\6S2\Thesis\7 dataset\hama3_split_raw\test\3\0013.raw,1,3,1,3,1,3648,4.4515252113342285,86016,259684,1556,OK,2026-03-18 21:14:12
552,D:\6S2\Thesis\7 dataset\hama3_split_raw\test\5\0002.raw,2,5,2,5,1,3647,4.451879024505615,86016,259684,1557,OK,2026-03-18 21:14:19
553,D:\6S2\Thesis\7 dataset\hama3_split_raw\test\5\0002.raw,2,5,2,5,1,3648,4.451603889465332,86016,259684,1558,OK,2026-03-18 21:14:25
554,D:\6S2\Thesis\7 dataset\hama3_split_raw\test\5\0050.raw,2,5,3,8,0,3648,4.450948238372803,86016,259684,1559,OK,2026-03-18 21:14:32
555,D:\6S2\Thesis\7 dataset\hama3_split_raw\test\9\0079.raw,4,9,4,9,1,3648,4.448148012161255,86016,259684,1560,OK,2026-03-18 21:14:38
556,D:\6S2\Thesis\7 dataset\hama3_split_raw\test\3\0059.raw,1,3,2,5,0,3647,4.449999809265137,86016,259684,1561,OK,2026-03-18 21:14:45
557,D:\6S2\Thesis\7 dataset\hama3_split_raw\test\3\0008.raw,1,3,4,9,0,3648,4.450560569763184,86016,259684,1562,OK,2026-03-18 21:14:51
558,D:\6S2\Thesis\7 dataset\hama3_split_raw\test\5\0076.raw,2,5,2,5,1,3647,4.450968980789185,86016,259684,1563,OK,2026-03-18 21:14:57
559,D:\6S2\Thesis\7 dataset\hama3_split_raw\test\8\0165.raw,3,8,3,8,1,3647,4.450161457061768,86016,259684,1564,OK,2026-03-18 21:15:04
560,D:\6S2\Thesis\7 dataset\hama3_split_raw\test\5\0021.raw,2,5,3,8,0,3647,4.45090389251709,86016,259684,1565,OK,2026-03-18 21:15:10
561,D:\6S2\Thesis\7 dataset\hama3_split_raw\test\5\0051.raw,2,5,2,5,1,3647,4.4507668018341064,86016,259684,1566,OK,2026-03-18 21:15:17
562,D:\6S2\Thesis\7 dataset\hama3_split_raw\test\0\0031.raw,0,0,0,0,1,3647,4.451409578323364,86016,259684,1567,OK,2026-03-18 21:15:23
563,D:\6S2\Thesis\7 dataset\hama3_split_raw\test\3\0011.raw,1,3,1,3,1,3647,4.451122999191284,86016,259684,1568,OK,2026-03-18 21:15:30
564,D:\6S2\Thesis\7 dataset\hama3_split_raw\test\3\0042.raw,1,3,1,3,1,3647,4.450376272201538,86016,259684,1569,OK,2026-03-18 21:15:36
565,D:\6S2\Thesis\7 dataset\hama3_split_raw\test\5\0118.raw,2,5,0,0,0,3647,4.450284242630005,86016,259684,1570,OK,2026-03-18 21:15:43
566,D:\6S2\Thesis\7 dataset\hama3_split_raw\test\0\0080.raw,0,0,0,0,1,3647,4.450305461883545,86016,259684,1571,OK,2026-03-18 21:15:49
567,D:\6S2\Thesis\7 dataset\hama3_split_raw\test\0\0037.raw,0,0,2,5,0,3647,4.448360443115234,86016,259684,1572,OK,2026-03-18 21:15:56
568,D:\6S2\Thesis\7 dataset\hama3_split_raw\test\9\0080.raw,4,9,4,9,1,3647,4.450462818145752,86016,259684,1573,OK,2026-03-18 21:16:02
569,D:\6S2\Thesis\7 dataset\hama3_split_raw\test\5\0075.raw,2,5,3,8,0,3647,4.4519124031066895,86016,259684,1574,OK,2026-03-18 21:16:08
570,D:\6S2\Thesis\7 dataset\hama3_split_raw\test\9\0076.raw,4,9,1,3,0,3647,4.451070308685303,86016,259684,1575,OK,2026-03-18 21:16:15
571,D:\6S2\Thesis\7 dataset\hama3_split_raw\test\0\0066.raw,0,0,4,9,0,3648,4.45018744468689,86016,259684,1576,OK,2026-03-18 21:16:21
572,D:\6S2\Thesis\7 dataset\hama3_split_raw\test\0\0004.raw,0,0,0,0,1,3647,4.450795888900757,86016,259684,1577,OK,2026-03-18 21:16:28
573,D:\6S2\Thesis\7 dataset\hama3_split_raw\test\0\0078.raw,0,0,0,0,1,3647,4.450591087341309,86016,259684,1578,OK,2026-03-18 21:16:34
574,D:\6S2\Thesis\7 dataset\hama3_split_raw\test\3\0048.raw,1,3,1,3,1,3648,4.450562477111816,86016,259684,1579,OK,2026-03-18 21:16:41
575,D:\6S2\Thesis\7 dataset\hama3_split_raw\test\9\0036.raw,4,9,4,9,1,3647,4.44887113571167,86016,259684,1580,OK,2026-03-18 21:16:47
576,D:\6S2\Thesis\7 dataset\hama3_split_raw\test\5\0039.raw,2,5,2,5,1,3647,4.451054334640503,86016,259684,1581,OK,2026-03-18 21:16:54
577,D:\6S2\Thesis\7 dataset\hama3_split_raw\test\0\0006.raw,0,0,0,0,1,3648,4.451828956604004,86016,259684,1582,OK,2026-03-18 21:17:00
578,D:\6S2\Thesis\7 dataset\hama3_split_raw\test\9\0053.raw,4,9,1,3,0,3647,4.448067903518677,86016,259684,1583,OK,2026-03-18 21:17:07
579,D:\6S2\Thesis\7 dataset\hama3_split_raw\test\9\0013.raw,4,9,4,9,1,3648,4.449751853942871,86016,259684,1584,OK,2026-03-18 21:17:13
580,D:\6S2\Thesis\7 dataset\hama3_split_raw\test\9\0024.raw,4,9,4,9,1,3647,4.450641393661499,86016,259684,1585,OK,2026-03-18 21:17:19
581,D:\6S2\Thesis\7 dataset\hama3_split_raw\test\3\0029.raw,1,3,1,3,1,3648,4.450308561325073,86016,259684,1586,OK,2026-03-18 21:17:26
582,D:\6S2\Thesis\7 dataset\hama3_split_raw\test\0\0022.raw,0,0,0,0,1,3647,4.450974702835083,86016,259684,1587,OK,2026-03-18 21:17:32
583,D:\6S2\Thesis\7 dataset\hama3_split_raw\test\9\0043.raw,4,9,4,9,1,3647,4.4502410888671875,86016,259684,1588,OK,2026-03-18 21:17:39
584,D:\6S2\Thesis\7 dataset\hama3_split_raw\test\9\0006.raw,4,9,4,9,1,3647,4.450565576553345,86016,259684,1589,OK,2026-03-18 21:17:45
585,D:\6S2\Thesis\7 dataset\hama3_split_raw\test\5\0067.raw,2,5,4,9,0,3647,4.45134162902832,86016,259684,1590,OK,2026-03-18 21:17:52
586,D:\6S2\Thesis\7 dataset\hama3_split_raw\test\9\0066.raw,4,9,4,9,1,3648,4.450677156448364,86016,259684,1591,OK,2026-03-18 21:17:58
587,D:\6S2\Thesis\7 dataset\hama3_split_raw\test\0\0040.raw,0,0,1,3,0,3647,4.450603008270264,86016,259684,1592,OK,2026-03-18 21:18:05
588,D:\6S2\Thesis\7 dataset\hama3_split_raw\test\3\0077.raw,1,3,4,9,0,3648,4.45026707649231,86016,259684,1593,OK,2026-03-18 21:18:11
589,D:\6S2\Thesis\7 dataset\hama3_split_raw\test\8\0141.raw,3,8,3,8,1,3647,4.450115442276001,86016,259684,1594,OK,2026-03-18 21:18:18
590,D:\6S2\Thesis\7 dataset\hama3_split_raw\test\8\0082.raw,3,8,3,8,1,3647,4.450581073760986,86016,259684,1595,OK,2026-03-18 21:18:24
591,D:\6S2\Thesis\7 dataset\hama3_split_raw\test\8\0072.raw,3,8,3,8,1,3647,4.45016622543335,86016,259684,1596,OK,2026-03-18 21:18:30
592,D:\6S2\Thesis\7 dataset\hama3_split_raw\test\5\0102.raw,2,5,2,5,1,3647,4.450353384017944,86016,259684,1597,OK,2026-03-18 21:18:37
593,D:\6S2\Thesis\7 dataset\hama3_split_raw\test\0\0019.raw,0,0,0,0,1,3647,4.449841260910034,86016,259684,1598,OK,2026-03-18 21:18:43
594,D:\6S2\Thesis\7 dataset\hama3_split_raw\test\9\0006.raw,4,9,4,9,1,3647,4.450619697570801,86016,259684,1599,OK,2026-03-18 21:18:50
595,D:\6S2\Thesis\7 dataset\hama3_split_raw\test\3\0050.raw,1,3,1,3,1,3648,4.450304269790649,86016,259684,1600,OK,2026-03-18 21:18:56
596,D:\6S2\Thesis\7 dataset\hama3_split_raw\test\0\0091.raw,0,0,0,0,1,3647,4.450321674346924,86016,259684,1601,OK,2026-03-18 21:19:03
597,D:\6S2\Thesis\7 dataset\hama3_split_raw\test\9\0083.raw,4,9,4,9,1,3648,4.451092004776001,86016,259684,1602,OK,2026-03-18 21:19:09
598,D:\6S2\Thesis\7 dataset\hama3_split_raw\test\0\0062.raw,0,0,3,8,0,3648,4.450384855270386,86016,259684,1603,OK,2026-03-18 21:19:16
599,D:\6S2\Thesis\7 dataset\hama3_split_raw\test\3\0051.raw,1,3,1,3,1,3647,4.450714349746704,86016,259684,1604,OK,2026-03-18 21:19:22
600,D:\6S2\Thesis\7 dataset\hama3_split_raw\test\8\0024.raw,3,8,1,3,0,3648,4.448513984680176,86016,259684,1605,OK,2026-03-18 21:19:29
601,D:\6S2\Thesis\7 dataset\hama3_split_raw\test\0\0061.raw,0,0,0,0,1,3648,4.450343608856201,86016,259684,1606,OK,2026-03-18 21:19:35
602,D:\6S2\Thesis\7 dataset\hama3_split_raw\test\9\0016.raw,4,9,4,9,1,3647,4.4513325691223145,86016,259684,1607,OK,2026-03-18 21:19:41
603,D:\6S2\Thesis\7 dataset\hama3_split_raw\test\5\0003.raw,2,5,3,8,0,3647,4.448927164077759,86016,259684,1608,OK,2026-03-18 21:19:48
604,D:\6S2\Thesis\7 dataset\hama3_split_raw\test\8\0057.raw,3,8,3,8,1,3647,4.450343132019043,86016,259684,1609,OK,2026-03-18 21:19:54
605,D:\6S2\Thesis\7 dataset\hama3_split_raw\test\3\0046.raw,1,3,1,3,1,3647,4.450257301330566,86016,259684,1610,OK,2026-03-18 21:20:01
606,D:\6S2\Thesis\7 dataset\hama3_split_raw\test\0\0055.raw,0,0,0,0,1,3648,4.448503255844116,86016,259684,1611,OK,2026-03-18 21:20:07
607,D:\6S2\Thesis\7 dataset\hama3_split_raw\test\3\0075.raw,1,3,3,8,0,3648,4.450626850128174,86016,259684,1612,OK,2026-03-18 21:20:14
608,D:\6S2\Thesis\7 dataset\hama3_split_raw\test\5\0074.raw,2,5,2,5,1,3648,4.449707269668579,86016,259684,1613,OK,2026-03-18 21:20:20
609,D:\6S2\Thesis\7 dataset\hama3_split_raw\test\9\0097.raw,4,9,2,5,0,3647,4.449176073074341,86016,259684,1614,OK,2026-03-18 21:20:27
610,D:\6S2\Thesis\7 dataset\hama3_split_raw\test\9\0036.raw,4,9,4,9,1,3648,4.450896501541138,86016,259684,1615,OK,2026-03-18 21:20:33
611,D:\6S2\Thesis\7 dataset\hama3_split_raw\test\3\0072.raw,1,3,3,8,0,3647,4.450801849365234,86016,259684,1616,OK,2026-03-18 21:20:40
612,D:\6S2\Thesis\7 dataset\hama3_split_raw\test\9\0004.raw,4,9,4,9,1,3648,4.450873613357544,86016,259684,1617,OK,2026-03-18 21:20:46
613,D:\6S2\Thesis\7 dataset\hama3_split_raw\test\8\0075.raw,3,8,3,8,1,3648,4.450332403182983,86016,259684,1618,OK,2026-03-18 21:20:53
614,D:\6S2\Thesis\7 dataset\hama3_split_raw\test\3\0058.raw,1,3,3,8,0,3647,4.450702428817749,86016,259684,1619,OK,2026-03-18 21:20:59
615,D:\6S2\Thesis\7 dataset\hama3_split_raw\test\8\0055.raw,3,8,1,3,0,3647,4.450292587280273,86016,259684,1620,OK,2026-03-18 21:21:06
616,D:\6S2\Thesis\7 dataset\hama3_split_raw\test\5\0093.raw,2,5,2,5,1,3648,4.4500892162323,86016,259684,1621,OK,2026-03-18 21:21:12
617,D:\6S2\Thesis\7 dataset\hama3_split_raw\test\3\0021.raw,1,3,1,3,1,3647,4.4507105350494385,86016,259684,1622,OK,2026-03-18 21:21:18
618,D:\6S2\Thesis\7 dataset\hama3_split_raw\test\8\0033.raw,3,8,3,8,1,3648,4.450490236282349,86016,259684,1623,OK,2026-03-18 21:21:25
619,D:\6S2\Thesis\7 dataset\hama3_split_raw\test\5\0099.raw,2,5,2,5,1,3647,4.449882745742798,86016,259684,1624,OK,2026-03-18 21:21:31
620,D:\6S2\Thesis\7 dataset\hama3_split_raw\test\8\0105.raw,3,8,3,8,1,3647,4.449002742767334,86016,259684,1625,OK,2026-03-18 21:21:38
621,D:\6S2\Thesis\7 dataset\hama3_split_raw\test\5\0109.raw,2,5,2,5,1,3648,4.451451063156128,86016,259684,1626,OK,2026-03-18 21:21:44
622,D:\6S2\Thesis\7 dataset\hama3_split_raw\test\0\0018.raw,0,0,0,0,1,3647,4.451019048690796,86016,259684,1627,OK,2026-03-18 21:21:51
623,D:\6S2\Thesis\7 dataset\hama3_split_raw\test\3\0080.raw,1,3,4,9,0,3647,4.450349569320679,86016,259684,1628,OK,2026-03-18 21:21:57
624,D:\6S2\Thesis\7 dataset\hama3_split_raw\test\0\0039.raw,0,0,0,0,1,3648,4.451276540756226,86016,259684,1629,OK,2026-03-18 21:22:04
625,D:\6S2\Thesis\7 dataset\hama3_split_raw\test\9\0076.raw,4,9,1,3,0,3647,4.450584411621094,86016,259684,1630,OK,2026-03-18 21:22:10
626,D:\6S2\Thesis\7 dataset\hama3_split_raw\test\3\0030.raw,1,3,4,9,0,3647,4.4510698318481445,86016,259684,1631,OK,2026-03-18 21:22:17
627,D:\6S2\Thesis\7 dataset\hama3_split_raw\test\3\0095.raw,1,3,0,0,0,3648,4.450513601303101,86016,259684,1632,OK,2026-03-18 21:22:23
628,D:\6S2\Thesis\7 dataset\hama3_split_raw\test\3\0104.raw,1,3,1,3,1,3647,4.45172905921936,86016,259684,1633,OK,2026-03-18 21:22:30
629,D:\6S2\Thesis\7 dataset\hama3_split_raw\test\9\0029.raw,4,9,4,9,1,3648,4.450414657592773,86016,259684,1634,OK,2026-03-18 21:22:36
630,D:\6S2\Thesis\7 dataset\hama3_split_raw\test\8\0031.raw,3,8,3,8,1,3648,4.450725317001343,86016,259684,1635,OK,2026-03-18 21:22:42
631,D:\6S2\Thesis\7 dataset\hama3_split_raw\test\9\0013.raw,4,9,4,9,1,3647,4.450929641723633,86016,259684,1636,OK,2026-03-18 21:22:49
632,D:\6S2\Thesis\7 dataset\hama3_split_raw\test\9\0041.raw,4,9,1,3,0,3647,4.449565172195435,86016,259684,1637,OK,2026-03-18 21:22:55
633,D:\6S2\Thesis\7 dataset\hama3_split_raw\test\0\0024.raw,0,0,3,8,0,3647,4.450314521789551,86016,259684,1638,OK,2026-03-18 21:23:02
634,D:\6S2\Thesis\7 dataset\hama3_split_raw\test\3\0077.raw,1,3,4,9,0,3647,4.45015811920166,86016,259684,1639,OK,2026-03-18 21:23:08
635,D:\6S2\Thesis\7 dataset\hama3_split_raw\test\5\0084.raw,2,5,2,5,1,3647,4.4507551193237305,86016,259684,1640,OK,2026-03-18 21:23:15
636,D:\6S2\Thesis\7 dataset\hama3_split_raw\test\0\0006.raw,0,0,0,0,1,3647,4.4504289627075195,86016,259684,1641,OK,2026-03-18 21:23:21
637,D:\6S2\Thesis\7 dataset\hama3_split_raw\test\3\0026.raw,1,3,1,3,1,3647,4.451189756393433,86016,259684,1642,OK,2026-03-18 21:23:28
638,D:\6S2\Thesis\7 dataset\hama3_split_raw\test\0\0071.raw,0,0,0,0,1,3647,4.450764894485474,86016,259684,1643,OK,2026-03-18 21:23:34
639,D:\6S2\Thesis\7 dataset\hama3_split_raw\test\9\0099.raw,4,9,0,0,0,3647,4.451176166534424,86016,259684,1644,OK,2026-03-18 21:23:41
640,D:\6S2\Thesis\7 dataset\hama3_split_raw\test\5\0054.raw,2,5,2,5,1,3647,4.450688123703003,86016,259684,1645,OK,2026-03-18 21:23:47
641,D:\6S2\Thesis\7 dataset\hama3_split_raw\test\5\0070.raw,2,5,4,9,0,3648,4.45058798789978,86016,259684,1646,OK,2026-03-18 21:23:53
642,D:\6S2\Thesis\7 dataset\hama3_split_raw\test\9\0057.raw,4,9,4,9,1,3647,4.450778484344482,86016,259684,1647,OK,2026-03-18 21:24:00
643,D:\6S2\Thesis\7 dataset\hama3_split_raw\test\3\0075.raw,1,3,3,8,0,3647,4.450178384780884,86016,259684,1648,OK,2026-03-18 21:24:06
644,D:\6S2\Thesis\7 dataset\hama3_split_raw\test\0\0001.raw,0,0,3,8,0,3647,4.450507640838623,86016,259684,1649,OK,2026-03-18 21:24:13
645,D:\6S2\Thesis\7 dataset\hama3_split_raw\test\5\0013.raw,2,5,3,8,0,3647,4.451646089553833,86016,259684,1650,OK,2026-03-18 21:24:19
646,D:\6S2\Thesis\7 dataset\hama3_split_raw\test\5\0057.raw,2,5,3,8,0,3647,4.451128721237183,86016,259684,1651,OK,2026-03-18 21:24:26
647,D:\6S2\Thesis\7 dataset\hama3_split_raw\test\0\0023.raw,0,0,3,8,0,3647,4.449959993362427,86016,259684,1652,OK,2026-03-18 21:24:32
648,D:\6S2\Thesis\7 dataset\hama3_split_raw\test\9\0081.raw,4,9,4,9,1,3647,4.450642347335815,86016,259684,1653,OK,2026-03-18 21:24:39
649,D:\6S2\Thesis\7 dataset\hama3_split_raw\test\9\0025.raw,4,9,4,9,1,3647,4.4506916999816895,86016,259684,1654,OK,2026-03-18 21:24:45
650,D:\6S2\Thesis\7 dataset\hama3_split_raw\test\5\0033.raw,2,5,3,8,0,3648,4.4504570960998535,86016,259684,1655,OK,2026-03-18 21:24:52
651,D:\6S2\Thesis\7 dataset\hama3_split_raw\test\3\0050.raw,1,3,1,3,1,3647,4.450124025344849,86016,259684,1656,OK,2026-03-18 21:24:58
652,D:\6S2\Thesis\7 dataset\hama3_split_raw\test\9\0099.raw,4,9,0,0,0,3647,4.450039863586426,86016,259684,1657,OK,2026-03-18 21:25:04
653,D:\6S2\Thesis\7 dataset\hama3_split_raw\test\0\0003.raw,0,0,0,0,1,3647,4.451171875,86016,259684,1658,OK,2026-03-18 21:25:11
654,D:\6S2\Thesis\7 dataset\hama3_split_raw\test\3\0044.raw,1,3,3,8,0,3647,4.451692342758179,86016,259684,1659,OK,2026-03-18 21:25:17
655,D:\6S2\Thesis\7 dataset\hama3_split_raw\test\9\0061.raw,4,9,4,9,1,3647,4.451070070266724,86016,259684,1660,OK,2026-03-18 21:25:24
656,D:\6S2\Thesis\7 dataset\hama3_split_raw\test\5\0069.raw,2,5,3,8,0,3648,4.451157331466675,86016,259684,1661,OK,2026-03-18 21:25:30
657,D:\6S2\Thesis\7 dataset\hama3_split_raw\test\0\0014.raw,0,0,1,3,0,3648,4.451505422592163,86016,259684,1662,OK,2026-03-18 21:25:37
658,D:\6S2\Thesis\7 dataset\hama3_split_raw\test\9\0067.raw,4,9,2,5,0,3647,4.450762748718262,86016,259684,1663,OK,2026-03-18 21:25:43
659,D:\6S2\Thesis\7 dataset\hama3_split_raw\test\3\0047.raw,1,3,1,3,1,3648,4.4503772258758545,86016,259684,1664,OK,2026-03-18 21:25:50
660,D:\6S2\Thesis\7 dataset\hama3_split_raw\test\9\0007.raw,4,9,0,0,0,3647,4.451122283935547,86016,259684,1665,OK,2026-03-18 21:25:56
661,D:\6S2\Thesis\7 dataset\hama3_split_raw\test\8\0111.raw,3,8,3,8,1,3647,4.451038599014282,86016,259684,1666,OK,2026-03-18 21:26:03
662,D:\6S2\Thesis\7 dataset\hama3_split_raw\test\5\0004.raw,2,5,2,5,1,3648,4.4502222537994385,86016,259684,1667,OK,2026-03-18 21:26:09
663,D:\6S2\Thesis\7 dataset\hama3_split_raw\test\3\0056.raw,1,3,1,3,1,3648,4.452785491943359,86016,259684,1668,OK,2026-03-18 21:26:15
664,D:\6S2\Thesis\7 dataset\hama3_split_raw\test\0\0070.raw,0,0,0,0,1,3648,4.450686931610107,86016,259684,1669,OK,2026-03-18 21:26:22
665,D:\6S2\Thesis\7 dataset\hama3_split_raw\test\0\0045.raw,0,0,0,0,1,3647,4.450659990310669,86016,259684,1670,OK,2026-03-18 21:26:28
666,D:\6S2\Thesis\7 dataset\hama3_split_raw\test\0\0047.raw,0,0,0,0,1,3648,4.451017141342163,86016,259684,1671,OK,2026-03-18 21:26:35
667,D:\6S2\Thesis\7 dataset\hama3_split_raw\test\8\0045.raw,3,8,3,8,1,3647,4.450852632522583,86016,259684,1672,OK,2026-03-18 21:26:41
668,D:\6S2\Thesis\7 dataset\hama3_split_raw\test\0\0075.raw,0,0,0,0,1,3647,4.450292587280273,86016,259684,1673,OK,2026-03-18 21:26:48
669,D:\6S2\Thesis\7 dataset\hama3_split_raw\test\9\0073.raw,4,9,1,3,0,3647,4.450031280517578,86016,259684,1674,OK,2026-03-18 21:26:54
670,D:\6S2\Thesis\7 dataset\hama3_split_raw\test\9\0092.raw,4,9,4,9,1,3647,4.450646638870239,86016,259684,1675,OK,2026-03-18 21:27:01
671,D:\6S2\Thesis\7 dataset\hama3_split_raw\test\9\0086.raw,4,9,1,3,0,3647,4.450340270996094,86016,259684,1676,OK,2026-03-18 21:27:07
672,D:\6S2\Thesis\7 dataset\hama3_split_raw\test\9\0103.raw,4,9,4,9,1,3647,4.450596332550049,86016,259684,1677,OK,2026-03-18 21:27:13
673,D:\6S2\Thesis\7 dataset\hama3_split_raw\test\3\0024.raw,1,3,3,8,0,3648,4.4525744915008545,86016,259684,1678,OK,2026-03-18 21:27:20
674,D:\6S2\Thesis\7 dataset\hama3_split_raw\test\8\0093.raw,3,8,2,5,0,3647,4.450942516326904,86016,259684,1679,OK,2026-03-18 21:27:26
675,D:\6S2\Thesis\7 dataset\hama3_split_raw\test\5\0037.raw,2,5,2,5,1,3647,4.450734853744507,86016,259684,1680,OK,2026-03-18 21:27:33
676,D:\6S2\Thesis\7 dataset\hama3_split_raw\test\5\0042.raw,2,5,3,8,0,3647,4.450760841369629,86016,259684,1681,OK,2026-03-18 21:27:39
677,D:\6S2\Thesis\7 dataset\hama3_split_raw\test\8\0092.raw,3,8,3,8,1,3647,4.45168137550354,86016,259684,1682,OK,2026-03-18 21:27:46
678,D:\6S2\Thesis\7 dataset\hama3_split_raw\test\5\0065.raw,2,5,2,5,1,3647,4.451180696487427,86016,259684,1683,OK,2026-03-18 21:27:52
679,D:\6S2\Thesis\7 dataset\hama3_split_raw\test\3\0076.raw,1,3,1,3,1,3647,4.451128244400024,86016,259684,1684,OK,2026-03-18 21:27:59
680,D:\6S2\Thesis\7 dataset\hama3_split_raw\test\5\0020.raw,2,5,2,5,1,3647,4.45161771774292,86016,259684,1685,OK,2026-03-18 21:28:05
681,D:\6S2\Thesis\7 dataset\hama3_split_raw\test\0\0059.raw,0,0,4,9,0,3647,4.452120542526245,86016,259684,1686,OK,2026-03-18 21:28:12
682,D:\6S2\Thesis\7 dataset\hama3_split_raw\test\3\0093.raw,1,3,0,0,0,3648,4.45195746421814,86016,259684,1687,OK,2026-03-18 21:28:18
683,D:\6S2\Thesis\7 dataset\hama3_split_raw\test\0\0064.raw,0,0,2,5,0,3647,4.45170783996582,86016,259684,1688,OK,2026-03-18 21:28:25
684,D:\6S2\Thesis\7 dataset\hama3_split_raw\test\9\0042.raw,4,9,4,9,1,3647,4.451536178588867,86016,259684,1689,OK,2026-03-18 21:28:31
685,D:\6S2\Thesis\7 dataset\hama3_split_raw\test\5\0020.raw,2,5,2,5,1,3647,4.452052354812622,86016,259684,1690,OK,2026-03-18 21:28:37
686,D:\6S2\Thesis\7 dataset\hama3_split_raw\test\9\0008.raw,4,9,4,9,1,3648,4.451272964477539,86016,259684,1691,OK,2026-03-18 21:28:44
687,D:\6S2\Thesis\7 dataset\hama3_split_raw\test\3\0056.raw,1,3,1,3,1,3648,4.450916528701782,86016,259684,1692,OK,2026-03-18 21:28:50
688,D:\6S2\Thesis\7 dataset\hama3_split_raw\test\9\0040.raw,4,9,2,5,0,3647,4.4515604972839355,86016,259684,1693,OK,2026-03-18 21:28:57
689,D:\6S2\Thesis\7 dataset\hama3_split_raw\test\0\0034.raw,0,0,3,8,0,3647,4.451454401016235,86016,259684,1694,OK,2026-03-18 21:29:03
690,D:\6S2\Thesis\7 dataset\hama3_split_raw\test\3\0044.raw,1,3,3,8,0,3648,4.451170444488525,86016,259684,1695,OK,2026-03-18 21:29:10
691,D:\6S2\Thesis\7 dataset\hama3_split_raw\test\9\0073.raw,4,9,1,3,0,3647,4.450565338134766,86016,259684,1696,OK,2026-03-18 21:29:16
692,D:\6S2\Thesis\7 dataset\hama3_split_raw\test\5\0016.raw,2,5,2,5,1,3647,4.451387166976929,86016,259684,1697,OK,2026-03-18 21:29:23
693,D:\6S2\Thesis\7 dataset\hama3_split_raw\test\3\0031.raw,1,3,3,8,0,3647,4.450948238372803,86016,259684,1698,OK,2026-03-18 21:29:29
694,D:\6S2\Thesis\7 dataset\hama3_split_raw\test\9\0010.raw,4,9,4,9,1,3648,4.450891494750977,86016,259684,1699,OK,2026-03-18 21:29:36
695,D:\6S2\Thesis\7 dataset\hama3_split_raw\test\0\0086.raw,0,0,0,0,1,3648,4.451031446456909,86016,259684,1700,OK,2026-03-18 21:29:42
696,D:\6S2\Thesis\7 dataset\hama3_split_raw\test\0\0026.raw,0,0,0,0,1,3648,4.4509100914001465,86016,259684,1701,OK,2026-03-18 21:29:49
697,D:\6S2\Thesis\7 dataset\hama3_split_raw\test\3\0059.raw,1,3,2,5,0,3647,4.4519362449646,86016,259684,1702,OK,2026-03-18 21:29:55
698,D:\6S2\Thesis\7 dataset\hama3_split_raw\test\3\0062.raw,1,3,4,9,0,3648,4.450146436691284,86016,259684,1703,OK,2026-03-18 21:30:02
699,D:\6S2\Thesis\7 dataset\hama3_split_raw\test\9\0079.raw,4,9,4,9,1,3647,4.45158314704895,86016,259684,1704,OK,2026-03-18 21:30:08
700,D:\6S2\Thesis\7 dataset\hama3_split_raw\test\8\0005.raw,3,8,3,8,1,3647,4.450796842575073,86016,259684,1705,OK,2026-03-18 21:30:14
701,D:\6S2\Thesis\7 dataset\hama3_split_raw\test\3\0047.raw,1,3,1,3,1,3648,4.451858043670654,86016,259684,1706,OK,2026-03-18 21:30:21
702,D:\6S2\Thesis\7 dataset\hama3_split_raw\test\8\0129.raw,3,8,3,8,1,3648,4.451248645782471,86016,259684,1707,OK,2026-03-18 21:30:27
703,D:\6S2\Thesis\7 dataset\hama3_split_raw\test\9\0024.raw,4,9,4,9,1,3647,4.450976848602295,86016,259684,1708,OK,2026-03-18 21:30:34
704,D:\6S2\Thesis\7 dataset\hama3_split_raw\test\0\0048.raw,0,0,0,0,1,3647,4.4506001472473145,86016,259684,1709,OK,2026-03-18 21:30:40
705,D:\6S2\Thesis\7 dataset\hama3_split_raw\test\9\0012.raw,4,9,4,9,1,3648,4.45005989074707,86016,259684,1710,OK,2026-03-18 21:30:47
706,D:\6S2\Thesis\7 dataset\hama3_split_raw\test\8\0052.raw,3,8,4,9,0,3647,4.448696136474609,86016,259684,1711,OK,2026-03-18 21:30:53
707,D:\6S2\Thesis\7 dataset\hama3_split_raw\test\9\0026.raw,4,9,4,9,1,3647,4.452578067779541,86016,259684,1712,OK,2026-03-18 21:31:00
708,D:\6S2\Thesis\7 dataset\hama3_split_raw\test\5\0105.raw,2,5,2,5,1,3648,4.451493501663208,86016,259684,1713,OK,2026-03-18 21:31:06
709,D:\6S2\Thesis\7 dataset\hama3_split_raw\test\5\0043.raw,2,5,4,9,0,3647,4.4504008293151855,86016,259684,1714,OK,2026-03-18 21:31:12
710,D:\6S2\Thesis\7 dataset\hama3_split_raw\test\3\0048.raw,1,3,1,3,1,3647,4.451841592788696,86016,259684,1715,OK,2026-03-18 21:31:19
711,D:\6S2\Thesis\7 dataset\hama3_split_raw\test\9\0083.raw,4,9,4,9,1,3648,4.452693223953247,86016,259684,1716,OK,2026-03-18 21:31:25
712,D:\6S2\Thesis\7 dataset\hama3_split_raw\test\5\0075.raw,2,5,3,8,0,3647,4.450674295425415,86016,259684,1717,OK,2026-03-18 21:31:32
713,D:\6S2\Thesis\7 dataset\hama3_split_raw\test\3\0061.raw,1,3,1,3,1,3648,4.4505615234375,86016,259684,1718,OK,2026-03-18 21:31:38
714,D:\6S2\Thesis\7 dataset\hama3_split_raw\test\5\0108.raw,2,5,2,5,1,3647,4.451608419418335,86016,259684,1719,OK,2026-03-18 21:31:45
715,D:\6S2\Thesis\7 dataset\hama3_split_raw\test\9\0089.raw,4,9,4,9,1,3647,4.451265096664429,86016,259684,1720,OK,2026-03-18 21:31:51
716,D:\6S2\Thesis\7 dataset\hama3_split_raw\test\9\0013.raw,4,9,4,9,1,3647,4.450185060501099,86016,259684,1721,OK,2026-03-18 21:31:58
717,D:\6S2\Thesis\7 dataset\hama3_split_raw\test\5\0042.raw,2,5,3,8,0,3647,4.451799392700195,86016,259684,1722,OK,2026-03-18 21:32:04
718,D:\6S2\Thesis\7 dataset\hama3_split_raw\test\9\0081.raw,4,9,4,9,1,3648,4.44980788230896,86016,259684,1723,OK,2026-03-18 21:32:11
719,D:\6S2\Thesis\7 dataset\hama3_split_raw\test\0\0080.raw,0,0,0,0,1,3648,4.451245069503784,86016,259684,1724,OK,2026-03-18 21:32:17
720,D:\6S2\Thesis\7 dataset\hama3_split_raw\test\5\0087.raw,2,5,2,5,1,3647,4.450854539871216,86016,259684,1725,OK,2026-03-18 21:32:24
721,D:\6S2\Thesis\7 dataset\hama3_split_raw\test\5\0096.raw,2,5,2,5,1,3648,4.451017141342163,86016,259684,1726,OK,2026-03-18 21:32:30
722,D:\6S2\Thesis\7 dataset\hama3_split_raw\test\5\0072.raw,2,5,2,5,1,3647,4.449437856674194,86016,259684,1727,OK,2026-03-18 21:32:36
723,D:\6S2\Thesis\7 dataset\hama3_split_raw\test\5\0052.raw,2,5,2,5,1,3647,4.45118260383606,86016,259684,1728,OK,2026-03-18 21:32:43
724,D:\6S2\Thesis\7 dataset\hama3_split_raw\test\3\0006.raw,1,3,1,3,1,3648,4.451016426086426,86016,259684,1729,OK,2026-03-18 21:32:49
725,D:\6S2\Thesis\7 dataset\hama3_split_raw\test\0\0058.raw,0,0,0,0,1,3647,4.451577425003052,86016,259684,1730,OK,2026-03-18 21:32:56
726,D:\6S2\Thesis\7 dataset\hama3_split_raw\test\9\0050.raw,4,9,2,5,0,3648,4.451608180999756,86016,259684,1731,OK,2026-03-18 21:33:02
727,D:\6S2\Thesis\7 dataset\hama3_split_raw\test\8\0110.raw,3,8,3,8,1,3647,4.450901746749878,86016,259684,1732,OK,2026-03-18 21:33:09
728,D:\6S2\Thesis\7 dataset\hama3_split_raw\test\0\0056.raw,0,0,1,3,0,3647,4.4505743980407715,86016,259684,1733,OK,2026-03-18 21:33:15
729,D:\6S2\Thesis\7 dataset\hama3_split_raw\test\5\0102.raw,2,5,2,5,1,3648,4.4518141746521,86016,259684,1734,OK,2026-03-18 21:33:22
730,D:\6S2\Thesis\7 dataset\hama3_split_raw\test\0\0060.raw,0,0,0,0,1,3647,4.45131254196167,86016,259684,1735,OK,2026-03-18 21:33:28
731,D:\6S2\Thesis\7 dataset\hama3_split_raw\test\9\0090.raw,4,9,4,9,1,3647,4.451977729797363,86016,259684,1736,OK,2026-03-18 21:33:35
732,D:\6S2\Thesis\7 dataset\hama3_split_raw\test\5\0037.raw,2,5,2,5,1,3647,4.450942754745483,86016,259684,1737,OK,2026-03-18 21:33:41
733,D:\6S2\Thesis\7 dataset\hama3_split_raw\test\3\0026.raw,1,3,1,3,1,3647,4.452444553375244,86016,259684,1738,OK,2026-03-18 21:33:47
734,D:\6S2\Thesis\7 dataset\hama3_split_raw\test\9\0088.raw,4,9,4,9,1,3647,4.450991153717041,86016,259684,1739,OK,2026-03-18 21:33:54
735,D:\6S2\Thesis\7 dataset\hama3_split_raw\test\9\0050.raw,4,9,2,5,0,3648,4.451017618179321,86016,259684,1740,OK,2026-03-18 21:34:00
736,D:\6S2\Thesis\7 dataset\hama3_split_raw\test\8\0035.raw,3,8,3,8,1,3647,4.45090389251709,86016,259684,1741,OK,2026-03-18 21:34:07
737,D:\6S2\Thesis\7 dataset\hama3_split_raw\test\0\0087.raw,0,0,0,0,1,3648,4.451672792434692,86016,259684,1742,OK,2026-03-18 21:34:13
738,D:\6S2\Thesis\7 dataset\hama3_split_raw\test\8\0021.raw,3,8,3,8,1,3647,4.451486825942993,86016,259684,1743,OK,2026-03-18 21:34:20
739,D:\6S2\Thesis\7 dataset\hama3_split_raw\test\5\0017.raw,2,5,2,5,1,3647,4.450320243835449,86016,259684,1744,OK,2026-03-18 21:34:26
740,D:\6S2\Thesis\7 dataset\hama3_split_raw\test\0\0003.raw,0,0,0,0,1,3648,4.452871322631836,86016,259684,1745,OK,2026-03-18 21:34:33
741,D:\6S2\Thesis\7 dataset\hama3_split_raw\test\8\0106.raw,3,8,3,8,1,3648,4.451390743255615,86016,259684,1746,OK,2026-03-18 21:34:39
742,D:\6S2\Thesis\7 dataset\hama3_split_raw\test\9\0035.raw,4,9,4,9,1,3648,4.451354265213013,86016,259684,1747,OK,2026-03-18 21:34:46
743,D:\6S2\Thesis\7 dataset\hama3_split_raw\test\8\0145.raw,3,8,3,8,1,3647,4.450886487960815,86016,259684,1748,OK,2026-03-18 21:34:52
744,D:\6S2\Thesis\7 dataset\hama3_split_raw\test\5\0075.raw,2,5,3,8,0,3647,4.451268672943115,86016,259684,1749,OK,2026-03-18 21:34:58
745,D:\6S2\Thesis\7 dataset\hama3_split_raw\test\3\0098.raw,1,3,4,9,0,3647,4.451995134353638,86016,259684,1750,OK,2026-03-18 21:35:05
746,D:\6S2\Thesis\7 dataset\hama3_split_raw\test\3\0110.raw,1,3,0,0,0,3647,4.4505774974823,86016,259684,1751,OK,2026-03-18 21:35:11
747,D:\6S2\Thesis\7 dataset\hama3_split_raw\test\0\0090.raw,0,0,3,8,0,3647,4.450605154037476,86016,259684,1752,OK,2026-03-18 21:35:18
748,D:\6S2\Thesis\7 dataset\hama3_split_raw\test\0\0055.raw,0,0,0,0,1,3647,4.451281547546387,86016,259684,1753,OK,2026-03-18 21:35:24
749,D:\6S2\Thesis\7 dataset\hama3_split_raw\test\5\0058.raw,2,5,2,5,1,3647,4.451200246810913,86016,259684,1754,OK,2026-03-18 21:35:31
750,D:\6S2\Thesis\7 dataset\hama3_split_raw\test\5\0119.raw,2,5,2,5,1,3647,4.451259613037109,86016,259684,1755,OK,2026-03-18 21:35:37
751,D:\6S2\Thesis\7 dataset\hama3_split_raw\test\8\0100.raw,3,8,3,8,1,3647,4.448700666427612,86016,259684,1756,OK,2026-03-18 21:35:44
752,D:\6S2\Thesis\7 dataset\hama3_split_raw\test\9\0019.raw,4,9,4,9,1,3647,4.450259447097778,86016,259684,1757,OK,2026-03-18 21:35:50
753,D:\6S2\Thesis\7 dataset\hama3_split_raw\test\9\0097.raw,4,9,2,5,0,3647,4.450950384140015,86016,259684,1758,OK,2026-03-18 21:35:57
754,D:\6S2\Thesis\7 dataset\hama3_split_raw\test\9\0008.raw,4,9,4,9,1,3647,4.450778007507324,86016,259684,1759,OK,2026-03-18 21:36:03
755,D:\6S2\Thesis\7 dataset\hama3_split_raw\test\9\0042.raw,4,9,4,9,1,3647,4.448397159576416,86016,259684,1760,OK,2026-03-18 21:36:09
756,D:\6S2\Thesis\7 dataset\hama3_split_raw\test\9\0010.raw,4,9,4,9,1,3647,4.451749324798584,86016,259684,1761,OK,2026-03-18 21:36:16
757,D:\6S2\Thesis\7 dataset\hama3_split_raw\test\3\0047.raw,1,3,1,3,1,3647,4.449698448181152,86016,259684,1762,OK,2026-03-18 21:36:22
758,D:\6S2\Thesis\7 dataset\hama3_split_raw\test\3\0101.raw,1,3,0,0,0,3647,4.450939178466797,86016,259684,1763,OK,2026-03-18 21:36:29
759,D:\6S2\Thesis\7 dataset\hama3_split_raw\test\0\0044.raw,0,0,3,8,0,3647,4.4504735469818115,86016,259684,1764,OK,2026-03-18 21:36:35
760,D:\6S2\Thesis\7 dataset\hama3_split_raw\test\5\0029.raw,2,5,2,5,1,3647,4.4503326416015625,86016,259684,1765,OK,2026-03-18 21:36:42
761,D:\6S2\Thesis\7 dataset\hama3_split_raw\test\5\0104.raw,2,5,2,5,1,3648,4.450510263442993,86016,259684,1766,OK,2026-03-18 21:36:48
762,D:\6S2\Thesis\7 dataset\hama3_split_raw\test\3\0077.raw,1,3,4,9,0,3647,4.450697422027588,86016,259684,1767,OK,2026-03-18 21:36:55
763,D:\6S2\Thesis\7 dataset\hama3_split_raw\test\3\0107.raw,1,3,2,5,0,3648,4.449819326400757,86016,259684,1768,OK,2026-03-18 21:37:01
764,D:\6S2\Thesis\7 dataset\hama3_split_raw\test\8\0050.raw,3,8,4,9,0,3648,4.448063373565674,86016,259684,1769,OK,2026-03-18 21:37:08
765,D:\6S2\Thesis\7 dataset\hama3_split_raw\test\0\0006.raw,0,0,0,0,1,3648,4.450099468231201,86016,259684,1770,OK,2026-03-18 21:37:14
766,D:\6S2\Thesis\7 dataset\hama3_split_raw\test\3\0051.raw,1,3,1,3,1,3647,4.451545476913452,86016,259684,1771,OK,2026-03-18 21:37:20
767,D:\6S2\Thesis\7 dataset\hama3_split_raw\test\8\0044.raw,3,8,3,8,1,3647,4.450517654418945,86016,259684,1772,OK,2026-03-18 21:37:27
768,D:\6S2\Thesis\7 dataset\hama3_split_raw\test\8\0173.raw,3,8,3,8,1,3647,4.449951410293579,86016,259684,1773,OK,2026-03-18 21:37:33
769,D:\6S2\Thesis\7 dataset\hama3_split_raw\test\8\0136.raw,3,8,3,8,1,3647,4.450132131576538,86016,259684,1774,OK,2026-03-18 21:37:40
770,D:\6S2\Thesis\7 dataset\hama3_split_raw\test\8\0012.raw,3,8,3,8,1,3647,4.450155735015869,86016,259684,1775,OK,2026-03-18 21:37:46
771,D:\6S2\Thesis\7 dataset\hama3_split_raw\test\8\0037.raw,3,8,3,8,1,3647,4.449476718902588,86016,259684,1776,OK,2026-03-18 21:37:53
772,D:\6S2\Thesis\7 dataset\hama3_split_raw\test\3\0088.raw,1,3,1,3,1,3647,4.450239896774292,86016,259684,1777,OK,2026-03-18 21:37:59
773,D:\6S2\Thesis\7 dataset\hama3_split_raw\test\0\0009.raw,0,0,0,0,1,3647,4.450390577316284,86016,259684,1778,OK,2026-03-18 21:38:06
774,D:\6S2\Thesis\7 dataset\hama3_split_raw\test\5\0006.raw,2,5,2,5,1,3648,4.450465679168701,86016,259684,1779,OK,2026-03-18 21:38:12
775,D:\6S2\Thesis\7 dataset\hama3_split_raw\test\5\0032.raw,2,5,2,5,1,3648,4.451260805130005,86016,259684,1780,OK,2026-03-18 21:38:19
776,D:\6S2\Thesis\7 dataset\hama3_split_raw\test\3\0112.raw,1,3,3,8,0,3648,4.449984312057495,86016,259684,1781,OK,2026-03-18 21:38:25
777,D:\6S2\Thesis\7 dataset\hama3_split_raw\test\9\0007.raw,4,9,0,0,0,3647,4.448222875595093,86016,259684,1782,OK,2026-03-18 21:38:32
778,D:\6S2\Thesis\7 dataset\hama3_split_raw\test\9\0037.raw,4,9,1,3,0,3647,4.450394868850708,86016,259684,1783,OK,2026-03-18 21:38:38
779,D:\6S2\Thesis\7 dataset\hama3_split_raw\test\8\0122.raw,3,8,3,8,1,3647,4.450532674789429,86016,259684,1784,OK,2026-03-18 21:38:44
780,D:\6S2\Thesis\7 dataset\hama3_split_raw\test\0\0009.raw,0,0,0,0,1,3647,4.450111150741577,86016,259684,1785,OK,2026-03-18 21:38:51
781,D:\6S2\Thesis\7 dataset\hama3_split_raw\test\9\0090.raw,4,9,4,9,1,3647,4.451225519180298,86016,259684,1786,OK,2026-03-18 21:38:57
782,D:\6S2\Thesis\7 dataset\hama3_split_raw\test\0\0068.raw,0,0,4,9,0,3647,4.448678731918335,86016,259684,1787,OK,2026-03-18 21:39:04
783,D:\6S2\Thesis\7 dataset\hama3_split_raw\test\9\0054.raw,4,9,4,9,1,3647,4.4507527351379395,86016,259684,1788,OK,2026-03-18 21:39:10
784,D:\6S2\Thesis\7 dataset\hama3_split_raw\test\8\0057.raw,3,8,3,8,1,3648,4.450251579284668,86016,259684,1789,OK,2026-03-18 21:39:17
785,D:\6S2\Thesis\7 dataset\hama3_split_raw\test\5\0070.raw,2,5,4,9,0,3647,4.450566053390503,86016,259684,1790,OK,2026-03-18 21:39:23
786,D:\6S2\Thesis\7 dataset\hama3_split_raw\test\5\0044.raw,2,5,2,5,1,3648,4.45019006729126,86016,259684,1791,OK,2026-03-18 21:39:30
787,D:\6S2\Thesis\7 dataset\hama3_split_raw\test\0\0083.raw,0,0,0,0,1,3647,4.45076322555542,86016,259684,1792,OK,2026-03-18 21:39:36
788,D:\6S2\Thesis\7 dataset\hama3_split_raw\test\9\0040.raw,4,9,2,5,0,3647,4.4523210525512695,86016,259684,1793,OK,2026-03-18 21:39:43
789,D:\6S2\Thesis\7 dataset\hama3_split_raw\test\9\0073.raw,4,9,1,3,0,3648,4.452338933944702,86016,259684,1794,OK,2026-03-18 21:39:49
790,D:\6S2\Thesis\7 dataset\hama3_split_raw\test\3\0054.raw,1,3,1,3,1,3648,4.450244903564453,86016,259684,1795,OK,2026-03-18 21:39:55
791,D:\6S2\Thesis\7 dataset\hama3_split_raw\test\8\0095.raw,3,8,3,8,1,3647,4.45051646232605,86016,259684,1796,OK,2026-03-18 21:40:02
792,D:\6S2\Thesis\7 dataset\hama3_split_raw\test\0\0088.raw,0,0,0,0,1,3648,4.45067834854126,86016,259684,1797,OK,2026-03-18 21:40:08
793,D:\6S2\Thesis\7 dataset\hama3_split_raw\test\3\0044.raw,1,3,3,8,0,3647,4.450678110122681,86016,259684,1798,OK,2026-03-18 21:40:15
794,D:\6S2\Thesis\7 dataset\hama3_split_raw\test\5\0051.raw,2,5,2,5,1,3647,4.451000452041626,86016,259684,1799,OK,2026-03-18 21:40:21
795,D:\6S2\Thesis\7 dataset\hama3_split_raw\test\8\0046.raw,3,8,3,8,1,3648,4.451045989990234,86016,259684,1800,OK,2026-03-18 21:40:28
796,D:\6S2\Thesis\7 dataset\hama3_split_raw\test\0\0059.raw,0,0,4,9,0,3648,4.450944423675537,86016,259684,1801,OK,2026-03-18 21:40:34
797,D:\6S2\Thesis\7 dataset\hama3_split_raw\test\0\0045.raw,0,0,0,0,1,3647,4.450494766235352,86016,259684,1802,OK,2026-03-18 21:40:41
798,D:\6S2\Thesis\7 dataset\hama3_split_raw\test\8\0097.raw,3,8,3,8,1,3647,4.450682878494263,86016,259684,1803,OK,2026-03-18 21:40:47
799,D:\6S2\Thesis\7 dataset\hama3_split_raw\test\3\0015.raw,1,3,3,8,0,3648,4.450662136077881,86016,259684,1804,OK,2026-03-18 21:40:54
800,D:\6S2\Thesis\7 dataset\hama3_split_raw\test\0\0043.raw,0,0,0,0,1,3647,4.450409650802612,86016,259684,1805,OK,2026-03-18 21:41:00
801,D:\6S2\Thesis\7 dataset\hama3_split_raw\test\0\0077.raw,0,0,0,0,1,3647,4.450721740722656,86016,259684,1806,OK,2026-03-18 21:41:06
802,D:\6S2\Thesis\7 dataset\hama3_split_raw\test\0\0022.raw,0,0,0,0,1,3647,4.450547218322754,86016,259684,1807,OK,2026-03-18 21:41:13
803,D:\6S2\Thesis\7 dataset\hama3_split_raw\test\8\0084.raw,3,8,3,8,1,3648,4.450408220291138,86016,259684,1808,OK,2026-03-18 21:41:19
804,D:\6S2\Thesis\7 dataset\hama3_split_raw\test\0\0053.raw,0,0,0,0,1,3647,4.450746059417725,86016,259684,1809,OK,2026-03-18 21:41:26
805,D:\6S2\Thesis\7 dataset\hama3_split_raw\test\0\0051.raw,0,0,0,0,1,3647,4.450099468231201,86016,259684,1810,OK,2026-03-18 21:41:32
806,D:\6S2\Thesis\7 dataset\hama3_split_raw\test\8\0080.raw,3,8,3,8,1,3647,4.450275659561157,86016,259684,1811,OK,2026-03-18 21:41:39
807,D:\6S2\Thesis\7 dataset\hama3_split_raw\test\8\0172.raw,3,8,4,9,0,3647,4.452792167663574,86016,259684,1812,OK,2026-03-18 21:41:45
808,D:\6S2\Thesis\7 dataset\hama3_split_raw\test\3\0039.raw,1,3,3,8,0,3648,4.450738906860352,86016,259684,1813,OK,2026-03-18 21:41:52
809,D:\6S2\Thesis\7 dataset\hama3_split_raw\test\0\0039.raw,0,0,0,0,1,3648,4.450287818908691,86016,259684,1814,OK,2026-03-18 21:41:58
810,D:\6S2\Thesis\7 dataset\hama3_split_raw\test\3\0059.raw,1,3,2,5,0,3647,4.45033860206604,86016,259684,1815,OK,2026-03-18 21:42:05
811,D:\6S2\Thesis\7 dataset\hama3_split_raw\test\3\0034.raw,1,3,0,0,0,3647,4.4507551193237305,86016,259684,1816,OK,2026-03-18 21:42:11
812,D:\6S2\Thesis\7 dataset\hama3_split_raw\test\5\0015.raw,2,5,2,5,1,3648,4.4524452686309814,86016,259684,1817,OK,2026-03-18 21:42:17
813,D:\6S2\Thesis\7 dataset\hama3_split_raw\test\8\0099.raw,3,8,3,8,1,3647,4.450146436691284,86016,259684,1818,OK,2026-03-18 21:42:24
814,D:\6S2\Thesis\7 dataset\hama3_split_raw\test\8\0133.raw,3,8,3,8,1,3647,4.450430393218994,86016,259684,1819,OK,2026-03-18 21:42:30
815,D:\6S2\Thesis\7 dataset\hama3_split_raw\test\9\0094.raw,4,9,4,9,1,3647,4.449945449829102,86016,259684,1820,OK,2026-03-18 21:42:37
816,D:\6S2\Thesis\7 dataset\hama3_split_raw\test\9\0035.raw,4,9,4,9,1,3648,4.450148582458496,86016,259684,1821,OK,2026-03-18 21:42:43
817,D:\6S2\Thesis\7 dataset\hama3_split_raw\test\8\0166.raw,3,8,3,8,1,3648,4.450209379196167,86016,259684,1822,OK,2026-03-18 21:42:50
818,D:\6S2\Thesis\7 dataset\hama3_split_raw\test\3\0034.raw,1,3,0,0,0,3647,4.450742244720459,86016,259684,1823,OK,2026-03-18 21:42:56
819,D:\6S2\Thesis\7 dataset\hama3_split_raw\test\9\0079.raw,4,9,4,9,1,3647,4.450502395629883,86016,259684,1824,OK,2026-03-18 21:43:03
820,D:\6S2\Thesis\7 dataset\hama3_split_raw\test\9\0103.raw,4,9,4,9,1,3648,4.450285911560059,86016,259684,1825,OK,2026-03-18 21:43:09
821,D:\6S2\Thesis\7 dataset\hama3_split_raw\test\8\0095.raw,3,8,3,8,1,3648,4.450023412704468,86016,259684,1826,OK,2026-03-18 21:43:16
822,D:\6S2\Thesis\7 dataset\hama3_split_raw\test\9\0082.raw,4,9,3,8,0,3647,4.451027154922485,86016,259684,1827,OK,2026-03-18 21:43:22
823,D:\6S2\Thesis\7 dataset\hama3_split_raw\test\0\0057.raw,0,0,0,0,1,3647,4.450411081314087,86016,259684,1828,OK,2026-03-18 21:43:28
824,D:\6S2\Thesis\7 dataset\hama3_split_raw\test\5\0058.raw,2,5,2,5,1,3647,4.451277017593384,86016,259684,1829,OK,2026-03-18 21:43:35
825,D:\6S2\Thesis\7 dataset\hama3_split_raw\test\0\0003.raw,0,0,0,0,1,3648,4.449162006378174,86016,259684,1830,OK,2026-03-18 21:43:41
826,D:\6S2\Thesis\7 dataset\hama3_split_raw\test\5\0085.raw,2,5,2,5,1,3647,4.450798034667969,86016,259684,1831,OK,2026-03-18 21:43:48
827,D:\6S2\Thesis\7 dataset\hama3_split_raw\test\0\0014.raw,0,0,1,3,0,3647,4.450913429260254,86016,259684,1832,OK,2026-03-18 21:43:54
828,D:\6S2\Thesis\7 dataset\hama3_split_raw\test\3\0063.raw,1,3,1,3,1,3647,4.45053768157959,86016,259684,1833,OK,2026-03-18 21:44:01
829,D:\6S2\Thesis\7 dataset\hama3_split_raw\test\9\0069.raw,4,9,4,9,1,3647,4.450646877288818,86016,259684,1834,OK,2026-03-18 21:44:07
830,D:\6S2\Thesis\7 dataset\hama3_split_raw\test\3\0007.raw,1,3,1,3,1,3648,4.451289653778076,86016,259684,1835,OK,2026-03-18 21:44:14
831,D:\6S2\Thesis\7 dataset\hama3_split_raw\test\0\0064.raw,0,0,2,5,0,3648,4.449059963226318,86016,259684,1836,OK,2026-03-18 21:44:20
832,D:\6S2\Thesis\7 dataset\hama3_split_raw\test\9\0041.raw,4,9,1,3,0,3648,4.451426029205322,86016,259684,1837,OK,2026-03-18 21:44:27
833,D:\6S2\Thesis\7 dataset\hama3_split_raw\test\8\0053.raw,3,8,3,8,1,3647,4.450822114944458,86016,259684,1838,OK,2026-03-18 21:44:33
834,D:\6S2\Thesis\7 dataset\hama3_split_raw\test\9\0062.raw,4,9,3,8,0,3648,4.449958801269531,86016,259684,1839,OK,2026-03-18 21:44:39
835,D:\6S2\Thesis\7 dataset\hama3_split_raw\test\9\0003.raw,4,9,4,9,1,3647,4.451777458190918,86016,259684,1840,OK,2026-03-18 21:44:46
836,D:\6S2\Thesis\7 dataset\hama3_split_raw\test\3\0090.raw,1,3,1,3,1,3647,4.45037317276001,86016,259684,1841,OK,2026-03-18 21:44:52
837,D:\6S2\Thesis\7 dataset\hama3_split_raw\test\5\0076.raw,2,5,2,5,1,3647,4.450076103210449,86016,259684,1842,OK,2026-03-18 21:44:59
838,D:\6S2\Thesis\7 dataset\hama3_split_raw\test\0\0089.raw,0,0,0,0,1,3648,4.451043605804443,86016,259684,1843,OK,2026-03-18 21:45:05
839,D:\6S2\Thesis\7 dataset\hama3_split_raw\test\3\0006.raw,1,3,1,3,1,3647,4.4504170417785645,86016,259684,1844,OK,2026-03-18 21:45:12
840,D:\6S2\Thesis\7 dataset\hama3_split_raw\test\5\0055.raw,2,5,2,5,1,3647,4.450323820114136,86016,259684,1845,OK,2026-03-18 21:45:18
841,D:\6S2\Thesis\7 dataset\hama3_split_raw\test\9\0037.raw,4,9,1,3,0,3648,4.4517035484313965,86016,259684,1846,OK,2026-03-18 21:45:25
842,D:\6S2\Thesis\7 dataset\hama3_split_raw\test\5\0062.raw,2,5,2,5,1,3647,4.450636625289917,86016,259684,1847,OK,2026-03-18 21:45:31
843,D:\6S2\Thesis\7 dataset\hama3_split_raw\test\9\0082.raw,4,9,3,8,0,3647,4.450800180435181,86016,259684,1848,OK,2026-03-18 21:45:38
844,D:\6S2\Thesis\7 dataset\hama3_split_raw\test\0\0041.raw,0,0,0,0,1,3647,4.450772523880005,86016,259684,1849,OK,2026-03-18 21:45:44
845,D:\6S2\Thesis\7 dataset\hama3_split_raw\test\9\0075.raw,4,9,4,9,1,3647,4.449754476547241,86016,259684,1850,OK,2026-03-18 21:45:50
846,D:\6S2\Thesis\7 dataset\hama3_split_raw\test\8\0050.raw,3,8,4,9,0,3648,4.45057487487793,86016,259684,1851,OK,2026-03-18 21:45:57
847,D:\6S2\Thesis\7 dataset\hama3_split_raw\test\5\0060.raw,2,5,2,5,1,3648,4.4482481479644775,86016,259684,1852,OK,2026-03-18 21:46:03
848,D:\6S2\Thesis\7 dataset\hama3_split_raw\test\5\0105.raw,2,5,2,5,1,3648,4.4486985206604,86016,259684,1853,OK,2026-03-18 21:46:10
849,D:\6S2\Thesis\7 dataset\hama3_split_raw\test\5\0089.raw,2,5,2,5,1,3647,4.44814658164978,86016,259684,1854,OK,2026-03-18 21:46:16
850,D:\6S2\Thesis\7 dataset\hama3_split_raw\test\0\0080.raw,0,0,0,0,1,3648,4.450997829437256,86016,259684,1855,OK,2026-03-18 21:46:23
851,D:\6S2\Thesis\7 dataset\hama3_split_raw\test\8\0043.raw,3,8,3,8,1,3647,4.450371265411377,86016,259684,1856,OK,2026-03-18 21:46:29
852,D:\6S2\Thesis\7 dataset\hama3_split_raw\test\8\0088.raw,3,8,3,8,1,3647,4.450403928756714,86016,259684,1857,OK,2026-03-18 21:46:36
853,D:\6S2\Thesis\7 dataset\hama3_split_raw\test\0\0017.raw,0,0,0,0,1,3647,4.448728799819946,86016,259684,1858,OK,2026-03-18 21:46:42
854,D:\6S2\Thesis\7 dataset\hama3_split_raw\test\3\0093.raw,1,3,0,0,0,3648,4.450238943099976,86016,259684,1859,OK,2026-03-18 21:46:48
855,D:\6S2\Thesis\7 dataset\hama3_split_raw\test\3\0044.raw,1,3,3,8,0,3647,4.4501848220825195,86016,259684,1860,OK,2026-03-18 21:46:55
856,D:\6S2\Thesis\7 dataset\hama3_split_raw\test\8\0104.raw,3,8,3,8,1,3647,4.450272083282471,86016,259684,1861,OK,2026-03-18 21:47:01
857,D:\6S2\Thesis\7 dataset\hama3_split_raw\test\9\0080.raw,4,9,4,9,1,3647,4.448379993438721,86016,259684,1862,OK,2026-03-18 21:47:08
858,D:\6S2\Thesis\7 dataset\hama3_split_raw\test\3\0020.raw,1,3,1,3,1,3647,4.451575040817261,86016,259684,1863,OK,2026-03-18 21:47:14
859,D:\6S2\Thesis\7 dataset\hama3_split_raw\test\9\0047.raw,4,9,4,9,1,3647,4.450294494628906,86016,259684,1864,OK,2026-03-18 21:47:21
860,D:\6S2\Thesis\7 dataset\hama3_split_raw\test\8\0160.raw,3,8,2,5,0,3648,4.44948410987854,86016,259684,1865,OK,2026-03-18 21:47:27
861,D:\6S2\Thesis\7 dataset\hama3_split_raw\test\0\0010.raw,0,0,4,9,0,3647,4.450127363204956,86016,259684,1866,OK,2026-03-18 21:47:34
862,D:\6S2\Thesis\7 dataset\hama3_split_raw\test\3\0048.raw,1,3,1,3,1,3647,4.450643301010132,86016,259684,1867,OK,2026-03-18 21:47:40
863,D:\6S2\Thesis\7 dataset\hama3_split_raw\test\3\0012.raw,1,3,1,3,1,3647,4.4508631229400635,86016,259684,1868,OK,2026-03-18 21:47:47
864,D:\6S2\Thesis\7 dataset\hama3_split_raw\test\3\0107.raw,1,3,2,5,0,3647,4.45093297958374,86016,259684,1869,OK,2026-03-18 21:47:53
865,D:\6S2\Thesis\7 dataset\hama3_split_raw\test\9\0013.raw,4,9,4,9,1,3647,4.450945138931274,86016,259684,1870,OK,2026-03-18 21:47:59
866,D:\6S2\Thesis\7 dataset\hama3_split_raw\test\9\0079.raw,4,9,4,9,1,3647,4.450715065002441,86016,259684,1871,OK,2026-03-18 21:48:06
867,D:\6S2\Thesis\7 dataset\hama3_split_raw\test\5\0014.raw,2,5,2,5,1,3647,4.451675176620483,86016,259684,1872,OK,2026-03-18 21:48:12
868,D:\6S2\Thesis\7 dataset\hama3_split_raw\test\0\0062.raw,0,0,3,8,0,3647,4.4500837326049805,86016,259684,1873,OK,2026-03-18 21:48:19
869,D:\6S2\Thesis\7 dataset\hama3_split_raw\test\9\0097.raw,4,9,2,5,0,3647,4.452390670776367,86016,259684,1874,OK,2026-03-18 21:48:25
870,D:\6S2\Thesis\7 dataset\hama3_split_raw\test\3\0062.raw,1,3,4,9,0,3648,4.4499900341033936,86016,259684,1875,OK,2026-03-18 21:48:32
871,D:\6S2\Thesis\7 dataset\hama3_split_raw\test\0\0019.raw,0,0,0,0,1,3647,4.450873374938965,86016,259684,1876,OK,2026-03-18 21:48:38
872,D:\6S2\Thesis\7 dataset\hama3_split_raw\test\0\0050.raw,0,0,1,3,0,3647,4.451471328735352,86016,259684,1877,OK,2026-03-18 21:48:45
873,D:\6S2\Thesis\7 dataset\hama3_split_raw\test\3\0065.raw,1,3,1,3,1,3647,4.450799226760864,86016,259684,1878,OK,2026-03-18 21:48:51
874,D:\6S2\Thesis\7 dataset\hama3_split_raw\test\5\0022.raw,2,5,2,5,1,3647,4.45222806930542,86016,259684,1879,OK,2026-03-18 21:48:58
875,D:\6S2\Thesis\7 dataset\hama3_split_raw\test\5\0045.raw,2,5,2,5,1,3648,4.450910806655884,86016,259684,1880,OK,2026-03-18 21:49:04
876,D:\6S2\Thesis\7 dataset\hama3_split_raw\test\0\0043.raw,0,0,0,0,1,3647,4.450818061828613,86016,259684,1881,OK,2026-03-18 21:49:10
877,D:\6S2\Thesis\7 dataset\hama3_split_raw\test\0\0070.raw,0,0,0,0,1,3647,4.450819969177246,86016,259684,1882,OK,2026-03-18 21:49:17
878,D:\6S2\Thesis\7 dataset\hama3_split_raw\test\0\0027.raw,0,0,2,5,0,3647,4.451341867446899,86016,259684,1883,OK,2026-03-18 21:49:23
879,D:\6S2\Thesis\7 dataset\hama3_split_raw\test\0\0062.raw,0,0,3,8,0,3648,4.450969219207764,86016,259684,1884,OK,2026-03-18 21:49:30
880,D:\6S2\Thesis\7 dataset\hama3_split_raw\test\8\0045.raw,3,8,3,8,1,3648,4.4506120681762695,86016,259684,1885,OK,2026-03-18 21:49:36
881,D:\6S2\Thesis\7 dataset\hama3_split_raw\test\8\0021.raw,3,8,3,8,1,3647,4.451141119003296,86016,259684,1886,OK,2026-03-18 21:49:43
882,D:\6S2\Thesis\7 dataset\hama3_split_raw\test\8\0029.raw,3,8,3,8,1,3647,4.450707197189331,86016,259684,1887,OK,2026-03-18 21:49:49
883,D:\6S2\Thesis\7 dataset\hama3_split_raw\test\0\0034.raw,0,0,3,8,0,3647,4.450728178024292,86016,259684,1888,OK,2026-03-18 21:49:56
884,D:\6S2\Thesis\7 dataset\hama3_split_raw\test\9\0032.raw,4,9,1,3,0,3648,4.452172040939331,86016,259684,1889,OK,2026-03-18 21:50:02
885,D:\6S2\Thesis\7 dataset\hama3_split_raw\test\3\0112.raw,1,3,3,8,0,3647,4.450481176376343,86016,259684,1890,OK,2026-03-18 21:50:09
886,D:\6S2\Thesis\7 dataset\hama3_split_raw\test\0\0052.raw,0,0,0,0,1,3647,4.450711488723755,86016,259684,1891,OK,2026-03-18 21:50:15
887,D:\6S2\Thesis\7 dataset\hama3_split_raw\test\8\0040.raw,3,8,0,0,0,3647,4.450664758682251,86016,259684,1892,OK,2026-03-18 21:50:21
888,D:\6S2\Thesis\7 dataset\hama3_split_raw\test\5\0076.raw,2,5,2,5,1,3647,4.450971364974976,86016,259684,1893,OK,2026-03-18 21:50:28
889,D:\6S2\Thesis\7 dataset\hama3_split_raw\test\3\0039.raw,1,3,3,8,0,3648,4.4506449699401855,86016,259684,1894,OK,2026-03-18 21:50:34
890,D:\6S2\Thesis\7 dataset\hama3_split_raw\test\8\0110.raw,3,8,3,8,1,3648,4.450174331665039,86016,259684,1895,OK,2026-03-18 21:50:41
891,D:\6S2\Thesis\7 dataset\hama3_split_raw\test\9\0024.raw,4,9,4,9,1,3647,4.4507458209991455,86016,259684,1896,OK,2026-03-18 21:50:47
892,D:\6S2\Thesis\7 dataset\hama3_split_raw\test\0\0010.raw,0,0,4,9,0,3647,4.45236873626709,86016,259684,1897,OK,2026-03-18 21:50:54
893,D:\6S2\Thesis\7 dataset\hama3_split_raw\test\8\0044.raw,3,8,3,8,1,3647,4.450942277908325,86016,259684,1898,OK,2026-03-18 21:51:00
894,D:\6S2\Thesis\7 dataset\hama3_split_raw\test\8\0090.raw,3,8,3,8,1,3648,4.451724052429199,86016,259684,1899,OK,2026-03-18 21:51:07
895,D:\6S2\Thesis\7 dataset\hama3_split_raw\test\8\0134.raw,3,8,4,9,0,3647,4.451727390289307,86016,259684,1900,OK,2026-03-18 21:51:13
896,D:\6S2\Thesis\7 dataset\hama3_split_raw\test\9\0059.raw,4,9,3,8,0,3647,4.450594425201416,86016,259684,1901,OK,2026-03-18 21:51:20
897,D:\6S2\Thesis\7 dataset\hama3_split_raw\test\5\0048.raw,2,5,2,5,1,3647,4.451358079910278,86016,259684,1902,OK,2026-03-18 21:51:26
898,D:\6S2\Thesis\7 dataset\hama3_split_raw\test\5\0068.raw,2,5,2,5,1,3647,4.452017068862915,86016,259684,1903,OK,2026-03-18 21:51:33
899,D:\6S2\Thesis\7 dataset\hama3_split_raw\test\5\0039.raw,2,5,2,5,1,3647,4.450624465942383,86016,259684,1904,OK,2026-03-18 21:51:39
900,D:\6S2\Thesis\7 dataset\hama3_split_raw\test\0\0073.raw,0,0,3,8,0,3647,4.451046466827393,86016,259684,1905,OK,2026-03-18 21:51:45
901,D:\6S2\Thesis\7 dataset\hama3_split_raw\test\3\0033.raw,1,3,1,3,1,3647,4.450241327285767,86016,259684,1906,OK,2026-03-18 21:51:52
902,D:\6S2\Thesis\7 dataset\hama3_split_raw\test\9\0032.raw,4,9,1,3,0,3648,4.449761152267456,86016,259684,1907,OK,2026-03-18 21:51:58
903,D:\6S2\Thesis\7 dataset\hama3_split_raw\test\8\0124.raw,3,8,3,8,1,3647,4.450506210327148,86016,259684,1908,OK,2026-03-18 21:52:05
904,D:\6S2\Thesis\7 dataset\hama3_split_raw\test\0\0052.raw,0,0,0,0,1,3647,4.4515061378479,86016,259684,1909,OK,2026-03-18 21:52:11
905,D:\6S2\Thesis\7 dataset\hama3_split_raw\test\0\0065.raw,0,0,0,0,1,3648,4.451525688171387,86016,259684,1910,OK,2026-03-18 21:52:18
906,D:\6S2\Thesis\7 dataset\hama3_split_raw\test\3\0040.raw,1,3,2,5,0,3647,4.450529098510742,86016,259684,1911,OK,2026-03-18 21:52:24
907,D:\6S2\Thesis\7 dataset\hama3_split_raw\test\9\0068.raw,4,9,4,9,1,3647,4.449717998504639,86016,259684,1912,OK,2026-03-18 21:52:31
908,D:\6S2\Thesis\7 dataset\hama3_split_raw\test\5\0082.raw,2,5,2,5,1,3647,4.450410604476929,86016,259684,1913,OK,2026-03-18 21:52:37
909,D:\6S2\Thesis\7 dataset\hama3_split_raw\test\3\0111.raw,1,3,1,3,1,3648,4.450982332229614,86016,259684,1914,OK,2026-03-18 21:52:43
910,D:\6S2\Thesis\7 dataset\hama3_split_raw\test\9\0035.raw,4,9,4,9,1,3647,4.451145648956299,86016,259684,1915,OK,2026-03-18 21:52:50
911,D:\6S2\Thesis\7 dataset\hama3_split_raw\test\9\0088.raw,4,9,4,9,1,3647,4.450581073760986,86016,259684,1916,OK,2026-03-18 21:52:56
912,D:\6S2\Thesis\7 dataset\hama3_split_raw\test\9\0065.raw,4,9,4,9,1,3647,4.4508092403411865,86016,259684,1917,OK,2026-03-18 21:53:03
913,D:\6S2\Thesis\7 dataset\hama3_split_raw\test\0\0067.raw,0,0,0,0,1,3647,4.451395750045776,86016,259684,1918,OK,2026-03-18 21:53:09
914,D:\6S2\Thesis\7 dataset\hama3_split_raw\test\3\0016.raw,1,3,4,9,0,3648,4.4517621994018555,86016,259684,1919,OK,2026-03-18 21:53:16
915,D:\6S2\Thesis\7 dataset\hama3_split_raw\test\9\0028.raw,4,9,4,9,1,3648,4.45081353187561,86016,259684,1920,OK,2026-03-18 21:53:22
916,D:\6S2\Thesis\7 dataset\hama3_split_raw\test\9\0079.raw,4,9,4,9,1,3648,4.451404333114624,86016,259684,1921,OK,2026-03-18 21:53:29
917,D:\6S2\Thesis\7 dataset\hama3_split_raw\test\0\0009.raw,0,0,0,0,1,3647,4.448601722717285,86016,259684,1922,OK,2026-03-18 21:53:35
918,D:\6S2\Thesis\7 dataset\hama3_split_raw\test\5\0018.raw,2,5,3,8,0,3647,4.450852155685425,86016,259684,1923,OK,2026-03-18 21:53:42
919,D:\6S2\Thesis\7 dataset\hama3_split_raw\test\5\0019.raw,2,5,2,5,1,3648,4.451245546340942,86016,259684,1924,OK,2026-03-18 21:53:48
920,D:\6S2\Thesis\7 dataset\hama3_split_raw\test\3\0060.raw,1,3,1,3,1,3647,4.451077222824097,86016,259684,1925,OK,2026-03-18 21:53:54
921,D:\6S2\Thesis\7 dataset\hama3_split_raw\test\9\0051.raw,4,9,4,9,1,3647,4.451665163040161,86016,259684,1926,OK,2026-03-18 21:54:01
922,D:\6S2\Thesis\7 dataset\hama3_split_raw\test\9\0083.raw,4,9,4,9,1,3647,4.451223850250244,86016,259684,1927,OK,2026-03-18 21:54:07
923,D:\6S2\Thesis\7 dataset\hama3_split_raw\test\5\0067.raw,2,5,4,9,0,3647,4.451164722442627,86016,259684,1928,OK,2026-03-18 21:54:14
924,D:\6S2\Thesis\7 dataset\hama3_split_raw\test\3\0046.raw,1,3,1,3,1,3647,4.451191663742065,86016,259684,1929,OK,2026-03-18 21:54:20
925,D:\6S2\Thesis\7 dataset\hama3_split_raw\test\3\0085.raw,1,3,1,3,1,3647,4.4487879276275635,86016,259684,1930,OK,2026-03-18 21:54:27
926,D:\6S2\Thesis\7 dataset\hama3_split_raw\test\8\0029.raw,3,8,3,8,1,3647,4.450855493545532,86016,259684,1931,OK,2026-03-18 21:54:33
927,D:\6S2\Thesis\7 dataset\hama3_split_raw\test\8\0154.raw,3,8,3,8,1,3647,4.451165437698364,86016,259684,1932,OK,2026-03-18 21:54:40
928,D:\6S2\Thesis\7 dataset\hama3_split_raw\test\5\0077.raw,2,5,2,5,1,3648,4.45247745513916,86016,259684,1933,OK,2026-03-18 21:54:46
929,D:\6S2\Thesis\7 dataset\hama3_split_raw\test\3\0085.raw,1,3,1,3,1,3648,4.45145058631897,86016,259684,1934,OK,2026-03-18 21:54:53
930,D:\6S2\Thesis\7 dataset\hama3_split_raw\test\9\0102.raw,4,9,3,8,0,3647,4.450875759124756,86016,259684,1935,OK,2026-03-18 21:54:59
931,D:\6S2\Thesis\7 dataset\hama3_split_raw\test\5\0088.raw,2,5,2,5,1,3647,4.4507834911346436,86016,259684,1936,OK,2026-03-18 21:55:05
932,D:\6S2\Thesis\7 dataset\hama3_split_raw\test\5\0055.raw,2,5,2,5,1,3647,4.450989723205566,86016,259684,1937,OK,2026-03-18 21:55:12
933,D:\6S2\Thesis\7 dataset\hama3_split_raw\test\9\0015.raw,4,9,4,9,1,3648,4.451125144958496,86016,259684,1938,OK,2026-03-18 21:55:18
934,D:\6S2\Thesis\7 dataset\hama3_split_raw\test\3\0082.raw,1,3,3,8,0,3647,4.4508888721466064,86016,259684,1939,OK,2026-03-18 21:55:25
935,D:\6S2\Thesis\7 dataset\hama3_split_raw\test\5\0118.raw,2,5,0,0,0,3647,4.451551198959351,86016,259684,1940,OK,2026-03-18 21:55:31
936,D:\6S2\Thesis\7 dataset\hama3_split_raw\test\8\0049.raw,3,8,4,9,0,3647,4.4508140087127686,86016,259684,1941,OK,2026-03-18 21:55:38
937,D:\6S2\Thesis\7 dataset\hama3_split_raw\test\9\0102.raw,4,9,3,8,0,3648,4.450985908508301,86016,259684,1942,OK,2026-03-18 21:55:44
938,D:\6S2\Thesis\7 dataset\hama3_split_raw\test\8\0171.raw,3,8,3,8,1,3648,4.448900938034058,86016,259684,1943,OK,2026-03-18 21:55:51
939,D:\6S2\Thesis\7 dataset\hama3_split_raw\test\5\0009.raw,2,5,2,5,1,3647,4.450114965438843,86016,259684,1944,OK,2026-03-18 21:55:57
940,D:\6S2\Thesis\7 dataset\hama3_split_raw\test\0\0050.raw,0,0,1,3,0,3648,4.451405763626099,86016,259684,1945,OK,2026-03-18 21:56:04
941,D:\6S2\Thesis\7 dataset\hama3_split_raw\test\9\0010.raw,4,9,4,9,1,3647,4.451004266738892,86016,259684,1946,OK,2026-03-18 21:56:10
942,D:\6S2\Thesis\7 dataset\hama3_split_raw\test\8\0113.raw,3,8,3,8,1,3648,4.4514124393463135,86016,259684,1947,OK,2026-03-18 21:56:17
943,D:\6S2\Thesis\7 dataset\hama3_split_raw\test\8\0024.raw,3,8,1,3,0,3648,4.447834730148315,86016,259684,1948,OK,2026-03-18 21:56:23
944,D:\6S2\Thesis\7 dataset\hama3_split_raw\test\0\0049.raw,0,0,3,8,0,3647,4.449671506881714,86016,259684,1949,OK,2026-03-18 21:56:30
945,D:\6S2\Thesis\7 dataset\hama3_split_raw\test\3\0111.raw,1,3,1,3,1,3647,4.450784921646118,86016,259684,1950,OK,2026-03-18 21:56:36
946,D:\6S2\Thesis\7 dataset\hama3_split_raw\test\3\0083.raw,1,3,1,3,1,3647,4.451006174087524,86016,259684,1951,OK,2026-03-18 21:56:42
947,D:\6S2\Thesis\7 dataset\hama3_split_raw\test\0\0074.raw,0,0,3,8,0,3647,4.45028018951416,86016,259684,1952,OK,2026-03-18 21:56:49
948,D:\6S2\Thesis\7 dataset\hama3_split_raw\test\9\0039.raw,4,9,4,9,1,3647,4.449976444244385,86016,259684,1953,OK,2026-03-18 21:56:55
949,D:\6S2\Thesis\7 dataset\hama3_split_raw\test\5\0099.raw,2,5,2,5,1,3647,4.450505018234253,86016,259684,1954,OK,2026-03-18 21:57:02
950,D:\6S2\Thesis\7 dataset\hama3_split_raw\test\5\0074.raw,2,5,2,5,1,3647,4.450828313827515,86016,259684,1955,OK,2026-03-18 21:57:08
951,D:\6S2\Thesis\7 dataset\hama3_split_raw\test\9\0003.raw,4,9,4,9,1,3648,4.450704097747803,86016,259684,1956,OK,2026-03-18 21:57:15
952,D:\6S2\Thesis\7 dataset\hama3_split_raw\test\3\0051.raw,1,3,1,3,1,3647,4.450095891952515,86016,259684,1957,OK,2026-03-18 21:57:21
953,D:\6S2\Thesis\7 dataset\hama3_split_raw\test\9\0033.raw,4,9,1,3,0,3648,4.4505650997161865,86016,259684,1958,OK,2026-03-18 21:57:28
954,D:\6S2\Thesis\7 dataset\hama3_split_raw\test\5\0002.raw,2,5,2,5,1,3647,4.451051473617554,86016,259684,1959,OK,2026-03-18 21:57:34
955,D:\6S2\Thesis\7 dataset\hama3_split_raw\test\8\0029.raw,3,8,3,8,1,3647,4.450442314147949,86016,259684,1960,OK,2026-03-18 21:57:41
956,D:\6S2\Thesis\7 dataset\hama3_split_raw\test\9\0045.raw,4,9,1,3,0,3647,4.450922966003418,86016,259684,1961,OK,2026-03-18 21:57:47
957,D:\6S2\Thesis\7 dataset\hama3_split_raw\test\3\0028.raw,1,3,1,3,1,3647,4.450769662857056,86016,259684,1962,OK,2026-03-18 21:57:53
958,D:\6S2\Thesis\7 dataset\hama3_split_raw\test\8\0079.raw,3,8,3,8,1,3648,4.45020055770874,86016,259684,1963,OK,2026-03-18 21:58:00
959,D:\6S2\Thesis\7 dataset\hama3_split_raw\test\5\0074.raw,2,5,2,5,1,3647,4.450223207473755,86016,259684,1964,OK,2026-03-18 21:58:06
960,D:\6S2\Thesis\7 dataset\hama3_split_raw\test\5\0068.raw,2,5,2,5,1,3647,4.450427770614624,86016,259684,1965,OK,2026-03-18 21:58:13
961,D:\6S2\Thesis\7 dataset\hama3_split_raw\test\8\0055.raw,3,8,1,3,0,3647,4.449568271636963,86016,259684,1966,OK,2026-03-18 21:58:19
962,D:\6S2\Thesis\7 dataset\hama3_split_raw\test\9\0017.raw,4,9,4,9,1,3647,4.450109481811523,86016,259684,1967,OK,2026-03-18 21:58:26
963,D:\6S2\Thesis\7 dataset\hama3_split_raw\test\3\0098.raw,1,3,4,9,0,3648,4.450339317321777,86016,259684,1968,OK,2026-03-18 21:58:32
964,D:\6S2\Thesis\7 dataset\hama3_split_raw\test\8\0070.raw,3,8,3,8,1,3647,4.450086355209351,86016,259684,1969,OK,2026-03-18 21:58:39
965,D:\6S2\Thesis\7 dataset\hama3_split_raw\test\3\0033.raw,1,3,1,3,1,3648,4.450153112411499,86016,259684,1970,OK,2026-03-18 21:58:45
966,D:\6S2\Thesis\7 dataset\hama3_split_raw\test\0\0004.raw,0,0,0,0,1,3647,4.450428009033203,86016,259684,1971,OK,2026-03-18 21:58:52
967,D:\6S2\Thesis\7 dataset\hama3_split_raw\test\5\0106.raw,2,5,2,5,1,3647,4.449492692947388,86016,259684,1972,OK,2026-03-18 21:58:58
968,D:\6S2\Thesis\7 dataset\hama3_split_raw\test\5\0100.raw,2,5,2,5,1,3648,4.450455904006958,86016,259684,1973,OK,2026-03-18 21:59:04
969,D:\6S2\Thesis\7 dataset\hama3_split_raw\test\5\0024.raw,2,5,2,5,1,3648,4.449435472488403,86016,259684,1974,OK,2026-03-18 21:59:11
970,D:\6S2\Thesis\7 dataset\hama3_split_raw\test\5\0104.raw,2,5,2,5,1,3648,4.448570728302002,86016,259684,1975,OK,2026-03-18 21:59:17
971,D:\6S2\Thesis\7 dataset\hama3_split_raw\test\3\0039.raw,1,3,3,8,0,3647,4.450001239776611,86016,259684,1976,OK,2026-03-18 21:59:24
972,D:\6S2\Thesis\7 dataset\hama3_split_raw\test\9\0087.raw,4,9,4,9,1,3647,4.45018458366394,86016,259684,1977,OK,2026-03-18 21:59:30
973,D:\6S2\Thesis\7 dataset\hama3_split_raw\test\5\0119.raw,2,5,2,5,1,3647,4.449844598770142,86016,259684,1978,OK,2026-03-18 21:59:37
974,D:\6S2\Thesis\7 dataset\hama3_split_raw\test\8\0059.raw,3,8,3,8,1,3648,4.449530601501465,86016,259684,1979,OK,2026-03-18 21:59:43
975,D:\6S2\Thesis\7 dataset\hama3_split_raw\test\5\0114.raw,2,5,2,5,1,3647,4.450473785400391,86016,259684,1980,OK,2026-03-18 21:59:50
976,D:\6S2\Thesis\7 dataset\hama3_split_raw\test\3\0073.raw,1,3,1,3,1,3647,4.450438022613525,86016,259684,1981,OK,2026-03-18 21:59:56
977,D:\6S2\Thesis\7 dataset\hama3_split_raw\test\9\0013.raw,4,9,4,9,1,3647,4.448726177215576,86016,259684,1982,OK,2026-03-18 22:00:03
978,D:\6S2\Thesis\7 dataset\hama3_split_raw\test\8\0094.raw,3,8,3,8,1,3648,4.450273036956787,86016,259684,1983,OK,2026-03-18 22:00:09
979,D:\6S2\Thesis\7 dataset\hama3_split_raw\test\3\0104.raw,1,3,1,3,1,3647,4.4495556354522705,86016,259684,1984,OK,2026-03-18 22:00:15
980,D:\6S2\Thesis\7 dataset\hama3_split_raw\test\0\0051.raw,0,0,0,0,1,3647,4.448400497436523,86016,259684,1985,OK,2026-03-18 22:00:22
981,D:\6S2\Thesis\7 dataset\hama3_split_raw\test\0\0057.raw,0,0,0,0,1,3647,4.450544834136963,86016,259684,1986,OK,2026-03-18 22:00:28
982,D:\6S2\Thesis\7 dataset\hama3_split_raw\test\8\0071.raw,3,8,3,8,1,3647,4.450273036956787,86016,259684,1987,OK,2026-03-18 22:00:35
983,D:\6S2\Thesis\7 dataset\hama3_split_raw\test\5\0042.raw,2,5,3,8,0,3648,4.449894428253174,86016,259684,1988,OK,2026-03-18 22:00:41
984,D:\6S2\Thesis\7 dataset\hama3_split_raw\test\3\0021.raw,1,3,1,3,1,3647,4.450303316116333,86016,259684,1989,OK,2026-03-18 22:00:48
985,D:\6S2\Thesis\7 dataset\hama3_split_raw\test\8\0028.raw,3,8,3,8,1,3647,4.450339078903198,86016,259684,1990,OK,2026-03-18 22:00:54
986,D:\6S2\Thesis\7 dataset\hama3_split_raw\test\0\0083.raw,0,0,0,0,1,3647,4.450079679489136,86016,259684,1991,OK,2026-03-18 22:01:01
987,D:\6S2\Thesis\7 dataset\hama3_split_raw\test\3\0097.raw,1,3,1,3,1,3647,4.4499123096466064,86016,259684,1992,OK,2026-03-18 22:01:07
988,D:\6S2\Thesis\7 dataset\hama3_split_raw\test\9\0051.raw,4,9,4,9,1,3647,4.450151681900024,86016,259684,1993,OK,2026-03-18 22:01:14
989,D:\6S2\Thesis\7 dataset\hama3_split_raw\test\9\0010.raw,4,9,4,9,1,3647,4.45046854019165,86016,259684,1994,OK,2026-03-18 22:01:20
990,D:\6S2\Thesis\7 dataset\hama3_split_raw\test\8\0048.raw,3,8,3,8,1,3647,4.452646732330322,86016,259684,1995,OK,2026-03-18 22:01:26
991,D:\6S2\Thesis\7 dataset\hama3_split_raw\test\3\0087.raw,1,3,4,9,0,3647,4.4504969120025635,86016,259684,1996,OK,2026-03-18 22:01:33
992,D:\6S2\Thesis\7 dataset\hama3_split_raw\test\9\0100.raw,4,9,1,3,0,3648,4.451885223388672,86016,259684,1997,OK,2026-03-18 22:01:39
993,D:\6S2\Thesis\7 dataset\hama3_split_raw\test\3\0010.raw,1,3,4,9,0,3648,4.450428247451782,86016,259684,1998,OK,2026-03-18 22:01:46
994,D:\6S2\Thesis\7 dataset\hama3_split_raw\test\5\0075.raw,2,5,3,8,0,3648,4.45096492767334,86016,259684,1999,OK,2026-03-18 22:01:52
995,D:\6S2\Thesis\7 dataset\hama3_split_raw\test\8\0091.raw,3,8,3,8,1,3647,4.452010631561279,86016,259684,2000,OK,2026-03-18 22:01:59
996,D:\6S2\Thesis\7 dataset\hama3_split_raw\test\0\0061.raw,0,0,0,0,1,3647,4.450323820114136,86016,259684,2001,OK,2026-03-18 22:02:05
997,D:\6S2\Thesis\7 dataset\hama3_split_raw\test\8\0148.raw,3,8,3,8,1,3647,4.448293924331665,86016,259684,2002,OK,2026-03-18 22:02:12
998,D:\6S2\Thesis\7 dataset\hama3_split_raw\test\3\0089.raw,1,3,1,3,1,3647,4.450768709182739,86016,259684,2003,OK,2026-03-18 22:02:18
999,D:\6S2\Thesis\7 dataset\hama3_split_raw\test\8\0164.raw,3,8,3,8,1,3647,4.447908163070679,86016,259684,2004,OK,2026-03-18 22:02:25
