test,file,gt_index,gt_label,pred_index,pred_label,correct,latency_mcu_ms,latency_pc_s,tensor_arena,free_ram,iteration,status,timestamp
0,D:\6S2\Thesis\7 dataset\hama3_split_raw\test\3\0000.raw,1,3,3,8,0,1907,2.7085206508636475,93184,252516,1,OK,2026-03-19 11:15:41
1,D:\6S2\Thesis\7 dataset\hama3_split_raw\test\5\0058.raw,2,5,1,3,0,1906,2.7081851959228516,93184,252516,2,OK,2026-03-19 11:15:45
2,D:\6S2\Thesis\7 dataset\hama3_split_raw\test\8\0103.raw,3,8,3,8,1,1906,2.7085840702056885,93184,252516,3,OK,2026-03-19 11:15:50
3,D:\6S2\Thesis\7 dataset\hama3_split_raw\test\5\0057.raw,2,5,1,3,0,1906,2.7089319229125977,93184,252516,4,OK,2026-03-19 11:15:55
4,D:\6S2\Thesis\7 dataset\hama3_split_raw\test\9\0100.raw,4,9,3,8,0,1906,2.7083280086517334,93184,252516,5,OK,2026-03-19 11:16:00
5,D:\6S2\Thesis\7 dataset\hama3_split_raw\test\5\0103.raw,2,5,2,5,1,1906,2.7086777687072754,93184,252516,6,OK,2026-03-19 11:16:04
6,D:\6S2\Thesis\7 dataset\hama3_split_raw\test\5\0028.raw,2,5,2,5,1,1906,2.7089500427246094,93184,252516,7,OK,2026-03-19 11:16:09
7,D:\6S2\Thesis\7 dataset\hama3_split_raw\test\5\0094.raw,2,5,2,5,1,1906,2.7091362476348877,93184,252516,8,OK,2026-03-19 11:16:14
8,D:\6S2\Thesis\7 dataset\hama3_split_raw\test\8\0027.raw,3,8,3,8,1,1906,2.7084383964538574,93184,252516,9,OK,2026-03-19 11:16:19
9,D:\6S2\Thesis\7 dataset\hama3_split_raw\test\0\0005.raw,0,0,0,0,1,1906,2.708787679672241,93184,252516,10,OK,2026-03-19 11:16:23
10,D:\6S2\Thesis\7 dataset\hama3_split_raw\test\9\0046.raw,4,9,1,3,0,1906,2.7063944339752197,93184,252516,11,OK,2026-03-19 11:16:28
11,D:\6S2\Thesis\7 dataset\hama3_split_raw\test\5\0098.raw,2,5,2,5,1,1906,2.7082135677337646,93184,252516,12,OK,2026-03-19 11:16:33
12,D:\6S2\Thesis\7 dataset\hama3_split_raw\test\5\0021.raw,2,5,1,3,0,1906,2.7086188793182373,93184,252516,13,OK,2026-03-19 11:16:37
13,D:\6S2\Thesis\7 dataset\hama3_split_raw\test\9\0011.raw,4,9,4,9,1,1906,2.7087368965148926,93184,252516,14,OK,2026-03-19 11:16:42
14,D:\6S2\Thesis\7 dataset\hama3_split_raw\test\9\0095.raw,4,9,4,9,1,1906,2.7084860801696777,93184,252516,15,OK,2026-03-19 11:16:47
15,D:\6S2\Thesis\7 dataset\hama3_split_raw\test\8\0025.raw,3,8,3,8,1,1906,2.7087042331695557,93184,252516,16,OK,2026-03-19 11:16:52
16,D:\6S2\Thesis\7 dataset\hama3_split_raw\test\0\0004.raw,0,0,0,0,1,1906,2.7085206508636475,93184,252516,17,OK,2026-03-19 11:16:56
17,D:\6S2\Thesis\7 dataset\hama3_split_raw\test\3\0111.raw,1,3,1,3,1,1906,2.708688259124756,93184,252516,18,OK,2026-03-19 11:17:01
18,D:\6S2\Thesis\7 dataset\hama3_split_raw\test\0\0079.raw,0,0,2,5,0,1906,2.708742618560791,93184,252516,19,OK,2026-03-19 11:17:06
19,D:\6S2\Thesis\7 dataset\hama3_split_raw\test\9\0085.raw,4,9,4,9,1,1906,2.708355665206909,93184,252516,20,OK,2026-03-19 11:17:11
20,D:\6S2\Thesis\7 dataset\hama3_split_raw\test\9\0089.raw,4,9,2,5,0,1906,2.708791494369507,93184,252516,21,OK,2026-03-19 11:17:15
21,D:\6S2\Thesis\7 dataset\hama3_split_raw\test\0\0019.raw,0,0,0,0,1,1906,2.7082881927490234,93184,252516,22,OK,2026-03-19 11:17:20
22,D:\6S2\Thesis\7 dataset\hama3_split_raw\test\8\0011.raw,3,8,1,3,0,1906,2.708702325820923,93184,252516,23,OK,2026-03-19 11:17:25
23,D:\6S2\Thesis\7 dataset\hama3_split_raw\test\8\0120.raw,3,8,3,8,1,1906,2.708329439163208,93184,252516,24,OK,2026-03-19 11:17:30
24,D:\6S2\Thesis\7 dataset\hama3_split_raw\test\8\0080.raw,3,8,2,5,0,1906,2.7089104652404785,93184,252516,25,OK,2026-03-19 11:17:34
25,D:\6S2\Thesis\7 dataset\hama3_split_raw\test\9\0047.raw,4,9,4,9,1,1906,2.7078003883361816,93184,252516,26,OK,2026-03-19 11:17:39
26,D:\6S2\Thesis\7 dataset\hama3_split_raw\test\8\0130.raw,3,8,4,9,0,1907,2.708674430847168,93184,252516,27,OK,2026-03-19 11:17:44
27,D:\6S2\Thesis\7 dataset\hama3_split_raw\test\9\0029.raw,4,9,4,9,1,1906,2.705983877182007,93184,252516,28,OK,2026-03-19 11:17:49
28,D:\6S2\Thesis\7 dataset\hama3_split_raw\test\9\0089.raw,4,9,2,5,0,1906,2.7085273265838623,93184,252516,29,OK,2026-03-19 11:17:54
29,D:\6S2\Thesis\7 dataset\hama3_split_raw\test\5\0114.raw,2,5,2,5,1,1906,2.7085278034210205,93184,252516,30,OK,2026-03-19 11:17:58
30,D:\6S2\Thesis\7 dataset\hama3_split_raw\test\9\0052.raw,4,9,3,8,0,1906,2.708681344985962,93184,252516,31,OK,2026-03-19 11:18:03
31,D:\6S2\Thesis\7 dataset\hama3_split_raw\test\0\0056.raw,0,0,4,9,0,1906,2.7074341773986816,93184,252516,32,OK,2026-03-19 11:18:08
32,D:\6S2\Thesis\7 dataset\hama3_split_raw\test\3\0031.raw,1,3,3,8,0,1906,2.7084906101226807,93184,252516,33,OK,2026-03-19 11:18:12
33,D:\6S2\Thesis\7 dataset\hama3_split_raw\test\8\0004.raw,3,8,4,9,0,1906,2.7086610794067383,93184,252516,34,OK,2026-03-19 11:18:17
34,D:\6S2\Thesis\7 dataset\hama3_split_raw\test\9\0050.raw,4,9,3,8,0,1906,2.708017110824585,93184,252516,35,OK,2026-03-19 11:18:22
35,D:\6S2\Thesis\7 dataset\hama3_split_raw\test\9\0052.raw,4,9,3,8,0,1906,2.709136962890625,93184,252516,36,OK,2026-03-19 11:18:27
36,D:\6S2\Thesis\7 dataset\hama3_split_raw\test\3\0049.raw,1,3,2,5,0,1906,2.7084481716156006,93184,252516,37,OK,2026-03-19 11:18:31
37,D:\6S2\Thesis\7 dataset\hama3_split_raw\test\3\0100.raw,1,3,2,5,0,1907,2.7088520526885986,93184,252516,38,OK,2026-03-19 11:18:36
38,D:\6S2\Thesis\7 dataset\hama3_split_raw\test\9\0047.raw,4,9,4,9,1,1906,2.708653450012207,93184,252516,39,OK,2026-03-19 11:18:41
39,D:\6S2\Thesis\7 dataset\hama3_split_raw\test\3\0021.raw,1,3,1,3,1,1907,2.7083957195281982,93184,252516,40,OK,2026-03-19 11:18:46
40,D:\6S2\Thesis\7 dataset\hama3_split_raw\test\0\0020.raw,0,0,4,9,0,1906,2.708333969116211,93184,252516,41,OK,2026-03-19 11:18:50
41,D:\6S2\Thesis\7 dataset\hama3_split_raw\test\0\0012.raw,0,0,1,3,0,1906,2.7086024284362793,93184,252516,42,OK,2026-03-19 11:18:55
42,D:\6S2\Thesis\7 dataset\hama3_split_raw\test\0\0000.raw,0,0,0,0,1,1907,2.7064716815948486,93184,252516,43,OK,2026-03-19 11:19:00
43,D:\6S2\Thesis\7 dataset\hama3_split_raw\test\8\0095.raw,3,8,3,8,1,1906,2.7086539268493652,93184,252516,44,OK,2026-03-19 11:19:05
44,D:\6S2\Thesis\7 dataset\hama3_split_raw\test\0\0029.raw,0,0,4,9,0,1906,2.708766222000122,93184,252516,45,OK,2026-03-19 11:19:09
45,D:\6S2\Thesis\7 dataset\hama3_split_raw\test\9\0049.raw,4,9,4,9,1,1906,2.708531618118286,93184,252516,46,OK,2026-03-19 11:19:14
46,D:\6S2\Thesis\7 dataset\hama3_split_raw\test\3\0062.raw,1,3,3,8,0,1906,2.708620309829712,93184,252516,47,OK,2026-03-19 11:19:19
47,D:\6S2\Thesis\7 dataset\hama3_split_raw\test\9\0083.raw,4,9,4,9,1,1906,2.7090907096862793,93184,252516,48,OK,2026-03-19 11:19:24
48,D:\6S2\Thesis\7 dataset\hama3_split_raw\test\9\0016.raw,4,9,4,9,1,1906,2.7086312770843506,93184,252516,49,OK,2026-03-19 11:19:28
49,D:\6S2\Thesis\7 dataset\hama3_split_raw\test\9\0086.raw,4,9,4,9,1,1906,2.7089884281158447,93184,252516,50,OK,2026-03-19 11:19:33
50,D:\6S2\Thesis\7 dataset\hama3_split_raw\test\0\0059.raw,0,0,3,8,0,1906,2.70869517326355,93184,252516,51,OK,2026-03-19 11:19:38
51,D:\6S2\Thesis\7 dataset\hama3_split_raw\test\9\0001.raw,4,9,4,9,1,1906,2.7080307006835938,93184,252516,52,OK,2026-03-19 11:19:43
52,D:\6S2\Thesis\7 dataset\hama3_split_raw\test\9\0087.raw,4,9,4,9,1,1906,2.7086668014526367,93184,252516,53,OK,2026-03-19 11:19:47
53,D:\6S2\Thesis\7 dataset\hama3_split_raw\test\3\0103.raw,1,3,1,3,1,1906,2.7085301876068115,93184,252516,54,OK,2026-03-19 11:19:52
54,D:\6S2\Thesis\7 dataset\hama3_split_raw\test\0\0031.raw,0,0,0,0,1,1906,2.7084801197052,93184,252516,55,OK,2026-03-19 11:19:57
55,D:\6S2\Thesis\7 dataset\hama3_split_raw\test\0\0026.raw,0,0,1,3,0,1906,2.7082998752593994,93184,252516,56,OK,2026-03-19 11:20:01
56,D:\6S2\Thesis\7 dataset\hama3_split_raw\test\3\0017.raw,1,3,1,3,1,1906,2.708686590194702,93184,252516,57,OK,2026-03-19 11:20:06
57,D:\6S2\Thesis\7 dataset\hama3_split_raw\test\0\0002.raw,0,0,0,0,1,1906,2.7092525959014893,93184,252516,58,OK,2026-03-19 11:20:11
58,D:\6S2\Thesis\7 dataset\hama3_split_raw\test\3\0000.raw,1,3,3,8,0,1906,2.7086551189422607,93184,252516,59,OK,2026-03-19 11:20:16
59,D:\6S2\Thesis\7 dataset\hama3_split_raw\test\8\0083.raw,3,8,3,8,1,1906,2.708724021911621,93184,252516,60,OK,2026-03-19 11:20:20
60,D:\6S2\Thesis\7 dataset\hama3_split_raw\test\0\0000.raw,0,0,0,0,1,1906,2.706378698348999,93184,252516,61,OK,2026-03-19 11:20:25
61,D:\6S2\Thesis\7 dataset\hama3_split_raw\test\0\0037.raw,0,0,1,3,0,1907,2.705573797225952,93184,252516,62,OK,2026-03-19 11:20:30
62,D:\6S2\Thesis\7 dataset\hama3_split_raw\test\3\0064.raw,1,3,1,3,1,1906,2.7055180072784424,93184,252516,63,OK,2026-03-19 11:20:34
63,D:\6S2\Thesis\7 dataset\hama3_split_raw\test\9\0041.raw,4,9,4,9,1,1906,2.7056214809417725,93184,252516,64,OK,2026-03-19 11:20:39
64,D:\6S2\Thesis\7 dataset\hama3_split_raw\test\9\0049.raw,4,9,4,9,1,1906,2.706528902053833,93184,252516,65,OK,2026-03-19 11:20:44
65,D:\6S2\Thesis\7 dataset\hama3_split_raw\test\8\0104.raw,3,8,2,5,0,1906,2.7067511081695557,93184,252516,66,OK,2026-03-19 11:20:49
66,D:\6S2\Thesis\7 dataset\hama3_split_raw\test\5\0047.raw,2,5,1,3,0,1907,2.705888271331787,93184,252516,67,OK,2026-03-19 11:20:53
67,D:\6S2\Thesis\7 dataset\hama3_split_raw\test\9\0054.raw,4,9,1,3,0,1906,2.7085065841674805,93184,252516,68,OK,2026-03-19 11:20:58
68,D:\6S2\Thesis\7 dataset\hama3_split_raw\test\9\0021.raw,4,9,4,9,1,1906,2.7070581912994385,93184,252516,69,OK,2026-03-19 11:21:03
69,D:\6S2\Thesis\7 dataset\hama3_split_raw\test\8\0090.raw,3,8,3,8,1,1906,2.7079529762268066,93184,252516,70,OK,2026-03-19 11:21:08
70,D:\6S2\Thesis\7 dataset\hama3_split_raw\test\3\0056.raw,1,3,1,3,1,1907,2.7091290950775146,93184,252516,71,OK,2026-03-19 11:21:12
71,D:\6S2\Thesis\7 dataset\hama3_split_raw\test\3\0089.raw,1,3,3,8,0,1906,2.708650827407837,93184,252516,72,OK,2026-03-19 11:21:17
72,D:\6S2\Thesis\7 dataset\hama3_split_raw\test\5\0013.raw,2,5,1,3,0,1906,2.7088370323181152,93184,252516,73,OK,2026-03-19 11:21:22
73,D:\6S2\Thesis\7 dataset\hama3_split_raw\test\5\0035.raw,2,5,1,3,0,1906,2.7063798904418945,93184,252516,74,OK,2026-03-19 11:21:27
74,D:\6S2\Thesis\7 dataset\hama3_split_raw\test\0\0024.raw,0,0,3,8,0,1906,2.7056286334991455,93184,252516,75,OK,2026-03-19 11:21:31
75,D:\6S2\Thesis\7 dataset\hama3_split_raw\test\8\0073.raw,3,8,0,0,0,1906,2.7096686363220215,93184,252516,76,OK,2026-03-19 11:21:36
76,D:\6S2\Thesis\7 dataset\hama3_split_raw\test\5\0007.raw,2,5,4,9,0,1907,2.7065935134887695,93184,252516,77,OK,2026-03-19 11:21:41
77,D:\6S2\Thesis\7 dataset\hama3_split_raw\test\8\0174.raw,3,8,3,8,1,1906,2.7095820903778076,93184,252516,78,OK,2026-03-19 11:21:45
78,D:\6S2\Thesis\7 dataset\hama3_split_raw\test\9\0071.raw,4,9,4,9,1,1906,2.7087173461914062,93184,252516,79,OK,2026-03-19 11:21:50
79,D:\6S2\Thesis\7 dataset\hama3_split_raw\test\0\0015.raw,0,0,0,0,1,1906,2.7087836265563965,93184,252516,80,OK,2026-03-19 11:21:55
80,D:\6S2\Thesis\7 dataset\hama3_split_raw\test\0\0006.raw,0,0,1,3,0,1906,2.7088186740875244,93184,252516,81,OK,2026-03-19 11:22:00
81,D:\6S2\Thesis\7 dataset\hama3_split_raw\test\8\0109.raw,3,8,3,8,1,1906,2.7093265056610107,93184,252516,82,OK,2026-03-19 11:22:05
82,D:\6S2\Thesis\7 dataset\hama3_split_raw\test\0\0010.raw,0,0,3,8,0,1906,2.7102088928222656,93184,252516,83,OK,2026-03-19 11:22:09
83,D:\6S2\Thesis\7 dataset\hama3_split_raw\test\5\0032.raw,2,5,2,5,1,1906,2.709251880645752,93184,252516,84,OK,2026-03-19 11:22:14
84,D:\6S2\Thesis\7 dataset\hama3_split_raw\test\5\0018.raw,2,5,3,8,0,1906,2.7061495780944824,93184,252516,85,OK,2026-03-19 11:22:19
85,D:\6S2\Thesis\7 dataset\hama3_split_raw\test\3\0039.raw,1,3,3,8,0,1906,2.709259033203125,93184,252516,86,OK,2026-03-19 11:22:24
86,D:\6S2\Thesis\7 dataset\hama3_split_raw\test\5\0051.raw,2,5,3,8,0,1906,2.7110507488250732,93184,252516,87,OK,2026-03-19 11:22:28
87,D:\6S2\Thesis\7 dataset\hama3_split_raw\test\5\0013.raw,2,5,1,3,0,1906,2.706773042678833,93184,252516,88,OK,2026-03-19 11:22:33
88,D:\6S2\Thesis\7 dataset\hama3_split_raw\test\9\0005.raw,4,9,4,9,1,1907,2.708254814147949,93184,252516,89,OK,2026-03-19 11:22:38
89,D:\6S2\Thesis\7 dataset\hama3_split_raw\test\9\0083.raw,4,9,4,9,1,1906,2.7081758975982666,93184,252516,90,OK,2026-03-19 11:22:43
90,D:\6S2\Thesis\7 dataset\hama3_split_raw\test\0\0003.raw,0,0,4,9,0,1906,2.7086422443389893,93184,252516,91,OK,2026-03-19 11:22:47
91,D:\6S2\Thesis\7 dataset\hama3_split_raw\test\3\0090.raw,1,3,1,3,1,1906,2.7082087993621826,93184,252516,92,OK,2026-03-19 11:22:52
92,D:\6S2\Thesis\7 dataset\hama3_split_raw\test\8\0126.raw,3,8,3,8,1,1906,2.7070767879486084,93184,252516,93,OK,2026-03-19 11:22:57
93,D:\6S2\Thesis\7 dataset\hama3_split_raw\test\8\0053.raw,3,8,3,8,1,1907,2.7084131240844727,93184,252516,94,OK,2026-03-19 11:23:02
94,D:\6S2\Thesis\7 dataset\hama3_split_raw\test\8\0109.raw,3,8,3,8,1,1906,2.7088470458984375,93184,252516,95,OK,2026-03-19 11:23:06
95,D:\6S2\Thesis\7 dataset\hama3_split_raw\test\8\0166.raw,3,8,2,5,0,1906,2.7083630561828613,93184,252516,96,OK,2026-03-19 11:23:11
96,D:\6S2\Thesis\7 dataset\hama3_split_raw\test\8\0007.raw,3,8,0,0,0,1906,2.7091102600097656,93184,252516,97,OK,2026-03-19 11:23:16
97,D:\6S2\Thesis\7 dataset\hama3_split_raw\test\8\0057.raw,3,8,3,8,1,1906,2.708678722381592,93184,252516,98,OK,2026-03-19 11:23:21
98,D:\6S2\Thesis\7 dataset\hama3_split_raw\test\0\0036.raw,0,0,1,3,0,1906,2.70904278755188,93184,252516,99,OK,2026-03-19 11:23:25
99,D:\6S2\Thesis\7 dataset\hama3_split_raw\test\3\0052.raw,1,3,1,3,1,1906,2.7068700790405273,93184,252516,100,OK,2026-03-19 11:23:30
100,D:\6S2\Thesis\7 dataset\hama3_split_raw\test\0\0068.raw,0,0,0,0,1,1907,2.708831787109375,93184,252516,101,OK,2026-03-19 11:23:35
101,D:\6S2\Thesis\7 dataset\hama3_split_raw\test\9\0052.raw,4,9,3,8,0,1906,2.708942174911499,93184,252516,102,OK,2026-03-19 11:23:40
102,D:\6S2\Thesis\7 dataset\hama3_split_raw\test\8\0091.raw,3,8,1,3,0,1906,2.7086496353149414,93184,252516,103,OK,2026-03-19 11:23:44
103,D:\6S2\Thesis\7 dataset\hama3_split_raw\test\3\0006.raw,1,3,1,3,1,1906,2.7089650630950928,93184,252516,104,OK,2026-03-19 11:23:49
104,D:\6S2\Thesis\7 dataset\hama3_split_raw\test\3\0078.raw,1,3,1,3,1,1906,2.708900213241577,93184,252516,105,OK,2026-03-19 11:23:54
105,D:\6S2\Thesis\7 dataset\hama3_split_raw\test\5\0008.raw,2,5,2,5,1,1906,2.70879864692688,93184,252516,106,OK,2026-03-19 11:23:59
106,D:\6S2\Thesis\7 dataset\hama3_split_raw\test\8\0134.raw,3,8,2,5,0,1906,2.707227945327759,93184,252516,107,OK,2026-03-19 11:24:04
107,D:\6S2\Thesis\7 dataset\hama3_split_raw\test\3\0061.raw,1,3,1,3,1,1906,2.708566427230835,93184,252516,108,OK,2026-03-19 11:24:08
108,D:\6S2\Thesis\7 dataset\hama3_split_raw\test\8\0000.raw,3,8,3,8,1,1906,2.7085113525390625,93184,252516,109,OK,2026-03-19 11:24:13
109,D:\6S2\Thesis\7 dataset\hama3_split_raw\test\8\0003.raw,3,8,3,8,1,1906,2.7086424827575684,93184,252516,110,OK,2026-03-19 11:24:18
110,D:\6S2\Thesis\7 dataset\hama3_split_raw\test\0\0003.raw,0,0,4,9,0,1906,2.708950996398926,93184,252516,111,OK,2026-03-19 11:24:23
111,D:\6S2\Thesis\7 dataset\hama3_split_raw\test\0\0083.raw,0,0,4,9,0,1906,2.708232879638672,93184,252516,112,OK,2026-03-19 11:24:27
112,D:\6S2\Thesis\7 dataset\hama3_split_raw\test\3\0009.raw,1,3,1,3,1,1907,2.708223342895508,93184,252516,113,OK,2026-03-19 11:24:32
113,D:\6S2\Thesis\7 dataset\hama3_split_raw\test\0\0034.raw,0,0,0,0,1,1907,2.708604097366333,93184,252516,114,OK,2026-03-19 11:24:37
114,D:\6S2\Thesis\7 dataset\hama3_split_raw\test\3\0009.raw,1,3,1,3,1,1906,2.708803415298462,93184,252516,115,OK,2026-03-19 11:24:42
115,D:\6S2\Thesis\7 dataset\hama3_split_raw\test\3\0021.raw,1,3,1,3,1,1906,2.7088441848754883,93184,252516,116,OK,2026-03-19 11:24:46
116,D:\6S2\Thesis\7 dataset\hama3_split_raw\test\9\0074.raw,4,9,4,9,1,1906,2.7085609436035156,93184,252516,117,OK,2026-03-19 11:24:51
117,D:\6S2\Thesis\7 dataset\hama3_split_raw\test\5\0085.raw,2,5,2,5,1,1906,2.708897590637207,93184,252516,118,OK,2026-03-19 11:24:56
118,D:\6S2\Thesis\7 dataset\hama3_split_raw\test\9\0005.raw,4,9,4,9,1,1906,2.708841562271118,93184,252516,119,OK,2026-03-19 11:25:01
119,D:\6S2\Thesis\7 dataset\hama3_split_raw\test\5\0002.raw,2,5,2,5,1,1906,2.7083916664123535,93184,252516,120,OK,2026-03-19 11:25:05
120,D:\6S2\Thesis\7 dataset\hama3_split_raw\test\8\0138.raw,3,8,3,8,1,1907,2.7087576389312744,93184,252516,121,OK,2026-03-19 11:25:10
121,D:\6S2\Thesis\7 dataset\hama3_split_raw\test\9\0038.raw,4,9,1,3,0,1906,2.708336353302002,93184,252516,122,OK,2026-03-19 11:25:15
122,D:\6S2\Thesis\7 dataset\hama3_split_raw\test\8\0171.raw,3,8,3,8,1,1906,2.7083449363708496,93184,252516,123,OK,2026-03-19 11:25:20
123,D:\6S2\Thesis\7 dataset\hama3_split_raw\test\5\0102.raw,2,5,2,5,1,1906,2.705735683441162,93184,252516,124,OK,2026-03-19 11:25:24
124,D:\6S2\Thesis\7 dataset\hama3_split_raw\test\8\0049.raw,3,8,3,8,1,1906,2.7091939449310303,93184,252516,125,OK,2026-03-19 11:25:29
125,D:\6S2\Thesis\7 dataset\hama3_split_raw\test\9\0043.raw,4,9,4,9,1,1906,2.7086174488067627,93184,252516,126,OK,2026-03-19 11:25:34
126,D:\6S2\Thesis\7 dataset\hama3_split_raw\test\8\0009.raw,3,8,3,8,1,1906,2.708991289138794,93184,252516,127,OK,2026-03-19 11:25:39
127,D:\6S2\Thesis\7 dataset\hama3_split_raw\test\8\0034.raw,3,8,3,8,1,1906,2.7082905769348145,93184,252516,128,OK,2026-03-19 11:25:43
128,D:\6S2\Thesis\7 dataset\hama3_split_raw\test\8\0002.raw,3,8,3,8,1,1906,2.709172010421753,93184,252516,129,OK,2026-03-19 11:25:48
129,D:\6S2\Thesis\7 dataset\hama3_split_raw\test\8\0083.raw,3,8,3,8,1,1906,2.7082102298736572,93184,252516,130,OK,2026-03-19 11:25:53
130,D:\6S2\Thesis\7 dataset\hama3_split_raw\test\3\0036.raw,1,3,1,3,1,1906,2.708800792694092,93184,252516,131,OK,2026-03-19 11:25:58
131,D:\6S2\Thesis\7 dataset\hama3_split_raw\test\5\0041.raw,2,5,2,5,1,1906,2.708430528640747,93184,252516,132,OK,2026-03-19 11:26:02
132,D:\6S2\Thesis\7 dataset\hama3_split_raw\test\0\0045.raw,0,0,1,3,0,1906,2.708970308303833,93184,252516,133,OK,2026-03-19 11:26:07
133,D:\6S2\Thesis\7 dataset\hama3_split_raw\test\0\0039.raw,0,0,3,8,0,1906,2.7088406085968018,93184,252516,134,OK,2026-03-19 11:26:12
134,D:\6S2\Thesis\7 dataset\hama3_split_raw\test\8\0159.raw,3,8,3,8,1,1906,2.7059326171875,93184,252516,135,OK,2026-03-19 11:26:17
135,D:\6S2\Thesis\7 dataset\hama3_split_raw\test\0\0038.raw,0,0,3,8,0,1906,2.7085461616516113,93184,252516,136,OK,2026-03-19 11:26:21
136,D:\6S2\Thesis\7 dataset\hama3_split_raw\test\3\0110.raw,1,3,2,5,0,1906,2.707951068878174,93184,252516,137,OK,2026-03-19 11:26:26
137,D:\6S2\Thesis\7 dataset\hama3_split_raw\test\5\0075.raw,2,5,3,8,0,1906,2.7081422805786133,93184,252516,138,OK,2026-03-19 11:26:31
138,D:\6S2\Thesis\7 dataset\hama3_split_raw\test\3\0000.raw,1,3,3,8,0,1907,2.7058088779449463,93184,252516,139,OK,2026-03-19 11:26:36
139,D:\6S2\Thesis\7 dataset\hama3_split_raw\test\3\0040.raw,1,3,1,3,1,1906,2.708665609359741,93184,252516,140,OK,2026-03-19 11:26:40
140,D:\6S2\Thesis\7 dataset\hama3_split_raw\test\3\0002.raw,1,3,3,8,0,1907,2.708622455596924,93184,252516,141,OK,2026-03-19 11:26:45
141,D:\6S2\Thesis\7 dataset\hama3_split_raw\test\9\0085.raw,4,9,4,9,1,1906,2.7080776691436768,93184,252516,142,OK,2026-03-19 11:26:50
142,D:\6S2\Thesis\7 dataset\hama3_split_raw\test\9\0000.raw,4,9,3,8,0,1906,2.7082149982452393,93184,252516,143,OK,2026-03-19 11:26:55
143,D:\6S2\Thesis\7 dataset\hama3_split_raw\test\8\0076.raw,3,8,3,8,1,1906,2.7082762718200684,93184,252516,144,OK,2026-03-19 11:26:59
144,D:\6S2\Thesis\7 dataset\hama3_split_raw\test\9\0036.raw,4,9,1,3,0,1906,2.7080557346343994,93184,252516,145,OK,2026-03-19 11:27:04
145,D:\6S2\Thesis\7 dataset\hama3_split_raw\test\8\0009.raw,3,8,3,8,1,1906,2.70910382270813,93184,252516,146,OK,2026-03-19 11:27:09
146,D:\6S2\Thesis\7 dataset\hama3_split_raw\test\0\0072.raw,0,0,3,8,0,1907,2.7098021507263184,93184,252516,147,OK,2026-03-19 11:27:14
147,D:\6S2\Thesis\7 dataset\hama3_split_raw\test\8\0171.raw,3,8,3,8,1,1906,2.7064929008483887,93184,252516,148,OK,2026-03-19 11:27:19
148,D:\6S2\Thesis\7 dataset\hama3_split_raw\test\9\0066.raw,4,9,4,9,1,1906,2.70595121383667,93184,252516,149,OK,2026-03-19 11:27:23
149,D:\6S2\Thesis\7 dataset\hama3_split_raw\test\8\0163.raw,3,8,3,8,1,1907,2.707139015197754,93184,252516,150,OK,2026-03-19 11:27:28
150,D:\6S2\Thesis\7 dataset\hama3_split_raw\test\9\0037.raw,4,9,4,9,1,1906,2.70790696144104,93184,252516,151,OK,2026-03-19 11:27:33
151,D:\6S2\Thesis\7 dataset\hama3_split_raw\test\3\0032.raw,1,3,1,3,1,1906,2.7062487602233887,93184,252516,152,OK,2026-03-19 11:27:37
152,D:\6S2\Thesis\7 dataset\hama3_split_raw\test\9\0063.raw,4,9,4,9,1,1906,2.706291437149048,93184,252516,153,OK,2026-03-19 11:27:42
153,D:\6S2\Thesis\7 dataset\hama3_split_raw\test\3\0091.raw,1,3,1,3,1,1906,2.705906867980957,93184,252516,154,OK,2026-03-19 11:27:47
154,D:\6S2\Thesis\7 dataset\hama3_split_raw\test\0\0020.raw,0,0,4,9,0,1906,2.7060797214508057,93184,252516,155,OK,2026-03-19 11:27:52
155,D:\6S2\Thesis\7 dataset\hama3_split_raw\test\5\0098.raw,2,5,2,5,1,1907,2.7057886123657227,93184,252516,156,OK,2026-03-19 11:27:56
156,D:\6S2\Thesis\7 dataset\hama3_split_raw\test\0\0060.raw,0,0,0,0,1,1906,2.7092390060424805,93184,252516,157,OK,2026-03-19 11:28:01
157,D:\6S2\Thesis\7 dataset\hama3_split_raw\test\0\0006.raw,0,0,1,3,0,1906,2.708307981491089,93184,252516,158,OK,2026-03-19 11:28:06
158,D:\6S2\Thesis\7 dataset\hama3_split_raw\test\3\0097.raw,1,3,3,8,0,1906,2.7087607383728027,93184,252516,159,OK,2026-03-19 11:28:11
159,D:\6S2\Thesis\7 dataset\hama3_split_raw\test\3\0054.raw,1,3,1,3,1,1906,2.7087204456329346,93184,252516,160,OK,2026-03-19 11:28:15
160,D:\6S2\Thesis\7 dataset\hama3_split_raw\test\8\0145.raw,3,8,2,5,0,1906,2.7084603309631348,93184,252516,161,OK,2026-03-19 11:28:20
161,D:\6S2\Thesis\7 dataset\hama3_split_raw\test\5\0097.raw,2,5,1,3,0,1906,2.708735704421997,93184,252516,162,OK,2026-03-19 11:28:25
162,D:\6S2\Thesis\7 dataset\hama3_split_raw\test\0\0090.raw,0,0,3,8,0,1906,2.709171772003174,93184,252516,163,OK,2026-03-19 11:28:30
163,D:\6S2\Thesis\7 dataset\hama3_split_raw\test\9\0069.raw,4,9,2,5,0,1906,2.7087767124176025,93184,252516,164,OK,2026-03-19 11:28:34
164,D:\6S2\Thesis\7 dataset\hama3_split_raw\test\5\0058.raw,2,5,1,3,0,1906,2.7070679664611816,93184,252516,165,OK,2026-03-19 11:28:39
165,D:\6S2\Thesis\7 dataset\hama3_split_raw\test\9\0091.raw,4,9,4,9,1,1906,2.7078280448913574,93184,252516,166,OK,2026-03-19 11:28:44
166,D:\6S2\Thesis\7 dataset\hama3_split_raw\test\8\0098.raw,3,8,2,5,0,1906,2.70900297164917,93184,252516,167,OK,2026-03-19 11:28:49
167,D:\6S2\Thesis\7 dataset\hama3_split_raw\test\8\0059.raw,3,8,3,8,1,1906,2.70912766456604,93184,252516,168,OK,2026-03-19 11:28:53
168,D:\6S2\Thesis\7 dataset\hama3_split_raw\test\3\0028.raw,1,3,1,3,1,1906,2.708094596862793,93184,252516,169,OK,2026-03-19 11:28:58
169,D:\6S2\Thesis\7 dataset\hama3_split_raw\test\8\0124.raw,3,8,3,8,1,1906,2.705932378768921,93184,252516,170,OK,2026-03-19 11:29:03
170,D:\6S2\Thesis\7 dataset\hama3_split_raw\test\9\0061.raw,4,9,4,9,1,1906,2.7064216136932373,93184,252516,171,OK,2026-03-19 11:29:08
171,D:\6S2\Thesis\7 dataset\hama3_split_raw\test\9\0084.raw,4,9,3,8,0,1906,2.7062785625457764,93184,252516,172,OK,2026-03-19 11:29:12
172,D:\6S2\Thesis\7 dataset\hama3_split_raw\test\3\0080.raw,1,3,2,5,0,1906,2.7071571350097656,93184,252516,173,OK,2026-03-19 11:29:17
173,D:\6S2\Thesis\7 dataset\hama3_split_raw\test\5\0003.raw,2,5,1,3,0,1906,2.7091915607452393,93184,252516,174,OK,2026-03-19 11:29:22
174,D:\6S2\Thesis\7 dataset\hama3_split_raw\test\8\0067.raw,3,8,2,5,0,1906,2.708519697189331,93184,252516,175,OK,2026-03-19 11:29:27
175,D:\6S2\Thesis\7 dataset\hama3_split_raw\test\3\0005.raw,1,3,1,3,1,1906,2.7088756561279297,93184,252516,176,OK,2026-03-19 11:29:31
176,D:\6S2\Thesis\7 dataset\hama3_split_raw\test\0\0067.raw,0,0,0,0,1,1906,2.709033250808716,93184,252516,177,OK,2026-03-19 11:29:36
177,D:\6S2\Thesis\7 dataset\hama3_split_raw\test\0\0081.raw,0,0,3,8,0,1907,2.7090179920196533,93184,252516,178,OK,2026-03-19 11:29:41
178,D:\6S2\Thesis\7 dataset\hama3_split_raw\test\8\0040.raw,3,8,3,8,1,1906,2.7086732387542725,93184,252516,179,OK,2026-03-19 11:29:46
179,D:\6S2\Thesis\7 dataset\hama3_split_raw\test\8\0026.raw,3,8,1,3,0,1906,2.7087197303771973,93184,252516,180,OK,2026-03-19 11:29:50
180,D:\6S2\Thesis\7 dataset\hama3_split_raw\test\9\0026.raw,4,9,4,9,1,1906,2.708828926086426,93184,252516,181,OK,2026-03-19 11:29:55
181,D:\6S2\Thesis\7 dataset\hama3_split_raw\test\0\0053.raw,0,0,0,0,1,1906,2.7088632583618164,93184,252516,182,OK,2026-03-19 11:30:00
182,D:\6S2\Thesis\7 dataset\hama3_split_raw\test\0\0003.raw,0,0,4,9,0,1906,2.7092435359954834,93184,252516,183,OK,2026-03-19 11:30:05
183,D:\6S2\Thesis\7 dataset\hama3_split_raw\test\8\0070.raw,3,8,3,8,1,1907,2.710042715072632,93184,252516,184,OK,2026-03-19 11:30:09
184,D:\6S2\Thesis\7 dataset\hama3_split_raw\test\0\0064.raw,0,0,0,0,1,1906,2.708350658416748,93184,252516,185,OK,2026-03-19 11:30:14
185,D:\6S2\Thesis\7 dataset\hama3_split_raw\test\3\0011.raw,1,3,1,3,1,1906,2.7083630561828613,93184,252516,186,OK,2026-03-19 11:30:19
186,D:\6S2\Thesis\7 dataset\hama3_split_raw\test\0\0029.raw,0,0,4,9,0,1906,2.7090415954589844,93184,252516,187,OK,2026-03-19 11:30:24
187,D:\6S2\Thesis\7 dataset\hama3_split_raw\test\0\0029.raw,0,0,4,9,0,1906,2.709366798400879,93184,252516,188,OK,2026-03-19 11:30:28
188,D:\6S2\Thesis\7 dataset\hama3_split_raw\test\3\0052.raw,1,3,1,3,1,1906,2.7090556621551514,93184,252516,189,OK,2026-03-19 11:30:33
189,D:\6S2\Thesis\7 dataset\hama3_split_raw\test\3\0102.raw,1,3,1,3,1,1906,2.7086076736450195,93184,252516,190,OK,2026-03-19 11:30:38
190,D:\6S2\Thesis\7 dataset\hama3_split_raw\test\5\0085.raw,2,5,2,5,1,1906,2.7091941833496094,93184,252516,191,OK,2026-03-19 11:30:43
191,D:\6S2\Thesis\7 dataset\hama3_split_raw\test\8\0149.raw,3,8,3,8,1,1906,2.7092010974884033,93184,252516,192,OK,2026-03-19 11:30:47
192,D:\6S2\Thesis\7 dataset\hama3_split_raw\test\5\0052.raw,2,5,3,8,0,1906,2.708584785461426,93184,252516,193,OK,2026-03-19 11:30:52
193,D:\6S2\Thesis\7 dataset\hama3_split_raw\test\9\0022.raw,4,9,1,3,0,1906,2.7066738605499268,93184,252516,194,OK,2026-03-19 11:30:57
194,D:\6S2\Thesis\7 dataset\hama3_split_raw\test\5\0031.raw,2,5,2,5,1,1906,2.708676815032959,93184,252516,195,OK,2026-03-19 11:31:02
195,D:\6S2\Thesis\7 dataset\hama3_split_raw\test\5\0086.raw,2,5,4,9,0,1906,2.7092092037200928,93184,252516,196,OK,2026-03-19 11:31:06
196,D:\6S2\Thesis\7 dataset\hama3_split_raw\test\0\0046.raw,0,0,3,8,0,1906,2.707186222076416,93184,252516,197,OK,2026-03-19 11:31:11
197,D:\6S2\Thesis\7 dataset\hama3_split_raw\test\0\0003.raw,0,0,4,9,0,1906,2.70883846282959,93184,252516,198,OK,2026-03-19 11:31:16
198,D:\6S2\Thesis\7 dataset\hama3_split_raw\test\3\0000.raw,1,3,3,8,0,1906,2.70867657661438,93184,252516,199,OK,2026-03-19 11:31:21
199,D:\6S2\Thesis\7 dataset\hama3_split_raw\test\9\0034.raw,4,9,3,8,0,1906,2.709383010864258,93184,252516,200,OK,2026-03-19 11:31:25
200,D:\6S2\Thesis\7 dataset\hama3_split_raw\test\0\0050.raw,0,0,0,0,1,1906,2.70950984954834,93184,252516,201,OK,2026-03-19 11:31:30
201,D:\6S2\Thesis\7 dataset\hama3_split_raw\test\0\0052.raw,0,0,1,3,0,1906,2.709441661834717,93184,252516,202,OK,2026-03-19 11:31:35
202,D:\6S2\Thesis\7 dataset\hama3_split_raw\test\5\0086.raw,2,5,4,9,0,1906,2.709421157836914,93184,252516,203,OK,2026-03-19 11:31:40
203,D:\6S2\Thesis\7 dataset\hama3_split_raw\test\3\0107.raw,1,3,1,3,1,1906,2.7092485427856445,93184,252516,204,OK,2026-03-19 11:31:44
204,D:\6S2\Thesis\7 dataset\hama3_split_raw\test\0\0081.raw,0,0,3,8,0,1906,2.7077648639678955,93184,252516,205,OK,2026-03-19 11:31:49
205,D:\6S2\Thesis\7 dataset\hama3_split_raw\test\9\0045.raw,4,9,4,9,1,1906,2.709311008453369,93184,252516,206,OK,2026-03-19 11:31:54
206,D:\6S2\Thesis\7 dataset\hama3_split_raw\test\8\0037.raw,3,8,0,0,0,1906,2.7089340686798096,93184,252516,207,OK,2026-03-19 11:31:59
207,D:\6S2\Thesis\7 dataset\hama3_split_raw\test\8\0095.raw,3,8,3,8,1,1906,2.7088048458099365,93184,252516,208,OK,2026-03-19 11:32:03
208,D:\6S2\Thesis\7 dataset\hama3_split_raw\test\3\0013.raw,1,3,1,3,1,1906,2.7091917991638184,93184,252516,209,OK,2026-03-19 11:32:08
209,D:\6S2\Thesis\7 dataset\hama3_split_raw\test\9\0091.raw,4,9,4,9,1,1906,2.709095001220703,93184,252516,210,OK,2026-03-19 11:32:13
210,D:\6S2\Thesis\7 dataset\hama3_split_raw\test\5\0032.raw,2,5,2,5,1,1906,2.7099802494049072,93184,252516,211,OK,2026-03-19 11:32:18
211,D:\6S2\Thesis\7 dataset\hama3_split_raw\test\3\0073.raw,1,3,1,3,1,1906,2.708428382873535,93184,252516,212,OK,2026-03-19 11:32:22
212,D:\6S2\Thesis\7 dataset\hama3_split_raw\test\3\0046.raw,1,3,1,3,1,1906,2.7088773250579834,93184,252516,213,OK,2026-03-19 11:32:27
213,D:\6S2\Thesis\7 dataset\hama3_split_raw\test\5\0003.raw,2,5,1,3,0,1906,2.709482192993164,93184,252516,214,OK,2026-03-19 11:32:32
214,D:\6S2\Thesis\7 dataset\hama3_split_raw\test\9\0021.raw,4,9,4,9,1,1906,2.708641767501831,93184,252516,215,OK,2026-03-19 11:32:37
215,D:\6S2\Thesis\7 dataset\hama3_split_raw\test\0\0035.raw,0,0,0,0,1,1906,2.708454132080078,93184,252516,216,OK,2026-03-19 11:32:41
216,D:\6S2\Thesis\7 dataset\hama3_split_raw\test\5\0056.raw,2,5,2,5,1,1906,2.7085695266723633,93184,252516,217,OK,2026-03-19 11:32:46
217,D:\6S2\Thesis\7 dataset\hama3_split_raw\test\5\0045.raw,2,5,4,9,0,1906,2.7065768241882324,93184,252516,218,OK,2026-03-19 11:32:51
218,D:\6S2\Thesis\7 dataset\hama3_split_raw\test\3\0028.raw,1,3,1,3,1,1906,2.7077300548553467,93184,252516,219,OK,2026-03-19 11:32:56
219,D:\6S2\Thesis\7 dataset\hama3_split_raw\test\9\0099.raw,4,9,1,3,0,1906,2.7089016437530518,93184,252516,220,OK,2026-03-19 11:33:00
220,D:\6S2\Thesis\7 dataset\hama3_split_raw\test\9\0097.raw,4,9,4,9,1,1906,2.7089037895202637,93184,252516,221,OK,2026-03-19 11:33:05
221,D:\6S2\Thesis\7 dataset\hama3_split_raw\test\3\0041.raw,1,3,1,3,1,1907,2.7096686363220215,93184,252516,222,OK,2026-03-19 11:33:10
222,D:\6S2\Thesis\7 dataset\hama3_split_raw\test\3\0094.raw,1,3,1,3,1,1906,2.7094976902008057,93184,252516,223,OK,2026-03-19 11:33:15
223,D:\6S2\Thesis\7 dataset\hama3_split_raw\test\5\0118.raw,2,5,1,3,0,1906,2.7086782455444336,93184,252516,224,OK,2026-03-19 11:33:19
224,D:\6S2\Thesis\7 dataset\hama3_split_raw\test\3\0001.raw,1,3,1,3,1,1906,2.7095589637756348,93184,252516,225,OK,2026-03-19 11:33:24
225,D:\6S2\Thesis\7 dataset\hama3_split_raw\test\3\0093.raw,1,3,1,3,1,1906,2.7089059352874756,93184,252516,226,OK,2026-03-19 11:33:29
226,D:\6S2\Thesis\7 dataset\hama3_split_raw\test\8\0153.raw,3,8,3,8,1,1906,2.7088065147399902,93184,252516,227,OK,2026-03-19 11:33:34
227,D:\6S2\Thesis\7 dataset\hama3_split_raw\test\5\0087.raw,2,5,2,5,1,1907,2.7103254795074463,93184,252516,228,OK,2026-03-19 11:33:38
228,D:\6S2\Thesis\7 dataset\hama3_split_raw\test\9\0021.raw,4,9,4,9,1,1906,2.709157705307007,93184,252516,229,OK,2026-03-19 11:33:43
229,D:\6S2\Thesis\7 dataset\hama3_split_raw\test\8\0077.raw,3,8,3,8,1,1906,2.70928692817688,93184,252516,230,OK,2026-03-19 11:33:48
230,D:\6S2\Thesis\7 dataset\hama3_split_raw\test\8\0098.raw,3,8,2,5,0,1906,2.7091164588928223,93184,252516,231,OK,2026-03-19 11:33:53
231,D:\6S2\Thesis\7 dataset\hama3_split_raw\test\9\0032.raw,4,9,3,8,0,1907,2.708679676055908,93184,252516,232,OK,2026-03-19 11:33:57
232,D:\6S2\Thesis\7 dataset\hama3_split_raw\test\5\0037.raw,2,5,2,5,1,1907,2.7066359519958496,93184,252516,233,OK,2026-03-19 11:34:02
233,D:\6S2\Thesis\7 dataset\hama3_split_raw\test\0\0046.raw,0,0,3,8,0,1906,2.709542989730835,93184,252516,234,OK,2026-03-19 11:34:07
234,D:\6S2\Thesis\7 dataset\hama3_split_raw\test\5\0062.raw,2,5,2,5,1,1906,2.708697557449341,93184,252516,235,OK,2026-03-19 11:34:12
235,D:\6S2\Thesis\7 dataset\hama3_split_raw\test\0\0079.raw,0,0,2,5,0,1907,2.7085812091827393,93184,252516,236,OK,2026-03-19 11:34:16
236,D:\6S2\Thesis\7 dataset\hama3_split_raw\test\8\0149.raw,3,8,3,8,1,1906,2.7090580463409424,93184,252516,237,OK,2026-03-19 11:34:21
237,D:\6S2\Thesis\7 dataset\hama3_split_raw\test\0\0043.raw,0,0,4,9,0,1906,2.708730936050415,93184,252516,238,OK,2026-03-19 11:34:26
238,D:\6S2\Thesis\7 dataset\hama3_split_raw\test\5\0097.raw,2,5,1,3,0,1906,2.7096986770629883,93184,252516,239,OK,2026-03-19 11:34:31
239,D:\6S2\Thesis\7 dataset\hama3_split_raw\test\5\0091.raw,2,5,2,5,1,1906,2.7094056606292725,93184,252516,240,OK,2026-03-19 11:34:35
240,D:\6S2\Thesis\7 dataset\hama3_split_raw\test\0\0067.raw,0,0,0,0,1,1906,2.7095398902893066,93184,252516,241,OK,2026-03-19 11:34:40
241,D:\6S2\Thesis\7 dataset\hama3_split_raw\test\0\0045.raw,0,0,1,3,0,1906,2.709252119064331,93184,252516,242,OK,2026-03-19 11:34:45
242,D:\6S2\Thesis\7 dataset\hama3_split_raw\test\3\0011.raw,1,3,1,3,1,1907,2.709592342376709,93184,252516,243,OK,2026-03-19 11:34:50
243,D:\6S2\Thesis\7 dataset\hama3_split_raw\test\5\0004.raw,2,5,2,5,1,1906,2.708721160888672,93184,252516,244,OK,2026-03-19 11:34:54
244,D:\6S2\Thesis\7 dataset\hama3_split_raw\test\8\0110.raw,3,8,3,8,1,1906,2.7086358070373535,93184,252516,245,OK,2026-03-19 11:34:59
245,D:\6S2\Thesis\7 dataset\hama3_split_raw\test\0\0016.raw,0,0,2,5,0,1906,2.7060678005218506,93184,252516,246,OK,2026-03-19 11:35:04
246,D:\6S2\Thesis\7 dataset\hama3_split_raw\test\9\0068.raw,4,9,3,8,0,1906,2.706644058227539,93184,252516,247,OK,2026-03-19 11:35:09
247,D:\6S2\Thesis\7 dataset\hama3_split_raw\test\8\0152.raw,3,8,2,5,0,1906,2.705944538116455,93184,252516,248,OK,2026-03-19 11:35:13
248,D:\6S2\Thesis\7 dataset\hama3_split_raw\test\8\0126.raw,3,8,3,8,1,1906,2.7096760272979736,93184,252516,249,OK,2026-03-19 11:35:18
249,D:\6S2\Thesis\7 dataset\hama3_split_raw\test\3\0087.raw,1,3,2,5,0,1906,2.7088775634765625,93184,252516,250,OK,2026-03-19 11:35:23
250,D:\6S2\Thesis\7 dataset\hama3_split_raw\test\0\0050.raw,0,0,0,0,1,1906,2.709394931793213,93184,252516,251,OK,2026-03-19 11:35:27
251,D:\6S2\Thesis\7 dataset\hama3_split_raw\test\8\0043.raw,3,8,3,8,1,1906,2.7099077701568604,93184,252516,252,OK,2026-03-19 11:35:32
252,D:\6S2\Thesis\7 dataset\hama3_split_raw\test\0\0082.raw,0,0,0,0,1,1906,2.7103617191314697,93184,252516,253,OK,2026-03-19 11:35:37
253,D:\6S2\Thesis\7 dataset\hama3_split_raw\test\9\0040.raw,4,9,2,5,0,1906,2.708972454071045,93184,252516,254,OK,2026-03-19 11:35:42
254,D:\6S2\Thesis\7 dataset\hama3_split_raw\test\5\0106.raw,2,5,2,5,1,1907,2.709216833114624,93184,252516,255,OK,2026-03-19 11:35:46
255,D:\6S2\Thesis\7 dataset\hama3_split_raw\test\0\0051.raw,0,0,0,0,1,1906,2.7088980674743652,93184,252516,256,OK,2026-03-19 11:35:51
256,D:\6S2\Thesis\7 dataset\hama3_split_raw\test\8\0068.raw,3,8,3,8,1,1906,2.7090020179748535,93184,252516,257,OK,2026-03-19 11:35:56
257,D:\6S2\Thesis\7 dataset\hama3_split_raw\test\8\0179.raw,3,8,3,8,1,1906,2.7099030017852783,93184,252516,258,OK,2026-03-19 11:36:01
258,D:\6S2\Thesis\7 dataset\hama3_split_raw\test\9\0010.raw,4,9,3,8,0,1906,2.709510326385498,93184,252516,259,OK,2026-03-19 11:36:06
259,D:\6S2\Thesis\7 dataset\hama3_split_raw\test\3\0062.raw,1,3,3,8,0,1906,2.7088825702667236,93184,252516,260,OK,2026-03-19 11:36:10
260,D:\6S2\Thesis\7 dataset\hama3_split_raw\test\5\0114.raw,2,5,2,5,1,1906,2.708949089050293,93184,252516,261,OK,2026-03-19 11:36:15
261,D:\6S2\Thesis\7 dataset\hama3_split_raw\test\9\0086.raw,4,9,4,9,1,1906,2.7086844444274902,93184,252516,262,OK,2026-03-19 11:36:20
262,D:\6S2\Thesis\7 dataset\hama3_split_raw\test\9\0019.raw,4,9,2,5,0,1906,2.7094874382019043,93184,252516,263,OK,2026-03-19 11:36:25
263,D:\6S2\Thesis\7 dataset\hama3_split_raw\test\5\0039.raw,2,5,1,3,0,1906,2.709325075149536,93184,252516,264,OK,2026-03-19 11:36:29
264,D:\6S2\Thesis\7 dataset\hama3_split_raw\test\3\0111.raw,1,3,1,3,1,1906,2.709401845932007,93184,252516,265,OK,2026-03-19 11:36:34
265,D:\6S2\Thesis\7 dataset\hama3_split_raw\test\5\0083.raw,2,5,1,3,0,1906,2.709160089492798,93184,252516,266,OK,2026-03-19 11:36:39
266,D:\6S2\Thesis\7 dataset\hama3_split_raw\test\5\0077.raw,2,5,4,9,0,1906,2.709357261657715,93184,252516,267,OK,2026-03-19 11:36:44
267,D:\6S2\Thesis\7 dataset\hama3_split_raw\test\3\0098.raw,1,3,3,8,0,1906,2.7088582515716553,93184,252516,268,OK,2026-03-19 11:36:48
268,D:\6S2\Thesis\7 dataset\hama3_split_raw\test\8\0130.raw,3,8,4,9,0,1907,2.709073066711426,93184,252516,269,OK,2026-03-19 11:36:53
269,D:\6S2\Thesis\7 dataset\hama3_split_raw\test\8\0113.raw,3,8,3,8,1,1906,2.7079288959503174,93184,252516,270,OK,2026-03-19 11:36:58
270,D:\6S2\Thesis\7 dataset\hama3_split_raw\test\5\0030.raw,2,5,2,5,1,1906,2.708894729614258,93184,252516,271,OK,2026-03-19 11:37:03
271,D:\6S2\Thesis\7 dataset\hama3_split_raw\test\9\0016.raw,4,9,4,9,1,1906,2.7087929248809814,93184,252516,272,OK,2026-03-19 11:37:07
272,D:\6S2\Thesis\7 dataset\hama3_split_raw\test\9\0040.raw,4,9,2,5,0,1906,2.7090604305267334,93184,252516,273,OK,2026-03-19 11:37:12
273,D:\6S2\Thesis\7 dataset\hama3_split_raw\test\9\0087.raw,4,9,4,9,1,1906,2.7098937034606934,93184,252516,274,OK,2026-03-19 11:37:17
274,D:\6S2\Thesis\7 dataset\hama3_split_raw\test\9\0075.raw,4,9,3,8,0,1906,2.7078819274902344,93184,252516,275,OK,2026-03-19 11:37:22
275,D:\6S2\Thesis\7 dataset\hama3_split_raw\test\0\0044.raw,0,0,3,8,0,1906,2.708599090576172,93184,252516,276,OK,2026-03-19 11:37:26
276,D:\6S2\Thesis\7 dataset\hama3_split_raw\test\3\0049.raw,1,3,2,5,0,1906,2.709364891052246,93184,252516,277,OK,2026-03-19 11:37:31
277,D:\6S2\Thesis\7 dataset\hama3_split_raw\test\0\0005.raw,0,0,0,0,1,1907,2.70607590675354,93184,252516,278,OK,2026-03-19 11:37:36
278,D:\6S2\Thesis\7 dataset\hama3_split_raw\test\5\0067.raw,2,5,2,5,1,1906,2.709447145462036,93184,252516,279,OK,2026-03-19 11:37:40
279,D:\6S2\Thesis\7 dataset\hama3_split_raw\test\5\0048.raw,2,5,2,5,1,1906,2.710411548614502,93184,252516,280,OK,2026-03-19 11:37:45
280,D:\6S2\Thesis\7 dataset\hama3_split_raw\test\9\0034.raw,4,9,3,8,0,1906,2.7090063095092773,93184,252516,281,OK,2026-03-19 11:37:50
281,D:\6S2\Thesis\7 dataset\hama3_split_raw\test\9\0096.raw,4,9,4,9,1,1906,2.7085328102111816,93184,252516,282,OK,2026-03-19 11:37:55
282,D:\6S2\Thesis\7 dataset\hama3_split_raw\test\5\0111.raw,2,5,3,8,0,1906,2.7085933685302734,93184,252516,283,OK,2026-03-19 11:38:00
283,D:\6S2\Thesis\7 dataset\hama3_split_raw\test\8\0158.raw,3,8,2,5,0,1906,2.7087838649749756,93184,252516,284,OK,2026-03-19 11:38:04
284,D:\6S2\Thesis\7 dataset\hama3_split_raw\test\9\0036.raw,4,9,1,3,0,1906,2.709049701690674,93184,252516,285,OK,2026-03-19 11:38:09
285,D:\6S2\Thesis\7 dataset\hama3_split_raw\test\9\0095.raw,4,9,4,9,1,1906,2.7087466716766357,93184,252516,286,OK,2026-03-19 11:38:14
286,D:\6S2\Thesis\7 dataset\hama3_split_raw\test\3\0003.raw,1,3,1,3,1,1906,2.7070374488830566,93184,252516,287,OK,2026-03-19 11:38:18
287,D:\6S2\Thesis\7 dataset\hama3_split_raw\test\8\0082.raw,3,8,2,5,0,1906,2.708786725997925,93184,252516,288,OK,2026-03-19 11:38:23
288,D:\6S2\Thesis\7 dataset\hama3_split_raw\test\0\0035.raw,0,0,0,0,1,1906,2.7098021507263184,93184,252516,289,OK,2026-03-19 11:38:28
289,D:\6S2\Thesis\7 dataset\hama3_split_raw\test\3\0111.raw,1,3,1,3,1,1907,2.710876703262329,93184,252516,290,OK,2026-03-19 11:38:33
290,D:\6S2\Thesis\7 dataset\hama3_split_raw\test\9\0084.raw,4,9,3,8,0,1906,2.7088615894317627,93184,252516,291,OK,2026-03-19 11:38:38
291,D:\6S2\Thesis\7 dataset\hama3_split_raw\test\0\0020.raw,0,0,4,9,0,1906,2.709886074066162,93184,252516,292,OK,2026-03-19 11:38:42
292,D:\6S2\Thesis\7 dataset\hama3_split_raw\test\3\0082.raw,1,3,1,3,1,1906,2.708550214767456,93184,252516,293,OK,2026-03-19 11:38:47
293,D:\6S2\Thesis\7 dataset\hama3_split_raw\test\0\0091.raw,0,0,2,5,0,1906,2.7094473838806152,93184,252516,294,OK,2026-03-19 11:38:52
294,D:\6S2\Thesis\7 dataset\hama3_split_raw\test\8\0007.raw,3,8,0,0,0,1906,2.708923101425171,93184,252516,295,OK,2026-03-19 11:38:57
295,D:\6S2\Thesis\7 dataset\hama3_split_raw\test\5\0110.raw,2,5,2,5,1,1906,2.7088611125946045,93184,252516,296,OK,2026-03-19 11:39:01
296,D:\6S2\Thesis\7 dataset\hama3_split_raw\test\5\0048.raw,2,5,2,5,1,1906,2.7093918323516846,93184,252516,297,OK,2026-03-19 11:39:06
297,D:\6S2\Thesis\7 dataset\hama3_split_raw\test\5\0000.raw,2,5,1,3,0,1906,2.707716464996338,93184,252516,298,OK,2026-03-19 11:39:11
298,D:\6S2\Thesis\7 dataset\hama3_split_raw\test\9\0034.raw,4,9,3,8,0,1906,2.709289073944092,93184,252516,299,OK,2026-03-19 11:39:15
299,D:\6S2\Thesis\7 dataset\hama3_split_raw\test\0\0002.raw,0,0,0,0,1,1906,2.708726406097412,93184,252516,300,OK,2026-03-19 11:39:20
300,D:\6S2\Thesis\7 dataset\hama3_split_raw\test\0\0054.raw,0,0,0,0,1,1907,2.7063753604888916,93184,252516,301,OK,2026-03-19 11:39:25
301,D:\6S2\Thesis\7 dataset\hama3_split_raw\test\9\0047.raw,4,9,4,9,1,1907,2.7079925537109375,93184,252516,302,OK,2026-03-19 11:39:30
302,D:\6S2\Thesis\7 dataset\hama3_split_raw\test\5\0063.raw,2,5,4,9,0,1906,2.707618474960327,93184,252516,303,OK,2026-03-19 11:39:34
303,D:\6S2\Thesis\7 dataset\hama3_split_raw\test\8\0127.raw,3,8,2,5,0,1906,2.708444595336914,93184,252516,304,OK,2026-03-19 11:39:39
304,D:\6S2\Thesis\7 dataset\hama3_split_raw\test\0\0071.raw,0,0,0,0,1,1906,2.7084429264068604,93184,252516,305,OK,2026-03-19 11:39:44
305,D:\6S2\Thesis\7 dataset\hama3_split_raw\test\0\0081.raw,0,0,3,8,0,1906,2.7084760665893555,93184,252516,306,OK,2026-03-19 11:39:49
306,D:\6S2\Thesis\7 dataset\hama3_split_raw\test\9\0056.raw,4,9,2,5,0,1906,2.70841646194458,93184,252516,307,OK,2026-03-19 11:39:53
307,D:\6S2\Thesis\7 dataset\hama3_split_raw\test\5\0077.raw,2,5,4,9,0,1906,2.7089099884033203,93184,252516,308,OK,2026-03-19 11:39:58
308,D:\6S2\Thesis\7 dataset\hama3_split_raw\test\8\0035.raw,3,8,3,8,1,1906,2.7093310356140137,93184,252516,309,OK,2026-03-19 11:40:03
309,D:\6S2\Thesis\7 dataset\hama3_split_raw\test\9\0045.raw,4,9,4,9,1,1906,2.7100698947906494,93184,252516,310,OK,2026-03-19 11:40:08
310,D:\6S2\Thesis\7 dataset\hama3_split_raw\test\0\0053.raw,0,0,0,0,1,1906,2.707720994949341,93184,252516,311,OK,2026-03-19 11:40:12
311,D:\6S2\Thesis\7 dataset\hama3_split_raw\test\0\0003.raw,0,0,4,9,0,1907,2.7067177295684814,93184,252516,312,OK,2026-03-19 11:40:17
312,D:\6S2\Thesis\7 dataset\hama3_split_raw\test\8\0113.raw,3,8,3,8,1,1906,2.708807945251465,93184,252516,313,OK,2026-03-19 11:40:22
313,D:\6S2\Thesis\7 dataset\hama3_split_raw\test\8\0122.raw,3,8,3,8,1,1906,2.707756757736206,93184,252516,314,OK,2026-03-19 11:40:26
314,D:\6S2\Thesis\7 dataset\hama3_split_raw\test\9\0066.raw,4,9,4,9,1,1906,2.708319664001465,93184,252516,315,OK,2026-03-19 11:40:31
315,D:\6S2\Thesis\7 dataset\hama3_split_raw\test\8\0022.raw,3,8,1,3,0,1906,2.708836317062378,93184,252516,316,OK,2026-03-19 11:40:36
316,D:\6S2\Thesis\7 dataset\hama3_split_raw\test\9\0056.raw,4,9,2,5,0,1906,2.7086081504821777,93184,252516,317,OK,2026-03-19 11:40:41
317,D:\6S2\Thesis\7 dataset\hama3_split_raw\test\5\0102.raw,2,5,2,5,1,1906,2.708791971206665,93184,252516,318,OK,2026-03-19 11:40:45
318,D:\6S2\Thesis\7 dataset\hama3_split_raw\test\3\0088.raw,1,3,1,3,1,1907,2.708803653717041,93184,252516,319,OK,2026-03-19 11:40:50
319,D:\6S2\Thesis\7 dataset\hama3_split_raw\test\5\0078.raw,2,5,4,9,0,1906,2.7094242572784424,93184,252516,320,OK,2026-03-19 11:40:55
320,D:\6S2\Thesis\7 dataset\hama3_split_raw\test\9\0042.raw,4,9,3,8,0,1906,2.708636522293091,93184,252516,321,OK,2026-03-19 11:41:00
321,D:\6S2\Thesis\7 dataset\hama3_split_raw\test\8\0063.raw,3,8,3,8,1,1906,2.708813428878784,93184,252516,322,OK,2026-03-19 11:41:04
322,D:\6S2\Thesis\7 dataset\hama3_split_raw\test\9\0001.raw,4,9,4,9,1,1907,2.708730459213257,93184,252516,323,OK,2026-03-19 11:41:09
323,D:\6S2\Thesis\7 dataset\hama3_split_raw\test\5\0057.raw,2,5,1,3,0,1906,2.7078030109405518,93184,252516,324,OK,2026-03-19 11:41:14
324,D:\6S2\Thesis\7 dataset\hama3_split_raw\test\3\0081.raw,1,3,1,3,1,1906,2.708306312561035,93184,252516,325,OK,2026-03-19 11:41:19
325,D:\6S2\Thesis\7 dataset\hama3_split_raw\test\9\0095.raw,4,9,4,9,1,1906,2.7090468406677246,93184,252516,326,OK,2026-03-19 11:41:23
326,D:\6S2\Thesis\7 dataset\hama3_split_raw\test\9\0057.raw,4,9,1,3,0,1906,2.709181785583496,93184,252516,327,OK,2026-03-19 11:41:28
327,D:\6S2\Thesis\7 dataset\hama3_split_raw\test\0\0040.raw,0,0,3,8,0,1906,2.70853853225708,93184,252516,328,OK,2026-03-19 11:41:33
328,D:\6S2\Thesis\7 dataset\hama3_split_raw\test\3\0004.raw,1,3,4,9,0,1907,2.7088751792907715,93184,252516,329,OK,2026-03-19 11:41:38
329,D:\6S2\Thesis\7 dataset\hama3_split_raw\test\8\0152.raw,3,8,2,5,0,1906,2.7087273597717285,93184,252516,330,OK,2026-03-19 11:41:42
330,D:\6S2\Thesis\7 dataset\hama3_split_raw\test\5\0069.raw,2,5,2,5,1,1906,2.709015369415283,93184,252516,331,OK,2026-03-19 11:41:47
331,D:\6S2\Thesis\7 dataset\hama3_split_raw\test\9\0036.raw,4,9,1,3,0,1906,2.706641912460327,93184,252516,332,OK,2026-03-19 11:41:52
332,D:\6S2\Thesis\7 dataset\hama3_split_raw\test\3\0003.raw,1,3,1,3,1,1906,2.7076168060302734,93184,252516,333,OK,2026-03-19 11:41:57
333,D:\6S2\Thesis\7 dataset\hama3_split_raw\test\3\0067.raw,1,3,1,3,1,1907,2.7071337699890137,93184,252516,334,OK,2026-03-19 11:42:01
334,D:\6S2\Thesis\7 dataset\hama3_split_raw\test\8\0114.raw,3,8,3,8,1,1906,2.7091193199157715,93184,252516,335,OK,2026-03-19 11:42:06
335,D:\6S2\Thesis\7 dataset\hama3_split_raw\test\0\0028.raw,0,0,0,0,1,1906,2.7093162536621094,93184,252516,336,OK,2026-03-19 11:42:11
336,D:\6S2\Thesis\7 dataset\hama3_split_raw\test\5\0018.raw,2,5,3,8,0,1906,2.709433078765869,93184,252516,337,OK,2026-03-19 11:42:16
337,D:\6S2\Thesis\7 dataset\hama3_split_raw\test\0\0081.raw,0,0,3,8,0,1907,2.7088255882263184,93184,252516,338,OK,2026-03-19 11:42:20
338,D:\6S2\Thesis\7 dataset\hama3_split_raw\test\0\0023.raw,0,0,0,0,1,1906,2.7085444927215576,93184,252516,339,OK,2026-03-19 11:42:25
339,D:\6S2\Thesis\7 dataset\hama3_split_raw\test\5\0114.raw,2,5,2,5,1,1906,2.709474563598633,93184,252516,340,OK,2026-03-19 11:42:30
340,D:\6S2\Thesis\7 dataset\hama3_split_raw\test\3\0031.raw,1,3,3,8,0,1906,2.7089266777038574,93184,252516,341,OK,2026-03-19 11:42:35
341,D:\6S2\Thesis\7 dataset\hama3_split_raw\test\8\0009.raw,3,8,3,8,1,1906,2.7101449966430664,93184,252516,342,OK,2026-03-19 11:42:39
342,D:\6S2\Thesis\7 dataset\hama3_split_raw\test\8\0170.raw,3,8,3,8,1,1906,2.709052801132202,93184,252516,343,OK,2026-03-19 11:42:44
343,D:\6S2\Thesis\7 dataset\hama3_split_raw\test\5\0112.raw,2,5,2,5,1,1906,2.7073395252227783,93184,252516,344,OK,2026-03-19 11:42:49
344,D:\6S2\Thesis\7 dataset\hama3_split_raw\test\5\0085.raw,2,5,2,5,1,1907,2.709233283996582,93184,252516,345,OK,2026-03-19 11:42:54
345,D:\6S2\Thesis\7 dataset\hama3_split_raw\test\9\0008.raw,4,9,4,9,1,1906,2.7088332176208496,93184,252516,346,OK,2026-03-19 11:42:58
346,D:\6S2\Thesis\7 dataset\hama3_split_raw\test\3\0052.raw,1,3,1,3,1,1906,2.7080066204071045,93184,252516,347,OK,2026-03-19 11:43:03
347,D:\6S2\Thesis\7 dataset\hama3_split_raw\test\0\0028.raw,0,0,0,0,1,1906,2.7094342708587646,93184,252516,348,OK,2026-03-19 11:43:08
348,D:\6S2\Thesis\7 dataset\hama3_split_raw\test\0\0064.raw,0,0,0,0,1,1906,2.7089035511016846,93184,252516,349,OK,2026-03-19 11:43:12
349,D:\6S2\Thesis\7 dataset\hama3_split_raw\test\8\0173.raw,3,8,3,8,1,1906,2.7090518474578857,93184,252516,350,OK,2026-03-19 11:43:17
350,D:\6S2\Thesis\7 dataset\hama3_split_raw\test\0\0032.raw,0,0,0,0,1,1907,2.7062599658966064,93184,252516,351,OK,2026-03-19 11:43:22
351,D:\6S2\Thesis\7 dataset\hama3_split_raw\test\0\0030.raw,0,0,0,0,1,1906,2.706726551055908,93184,252516,352,OK,2026-03-19 11:43:27
352,D:\6S2\Thesis\7 dataset\hama3_split_raw\test\5\0042.raw,2,5,3,8,0,1906,2.708348274230957,93184,252516,353,OK,2026-03-19 11:43:31
353,D:\6S2\Thesis\7 dataset\hama3_split_raw\test\5\0003.raw,2,5,1,3,0,1906,2.7089617252349854,93184,252516,354,OK,2026-03-19 11:43:36
354,D:\6S2\Thesis\7 dataset\hama3_split_raw\test\0\0024.raw,0,0,3,8,0,1906,2.709315299987793,93184,252516,355,OK,2026-03-19 11:43:41
355,D:\6S2\Thesis\7 dataset\hama3_split_raw\test\9\0043.raw,4,9,4,9,1,1906,2.7099196910858154,93184,252516,356,OK,2026-03-19 11:43:46
356,D:\6S2\Thesis\7 dataset\hama3_split_raw\test\8\0059.raw,3,8,3,8,1,1906,2.7089765071868896,93184,252516,357,OK,2026-03-19 11:43:50
357,D:\6S2\Thesis\7 dataset\hama3_split_raw\test\8\0170.raw,3,8,3,8,1,1907,2.7095468044281006,93184,252516,358,OK,2026-03-19 11:43:55
358,D:\6S2\Thesis\7 dataset\hama3_split_raw\test\9\0093.raw,4,9,4,9,1,1906,2.70915150642395,93184,252516,359,OK,2026-03-19 11:44:00
359,D:\6S2\Thesis\7 dataset\hama3_split_raw\test\0\0045.raw,0,0,1,3,0,1906,2.708998680114746,93184,252516,360,OK,2026-03-19 11:44:04
360,D:\6S2\Thesis\7 dataset\hama3_split_raw\test\8\0093.raw,3,8,1,3,0,1906,2.7078709602355957,93184,252516,361,OK,2026-03-19 11:44:09
361,D:\6S2\Thesis\7 dataset\hama3_split_raw\test\3\0071.raw,1,3,3,8,0,1906,2.708446502685547,93184,252516,362,OK,2026-03-19 11:44:14
362,D:\6S2\Thesis\7 dataset\hama3_split_raw\test\8\0149.raw,3,8,3,8,1,1906,2.709010362625122,93184,252516,363,OK,2026-03-19 11:44:19
363,D:\6S2\Thesis\7 dataset\hama3_split_raw\test\8\0152.raw,3,8,2,5,0,1906,2.7098262310028076,93184,252516,364,OK,2026-03-19 11:44:23
364,D:\6S2\Thesis\7 dataset\hama3_split_raw\test\9\0058.raw,4,9,4,9,1,1906,2.709489107131958,93184,252516,365,OK,2026-03-19 11:44:28
365,D:\6S2\Thesis\7 dataset\hama3_split_raw\test\8\0133.raw,3,8,3,8,1,1906,2.7062485218048096,93184,252516,366,OK,2026-03-19 11:44:33
366,D:\6S2\Thesis\7 dataset\hama3_split_raw\test\0\0053.raw,0,0,0,0,1,1906,2.7091009616851807,93184,252516,367,OK,2026-03-19 11:44:38
367,D:\6S2\Thesis\7 dataset\hama3_split_raw\test\8\0013.raw,3,8,2,5,0,1906,2.709167718887329,93184,252516,368,OK,2026-03-19 11:44:42
368,D:\6S2\Thesis\7 dataset\hama3_split_raw\test\5\0016.raw,2,5,2,5,1,1906,2.709360122680664,93184,252516,369,OK,2026-03-19 11:44:47
369,D:\6S2\Thesis\7 dataset\hama3_split_raw\test\3\0087.raw,1,3,2,5,0,1906,2.706916332244873,93184,252516,370,OK,2026-03-19 11:44:52
370,D:\6S2\Thesis\7 dataset\hama3_split_raw\test\8\0123.raw,3,8,3,8,1,1906,2.7093071937561035,93184,252516,371,OK,2026-03-19 11:44:57
371,D:\6S2\Thesis\7 dataset\hama3_split_raw\test\5\0030.raw,2,5,2,5,1,1906,2.7094674110412598,93184,252516,372,OK,2026-03-19 11:45:01
372,D:\6S2\Thesis\7 dataset\hama3_split_raw\test\5\0105.raw,2,5,2,5,1,1906,2.7085421085357666,93184,252516,373,OK,2026-03-19 11:45:06
373,D:\6S2\Thesis\7 dataset\hama3_split_raw\test\3\0021.raw,1,3,1,3,1,1906,2.7092888355255127,93184,252516,374,OK,2026-03-19 11:45:11
374,D:\6S2\Thesis\7 dataset\hama3_split_raw\test\0\0066.raw,0,0,3,8,0,1906,2.709240674972534,93184,252516,375,OK,2026-03-19 11:45:16
375,D:\6S2\Thesis\7 dataset\hama3_split_raw\test\5\0113.raw,2,5,3,8,0,1906,2.709001064300537,93184,252516,376,OK,2026-03-19 11:45:20
376,D:\6S2\Thesis\7 dataset\hama3_split_raw\test\3\0089.raw,1,3,3,8,0,1906,2.707887649536133,93184,252516,377,OK,2026-03-19 11:45:25
377,D:\6S2\Thesis\7 dataset\hama3_split_raw\test\3\0002.raw,1,3,3,8,0,1907,2.709928274154663,93184,252516,378,OK,2026-03-19 11:45:30
378,D:\6S2\Thesis\7 dataset\hama3_split_raw\test\8\0171.raw,3,8,3,8,1,1906,2.709057331085205,93184,252516,379,OK,2026-03-19 11:45:34
379,D:\6S2\Thesis\7 dataset\hama3_split_raw\test\8\0049.raw,3,8,3,8,1,1906,2.709798812866211,93184,252516,380,OK,2026-03-19 11:45:39
380,D:\6S2\Thesis\7 dataset\hama3_split_raw\test\5\0097.raw,2,5,1,3,0,1907,2.709728956222534,93184,252516,381,OK,2026-03-19 11:45:44
381,D:\6S2\Thesis\7 dataset\hama3_split_raw\test\0\0025.raw,0,0,3,8,0,1906,2.7097690105438232,93184,252516,382,OK,2026-03-19 11:45:49
382,D:\6S2\Thesis\7 dataset\hama3_split_raw\test\3\0086.raw,1,3,1,3,1,1906,2.7086126804351807,93184,252516,383,OK,2026-03-19 11:45:53
383,D:\6S2\Thesis\7 dataset\hama3_split_raw\test\5\0093.raw,2,5,2,5,1,1906,2.708590269088745,93184,252516,384,OK,2026-03-19 11:45:58
384,D:\6S2\Thesis\7 dataset\hama3_split_raw\test\0\0078.raw,0,0,1,3,0,1906,2.7085962295532227,93184,252516,385,OK,2026-03-19 11:46:03
385,D:\6S2\Thesis\7 dataset\hama3_split_raw\test\9\0014.raw,4,9,4,9,1,1907,2.7061572074890137,93184,252516,386,OK,2026-03-19 11:46:08
386,D:\6S2\Thesis\7 dataset\hama3_split_raw\test\5\0032.raw,2,5,2,5,1,1906,2.7085843086242676,93184,252516,387,OK,2026-03-19 11:46:12
387,D:\6S2\Thesis\7 dataset\hama3_split_raw\test\8\0072.raw,3,8,3,8,1,1906,2.7087647914886475,93184,252516,388,OK,2026-03-19 11:46:17
388,D:\6S2\Thesis\7 dataset\hama3_split_raw\test\8\0147.raw,3,8,0,0,0,1906,2.707047700881958,93184,252516,389,OK,2026-03-19 11:46:22
389,D:\6S2\Thesis\7 dataset\hama3_split_raw\test\0\0057.raw,0,0,0,0,1,1906,2.708735704421997,93184,252516,390,OK,2026-03-19 11:46:27
390,D:\6S2\Thesis\7 dataset\hama3_split_raw\test\8\0066.raw,3,8,4,9,0,1906,2.7088162899017334,93184,252516,391,OK,2026-03-19 11:46:31
391,D:\6S2\Thesis\7 dataset\hama3_split_raw\test\5\0107.raw,2,5,2,5,1,1906,2.7090847492218018,93184,252516,392,OK,2026-03-19 11:46:36
392,D:\6S2\Thesis\7 dataset\hama3_split_raw\test\0\0060.raw,0,0,0,0,1,1906,2.709181308746338,93184,252516,393,OK,2026-03-19 11:46:41
393,D:\6S2\Thesis\7 dataset\hama3_split_raw\test\5\0031.raw,2,5,2,5,1,1906,2.710414171218872,93184,252516,394,OK,2026-03-19 11:46:46
394,D:\6S2\Thesis\7 dataset\hama3_split_raw\test\9\0003.raw,4,9,4,9,1,1906,2.708357334136963,93184,252516,395,OK,2026-03-19 11:46:50
395,D:\6S2\Thesis\7 dataset\hama3_split_raw\test\5\0073.raw,2,5,2,5,1,1906,2.708562135696411,93184,252516,396,OK,2026-03-19 11:46:55
396,D:\6S2\Thesis\7 dataset\hama3_split_raw\test\8\0087.raw,3,8,3,8,1,1906,2.7080612182617188,93184,252516,397,OK,2026-03-19 11:47:00
397,D:\6S2\Thesis\7 dataset\hama3_split_raw\test\3\0036.raw,1,3,1,3,1,1906,2.7093007564544678,93184,252516,398,OK,2026-03-19 11:47:05
398,D:\6S2\Thesis\7 dataset\hama3_split_raw\test\8\0149.raw,3,8,3,8,1,1906,2.7095935344696045,93184,252516,399,OK,2026-03-19 11:47:09
399,D:\6S2\Thesis\7 dataset\hama3_split_raw\test\0\0056.raw,0,0,4,9,0,1906,2.7088866233825684,93184,252516,400,OK,2026-03-19 11:47:14
400,D:\6S2\Thesis\7 dataset\hama3_split_raw\test\5\0014.raw,2,5,2,5,1,1906,2.707627534866333,93184,252516,401,OK,2026-03-19 11:47:19
401,D:\6S2\Thesis\7 dataset\hama3_split_raw\test\8\0090.raw,3,8,3,8,1,1906,2.708751916885376,93184,252516,402,OK,2026-03-19 11:47:24
402,D:\6S2\Thesis\7 dataset\hama3_split_raw\test\8\0055.raw,3,8,1,3,0,1906,2.7101283073425293,93184,252516,403,OK,2026-03-19 11:47:28
403,D:\6S2\Thesis\7 dataset\hama3_split_raw\test\3\0067.raw,1,3,1,3,1,1907,2.7086668014526367,93184,252516,404,OK,2026-03-19 11:47:33
404,D:\6S2\Thesis\7 dataset\hama3_split_raw\test\3\0097.raw,1,3,3,8,0,1906,2.7091147899627686,93184,252516,405,OK,2026-03-19 11:47:38
405,D:\6S2\Thesis\7 dataset\hama3_split_raw\test\9\0045.raw,4,9,4,9,1,1906,2.708723306655884,93184,252516,406,OK,2026-03-19 11:47:43
406,D:\6S2\Thesis\7 dataset\hama3_split_raw\test\0\0074.raw,0,0,3,8,0,1906,2.708991527557373,93184,252516,407,OK,2026-03-19 11:47:47
407,D:\6S2\Thesis\7 dataset\hama3_split_raw\test\3\0111.raw,1,3,1,3,1,1906,2.70939302444458,93184,252516,408,OK,2026-03-19 11:47:52
408,D:\6S2\Thesis\7 dataset\hama3_split_raw\test\3\0033.raw,1,3,1,3,1,1906,2.7062935829162598,93184,252516,409,OK,2026-03-19 11:47:57
409,D:\6S2\Thesis\7 dataset\hama3_split_raw\test\5\0028.raw,2,5,2,5,1,1906,2.7099006175994873,93184,252516,410,OK,2026-03-19 11:48:02
410,D:\6S2\Thesis\7 dataset\hama3_split_raw\test\3\0032.raw,1,3,1,3,1,1906,2.7091450691223145,93184,252516,411,OK,2026-03-19 11:48:06
411,D:\6S2\Thesis\7 dataset\hama3_split_raw\test\5\0038.raw,2,5,2,5,1,1906,2.7090296745300293,93184,252516,412,OK,2026-03-19 11:48:11
412,D:\6S2\Thesis\7 dataset\hama3_split_raw\test\0\0080.raw,0,0,1,3,0,1907,2.709083080291748,93184,252516,413,OK,2026-03-19 11:48:16
413,D:\6S2\Thesis\7 dataset\hama3_split_raw\test\9\0073.raw,4,9,2,5,0,1906,2.70890736579895,93184,252516,414,OK,2026-03-19 11:48:21
414,D:\6S2\Thesis\7 dataset\hama3_split_raw\test\3\0094.raw,1,3,1,3,1,1906,2.7096800804138184,93184,252516,415,OK,2026-03-19 11:48:25
415,D:\6S2\Thesis\7 dataset\hama3_split_raw\test\9\0076.raw,4,9,3,8,0,1906,2.7076287269592285,93184,252516,416,OK,2026-03-19 11:48:30
416,D:\6S2\Thesis\7 dataset\hama3_split_raw\test\0\0040.raw,0,0,3,8,0,1906,2.7098100185394287,93184,252516,417,OK,2026-03-19 11:48:35
417,D:\6S2\Thesis\7 dataset\hama3_split_raw\test\9\0009.raw,4,9,3,8,0,1906,2.7093000411987305,93184,252516,418,OK,2026-03-19 11:48:39
418,D:\6S2\Thesis\7 dataset\hama3_split_raw\test\9\0103.raw,4,9,4,9,1,1906,2.7092173099517822,93184,252516,419,OK,2026-03-19 11:48:44
419,D:\6S2\Thesis\7 dataset\hama3_split_raw\test\0\0047.raw,0,0,0,0,1,1906,2.708906650543213,93184,252516,420,OK,2026-03-19 11:48:49
420,D:\6S2\Thesis\7 dataset\hama3_split_raw\test\3\0043.raw,1,3,1,3,1,1906,2.708697557449341,93184,252516,421,OK,2026-03-19 11:48:54
421,D:\6S2\Thesis\7 dataset\hama3_split_raw\test\5\0064.raw,2,5,2,5,1,1906,2.709388494491577,93184,252516,422,OK,2026-03-19 11:48:59
422,D:\6S2\Thesis\7 dataset\hama3_split_raw\test\9\0079.raw,4,9,1,3,0,1906,2.7108802795410156,93184,252516,423,OK,2026-03-19 11:49:03
423,D:\6S2\Thesis\7 dataset\hama3_split_raw\test\8\0018.raw,3,8,3,8,1,1906,2.709245204925537,93184,252516,424,OK,2026-03-19 11:49:08
424,D:\6S2\Thesis\7 dataset\hama3_split_raw\test\9\0075.raw,4,9,3,8,0,1906,2.7094531059265137,93184,252516,425,OK,2026-03-19 11:49:13
425,D:\6S2\Thesis\7 dataset\hama3_split_raw\test\5\0018.raw,2,5,3,8,0,1906,2.709639310836792,93184,252516,426,OK,2026-03-19 11:49:18
426,D:\6S2\Thesis\7 dataset\hama3_split_raw\test\5\0076.raw,2,5,2,5,1,1906,2.709231376647949,93184,252516,427,OK,2026-03-19 11:49:22
427,D:\6S2\Thesis\7 dataset\hama3_split_raw\test\5\0097.raw,2,5,1,3,0,1906,2.7098500728607178,93184,252516,428,OK,2026-03-19 11:49:27
428,D:\6S2\Thesis\7 dataset\hama3_split_raw\test\0\0085.raw,0,0,0,0,1,1907,2.709566593170166,93184,252516,429,OK,2026-03-19 11:49:32
429,D:\6S2\Thesis\7 dataset\hama3_split_raw\test\8\0146.raw,3,8,3,8,1,1906,2.708615779876709,93184,252516,430,OK,2026-03-19 11:49:37
430,D:\6S2\Thesis\7 dataset\hama3_split_raw\test\9\0005.raw,4,9,4,9,1,1906,2.7098770141601562,93184,252516,431,OK,2026-03-19 11:49:41
431,D:\6S2\Thesis\7 dataset\hama3_split_raw\test\3\0066.raw,1,3,3,8,0,1906,2.7092130184173584,93184,252516,432,OK,2026-03-19 11:49:46
432,D:\6S2\Thesis\7 dataset\hama3_split_raw\test\8\0001.raw,3,8,3,8,1,1906,2.709580421447754,93184,252516,433,OK,2026-03-19 11:49:51
433,D:\6S2\Thesis\7 dataset\hama3_split_raw\test\0\0004.raw,0,0,0,0,1,1906,2.7091195583343506,93184,252516,434,OK,2026-03-19 11:49:56
434,D:\6S2\Thesis\7 dataset\hama3_split_raw\test\3\0112.raw,1,3,1,3,1,1906,2.709153890609741,93184,252516,435,OK,2026-03-19 11:50:00
435,D:\6S2\Thesis\7 dataset\hama3_split_raw\test\5\0009.raw,2,5,2,5,1,1906,2.707127332687378,93184,252516,436,OK,2026-03-19 11:50:05
436,D:\6S2\Thesis\7 dataset\hama3_split_raw\test\0\0070.raw,0,0,1,3,0,1907,2.7094571590423584,93184,252516,437,OK,2026-03-19 11:50:10
437,D:\6S2\Thesis\7 dataset\hama3_split_raw\test\9\0021.raw,4,9,4,9,1,1906,2.7094051837921143,93184,252516,438,OK,2026-03-19 11:50:15
438,D:\6S2\Thesis\7 dataset\hama3_split_raw\test\8\0080.raw,3,8,2,5,0,1906,2.708817720413208,93184,252516,439,OK,2026-03-19 11:50:19
439,D:\6S2\Thesis\7 dataset\hama3_split_raw\test\9\0021.raw,4,9,4,9,1,1906,2.7095961570739746,93184,252516,440,OK,2026-03-19 11:50:24
440,D:\6S2\Thesis\7 dataset\hama3_split_raw\test\8\0075.raw,3,8,2,5,0,1906,2.7087576389312744,93184,252516,441,OK,2026-03-19 11:50:29
441,D:\6S2\Thesis\7 dataset\hama3_split_raw\test\0\0086.raw,0,0,3,8,0,1906,2.708153009414673,93184,252516,442,OK,2026-03-19 11:50:34
442,D:\6S2\Thesis\7 dataset\hama3_split_raw\test\8\0057.raw,3,8,3,8,1,1907,2.709113597869873,93184,252516,443,OK,2026-03-19 11:50:38
443,D:\6S2\Thesis\7 dataset\hama3_split_raw\test\0\0038.raw,0,0,3,8,0,1906,2.709982395172119,93184,252516,444,OK,2026-03-19 11:50:43
444,D:\6S2\Thesis\7 dataset\hama3_split_raw\test\0\0086.raw,0,0,3,8,0,1906,2.7088754177093506,93184,252516,445,OK,2026-03-19 11:50:48
445,D:\6S2\Thesis\7 dataset\hama3_split_raw\test\9\0017.raw,4,9,4,9,1,1906,2.7106778621673584,93184,252516,446,OK,2026-03-19 11:50:52
446,D:\6S2\Thesis\7 dataset\hama3_split_raw\test\8\0149.raw,3,8,3,8,1,1906,2.709627389907837,93184,252516,447,OK,2026-03-19 11:50:57
447,D:\6S2\Thesis\7 dataset\hama3_split_raw\test\0\0065.raw,0,0,0,0,1,1906,2.7089030742645264,93184,252516,448,OK,2026-03-19 11:51:02
448,D:\6S2\Thesis\7 dataset\hama3_split_raw\test\5\0014.raw,2,5,2,5,1,1906,2.7085866928100586,93184,252516,449,OK,2026-03-19 11:51:07
449,D:\6S2\Thesis\7 dataset\hama3_split_raw\test\9\0086.raw,4,9,4,9,1,1907,2.710540533065796,93184,252516,450,OK,2026-03-19 11:51:11
450,D:\6S2\Thesis\7 dataset\hama3_split_raw\test\9\0008.raw,4,9,4,9,1,1906,2.709195137023926,93184,252516,451,OK,2026-03-19 11:51:16
451,D:\6S2\Thesis\7 dataset\hama3_split_raw\test\5\0030.raw,2,5,2,5,1,1906,2.70904541015625,93184,252516,452,OK,2026-03-19 11:51:21
452,D:\6S2\Thesis\7 dataset\hama3_split_raw\test\0\0029.raw,0,0,4,9,0,1906,2.709779739379883,93184,252516,453,OK,2026-03-19 11:51:26
453,D:\6S2\Thesis\7 dataset\hama3_split_raw\test\3\0028.raw,1,3,1,3,1,1906,2.709070920944214,93184,252516,454,OK,2026-03-19 11:51:30
454,D:\6S2\Thesis\7 dataset\hama3_split_raw\test\0\0058.raw,0,0,3,8,0,1906,2.7090201377868652,93184,252516,455,OK,2026-03-19 11:51:35
455,D:\6S2\Thesis\7 dataset\hama3_split_raw\test\5\0017.raw,2,5,2,5,1,1906,2.7095134258270264,93184,252516,456,OK,2026-03-19 11:51:40
456,D:\6S2\Thesis\7 dataset\hama3_split_raw\test\9\0093.raw,4,9,4,9,1,1906,2.708644390106201,93184,252516,457,OK,2026-03-19 11:51:44
457,D:\6S2\Thesis\7 dataset\hama3_split_raw\test\0\0013.raw,0,0,3,8,0,1906,2.708979845046997,93184,252516,458,OK,2026-03-19 11:51:49
458,D:\6S2\Thesis\7 dataset\hama3_split_raw\test\3\0038.raw,1,3,1,3,1,1906,2.708801031112671,93184,252516,459,OK,2026-03-19 11:51:54
459,D:\6S2\Thesis\7 dataset\hama3_split_raw\test\0\0081.raw,0,0,3,8,0,1906,2.7089998722076416,93184,252516,460,OK,2026-03-19 11:51:59
460,D:\6S2\Thesis\7 dataset\hama3_split_raw\test\0\0042.raw,0,0,0,0,1,1906,2.7089741230010986,93184,252516,461,OK,2026-03-19 11:52:03
461,D:\6S2\Thesis\7 dataset\hama3_split_raw\test\9\0017.raw,4,9,4,9,1,1906,2.709341287612915,93184,252516,462,OK,2026-03-19 11:52:08
462,D:\6S2\Thesis\7 dataset\hama3_split_raw\test\9\0058.raw,4,9,4,9,1,1906,2.709528684616089,93184,252516,463,OK,2026-03-19 11:52:13
463,D:\6S2\Thesis\7 dataset\hama3_split_raw\test\3\0007.raw,1,3,1,3,1,1906,2.7083065509796143,93184,252516,464,OK,2026-03-19 11:52:18
464,D:\6S2\Thesis\7 dataset\hama3_split_raw\test\9\0042.raw,4,9,3,8,0,1906,2.709318161010742,93184,252516,465,OK,2026-03-19 11:52:22
465,D:\6S2\Thesis\7 dataset\hama3_split_raw\test\3\0108.raw,1,3,1,3,1,1906,2.7084743976593018,93184,252516,466,OK,2026-03-19 11:52:27
466,D:\6S2\Thesis\7 dataset\hama3_split_raw\test\3\0039.raw,1,3,3,8,0,1906,2.7088847160339355,93184,252516,467,OK,2026-03-19 11:52:32
467,D:\6S2\Thesis\7 dataset\hama3_split_raw\test\0\0054.raw,0,0,0,0,1,1906,2.7093021869659424,93184,252516,468,OK,2026-03-19 11:52:37
468,D:\6S2\Thesis\7 dataset\hama3_split_raw\test\8\0166.raw,3,8,2,5,0,1906,2.7090346813201904,93184,252516,469,OK,2026-03-19 11:52:41
469,D:\6S2\Thesis\7 dataset\hama3_split_raw\test\9\0039.raw,4,9,2,5,0,1906,2.70932674407959,93184,252516,470,OK,2026-03-19 11:52:46
470,D:\6S2\Thesis\7 dataset\hama3_split_raw\test\3\0072.raw,1,3,1,3,1,1906,2.7091047763824463,93184,252516,471,OK,2026-03-19 11:52:51
471,D:\6S2\Thesis\7 dataset\hama3_split_raw\test\9\0019.raw,4,9,2,5,0,1906,2.709716558456421,93184,252516,472,OK,2026-03-19 11:52:56
472,D:\6S2\Thesis\7 dataset\hama3_split_raw\test\0\0052.raw,0,0,1,3,0,1906,2.7096142768859863,93184,252516,473,OK,2026-03-19 11:53:00
473,D:\6S2\Thesis\7 dataset\hama3_split_raw\test\9\0091.raw,4,9,4,9,1,1906,2.710163116455078,93184,252516,474,OK,2026-03-19 11:53:05
474,D:\6S2\Thesis\7 dataset\hama3_split_raw\test\0\0036.raw,0,0,1,3,0,1907,2.7091522216796875,93184,252516,475,OK,2026-03-19 11:53:10
475,D:\6S2\Thesis\7 dataset\hama3_split_raw\test\9\0016.raw,4,9,4,9,1,1906,2.708026647567749,93184,252516,476,OK,2026-03-19 11:53:14
476,D:\6S2\Thesis\7 dataset\hama3_split_raw\test\9\0041.raw,4,9,4,9,1,1906,2.7086338996887207,93184,252516,477,OK,2026-03-19 11:53:19
477,D:\6S2\Thesis\7 dataset\hama3_split_raw\test\5\0080.raw,2,5,1,3,0,1906,2.710000991821289,93184,252516,478,OK,2026-03-19 11:53:24
478,D:\6S2\Thesis\7 dataset\hama3_split_raw\test\8\0133.raw,3,8,3,8,1,1906,2.709172248840332,93184,252516,479,OK,2026-03-19 11:53:29
479,D:\6S2\Thesis\7 dataset\hama3_split_raw\test\9\0027.raw,4,9,3,8,0,1906,2.7090024948120117,93184,252516,480,OK,2026-03-19 11:53:33
480,D:\6S2\Thesis\7 dataset\hama3_split_raw\test\0\0020.raw,0,0,4,9,0,1906,2.709216356277466,93184,252516,481,OK,2026-03-19 11:53:38
481,D:\6S2\Thesis\7 dataset\hama3_split_raw\test\5\0106.raw,2,5,2,5,1,1906,2.7077102661132812,93184,252516,482,OK,2026-03-19 11:53:43
482,D:\6S2\Thesis\7 dataset\hama3_split_raw\test\9\0009.raw,4,9,3,8,0,1906,2.707669973373413,93184,252516,483,OK,2026-03-19 11:53:47
483,D:\6S2\Thesis\7 dataset\hama3_split_raw\test\3\0015.raw,1,3,3,8,0,1906,2.708846092224121,93184,252516,484,OK,2026-03-19 11:53:52
484,D:\6S2\Thesis\7 dataset\hama3_split_raw\test\5\0113.raw,2,5,3,8,0,1906,2.7098546028137207,93184,252516,485,OK,2026-03-19 11:53:57
485,D:\6S2\Thesis\7 dataset\hama3_split_raw\test\3\0073.raw,1,3,1,3,1,1906,2.7098047733306885,93184,252516,486,OK,2026-03-19 11:54:02
486,D:\6S2\Thesis\7 dataset\hama3_split_raw\test\3\0090.raw,1,3,1,3,1,1906,2.709864377975464,93184,252516,487,OK,2026-03-19 11:54:06
487,D:\6S2\Thesis\7 dataset\hama3_split_raw\test\9\0078.raw,4,9,3,8,0,1906,2.710110902786255,93184,252516,488,OK,2026-03-19 11:54:11
488,D:\6S2\Thesis\7 dataset\hama3_split_raw\test\5\0093.raw,2,5,2,5,1,1906,2.7092978954315186,93184,252516,489,OK,2026-03-19 11:54:16
489,D:\6S2\Thesis\7 dataset\hama3_split_raw\test\3\0013.raw,1,3,1,3,1,1906,2.7091784477233887,93184,252516,490,OK,2026-03-19 11:54:21
490,D:\6S2\Thesis\7 dataset\hama3_split_raw\test\8\0093.raw,3,8,1,3,0,1906,2.7100865840911865,93184,252516,491,OK,2026-03-19 11:54:25
491,D:\6S2\Thesis\7 dataset\hama3_split_raw\test\8\0029.raw,3,8,1,3,0,1906,2.7093758583068848,93184,252516,492,OK,2026-03-19 11:54:30
492,D:\6S2\Thesis\7 dataset\hama3_split_raw\test\0\0082.raw,0,0,0,0,1,1906,2.7059006690979004,93184,252516,493,OK,2026-03-19 11:54:35
493,D:\6S2\Thesis\7 dataset\hama3_split_raw\test\0\0006.raw,0,0,1,3,0,1906,2.7070882320404053,93184,252516,494,OK,2026-03-19 11:54:39
494,D:\6S2\Thesis\7 dataset\hama3_split_raw\test\5\0039.raw,2,5,1,3,0,1906,2.7087364196777344,93184,252516,495,OK,2026-03-19 11:54:44
495,D:\6S2\Thesis\7 dataset\hama3_split_raw\test\9\0051.raw,4,9,4,9,1,1906,2.70650577545166,93184,252516,496,OK,2026-03-19 11:54:49
496,D:\6S2\Thesis\7 dataset\hama3_split_raw\test\8\0086.raw,3,8,3,8,1,1906,2.7068867683410645,93184,252516,497,OK,2026-03-19 11:54:54
497,D:\6S2\Thesis\7 dataset\hama3_split_raw\test\8\0076.raw,3,8,3,8,1,1906,2.7077455520629883,93184,252516,498,OK,2026-03-19 11:54:58
498,D:\6S2\Thesis\7 dataset\hama3_split_raw\test\3\0039.raw,1,3,3,8,0,1906,2.709258794784546,93184,252516,499,OK,2026-03-19 11:55:03
499,D:\6S2\Thesis\7 dataset\hama3_split_raw\test\8\0028.raw,3,8,3,8,1,1906,2.7069034576416016,93184,252516,500,OK,2026-03-19 11:55:08
500,D:\6S2\Thesis\7 dataset\hama3_split_raw\test\5\0052.raw,2,5,3,8,0,1907,2.70865535736084,93184,252516,501,OK,2026-03-19 11:55:13
501,D:\6S2\Thesis\7 dataset\hama3_split_raw\test\5\0080.raw,2,5,1,3,0,1906,2.709502696990967,93184,252516,502,OK,2026-03-19 11:55:17
502,D:\6S2\Thesis\7 dataset\hama3_split_raw\test\0\0042.raw,0,0,0,0,1,1906,2.710169792175293,93184,252516,503,OK,2026-03-19 11:55:22
503,D:\6S2\Thesis\7 dataset\hama3_split_raw\test\8\0090.raw,3,8,3,8,1,1906,2.7090680599212646,93184,252516,504,OK,2026-03-19 11:55:27
504,D:\6S2\Thesis\7 dataset\hama3_split_raw\test\5\0092.raw,2,5,2,5,1,1906,2.709648609161377,93184,252516,505,OK,2026-03-19 11:55:31
505,D:\6S2\Thesis\7 dataset\hama3_split_raw\test\8\0163.raw,3,8,3,8,1,1906,2.7092580795288086,93184,252516,506,OK,2026-03-19 11:55:36
506,D:\6S2\Thesis\7 dataset\hama3_split_raw\test\5\0106.raw,2,5,2,5,1,1906,2.708927869796753,93184,252516,507,OK,2026-03-19 11:55:41
507,D:\6S2\Thesis\7 dataset\hama3_split_raw\test\0\0000.raw,0,0,0,0,1,1906,2.710584878921509,93184,252516,508,OK,2026-03-19 11:55:46
508,D:\6S2\Thesis\7 dataset\hama3_split_raw\test\0\0075.raw,0,0,3,8,0,1906,2.7088353633880615,93184,252516,509,OK,2026-03-19 11:55:50
509,D:\6S2\Thesis\7 dataset\hama3_split_raw\test\0\0037.raw,0,0,1,3,0,1906,2.7103352546691895,93184,252516,510,OK,2026-03-19 11:55:55
510,D:\6S2\Thesis\7 dataset\hama3_split_raw\test\8\0142.raw,3,8,2,5,0,1906,2.7090682983398438,93184,252516,511,OK,2026-03-19 11:56:00
511,D:\6S2\Thesis\7 dataset\hama3_split_raw\test\8\0056.raw,3,8,3,8,1,1906,2.7087178230285645,93184,252516,512,OK,2026-03-19 11:56:05
512,D:\6S2\Thesis\7 dataset\hama3_split_raw\test\5\0083.raw,2,5,1,3,0,1906,2.7090647220611572,93184,252516,513,OK,2026-03-19 11:56:09
513,D:\6S2\Thesis\7 dataset\hama3_split_raw\test\8\0035.raw,3,8,3,8,1,1906,2.7090444564819336,93184,252516,514,OK,2026-03-19 11:56:14
514,D:\6S2\Thesis\7 dataset\hama3_split_raw\test\5\0080.raw,2,5,1,3,0,1906,2.7055225372314453,93184,252516,515,OK,2026-03-19 11:56:19
515,D:\6S2\Thesis\7 dataset\hama3_split_raw\test\8\0046.raw,3,8,3,8,1,1906,2.7088661193847656,93184,252516,516,OK,2026-03-19 11:56:23
516,D:\6S2\Thesis\7 dataset\hama3_split_raw\test\0\0075.raw,0,0,3,8,0,1906,2.709122657775879,93184,252516,517,OK,2026-03-19 11:56:28
517,D:\6S2\Thesis\7 dataset\hama3_split_raw\test\9\0006.raw,4,9,2,5,0,1906,2.709566831588745,93184,252516,518,OK,2026-03-19 11:56:33
518,D:\6S2\Thesis\7 dataset\hama3_split_raw\test\0\0088.raw,0,0,4,9,0,1906,2.7096288204193115,93184,252516,519,OK,2026-03-19 11:56:38
519,D:\6S2\Thesis\7 dataset\hama3_split_raw\test\9\0032.raw,4,9,3,8,0,1907,2.7090346813201904,93184,252516,520,OK,2026-03-19 11:56:43
520,D:\6S2\Thesis\7 dataset\hama3_split_raw\test\5\0046.raw,2,5,4,9,0,1906,2.7074060440063477,93184,252516,521,OK,2026-03-19 11:56:47
521,D:\6S2\Thesis\7 dataset\hama3_split_raw\test\9\0097.raw,4,9,4,9,1,1906,2.709170341491699,93184,252516,522,OK,2026-03-19 11:56:52
522,D:\6S2\Thesis\7 dataset\hama3_split_raw\test\8\0153.raw,3,8,3,8,1,1906,2.7092206478118896,93184,252516,523,OK,2026-03-19 11:56:57
523,D:\6S2\Thesis\7 dataset\hama3_split_raw\test\9\0033.raw,4,9,1,3,0,1907,2.707899570465088,93184,252516,524,OK,2026-03-19 11:57:01
524,D:\6S2\Thesis\7 dataset\hama3_split_raw\test\3\0027.raw,1,3,1,3,1,1906,2.709521770477295,93184,252516,525,OK,2026-03-19 11:57:06
525,D:\6S2\Thesis\7 dataset\hama3_split_raw\test\5\0040.raw,2,5,2,5,1,1906,2.708796977996826,93184,252516,526,OK,2026-03-19 11:57:11
526,D:\6S2\Thesis\7 dataset\hama3_split_raw\test\3\0062.raw,1,3,3,8,0,1907,2.710031747817993,93184,252516,527,OK,2026-03-19 11:57:16
527,D:\6S2\Thesis\7 dataset\hama3_split_raw\test\3\0026.raw,1,3,1,3,1,1906,2.7087442874908447,93184,252516,528,OK,2026-03-19 11:57:20
528,D:\6S2\Thesis\7 dataset\hama3_split_raw\test\0\0090.raw,0,0,3,8,0,1907,2.709096670150757,93184,252516,529,OK,2026-03-19 11:57:25
529,D:\6S2\Thesis\7 dataset\hama3_split_raw\test\9\0040.raw,4,9,2,5,0,1906,2.7089920043945312,93184,252516,530,OK,2026-03-19 11:57:30
530,D:\6S2\Thesis\7 dataset\hama3_split_raw\test\0\0019.raw,0,0,0,0,1,1906,2.7082507610321045,93184,252516,531,OK,2026-03-19 11:57:35
531,D:\6S2\Thesis\7 dataset\hama3_split_raw\test\0\0011.raw,0,0,1,3,0,1906,2.7088730335235596,93184,252516,532,OK,2026-03-19 11:57:39
532,D:\6S2\Thesis\7 dataset\hama3_split_raw\test\5\0060.raw,2,5,2,5,1,1907,2.7083048820495605,93184,252516,533,OK,2026-03-19 11:57:44
533,D:\6S2\Thesis\7 dataset\hama3_split_raw\test\5\0077.raw,2,5,4,9,0,1906,2.7093472480773926,93184,252516,534,OK,2026-03-19 11:57:49
534,D:\6S2\Thesis\7 dataset\hama3_split_raw\test\9\0009.raw,4,9,3,8,0,1906,2.7087435722351074,93184,252516,535,OK,2026-03-19 11:57:54
535,D:\6S2\Thesis\7 dataset\hama3_split_raw\test\8\0100.raw,3,8,3,8,1,1906,2.7091588973999023,93184,252516,536,OK,2026-03-19 11:57:58
536,D:\6S2\Thesis\7 dataset\hama3_split_raw\test\8\0069.raw,3,8,2,5,0,1906,2.7076985836029053,93184,252516,537,OK,2026-03-19 11:58:03
537,D:\6S2\Thesis\7 dataset\hama3_split_raw\test\5\0114.raw,2,5,2,5,1,1906,2.7090423107147217,93184,252516,538,OK,2026-03-19 11:58:08
538,D:\6S2\Thesis\7 dataset\hama3_split_raw\test\8\0090.raw,3,8,3,8,1,1906,2.706819534301758,93184,252516,539,OK,2026-03-19 11:58:13
539,D:\6S2\Thesis\7 dataset\hama3_split_raw\test\5\0068.raw,2,5,1,3,0,1906,2.708920955657959,93184,252516,540,OK,2026-03-19 11:58:17
540,D:\6S2\Thesis\7 dataset\hama3_split_raw\test\5\0102.raw,2,5,2,5,1,1906,2.7094740867614746,93184,252516,541,OK,2026-03-19 11:58:22
541,D:\6S2\Thesis\7 dataset\hama3_split_raw\test\3\0067.raw,1,3,1,3,1,1907,2.7092881202697754,93184,252516,542,OK,2026-03-19 11:58:27
542,D:\6S2\Thesis\7 dataset\hama3_split_raw\test\8\0113.raw,3,8,3,8,1,1906,2.7087862491607666,93184,252516,543,OK,2026-03-19 11:58:31
543,D:\6S2\Thesis\7 dataset\hama3_split_raw\test\5\0075.raw,2,5,3,8,0,1906,2.707608938217163,93184,252516,544,OK,2026-03-19 11:58:36
544,D:\6S2\Thesis\7 dataset\hama3_split_raw\test\9\0069.raw,4,9,2,5,0,1906,2.7090888023376465,93184,252516,545,OK,2026-03-19 11:58:41
545,D:\6S2\Thesis\7 dataset\hama3_split_raw\test\5\0095.raw,2,5,2,5,1,1906,2.708653211593628,93184,252516,546,OK,2026-03-19 11:58:46
546,D:\6S2\Thesis\7 dataset\hama3_split_raw\test\5\0107.raw,2,5,2,5,1,1906,2.7091383934020996,93184,252516,547,OK,2026-03-19 11:58:50
547,D:\6S2\Thesis\7 dataset\hama3_split_raw\test\3\0099.raw,1,3,4,9,0,1906,2.7090487480163574,93184,252516,548,OK,2026-03-19 11:58:55
548,D:\6S2\Thesis\7 dataset\hama3_split_raw\test\8\0129.raw,3,8,3,8,1,1906,2.7088310718536377,93184,252516,549,OK,2026-03-19 11:59:00
549,D:\6S2\Thesis\7 dataset\hama3_split_raw\test\8\0166.raw,3,8,2,5,0,1906,2.709346294403076,93184,252516,550,OK,2026-03-19 11:59:05
550,D:\6S2\Thesis\7 dataset\hama3_split_raw\test\5\0096.raw,2,5,4,9,0,1906,2.708601236343384,93184,252516,551,OK,2026-03-19 11:59:09
551,D:\6S2\Thesis\7 dataset\hama3_split_raw\test\3\0038.raw,1,3,1,3,1,1906,2.708895683288574,93184,252516,552,OK,2026-03-19 11:59:14
552,D:\6S2\Thesis\7 dataset\hama3_split_raw\test\5\0070.raw,2,5,2,5,1,1906,2.708503484725952,93184,252516,553,OK,2026-03-19 11:59:19
553,D:\6S2\Thesis\7 dataset\hama3_split_raw\test\9\0033.raw,4,9,1,3,0,1906,2.709305763244629,93184,252516,554,OK,2026-03-19 11:59:24
554,D:\6S2\Thesis\7 dataset\hama3_split_raw\test\0\0029.raw,0,0,4,9,0,1906,2.709218740463257,93184,252516,555,OK,2026-03-19 11:59:28
555,D:\6S2\Thesis\7 dataset\hama3_split_raw\test\0\0017.raw,0,0,0,0,1,1907,2.7085657119750977,93184,252516,556,OK,2026-03-19 11:59:33
556,D:\6S2\Thesis\7 dataset\hama3_split_raw\test\0\0040.raw,0,0,3,8,0,1906,2.708759069442749,93184,252516,557,OK,2026-03-19 11:59:38
557,D:\6S2\Thesis\7 dataset\hama3_split_raw\test\5\0068.raw,2,5,1,3,0,1906,2.709430694580078,93184,252516,558,OK,2026-03-19 11:59:42
558,D:\6S2\Thesis\7 dataset\hama3_split_raw\test\0\0036.raw,0,0,1,3,0,1906,2.710710287094116,93184,252516,559,OK,2026-03-19 11:59:47
559,D:\6S2\Thesis\7 dataset\hama3_split_raw\test\0\0066.raw,0,0,3,8,0,1906,2.707265615463257,93184,252516,560,OK,2026-03-19 11:59:52
560,D:\6S2\Thesis\7 dataset\hama3_split_raw\test\8\0119.raw,3,8,3,8,1,1906,2.7092065811157227,93184,252516,561,OK,2026-03-19 11:59:57
561,D:\6S2\Thesis\7 dataset\hama3_split_raw\test\5\0107.raw,2,5,2,5,1,1906,2.71039080619812,93184,252516,562,OK,2026-03-19 12:00:01
562,D:\6S2\Thesis\7 dataset\hama3_split_raw\test\0\0076.raw,0,0,0,0,1,1906,2.707261323928833,93184,252516,563,OK,2026-03-19 12:00:06
563,D:\6S2\Thesis\7 dataset\hama3_split_raw\test\0\0075.raw,0,0,3,8,0,1906,2.7097537517547607,93184,252516,564,OK,2026-03-19 12:00:11
564,D:\6S2\Thesis\7 dataset\hama3_split_raw\test\3\0017.raw,1,3,1,3,1,1906,2.7090888023376465,93184,252516,565,OK,2026-03-19 12:00:16
565,D:\6S2\Thesis\7 dataset\hama3_split_raw\test\5\0048.raw,2,5,2,5,1,1906,2.710205554962158,93184,252516,566,OK,2026-03-19 12:00:20
566,D:\6S2\Thesis\7 dataset\hama3_split_raw\test\9\0003.raw,4,9,4,9,1,1906,2.709526538848877,93184,252516,567,OK,2026-03-19 12:00:25
567,D:\6S2\Thesis\7 dataset\hama3_split_raw\test\0\0076.raw,0,0,0,0,1,1906,2.709064483642578,93184,252516,568,OK,2026-03-19 12:00:30
568,D:\6S2\Thesis\7 dataset\hama3_split_raw\test\3\0035.raw,1,3,2,5,0,1906,2.709235429763794,93184,252516,569,OK,2026-03-19 12:00:34
569,D:\6S2\Thesis\7 dataset\hama3_split_raw\test\8\0160.raw,3,8,3,8,1,1906,2.708634376525879,93184,252516,570,OK,2026-03-19 12:00:39
570,D:\6S2\Thesis\7 dataset\hama3_split_raw\test\3\0112.raw,1,3,1,3,1,1907,2.7093136310577393,93184,252516,571,OK,2026-03-19 12:00:44
571,D:\6S2\Thesis\7 dataset\hama3_split_raw\test\5\0079.raw,2,5,2,5,1,1906,2.709068775177002,93184,252516,572,OK,2026-03-19 12:00:49
572,D:\6S2\Thesis\7 dataset\hama3_split_raw\test\9\0017.raw,4,9,4,9,1,1906,2.7092862129211426,93184,252516,573,OK,2026-03-19 12:00:54
573,D:\6S2\Thesis\7 dataset\hama3_split_raw\test\8\0135.raw,3,8,3,8,1,1906,2.7092249393463135,93184,252516,574,OK,2026-03-19 12:00:58
574,D:\6S2\Thesis\7 dataset\hama3_split_raw\test\3\0000.raw,1,3,3,8,0,1906,2.7103822231292725,93184,252516,575,OK,2026-03-19 12:01:03
575,D:\6S2\Thesis\7 dataset\hama3_split_raw\test\3\0013.raw,1,3,1,3,1,1906,2.70963191986084,93184,252516,576,OK,2026-03-19 12:01:08
576,D:\6S2\Thesis\7 dataset\hama3_split_raw\test\9\0064.raw,4,9,2,5,0,1906,2.70937180519104,93184,252516,577,OK,2026-03-19 12:01:12
577,D:\6S2\Thesis\7 dataset\hama3_split_raw\test\5\0089.raw,2,5,2,5,1,1906,2.708721876144409,93184,252516,578,OK,2026-03-19 12:01:17
578,D:\6S2\Thesis\7 dataset\hama3_split_raw\test\5\0103.raw,2,5,2,5,1,1906,2.7091116905212402,93184,252516,579,OK,2026-03-19 12:01:22
579,D:\6S2\Thesis\7 dataset\hama3_split_raw\test\3\0093.raw,1,3,1,3,1,1906,2.707455635070801,93184,252516,580,OK,2026-03-19 12:01:27
580,D:\6S2\Thesis\7 dataset\hama3_split_raw\test\0\0059.raw,0,0,3,8,0,1906,2.7094905376434326,93184,252516,581,OK,2026-03-19 12:01:31
581,D:\6S2\Thesis\7 dataset\hama3_split_raw\test\3\0008.raw,1,3,1,3,1,1907,2.709024429321289,93184,252516,582,OK,2026-03-19 12:01:36
582,D:\6S2\Thesis\7 dataset\hama3_split_raw\test\5\0112.raw,2,5,2,5,1,1906,2.709125280380249,93184,252516,583,OK,2026-03-19 12:01:41
583,D:\6S2\Thesis\7 dataset\hama3_split_raw\test\5\0027.raw,2,5,0,0,0,1906,2.709559679031372,93184,252516,584,OK,2026-03-19 12:01:46
584,D:\6S2\Thesis\7 dataset\hama3_split_raw\test\0\0021.raw,0,0,3,8,0,1906,2.708714008331299,93184,252516,585,OK,2026-03-19 12:01:50
585,D:\6S2\Thesis\7 dataset\hama3_split_raw\test\3\0016.raw,1,3,1,3,1,1906,2.708935260772705,93184,252516,586,OK,2026-03-19 12:01:55
586,D:\6S2\Thesis\7 dataset\hama3_split_raw\test\0\0062.raw,0,0,0,0,1,1906,2.710219144821167,93184,252516,587,OK,2026-03-19 12:02:00
587,D:\6S2\Thesis\7 dataset\hama3_split_raw\test\0\0070.raw,0,0,1,3,0,1906,2.7094156742095947,93184,252516,588,OK,2026-03-19 12:02:05
588,D:\6S2\Thesis\7 dataset\hama3_split_raw\test\9\0036.raw,4,9,1,3,0,1906,2.7075488567352295,93184,252516,589,OK,2026-03-19 12:02:09
589,D:\6S2\Thesis\7 dataset\hama3_split_raw\test\5\0105.raw,2,5,2,5,1,1906,2.7106006145477295,93184,252516,590,OK,2026-03-19 12:02:14
590,D:\6S2\Thesis\7 dataset\hama3_split_raw\test\9\0026.raw,4,9,4,9,1,1907,2.7067325115203857,93184,252516,591,OK,2026-03-19 12:02:19
591,D:\6S2\Thesis\7 dataset\hama3_split_raw\test\0\0085.raw,0,0,0,0,1,1907,2.706362724304199,93184,252516,592,OK,2026-03-19 12:02:24
592,D:\6S2\Thesis\7 dataset\hama3_split_raw\test\8\0040.raw,3,8,3,8,1,1907,2.708477735519409,93184,252516,593,OK,2026-03-19 12:02:28
593,D:\6S2\Thesis\7 dataset\hama3_split_raw\test\5\0106.raw,2,5,2,5,1,1906,2.7094240188598633,93184,252516,594,OK,2026-03-19 12:02:33
594,D:\6S2\Thesis\7 dataset\hama3_split_raw\test\9\0024.raw,4,9,4,9,1,1906,2.7089264392852783,93184,252516,595,OK,2026-03-19 12:02:38
595,D:\6S2\Thesis\7 dataset\hama3_split_raw\test\5\0075.raw,2,5,3,8,0,1906,2.7090494632720947,93184,252516,596,OK,2026-03-19 12:02:42
596,D:\6S2\Thesis\7 dataset\hama3_split_raw\test\0\0055.raw,0,0,0,0,1,1906,2.7105119228363037,93184,252516,597,OK,2026-03-19 12:02:47
597,D:\6S2\Thesis\7 dataset\hama3_split_raw\test\5\0026.raw,2,5,4,9,0,1906,2.708847761154175,93184,252516,598,OK,2026-03-19 12:02:52
598,D:\6S2\Thesis\7 dataset\hama3_split_raw\test\8\0079.raw,3,8,1,3,0,1906,2.706583023071289,93184,252516,599,OK,2026-03-19 12:02:57
599,D:\6S2\Thesis\7 dataset\hama3_split_raw\test\8\0062.raw,3,8,2,5,0,1906,2.708867311477661,93184,252516,600,OK,2026-03-19 12:03:01
600,D:\6S2\Thesis\7 dataset\hama3_split_raw\test\3\0001.raw,1,3,1,3,1,1906,2.7086963653564453,93184,252516,601,OK,2026-03-19 12:03:06
601,D:\6S2\Thesis\7 dataset\hama3_split_raw\test\5\0057.raw,2,5,1,3,0,1906,2.709433078765869,93184,252516,602,OK,2026-03-19 12:03:11
602,D:\6S2\Thesis\7 dataset\hama3_split_raw\test\5\0108.raw,2,5,2,5,1,1906,2.7088818550109863,93184,252516,603,OK,2026-03-19 12:03:16
603,D:\6S2\Thesis\7 dataset\hama3_split_raw\test\5\0053.raw,2,5,2,5,1,1906,2.7095088958740234,93184,252516,604,OK,2026-03-19 12:03:20
604,D:\6S2\Thesis\7 dataset\hama3_split_raw\test\0\0064.raw,0,0,0,0,1,1906,2.709421157836914,93184,252516,605,OK,2026-03-19 12:03:25
605,D:\6S2\Thesis\7 dataset\hama3_split_raw\test\0\0088.raw,0,0,4,9,0,1906,2.7092719078063965,93184,252516,606,OK,2026-03-19 12:03:30
606,D:\6S2\Thesis\7 dataset\hama3_split_raw\test\0\0066.raw,0,0,3,8,0,1906,2.70904278755188,93184,252516,607,OK,2026-03-19 12:03:35
607,D:\6S2\Thesis\7 dataset\hama3_split_raw\test\3\0095.raw,1,3,2,5,0,1906,2.7084147930145264,93184,252516,608,OK,2026-03-19 12:03:39
608,D:\6S2\Thesis\7 dataset\hama3_split_raw\test\8\0010.raw,3,8,3,8,1,1906,2.7089059352874756,93184,252516,609,OK,2026-03-19 12:03:44
609,D:\6S2\Thesis\7 dataset\hama3_split_raw\test\5\0064.raw,2,5,2,5,1,1906,2.7092742919921875,93184,252516,610,OK,2026-03-19 12:03:49
610,D:\6S2\Thesis\7 dataset\hama3_split_raw\test\8\0152.raw,3,8,2,5,0,1906,2.7075202465057373,93184,252516,611,OK,2026-03-19 12:03:54
611,D:\6S2\Thesis\7 dataset\hama3_split_raw\test\0\0077.raw,0,0,4,9,0,1906,2.7093727588653564,93184,252516,612,OK,2026-03-19 12:03:58
612,D:\6S2\Thesis\7 dataset\hama3_split_raw\test\0\0048.raw,0,0,0,0,1,1906,2.708806276321411,93184,252516,613,OK,2026-03-19 12:04:03
613,D:\6S2\Thesis\7 dataset\hama3_split_raw\test\8\0166.raw,3,8,2,5,0,1906,2.708343505859375,93184,252516,614,OK,2026-03-19 12:04:08
614,D:\6S2\Thesis\7 dataset\hama3_split_raw\test\3\0108.raw,1,3,1,3,1,1906,2.708803653717041,93184,252516,615,OK,2026-03-19 12:04:13
615,D:\6S2\Thesis\7 dataset\hama3_split_raw\test\8\0174.raw,3,8,3,8,1,1907,2.7092831134796143,93184,252516,616,OK,2026-03-19 12:04:17
616,D:\6S2\Thesis\7 dataset\hama3_split_raw\test\5\0003.raw,2,5,1,3,0,1906,2.710552930831909,93184,252516,617,OK,2026-03-19 12:04:22
617,D:\6S2\Thesis\7 dataset\hama3_split_raw\test\9\0059.raw,4,9,4,9,1,1906,2.710294723510742,93184,252516,618,OK,2026-03-19 12:04:27
618,D:\6S2\Thesis\7 dataset\hama3_split_raw\test\9\0016.raw,4,9,4,9,1,1906,2.7090389728546143,93184,252516,619,OK,2026-03-19 12:04:31
619,D:\6S2\Thesis\7 dataset\hama3_split_raw\test\9\0043.raw,4,9,4,9,1,1906,2.709606885910034,93184,252516,620,OK,2026-03-19 12:04:36
620,D:\6S2\Thesis\7 dataset\hama3_split_raw\test\8\0144.raw,3,8,3,8,1,1906,2.7092795372009277,93184,252516,621,OK,2026-03-19 12:04:41
621,D:\6S2\Thesis\7 dataset\hama3_split_raw\test\8\0071.raw,3,8,3,8,1,1906,2.7088797092437744,93184,252516,622,OK,2026-03-19 12:04:46
622,D:\6S2\Thesis\7 dataset\hama3_split_raw\test\5\0072.raw,2,5,2,5,1,1906,2.7084221839904785,93184,252516,623,OK,2026-03-19 12:04:50
623,D:\6S2\Thesis\7 dataset\hama3_split_raw\test\9\0076.raw,4,9,3,8,0,1906,2.709165096282959,93184,252516,624,OK,2026-03-19 12:04:55
624,D:\6S2\Thesis\7 dataset\hama3_split_raw\test\5\0047.raw,2,5,1,3,0,1906,2.7096502780914307,93184,252516,625,OK,2026-03-19 12:05:00
625,D:\6S2\Thesis\7 dataset\hama3_split_raw\test\3\0008.raw,1,3,1,3,1,1906,2.709505796432495,93184,252516,626,OK,2026-03-19 12:05:05
626,D:\6S2\Thesis\7 dataset\hama3_split_raw\test\0\0046.raw,0,0,3,8,0,1906,2.7093605995178223,93184,252516,627,OK,2026-03-19 12:05:09
627,D:\6S2\Thesis\7 dataset\hama3_split_raw\test\9\0069.raw,4,9,2,5,0,1906,2.708794116973877,93184,252516,628,OK,2026-03-19 12:05:14
628,D:\6S2\Thesis\7 dataset\hama3_split_raw\test\9\0011.raw,4,9,4,9,1,1906,2.7080724239349365,93184,252516,629,OK,2026-03-19 12:05:19
629,D:\6S2\Thesis\7 dataset\hama3_split_raw\test\3\0044.raw,1,3,1,3,1,1906,2.7091689109802246,93184,252516,630,OK,2026-03-19 12:05:24
630,D:\6S2\Thesis\7 dataset\hama3_split_raw\test\0\0081.raw,0,0,3,8,0,1906,2.70957350730896,93184,252516,631,OK,2026-03-19 12:05:28
631,D:\6S2\Thesis\7 dataset\hama3_split_raw\test\8\0156.raw,3,8,3,8,1,1906,2.7093091011047363,93184,252516,632,OK,2026-03-19 12:05:33
632,D:\6S2\Thesis\7 dataset\hama3_split_raw\test\3\0001.raw,1,3,1,3,1,1906,2.7102348804473877,93184,252516,633,OK,2026-03-19 12:05:38
633,D:\6S2\Thesis\7 dataset\hama3_split_raw\test\0\0091.raw,0,0,2,5,0,1906,2.710584878921509,93184,252516,634,OK,2026-03-19 12:05:42
634,D:\6S2\Thesis\7 dataset\hama3_split_raw\test\8\0155.raw,3,8,3,8,1,1906,2.7093770503997803,93184,252516,635,OK,2026-03-19 12:05:47
635,D:\6S2\Thesis\7 dataset\hama3_split_raw\test\8\0105.raw,3,8,3,8,1,1906,2.709796190261841,93184,252516,636,OK,2026-03-19 12:05:52
636,D:\6S2\Thesis\7 dataset\hama3_split_raw\test\5\0099.raw,2,5,2,5,1,1906,2.709104537963867,93184,252516,637,OK,2026-03-19 12:05:57
637,D:\6S2\Thesis\7 dataset\hama3_split_raw\test\3\0009.raw,1,3,1,3,1,1906,2.708836317062378,93184,252516,638,OK,2026-03-19 12:06:02
638,D:\6S2\Thesis\7 dataset\hama3_split_raw\test\8\0103.raw,3,8,3,8,1,1906,2.7079243659973145,93184,252516,639,OK,2026-03-19 12:06:06
639,D:\6S2\Thesis\7 dataset\hama3_split_raw\test\0\0023.raw,0,0,0,0,1,1906,2.7091925144195557,93184,252516,640,OK,2026-03-19 12:06:11
640,D:\6S2\Thesis\7 dataset\hama3_split_raw\test\0\0058.raw,0,0,3,8,0,1906,2.709462881088257,93184,252516,641,OK,2026-03-19 12:06:16
641,D:\6S2\Thesis\7 dataset\hama3_split_raw\test\3\0010.raw,1,3,3,8,0,1906,2.7092113494873047,93184,252516,642,OK,2026-03-19 12:06:20
642,D:\6S2\Thesis\7 dataset\hama3_split_raw\test\3\0054.raw,1,3,1,3,1,1906,2.709843873977661,93184,252516,643,OK,2026-03-19 12:06:25
643,D:\6S2\Thesis\7 dataset\hama3_split_raw\test\0\0076.raw,0,0,0,0,1,1907,2.709582805633545,93184,252516,644,OK,2026-03-19 12:06:30
644,D:\6S2\Thesis\7 dataset\hama3_split_raw\test\5\0018.raw,2,5,3,8,0,1906,2.7093417644500732,93184,252516,645,OK,2026-03-19 12:06:35
645,D:\6S2\Thesis\7 dataset\hama3_split_raw\test\0\0089.raw,0,0,4,9,0,1906,2.7085702419281006,93184,252516,646,OK,2026-03-19 12:06:39
646,D:\6S2\Thesis\7 dataset\hama3_split_raw\test\0\0059.raw,0,0,3,8,0,1906,2.7095184326171875,93184,252516,647,OK,2026-03-19 12:06:44
647,D:\6S2\Thesis\7 dataset\hama3_split_raw\test\8\0114.raw,3,8,3,8,1,1906,2.7092642784118652,93184,252516,648,OK,2026-03-19 12:06:49
648,D:\6S2\Thesis\7 dataset\hama3_split_raw\test\9\0057.raw,4,9,1,3,0,1906,2.7094719409942627,93184,252516,649,OK,2026-03-19 12:06:53
649,D:\6S2\Thesis\7 dataset\hama3_split_raw\test\5\0068.raw,2,5,1,3,0,1906,2.7097434997558594,93184,252516,650,OK,2026-03-19 12:06:58
650,D:\6S2\Thesis\7 dataset\hama3_split_raw\test\0\0045.raw,0,0,1,3,0,1906,2.708108425140381,93184,252516,651,OK,2026-03-19 12:07:03
651,D:\6S2\Thesis\7 dataset\hama3_split_raw\test\5\0050.raw,2,5,2,5,1,1906,2.7089734077453613,93184,252516,652,OK,2026-03-19 12:07:08
652,D:\6S2\Thesis\7 dataset\hama3_split_raw\test\3\0001.raw,1,3,1,3,1,1906,2.7094342708587646,93184,252516,653,OK,2026-03-19 12:07:12
653,D:\6S2\Thesis\7 dataset\hama3_split_raw\test\0\0068.raw,0,0,0,0,1,1906,2.7093355655670166,93184,252516,654,OK,2026-03-19 12:07:17
654,D:\6S2\Thesis\7 dataset\hama3_split_raw\test\8\0054.raw,3,8,3,8,1,1906,2.709507942199707,93184,252516,655,OK,2026-03-19 12:07:22
655,D:\6S2\Thesis\7 dataset\hama3_split_raw\test\9\0017.raw,4,9,4,9,1,1907,2.7093677520751953,93184,252516,656,OK,2026-03-19 12:07:27
656,D:\6S2\Thesis\7 dataset\hama3_split_raw\test\0\0049.raw,0,0,1,3,0,1906,2.709252119064331,93184,252516,657,OK,2026-03-19 12:07:31
657,D:\6S2\Thesis\7 dataset\hama3_split_raw\test\9\0030.raw,4,9,2,5,0,1906,2.7089688777923584,93184,252516,658,OK,2026-03-19 12:07:36
658,D:\6S2\Thesis\7 dataset\hama3_split_raw\test\5\0101.raw,2,5,2,5,1,1906,2.709301233291626,93184,252516,659,OK,2026-03-19 12:07:41
659,D:\6S2\Thesis\7 dataset\hama3_split_raw\test\5\0098.raw,2,5,2,5,1,1906,2.709339141845703,93184,252516,660,OK,2026-03-19 12:07:46
660,D:\6S2\Thesis\7 dataset\hama3_split_raw\test\0\0089.raw,0,0,4,9,0,1906,2.7097582817077637,93184,252516,661,OK,2026-03-19 12:07:50
661,D:\6S2\Thesis\7 dataset\hama3_split_raw\test\3\0003.raw,1,3,1,3,1,1906,2.709584951400757,93184,252516,662,OK,2026-03-19 12:07:55
662,D:\6S2\Thesis\7 dataset\hama3_split_raw\test\3\0061.raw,1,3,1,3,1,1906,2.7094569206237793,93184,252516,663,OK,2026-03-19 12:08:00
663,D:\6S2\Thesis\7 dataset\hama3_split_raw\test\3\0052.raw,1,3,1,3,1,1906,2.7121965885162354,93184,252516,664,OK,2026-03-19 12:08:04
664,D:\6S2\Thesis\7 dataset\hama3_split_raw\test\3\0014.raw,1,3,1,3,1,1906,2.7083003520965576,93184,252516,665,OK,2026-03-19 12:08:09
665,D:\6S2\Thesis\7 dataset\hama3_split_raw\test\8\0150.raw,3,8,3,8,1,1906,2.709242343902588,93184,252516,666,OK,2026-03-19 12:08:14
666,D:\6S2\Thesis\7 dataset\hama3_split_raw\test\8\0017.raw,3,8,3,8,1,1906,2.7089290618896484,93184,252516,667,OK,2026-03-19 12:08:19
667,D:\6S2\Thesis\7 dataset\hama3_split_raw\test\5\0048.raw,2,5,2,5,1,1906,2.7103018760681152,93184,252516,668,OK,2026-03-19 12:08:23
668,D:\6S2\Thesis\7 dataset\hama3_split_raw\test\0\0091.raw,0,0,2,5,0,1906,2.7106854915618896,93184,252516,669,OK,2026-03-19 12:08:28
669,D:\6S2\Thesis\7 dataset\hama3_split_raw\test\5\0044.raw,2,5,2,5,1,1906,2.709481716156006,93184,252516,670,OK,2026-03-19 12:08:33
670,D:\6S2\Thesis\7 dataset\hama3_split_raw\test\0\0023.raw,0,0,0,0,1,1906,2.709972620010376,93184,252516,671,OK,2026-03-19 12:08:38
671,D:\6S2\Thesis\7 dataset\hama3_split_raw\test\8\0106.raw,3,8,3,8,1,1906,2.708566427230835,93184,252516,672,OK,2026-03-19 12:08:42
672,D:\6S2\Thesis\7 dataset\hama3_split_raw\test\9\0076.raw,4,9,3,8,0,1906,2.708170175552368,93184,252516,673,OK,2026-03-19 12:08:47
673,D:\6S2\Thesis\7 dataset\hama3_split_raw\test\0\0045.raw,0,0,1,3,0,1906,2.709897518157959,93184,252516,674,OK,2026-03-19 12:08:52
674,D:\6S2\Thesis\7 dataset\hama3_split_raw\test\8\0038.raw,3,8,1,3,0,1906,2.709244966506958,93184,252516,675,OK,2026-03-19 12:08:57
675,D:\6S2\Thesis\7 dataset\hama3_split_raw\test\3\0047.raw,1,3,3,8,0,1906,2.709186315536499,93184,252516,676,OK,2026-03-19 12:09:01
676,D:\6S2\Thesis\7 dataset\hama3_split_raw\test\3\0000.raw,1,3,3,8,0,1907,2.7103183269500732,93184,252516,677,OK,2026-03-19 12:09:06
677,D:\6S2\Thesis\7 dataset\hama3_split_raw\test\8\0121.raw,3,8,3,8,1,1906,2.7088139057159424,93184,252516,678,OK,2026-03-19 12:09:11
678,D:\6S2\Thesis\7 dataset\hama3_split_raw\test\9\0082.raw,4,9,3,8,0,1906,2.7088749408721924,93184,252516,679,OK,2026-03-19 12:09:16
679,D:\6S2\Thesis\7 dataset\hama3_split_raw\test\8\0153.raw,3,8,3,8,1,1906,2.709137439727783,93184,252516,680,OK,2026-03-19 12:09:20
680,D:\6S2\Thesis\7 dataset\hama3_split_raw\test\9\0061.raw,4,9,4,9,1,1906,2.7091610431671143,93184,252516,681,OK,2026-03-19 12:09:25
681,D:\6S2\Thesis\7 dataset\hama3_split_raw\test\0\0064.raw,0,0,0,0,1,1906,2.7074391841888428,93184,252516,682,OK,2026-03-19 12:09:30
682,D:\6S2\Thesis\7 dataset\hama3_split_raw\test\9\0059.raw,4,9,4,9,1,1906,2.708810806274414,93184,252516,683,OK,2026-03-19 12:09:34
683,D:\6S2\Thesis\7 dataset\hama3_split_raw\test\3\0069.raw,1,3,1,3,1,1906,2.7070412635803223,93184,252516,684,OK,2026-03-19 12:09:39
684,D:\6S2\Thesis\7 dataset\hama3_split_raw\test\3\0087.raw,1,3,2,5,0,1906,2.7097408771514893,93184,252516,685,OK,2026-03-19 12:09:44
685,D:\6S2\Thesis\7 dataset\hama3_split_raw\test\0\0010.raw,0,0,3,8,0,1906,2.711367130279541,93184,252516,686,OK,2026-03-19 12:09:49
686,D:\6S2\Thesis\7 dataset\hama3_split_raw\test\5\0061.raw,2,5,2,5,1,1906,2.7071356773376465,93184,252516,687,OK,2026-03-19 12:09:53
687,D:\6S2\Thesis\7 dataset\hama3_split_raw\test\5\0115.raw,2,5,2,5,1,1907,2.709230422973633,93184,252516,688,OK,2026-03-19 12:09:58
688,D:\6S2\Thesis\7 dataset\hama3_split_raw\test\8\0041.raw,3,8,2,5,0,1907,2.709017753601074,93184,252516,689,OK,2026-03-19 12:10:03
689,D:\6S2\Thesis\7 dataset\hama3_split_raw\test\8\0104.raw,3,8,2,5,0,1906,2.7094576358795166,93184,252516,690,OK,2026-03-19 12:10:08
690,D:\6S2\Thesis\7 dataset\hama3_split_raw\test\5\0016.raw,2,5,2,5,1,1906,2.707765817642212,93184,252516,691,OK,2026-03-19 12:10:12
691,D:\6S2\Thesis\7 dataset\hama3_split_raw\test\9\0077.raw,4,9,3,8,0,1906,2.710555076599121,93184,252516,692,OK,2026-03-19 12:10:17
692,D:\6S2\Thesis\7 dataset\hama3_split_raw\test\0\0061.raw,0,0,1,3,0,1906,2.7071149349212646,93184,252516,693,OK,2026-03-19 12:10:22
693,D:\6S2\Thesis\7 dataset\hama3_split_raw\test\9\0019.raw,4,9,2,5,0,1906,2.709399938583374,93184,252516,694,OK,2026-03-19 12:10:27
694,D:\6S2\Thesis\7 dataset\hama3_split_raw\test\8\0163.raw,3,8,3,8,1,1907,2.7075397968292236,93184,252516,695,OK,2026-03-19 12:10:31
695,D:\6S2\Thesis\7 dataset\hama3_split_raw\test\0\0067.raw,0,0,0,0,1,1906,2.7096965312957764,93184,252516,696,OK,2026-03-19 12:10:36
696,D:\6S2\Thesis\7 dataset\hama3_split_raw\test\8\0059.raw,3,8,3,8,1,1906,2.7098889350891113,93184,252516,697,OK,2026-03-19 12:10:41
697,D:\6S2\Thesis\7 dataset\hama3_split_raw\test\8\0179.raw,3,8,3,8,1,1906,2.709686040878296,93184,252516,698,OK,2026-03-19 12:10:45
698,D:\6S2\Thesis\7 dataset\hama3_split_raw\test\3\0041.raw,1,3,1,3,1,1906,2.7088863849639893,93184,252516,699,OK,2026-03-19 12:10:50
699,D:\6S2\Thesis\7 dataset\hama3_split_raw\test\3\0008.raw,1,3,1,3,1,1906,2.7101011276245117,93184,252516,700,OK,2026-03-19 12:10:55
700,D:\6S2\Thesis\7 dataset\hama3_split_raw\test\5\0046.raw,2,5,4,9,0,1906,2.710559368133545,93184,252516,701,OK,2026-03-19 12:11:00
701,D:\6S2\Thesis\7 dataset\hama3_split_raw\test\0\0022.raw,0,0,4,9,0,1906,2.7088875770568848,93184,252516,702,OK,2026-03-19 12:11:04
702,D:\6S2\Thesis\7 dataset\hama3_split_raw\test\0\0072.raw,0,0,3,8,0,1906,2.7096781730651855,93184,252516,703,OK,2026-03-19 12:11:09
703,D:\6S2\Thesis\7 dataset\hama3_split_raw\test\9\0071.raw,4,9,4,9,1,1906,2.709932565689087,93184,252516,704,OK,2026-03-19 12:11:14
704,D:\6S2\Thesis\7 dataset\hama3_split_raw\test\9\0093.raw,4,9,4,9,1,1906,2.707559585571289,93184,252516,705,OK,2026-03-19 12:11:18
705,D:\6S2\Thesis\7 dataset\hama3_split_raw\test\3\0086.raw,1,3,1,3,1,1906,2.7097177505493164,93184,252516,706,OK,2026-03-19 12:11:23
706,D:\6S2\Thesis\7 dataset\hama3_split_raw\test\8\0041.raw,3,8,2,5,0,1906,2.709693431854248,93184,252516,707,OK,2026-03-19 12:11:28
707,D:\6S2\Thesis\7 dataset\hama3_split_raw\test\9\0055.raw,4,9,4,9,1,1906,2.709885835647583,93184,252516,708,OK,2026-03-19 12:11:33
708,D:\6S2\Thesis\7 dataset\hama3_split_raw\test\8\0162.raw,3,8,3,8,1,1906,2.7103772163391113,93184,252516,709,OK,2026-03-19 12:11:37
709,D:\6S2\Thesis\7 dataset\hama3_split_raw\test\9\0073.raw,4,9,2,5,0,1906,2.7096517086029053,93184,252516,710,OK,2026-03-19 12:11:42
710,D:\6S2\Thesis\7 dataset\hama3_split_raw\test\9\0005.raw,4,9,4,9,1,1906,2.70973801612854,93184,252516,711,OK,2026-03-19 12:11:47
711,D:\6S2\Thesis\7 dataset\hama3_split_raw\test\9\0035.raw,4,9,4,9,1,1906,2.710118055343628,93184,252516,712,OK,2026-03-19 12:11:52
712,D:\6S2\Thesis\7 dataset\hama3_split_raw\test\9\0008.raw,4,9,4,9,1,1906,2.709984302520752,93184,252516,713,OK,2026-03-19 12:11:56
713,D:\6S2\Thesis\7 dataset\hama3_split_raw\test\9\0069.raw,4,9,2,5,0,1906,2.709683418273926,93184,252516,714,OK,2026-03-19 12:12:01
714,D:\6S2\Thesis\7 dataset\hama3_split_raw\test\5\0052.raw,2,5,3,8,0,1906,2.7100460529327393,93184,252516,715,OK,2026-03-19 12:12:06
715,D:\6S2\Thesis\7 dataset\hama3_split_raw\test\8\0045.raw,3,8,1,3,0,1906,2.709200382232666,93184,252516,716,OK,2026-03-19 12:12:10
716,D:\6S2\Thesis\7 dataset\hama3_split_raw\test\0\0058.raw,0,0,3,8,0,1906,2.7094175815582275,93184,252516,717,OK,2026-03-19 12:12:15
717,D:\6S2\Thesis\7 dataset\hama3_split_raw\test\9\0005.raw,4,9,4,9,1,1907,2.709972858428955,93184,252516,718,OK,2026-03-19 12:12:20
718,D:\6S2\Thesis\7 dataset\hama3_split_raw\test\5\0114.raw,2,5,2,5,1,1907,2.709892988204956,93184,252516,719,OK,2026-03-19 12:12:25
719,D:\6S2\Thesis\7 dataset\hama3_split_raw\test\3\0034.raw,1,3,3,8,0,1906,2.7080461978912354,93184,252516,720,OK,2026-03-19 12:12:29
720,D:\6S2\Thesis\7 dataset\hama3_split_raw\test\8\0151.raw,3,8,0,0,0,1907,2.708265781402588,93184,252516,721,OK,2026-03-19 12:12:34
721,D:\6S2\Thesis\7 dataset\hama3_split_raw\test\9\0082.raw,4,9,3,8,0,1906,2.7095677852630615,93184,252516,722,OK,2026-03-19 12:12:39
722,D:\6S2\Thesis\7 dataset\hama3_split_raw\test\8\0064.raw,3,8,3,8,1,1906,2.710909366607666,93184,252516,723,OK,2026-03-19 12:12:44
723,D:\6S2\Thesis\7 dataset\hama3_split_raw\test\3\0059.raw,1,3,1,3,1,1907,2.7098755836486816,93184,252516,724,OK,2026-03-19 12:12:48
724,D:\6S2\Thesis\7 dataset\hama3_split_raw\test\0\0040.raw,0,0,3,8,0,1906,2.708652973175049,93184,252516,725,OK,2026-03-19 12:12:53
725,D:\6S2\Thesis\7 dataset\hama3_split_raw\test\9\0058.raw,4,9,4,9,1,1907,2.7085368633270264,93184,252516,726,OK,2026-03-19 12:12:58
726,D:\6S2\Thesis\7 dataset\hama3_split_raw\test\3\0111.raw,1,3,1,3,1,1906,2.709916591644287,93184,252516,727,OK,2026-03-19 12:13:03
727,D:\6S2\Thesis\7 dataset\hama3_split_raw\test\9\0001.raw,4,9,4,9,1,1907,2.70928692817688,93184,252516,728,OK,2026-03-19 12:13:07
728,D:\6S2\Thesis\7 dataset\hama3_split_raw\test\8\0098.raw,3,8,2,5,0,1906,2.709685802459717,93184,252516,729,OK,2026-03-19 12:13:12
729,D:\6S2\Thesis\7 dataset\hama3_split_raw\test\0\0059.raw,0,0,3,8,0,1906,2.70991587638855,93184,252516,730,OK,2026-03-19 12:13:17
730,D:\6S2\Thesis\7 dataset\hama3_split_raw\test\5\0049.raw,2,5,2,5,1,1906,2.707807779312134,93184,252516,731,OK,2026-03-19 12:13:21
731,D:\6S2\Thesis\7 dataset\hama3_split_raw\test\3\0017.raw,1,3,1,3,1,1906,2.7095389366149902,93184,252516,732,OK,2026-03-19 12:13:26
732,D:\6S2\Thesis\7 dataset\hama3_split_raw\test\9\0036.raw,4,9,1,3,0,1907,2.709590435028076,93184,252516,733,OK,2026-03-19 12:13:31
733,D:\6S2\Thesis\7 dataset\hama3_split_raw\test\0\0028.raw,0,0,0,0,1,1906,2.7066283226013184,93184,252516,734,OK,2026-03-19 12:13:36
734,D:\6S2\Thesis\7 dataset\hama3_split_raw\test\8\0167.raw,3,8,4,9,0,1906,2.709263324737549,93184,252516,735,OK,2026-03-19 12:13:40
735,D:\6S2\Thesis\7 dataset\hama3_split_raw\test\5\0095.raw,2,5,2,5,1,1906,2.7061996459960938,93184,252516,736,OK,2026-03-19 12:13:45
736,D:\6S2\Thesis\7 dataset\hama3_split_raw\test\9\0063.raw,4,9,4,9,1,1906,2.7089486122131348,93184,252516,737,OK,2026-03-19 12:13:50
737,D:\6S2\Thesis\7 dataset\hama3_split_raw\test\9\0073.raw,4,9,2,5,0,1906,2.707275152206421,93184,252516,738,OK,2026-03-19 12:13:54
738,D:\6S2\Thesis\7 dataset\hama3_split_raw\test\0\0028.raw,0,0,0,0,1,1906,2.7091574668884277,93184,252516,739,OK,2026-03-19 12:13:59
739,D:\6S2\Thesis\7 dataset\hama3_split_raw\test\9\0043.raw,4,9,4,9,1,1907,2.709094285964966,93184,252516,740,OK,2026-03-19 12:14:04
740,D:\6S2\Thesis\7 dataset\hama3_split_raw\test\3\0068.raw,1,3,1,3,1,1906,2.7090578079223633,93184,252516,741,OK,2026-03-19 12:14:09
741,D:\6S2\Thesis\7 dataset\hama3_split_raw\test\0\0017.raw,0,0,0,0,1,1907,2.7076525688171387,93184,252516,742,OK,2026-03-19 12:14:13
742,D:\6S2\Thesis\7 dataset\hama3_split_raw\test\5\0100.raw,2,5,2,5,1,1906,2.7078397274017334,93184,252516,743,OK,2026-03-19 12:14:18
743,D:\6S2\Thesis\7 dataset\hama3_split_raw\test\8\0007.raw,3,8,0,0,0,1906,2.708768844604492,93184,252516,744,OK,2026-03-19 12:14:23
744,D:\6S2\Thesis\7 dataset\hama3_split_raw\test\0\0073.raw,0,0,3,8,0,1906,2.7093257904052734,93184,252516,745,OK,2026-03-19 12:14:28
745,D:\6S2\Thesis\7 dataset\hama3_split_raw\test\9\0001.raw,4,9,4,9,1,1906,2.707415819168091,93184,252516,746,OK,2026-03-19 12:14:32
746,D:\6S2\Thesis\7 dataset\hama3_split_raw\test\8\0095.raw,3,8,3,8,1,1906,2.709246873855591,93184,252516,747,OK,2026-03-19 12:14:37
747,D:\6S2\Thesis\7 dataset\hama3_split_raw\test\0\0038.raw,0,0,3,8,0,1906,2.7094147205352783,93184,252516,748,OK,2026-03-19 12:14:42
748,D:\6S2\Thesis\7 dataset\hama3_split_raw\test\8\0030.raw,3,8,3,8,1,1906,2.7085185050964355,93184,252516,749,OK,2026-03-19 12:14:46
749,D:\6S2\Thesis\7 dataset\hama3_split_raw\test\5\0098.raw,2,5,2,5,1,1906,2.706617832183838,93184,252516,750,OK,2026-03-19 12:14:51
750,D:\6S2\Thesis\7 dataset\hama3_split_raw\test\5\0115.raw,2,5,2,5,1,1906,2.7087790966033936,93184,252516,751,OK,2026-03-19 12:14:56
751,D:\6S2\Thesis\7 dataset\hama3_split_raw\test\3\0022.raw,1,3,1,3,1,1906,2.7066311836242676,93184,252516,752,OK,2026-03-19 12:15:01
752,D:\6S2\Thesis\7 dataset\hama3_split_raw\test\3\0044.raw,1,3,1,3,1,1906,2.7099075317382812,93184,252516,753,OK,2026-03-19 12:15:05
753,D:\6S2\Thesis\7 dataset\hama3_split_raw\test\3\0019.raw,1,3,1,3,1,1907,2.709319591522217,93184,252516,754,OK,2026-03-19 12:15:10
754,D:\6S2\Thesis\7 dataset\hama3_split_raw\test\9\0068.raw,4,9,3,8,0,1906,2.709315538406372,93184,252516,755,OK,2026-03-19 12:15:15
755,D:\6S2\Thesis\7 dataset\hama3_split_raw\test\3\0017.raw,1,3,1,3,1,1906,2.709435224533081,93184,252516,756,OK,2026-03-19 12:15:20
756,D:\6S2\Thesis\7 dataset\hama3_split_raw\test\3\0078.raw,1,3,1,3,1,1906,2.707180976867676,93184,252516,757,OK,2026-03-19 12:15:24
757,D:\6S2\Thesis\7 dataset\hama3_split_raw\test\5\0025.raw,2,5,2,5,1,1907,2.7104196548461914,93184,252516,758,OK,2026-03-19 12:15:29
758,D:\6S2\Thesis\7 dataset\hama3_split_raw\test\8\0167.raw,3,8,4,9,0,1906,2.710327625274658,93184,252516,759,OK,2026-03-19 12:15:34
759,D:\6S2\Thesis\7 dataset\hama3_split_raw\test\5\0034.raw,2,5,4,9,0,1906,2.707928419113159,93184,252516,760,OK,2026-03-19 12:15:38
760,D:\6S2\Thesis\7 dataset\hama3_split_raw\test\9\0000.raw,4,9,3,8,0,1907,2.7096376419067383,93184,252516,761,OK,2026-03-19 12:15:43
761,D:\6S2\Thesis\7 dataset\hama3_split_raw\test\5\0090.raw,2,5,2,5,1,1906,2.7095794677734375,93184,252516,762,OK,2026-03-19 12:15:48
762,D:\6S2\Thesis\7 dataset\hama3_split_raw\test\9\0009.raw,4,9,3,8,0,1906,2.707453489303589,93184,252516,763,OK,2026-03-19 12:15:53
763,D:\6S2\Thesis\7 dataset\hama3_split_raw\test\9\0009.raw,4,9,3,8,0,1906,2.7093374729156494,93184,252516,764,OK,2026-03-19 12:15:57
764,D:\6S2\Thesis\7 dataset\hama3_split_raw\test\3\0079.raw,1,3,1,3,1,1906,2.709054946899414,93184,252516,765,OK,2026-03-19 12:16:02
765,D:\6S2\Thesis\7 dataset\hama3_split_raw\test\0\0082.raw,0,0,0,0,1,1906,2.709730386734009,93184,252516,766,OK,2026-03-19 12:16:07
766,D:\6S2\Thesis\7 dataset\hama3_split_raw\test\9\0101.raw,4,9,4,9,1,1906,2.7086129188537598,93184,252516,767,OK,2026-03-19 12:16:12
767,D:\6S2\Thesis\7 dataset\hama3_split_raw\test\8\0044.raw,3,8,3,8,1,1906,2.7092158794403076,93184,252516,768,OK,2026-03-19 12:16:16
768,D:\6S2\Thesis\7 dataset\hama3_split_raw\test\8\0092.raw,3,8,3,8,1,1906,2.707911729812622,93184,252516,769,OK,2026-03-19 12:16:21
769,D:\6S2\Thesis\7 dataset\hama3_split_raw\test\9\0066.raw,4,9,4,9,1,1907,2.709333658218384,93184,252516,770,OK,2026-03-19 12:16:26
770,D:\6S2\Thesis\7 dataset\hama3_split_raw\test\0\0003.raw,0,0,4,9,0,1906,2.7109601497650146,93184,252516,771,OK,2026-03-19 12:16:31
771,D:\6S2\Thesis\7 dataset\hama3_split_raw\test\8\0086.raw,3,8,3,8,1,1906,2.7094624042510986,93184,252516,772,OK,2026-03-19 12:16:35
772,D:\6S2\Thesis\7 dataset\hama3_split_raw\test\0\0054.raw,0,0,0,0,1,1906,2.709434747695923,93184,252516,773,OK,2026-03-19 12:16:40
773,D:\6S2\Thesis\7 dataset\hama3_split_raw\test\5\0024.raw,2,5,2,5,1,1906,2.70759916305542,93184,252516,774,OK,2026-03-19 12:16:45
774,D:\6S2\Thesis\7 dataset\hama3_split_raw\test\8\0057.raw,3,8,3,8,1,1906,2.7110002040863037,93184,252516,775,OK,2026-03-19 12:16:49
775,D:\6S2\Thesis\7 dataset\hama3_split_raw\test\3\0064.raw,1,3,1,3,1,1906,2.709117889404297,93184,252516,776,OK,2026-03-19 12:16:54
776,D:\6S2\Thesis\7 dataset\hama3_split_raw\test\9\0008.raw,4,9,4,9,1,1906,2.7093164920806885,93184,252516,777,OK,2026-03-19 12:16:59
777,D:\6S2\Thesis\7 dataset\hama3_split_raw\test\9\0042.raw,4,9,3,8,0,1906,2.7103612422943115,93184,252516,778,OK,2026-03-19 12:17:04
778,D:\6S2\Thesis\7 dataset\hama3_split_raw\test\8\0138.raw,3,8,3,8,1,1907,2.709331512451172,93184,252516,779,OK,2026-03-19 12:17:08
779,D:\6S2\Thesis\7 dataset\hama3_split_raw\test\9\0023.raw,4,9,4,9,1,1906,2.709406614303589,93184,252516,780,OK,2026-03-19 12:17:13
780,D:\6S2\Thesis\7 dataset\hama3_split_raw\test\9\0090.raw,4,9,2,5,0,1906,2.708836317062378,93184,252516,781,OK,2026-03-19 12:17:18
781,D:\6S2\Thesis\7 dataset\hama3_split_raw\test\8\0043.raw,3,8,3,8,1,1906,2.709967613220215,93184,252516,782,OK,2026-03-19 12:17:23
782,D:\6S2\Thesis\7 dataset\hama3_split_raw\test\0\0078.raw,0,0,1,3,0,1906,2.7093985080718994,93184,252516,783,OK,2026-03-19 12:17:27
783,D:\6S2\Thesis\7 dataset\hama3_split_raw\test\9\0038.raw,4,9,1,3,0,1907,2.7091362476348877,93184,252516,784,OK,2026-03-19 12:17:32
784,D:\6S2\Thesis\7 dataset\hama3_split_raw\test\8\0068.raw,3,8,3,8,1,1906,2.709259510040283,93184,252516,785,OK,2026-03-19 12:17:37
785,D:\6S2\Thesis\7 dataset\hama3_split_raw\test\3\0040.raw,1,3,1,3,1,1906,2.7091422080993652,93184,252516,786,OK,2026-03-19 12:17:41
786,D:\6S2\Thesis\7 dataset\hama3_split_raw\test\3\0074.raw,1,3,1,3,1,1906,2.7087976932525635,93184,252516,787,OK,2026-03-19 12:17:46
787,D:\6S2\Thesis\7 dataset\hama3_split_raw\test\8\0160.raw,3,8,3,8,1,1906,2.7089781761169434,93184,252516,788,OK,2026-03-19 12:17:51
788,D:\6S2\Thesis\7 dataset\hama3_split_raw\test\0\0071.raw,0,0,0,0,1,1907,2.7092530727386475,93184,252516,789,OK,2026-03-19 12:17:56
789,D:\6S2\Thesis\7 dataset\hama3_split_raw\test\9\0047.raw,4,9,4,9,1,1906,2.7090132236480713,93184,252516,790,OK,2026-03-19 12:18:00
790,D:\6S2\Thesis\7 dataset\hama3_split_raw\test\5\0007.raw,2,5,4,9,0,1906,2.70879864692688,93184,252516,791,OK,2026-03-19 12:18:05
791,D:\6S2\Thesis\7 dataset\hama3_split_raw\test\5\0023.raw,2,5,4,9,0,1906,2.709704637527466,93184,252516,792,OK,2026-03-19 12:18:10
792,D:\6S2\Thesis\7 dataset\hama3_split_raw\test\8\0043.raw,3,8,3,8,1,1906,2.7063145637512207,93184,252516,793,OK,2026-03-19 12:18:14
793,D:\6S2\Thesis\7 dataset\hama3_split_raw\test\9\0044.raw,4,9,4,9,1,1906,2.70900821685791,93184,252516,794,OK,2026-03-19 12:18:19
794,D:\6S2\Thesis\7 dataset\hama3_split_raw\test\0\0088.raw,0,0,4,9,0,1906,2.709815263748169,93184,252516,795,OK,2026-03-19 12:18:24
795,D:\6S2\Thesis\7 dataset\hama3_split_raw\test\5\0007.raw,2,5,4,9,0,1906,2.7089076042175293,93184,252516,796,OK,2026-03-19 12:18:29
796,D:\6S2\Thesis\7 dataset\hama3_split_raw\test\8\0130.raw,3,8,4,9,0,1906,2.7093207836151123,93184,252516,797,OK,2026-03-19 12:18:33
797,D:\6S2\Thesis\7 dataset\hama3_split_raw\test\8\0096.raw,3,8,3,8,1,1906,2.708890199661255,93184,252516,798,OK,2026-03-19 12:18:38
798,D:\6S2\Thesis\7 dataset\hama3_split_raw\test\9\0087.raw,4,9,4,9,1,1906,2.7104029655456543,93184,252516,799,OK,2026-03-19 12:18:43
799,D:\6S2\Thesis\7 dataset\hama3_split_raw\test\0\0032.raw,0,0,0,0,1,1907,2.709197521209717,93184,252516,800,OK,2026-03-19 12:18:48
800,D:\6S2\Thesis\7 dataset\hama3_split_raw\test\0\0006.raw,0,0,1,3,0,1906,2.7072198390960693,93184,252516,801,OK,2026-03-19 12:18:52
801,D:\6S2\Thesis\7 dataset\hama3_split_raw\test\0\0034.raw,0,0,0,0,1,1906,2.7089977264404297,93184,252516,802,OK,2026-03-19 12:18:57
802,D:\6S2\Thesis\7 dataset\hama3_split_raw\test\9\0053.raw,4,9,4,9,1,1906,2.7088541984558105,93184,252516,803,OK,2026-03-19 12:19:02
803,D:\6S2\Thesis\7 dataset\hama3_split_raw\test\3\0011.raw,1,3,1,3,1,1906,2.7092885971069336,93184,252516,804,OK,2026-03-19 12:19:07
804,D:\6S2\Thesis\7 dataset\hama3_split_raw\test\0\0017.raw,0,0,0,0,1,1906,2.7089922428131104,93184,252516,805,OK,2026-03-19 12:19:11
805,D:\6S2\Thesis\7 dataset\hama3_split_raw\test\5\0116.raw,2,5,2,5,1,1907,2.7075555324554443,93184,252516,806,OK,2026-03-19 12:19:16
806,D:\6S2\Thesis\7 dataset\hama3_split_raw\test\5\0053.raw,2,5,2,5,1,1906,2.7099814414978027,93184,252516,807,OK,2026-03-19 12:19:21
807,D:\6S2\Thesis\7 dataset\hama3_split_raw\test\0\0000.raw,0,0,0,0,1,1907,2.7094767093658447,93184,252516,808,OK,2026-03-19 12:19:25
808,D:\6S2\Thesis\7 dataset\hama3_split_raw\test\5\0012.raw,2,5,3,8,0,1907,2.7091422080993652,93184,252516,809,OK,2026-03-19 12:19:30
809,D:\6S2\Thesis\7 dataset\hama3_split_raw\test\8\0150.raw,3,8,3,8,1,1906,2.7091381549835205,93184,252516,810,OK,2026-03-19 12:19:35
810,D:\6S2\Thesis\7 dataset\hama3_split_raw\test\9\0087.raw,4,9,4,9,1,1906,2.7100236415863037,93184,252516,811,OK,2026-03-19 12:19:40
811,D:\6S2\Thesis\7 dataset\hama3_split_raw\test\5\0119.raw,2,5,2,5,1,1906,2.7086682319641113,93184,252516,812,OK,2026-03-19 12:19:44
812,D:\6S2\Thesis\7 dataset\hama3_split_raw\test\0\0047.raw,0,0,0,0,1,1906,2.7095000743865967,93184,252516,813,OK,2026-03-19 12:19:49
813,D:\6S2\Thesis\7 dataset\hama3_split_raw\test\5\0018.raw,2,5,3,8,0,1906,2.7089569568634033,93184,252516,814,OK,2026-03-19 12:19:54
814,D:\6S2\Thesis\7 dataset\hama3_split_raw\test\8\0177.raw,3,8,3,8,1,1906,2.7089054584503174,93184,252516,815,OK,2026-03-19 12:19:58
815,D:\6S2\Thesis\7 dataset\hama3_split_raw\test\3\0073.raw,1,3,1,3,1,1906,2.7085938453674316,93184,252516,816,OK,2026-03-19 12:20:03
816,D:\6S2\Thesis\7 dataset\hama3_split_raw\test\3\0071.raw,1,3,3,8,0,1906,2.7092230319976807,93184,252516,817,OK,2026-03-19 12:20:08
817,D:\6S2\Thesis\7 dataset\hama3_split_raw\test\3\0044.raw,1,3,1,3,1,1907,2.7102184295654297,93184,252516,818,OK,2026-03-19 12:20:13
818,D:\6S2\Thesis\7 dataset\hama3_split_raw\test\0\0041.raw,0,0,2,5,0,1906,2.7088356018066406,93184,252516,819,OK,2026-03-19 12:20:17
819,D:\6S2\Thesis\7 dataset\hama3_split_raw\test\0\0062.raw,0,0,0,0,1,1906,2.7094640731811523,93184,252516,820,OK,2026-03-19 12:20:22
820,D:\6S2\Thesis\7 dataset\hama3_split_raw\test\3\0074.raw,1,3,1,3,1,1906,2.7096331119537354,93184,252516,821,OK,2026-03-19 12:20:27
821,D:\6S2\Thesis\7 dataset\hama3_split_raw\test\9\0003.raw,4,9,4,9,1,1906,2.7093002796173096,93184,252516,822,OK,2026-03-19 12:20:32
822,D:\6S2\Thesis\7 dataset\hama3_split_raw\test\0\0020.raw,0,0,4,9,0,1907,2.709388017654419,93184,252516,823,OK,2026-03-19 12:20:36
823,D:\6S2\Thesis\7 dataset\hama3_split_raw\test\9\0088.raw,4,9,2,5,0,1907,2.710590362548828,93184,252516,824,OK,2026-03-19 12:20:41
824,D:\6S2\Thesis\7 dataset\hama3_split_raw\test\9\0033.raw,4,9,1,3,0,1906,2.7094428539276123,93184,252516,825,OK,2026-03-19 12:20:46
825,D:\6S2\Thesis\7 dataset\hama3_split_raw\test\8\0005.raw,3,8,4,9,0,1906,2.709095001220703,93184,252516,826,OK,2026-03-19 12:20:50
826,D:\6S2\Thesis\7 dataset\hama3_split_raw\test\3\0006.raw,1,3,1,3,1,1906,2.7091562747955322,93184,252516,827,OK,2026-03-19 12:20:55
827,D:\6S2\Thesis\7 dataset\hama3_split_raw\test\8\0179.raw,3,8,3,8,1,1906,2.7097315788269043,93184,252516,828,OK,2026-03-19 12:21:00
828,D:\6S2\Thesis\7 dataset\hama3_split_raw\test\3\0107.raw,1,3,1,3,1,1906,2.7091846466064453,93184,252516,829,OK,2026-03-19 12:21:05
829,D:\6S2\Thesis\7 dataset\hama3_split_raw\test\3\0080.raw,1,3,2,5,0,1906,2.709409475326538,93184,252516,830,OK,2026-03-19 12:21:09
830,D:\6S2\Thesis\7 dataset\hama3_split_raw\test\9\0010.raw,4,9,3,8,0,1906,2.7106640338897705,93184,252516,831,OK,2026-03-19 12:21:14
831,D:\6S2\Thesis\7 dataset\hama3_split_raw\test\5\0015.raw,2,5,2,5,1,1906,2.7087812423706055,93184,252516,832,OK,2026-03-19 12:21:19
832,D:\6S2\Thesis\7 dataset\hama3_split_raw\test\3\0037.raw,1,3,1,3,1,1906,2.707906484603882,93184,252516,833,OK,2026-03-19 12:21:24
833,D:\6S2\Thesis\7 dataset\hama3_split_raw\test\3\0072.raw,1,3,1,3,1,1906,2.708303928375244,93184,252516,834,OK,2026-03-19 12:21:28
834,D:\6S2\Thesis\7 dataset\hama3_split_raw\test\0\0051.raw,0,0,0,0,1,1906,2.7098922729492188,93184,252516,835,OK,2026-03-19 12:21:33
835,D:\6S2\Thesis\7 dataset\hama3_split_raw\test\5\0095.raw,2,5,2,5,1,1906,2.7078065872192383,93184,252516,836,OK,2026-03-19 12:21:38
836,D:\6S2\Thesis\7 dataset\hama3_split_raw\test\0\0049.raw,0,0,1,3,0,1906,2.708972930908203,93184,252516,837,OK,2026-03-19 12:21:42
837,D:\6S2\Thesis\7 dataset\hama3_split_raw\test\0\0013.raw,0,0,3,8,0,1907,2.7092363834381104,93184,252516,838,OK,2026-03-19 12:21:47
838,D:\6S2\Thesis\7 dataset\hama3_split_raw\test\8\0002.raw,3,8,3,8,1,1906,2.7097108364105225,93184,252516,839,OK,2026-03-19 12:21:52
839,D:\6S2\Thesis\7 dataset\hama3_split_raw\test\9\0018.raw,4,9,4,9,1,1906,2.709047317504883,93184,252516,840,OK,2026-03-19 12:21:57
840,D:\6S2\Thesis\7 dataset\hama3_split_raw\test\5\0046.raw,2,5,4,9,0,1906,2.708858013153076,93184,252516,841,OK,2026-03-19 12:22:01
841,D:\6S2\Thesis\7 dataset\hama3_split_raw\test\3\0077.raw,1,3,1,3,1,1906,2.707289218902588,93184,252516,842,OK,2026-03-19 12:22:06
842,D:\6S2\Thesis\7 dataset\hama3_split_raw\test\8\0073.raw,3,8,0,0,0,1906,2.709320545196533,93184,252516,843,OK,2026-03-19 12:22:11
843,D:\6S2\Thesis\7 dataset\hama3_split_raw\test\3\0005.raw,1,3,1,3,1,1906,2.709301710128784,93184,252516,844,OK,2026-03-19 12:22:16
844,D:\6S2\Thesis\7 dataset\hama3_split_raw\test\5\0044.raw,2,5,2,5,1,1906,2.708488702774048,93184,252516,845,OK,2026-03-19 12:22:20
845,D:\6S2\Thesis\7 dataset\hama3_split_raw\test\8\0054.raw,3,8,3,8,1,1906,2.7094712257385254,93184,252516,846,OK,2026-03-19 12:22:25
846,D:\6S2\Thesis\7 dataset\hama3_split_raw\test\5\0055.raw,2,5,2,5,1,1906,2.709005832672119,93184,252516,847,OK,2026-03-19 12:22:30
847,D:\6S2\Thesis\7 dataset\hama3_split_raw\test\8\0072.raw,3,8,3,8,1,1907,2.7087786197662354,93184,252516,848,OK,2026-03-19 12:22:34
848,D:\6S2\Thesis\7 dataset\hama3_split_raw\test\5\0106.raw,2,5,2,5,1,1906,2.7093114852905273,93184,252516,849,OK,2026-03-19 12:22:39
849,D:\6S2\Thesis\7 dataset\hama3_split_raw\test\9\0025.raw,4,9,1,3,0,1906,2.7095093727111816,93184,252516,850,OK,2026-03-19 12:22:44
850,D:\6S2\Thesis\7 dataset\hama3_split_raw\test\5\0083.raw,2,5,1,3,0,1906,2.7097373008728027,93184,252516,851,OK,2026-03-19 12:22:49
851,D:\6S2\Thesis\7 dataset\hama3_split_raw\test\5\0024.raw,2,5,2,5,1,1906,2.70944881439209,93184,252516,852,OK,2026-03-19 12:22:53
852,D:\6S2\Thesis\7 dataset\hama3_split_raw\test\9\0081.raw,4,9,1,3,0,1906,2.7090680599212646,93184,252516,853,OK,2026-03-19 12:22:58
853,D:\6S2\Thesis\7 dataset\hama3_split_raw\test\3\0074.raw,1,3,1,3,1,1906,2.710392713546753,93184,252516,854,OK,2026-03-19 12:23:03
854,D:\6S2\Thesis\7 dataset\hama3_split_raw\test\5\0039.raw,2,5,1,3,0,1906,2.7094221115112305,93184,252516,855,OK,2026-03-19 12:23:08
855,D:\6S2\Thesis\7 dataset\hama3_split_raw\test\5\0067.raw,2,5,2,5,1,1906,2.709721088409424,93184,252516,856,OK,2026-03-19 12:23:12
856,D:\6S2\Thesis\7 dataset\hama3_split_raw\test\3\0031.raw,1,3,3,8,0,1906,2.7076268196105957,93184,252516,857,OK,2026-03-19 12:23:17
857,D:\6S2\Thesis\7 dataset\hama3_split_raw\test\9\0061.raw,4,9,4,9,1,1906,2.7095253467559814,93184,252516,858,OK,2026-03-19 12:23:22
858,D:\6S2\Thesis\7 dataset\hama3_split_raw\test\9\0054.raw,4,9,1,3,0,1906,2.7100889682769775,93184,252516,859,OK,2026-03-19 12:23:26
859,D:\6S2\Thesis\7 dataset\hama3_split_raw\test\0\0002.raw,0,0,0,0,1,1906,2.7096030712127686,93184,252516,860,OK,2026-03-19 12:23:31
860,D:\6S2\Thesis\7 dataset\hama3_split_raw\test\9\0067.raw,4,9,3,8,0,1906,2.7100865840911865,93184,252516,861,OK,2026-03-19 12:23:36
861,D:\6S2\Thesis\7 dataset\hama3_split_raw\test\5\0055.raw,2,5,2,5,1,1906,2.7078351974487305,93184,252516,862,OK,2026-03-19 12:23:41
862,D:\6S2\Thesis\7 dataset\hama3_split_raw\test\5\0108.raw,2,5,2,5,1,1906,2.7069172859191895,93184,252516,863,OK,2026-03-19 12:23:45
863,D:\6S2\Thesis\7 dataset\hama3_split_raw\test\3\0000.raw,1,3,3,8,0,1906,2.709731101989746,93184,252516,864,OK,2026-03-19 12:23:50
864,D:\6S2\Thesis\7 dataset\hama3_split_raw\test\9\0028.raw,4,9,3,8,0,1906,2.709350347518921,93184,252516,865,OK,2026-03-19 12:23:55
865,D:\6S2\Thesis\7 dataset\hama3_split_raw\test\0\0075.raw,0,0,3,8,0,1906,2.7083945274353027,93184,252516,866,OK,2026-03-19 12:24:00
866,D:\6S2\Thesis\7 dataset\hama3_split_raw\test\3\0007.raw,1,3,1,3,1,1906,2.70928955078125,93184,252516,867,OK,2026-03-19 12:24:04
867,D:\6S2\Thesis\7 dataset\hama3_split_raw\test\9\0029.raw,4,9,4,9,1,1906,2.708805799484253,93184,252516,868,OK,2026-03-19 12:24:09
868,D:\6S2\Thesis\7 dataset\hama3_split_raw\test\3\0081.raw,1,3,1,3,1,1906,2.7094027996063232,93184,252516,869,OK,2026-03-19 12:24:14
869,D:\6S2\Thesis\7 dataset\hama3_split_raw\test\3\0048.raw,1,3,4,9,0,1906,2.709831714630127,93184,252516,870,OK,2026-03-19 12:24:18
870,D:\6S2\Thesis\7 dataset\hama3_split_raw\test\3\0047.raw,1,3,3,8,0,1906,2.707723379135132,93184,252516,871,OK,2026-03-19 12:24:23
871,D:\6S2\Thesis\7 dataset\hama3_split_raw\test\5\0118.raw,2,5,1,3,0,1906,2.709540605545044,93184,252516,872,OK,2026-03-19 12:24:28
872,D:\6S2\Thesis\7 dataset\hama3_split_raw\test\8\0114.raw,3,8,3,8,1,1906,2.7094533443450928,93184,252516,873,OK,2026-03-19 12:24:33
873,D:\6S2\Thesis\7 dataset\hama3_split_raw\test\9\0004.raw,4,9,4,9,1,1907,2.7089316844940186,93184,252516,874,OK,2026-03-19 12:24:37
874,D:\6S2\Thesis\7 dataset\hama3_split_raw\test\8\0121.raw,3,8,3,8,1,1906,2.7109007835388184,93184,252516,875,OK,2026-03-19 12:24:42
875,D:\6S2\Thesis\7 dataset\hama3_split_raw\test\8\0036.raw,3,8,0,0,0,1906,2.7106027603149414,93184,252516,876,OK,2026-03-19 12:24:47
876,D:\6S2\Thesis\7 dataset\hama3_split_raw\test\8\0050.raw,3,8,3,8,1,1906,2.7089383602142334,93184,252516,877,OK,2026-03-19 12:24:52
877,D:\6S2\Thesis\7 dataset\hama3_split_raw\test\0\0085.raw,0,0,0,0,1,1906,2.7091169357299805,93184,252516,878,OK,2026-03-19 12:24:56
878,D:\6S2\Thesis\7 dataset\hama3_split_raw\test\9\0011.raw,4,9,4,9,1,1906,2.7087104320526123,93184,252516,879,OK,2026-03-19 12:25:01
879,D:\6S2\Thesis\7 dataset\hama3_split_raw\test\3\0048.raw,1,3,4,9,0,1906,2.7092390060424805,93184,252516,880,OK,2026-03-19 12:25:06
880,D:\6S2\Thesis\7 dataset\hama3_split_raw\test\8\0114.raw,3,8,3,8,1,1906,2.7076354026794434,93184,252516,881,OK,2026-03-19 12:25:11
881,D:\6S2\Thesis\7 dataset\hama3_split_raw\test\9\0049.raw,4,9,4,9,1,1906,2.7115211486816406,93184,252516,882,OK,2026-03-19 12:25:15
882,D:\6S2\Thesis\7 dataset\hama3_split_raw\test\8\0047.raw,3,8,3,8,1,1906,2.709306240081787,93184,252516,883,OK,2026-03-19 12:25:20
883,D:\6S2\Thesis\7 dataset\hama3_split_raw\test\5\0026.raw,2,5,4,9,0,1906,2.7099475860595703,93184,252516,884,OK,2026-03-19 12:25:25
884,D:\6S2\Thesis\7 dataset\hama3_split_raw\test\3\0035.raw,1,3,2,5,0,1906,2.7091619968414307,93184,252516,885,OK,2026-03-19 12:25:29
885,D:\6S2\Thesis\7 dataset\hama3_split_raw\test\0\0025.raw,0,0,3,8,0,1907,2.7095489501953125,93184,252516,886,OK,2026-03-19 12:25:34
886,D:\6S2\Thesis\7 dataset\hama3_split_raw\test\5\0071.raw,2,5,2,5,1,1906,2.7086503505706787,93184,252516,887,OK,2026-03-19 12:25:39
887,D:\6S2\Thesis\7 dataset\hama3_split_raw\test\3\0014.raw,1,3,1,3,1,1906,2.7091221809387207,93184,252516,888,OK,2026-03-19 12:25:44
888,D:\6S2\Thesis\7 dataset\hama3_split_raw\test\5\0029.raw,2,5,1,3,0,1907,2.708758592605591,93184,252516,889,OK,2026-03-19 12:25:48
889,D:\6S2\Thesis\7 dataset\hama3_split_raw\test\5\0037.raw,2,5,2,5,1,1906,2.709540367126465,93184,252516,890,OK,2026-03-19 12:25:53
890,D:\6S2\Thesis\7 dataset\hama3_split_raw\test\5\0118.raw,2,5,1,3,0,1906,2.7117104530334473,93184,252516,891,OK,2026-03-19 12:25:58
891,D:\6S2\Thesis\7 dataset\hama3_split_raw\test\3\0026.raw,1,3,1,3,1,1906,2.7092721462249756,93184,252516,892,OK,2026-03-19 12:26:03
892,D:\6S2\Thesis\7 dataset\hama3_split_raw\test\8\0095.raw,3,8,3,8,1,1906,2.709568738937378,93184,252516,893,OK,2026-03-19 12:26:07
893,D:\6S2\Thesis\7 dataset\hama3_split_raw\test\5\0094.raw,2,5,2,5,1,1906,2.7090957164764404,93184,252516,894,OK,2026-03-19 12:26:12
894,D:\6S2\Thesis\7 dataset\hama3_split_raw\test\9\0061.raw,4,9,4,9,1,1906,2.710054874420166,93184,252516,895,OK,2026-03-19 12:26:17
895,D:\6S2\Thesis\7 dataset\hama3_split_raw\test\0\0037.raw,0,0,1,3,0,1906,2.7093563079833984,93184,252516,896,OK,2026-03-19 12:26:21
896,D:\6S2\Thesis\7 dataset\hama3_split_raw\test\0\0055.raw,0,0,0,0,1,1906,2.709934711456299,93184,252516,897,OK,2026-03-19 12:26:26
897,D:\6S2\Thesis\7 dataset\hama3_split_raw\test\3\0027.raw,1,3,1,3,1,1906,2.7096314430236816,93184,252516,898,OK,2026-03-19 12:26:31
898,D:\6S2\Thesis\7 dataset\hama3_split_raw\test\3\0075.raw,1,3,1,3,1,1906,2.706686019897461,93184,252516,899,OK,2026-03-19 12:26:36
899,D:\6S2\Thesis\7 dataset\hama3_split_raw\test\5\0015.raw,2,5,2,5,1,1906,2.710048198699951,93184,252516,900,OK,2026-03-19 12:26:40
900,D:\6S2\Thesis\7 dataset\hama3_split_raw\test\5\0038.raw,2,5,2,5,1,1906,2.7097558975219727,93184,252516,901,OK,2026-03-19 12:26:45
901,D:\6S2\Thesis\7 dataset\hama3_split_raw\test\8\0161.raw,3,8,1,3,0,1906,2.709078788757324,93184,252516,902,OK,2026-03-19 12:26:50
902,D:\6S2\Thesis\7 dataset\hama3_split_raw\test\3\0006.raw,1,3,1,3,1,1906,2.709327459335327,93184,252516,903,OK,2026-03-19 12:26:54
903,D:\6S2\Thesis\7 dataset\hama3_split_raw\test\9\0000.raw,4,9,3,8,0,1906,2.711712121963501,93184,252516,904,OK,2026-03-19 12:26:59
904,D:\6S2\Thesis\7 dataset\hama3_split_raw\test\5\0077.raw,2,5,4,9,0,1906,2.709867000579834,93184,252516,905,OK,2026-03-19 12:27:04
905,D:\6S2\Thesis\7 dataset\hama3_split_raw\test\9\0031.raw,4,9,3,8,0,1906,2.708777666091919,93184,252516,906,OK,2026-03-19 12:27:09
906,D:\6S2\Thesis\7 dataset\hama3_split_raw\test\8\0027.raw,3,8,3,8,1,1906,2.7101566791534424,93184,252516,907,OK,2026-03-19 12:27:13
907,D:\6S2\Thesis\7 dataset\hama3_split_raw\test\9\0077.raw,4,9,3,8,0,1906,2.708878993988037,93184,252516,908,OK,2026-03-19 12:27:18
908,D:\6S2\Thesis\7 dataset\hama3_split_raw\test\3\0010.raw,1,3,3,8,0,1906,2.7102138996124268,93184,252516,909,OK,2026-03-19 12:27:23
909,D:\6S2\Thesis\7 dataset\hama3_split_raw\test\3\0106.raw,1,3,1,3,1,1906,2.7082903385162354,93184,252516,910,OK,2026-03-19 12:27:28
910,D:\6S2\Thesis\7 dataset\hama3_split_raw\test\3\0103.raw,1,3,1,3,1,1906,2.709475517272949,93184,252516,911,OK,2026-03-19 12:27:32
911,D:\6S2\Thesis\7 dataset\hama3_split_raw\test\5\0052.raw,2,5,3,8,0,1906,2.710186004638672,93184,252516,912,OK,2026-03-19 12:27:37
912,D:\6S2\Thesis\7 dataset\hama3_split_raw\test\3\0068.raw,1,3,1,3,1,1906,2.709652900695801,93184,252516,913,OK,2026-03-19 12:27:42
913,D:\6S2\Thesis\7 dataset\hama3_split_raw\test\9\0085.raw,4,9,4,9,1,1906,2.709704875946045,93184,252516,914,OK,2026-03-19 12:27:46
914,D:\6S2\Thesis\7 dataset\hama3_split_raw\test\5\0030.raw,2,5,2,5,1,1906,2.709536552429199,93184,252516,915,OK,2026-03-19 12:27:51
915,D:\6S2\Thesis\7 dataset\hama3_split_raw\test\3\0002.raw,1,3,3,8,0,1906,2.709484577178955,93184,252516,916,OK,2026-03-19 12:27:56
916,D:\6S2\Thesis\7 dataset\hama3_split_raw\test\9\0086.raw,4,9,4,9,1,1906,2.709275245666504,93184,252516,917,OK,2026-03-19 12:28:01
917,D:\6S2\Thesis\7 dataset\hama3_split_raw\test\3\0038.raw,1,3,1,3,1,1906,2.709286689758301,93184,252516,918,OK,2026-03-19 12:28:05
918,D:\6S2\Thesis\7 dataset\hama3_split_raw\test\9\0068.raw,4,9,3,8,0,1906,2.7092368602752686,93184,252516,919,OK,2026-03-19 12:28:10
919,D:\6S2\Thesis\7 dataset\hama3_split_raw\test\3\0085.raw,1,3,1,3,1,1906,2.7092556953430176,93184,252516,920,OK,2026-03-19 12:28:15
920,D:\6S2\Thesis\7 dataset\hama3_split_raw\test\9\0014.raw,4,9,4,9,1,1906,2.7094738483428955,93184,252516,921,OK,2026-03-19 12:28:19
921,D:\6S2\Thesis\7 dataset\hama3_split_raw\test\3\0064.raw,1,3,1,3,1,1906,2.7105023860931396,93184,252516,922,OK,2026-03-19 12:28:24
922,D:\6S2\Thesis\7 dataset\hama3_split_raw\test\8\0106.raw,3,8,3,8,1,1906,2.7107436656951904,93184,252516,923,OK,2026-03-19 12:28:29
923,D:\6S2\Thesis\7 dataset\hama3_split_raw\test\5\0048.raw,2,5,2,5,1,1906,2.7097439765930176,93184,252516,924,OK,2026-03-19 12:28:34
924,D:\6S2\Thesis\7 dataset\hama3_split_raw\test\5\0049.raw,2,5,2,5,1,1906,2.710031270980835,93184,252516,925,OK,2026-03-19 12:28:38
925,D:\6S2\Thesis\7 dataset\hama3_split_raw\test\0\0037.raw,0,0,1,3,0,1906,2.7109270095825195,93184,252516,926,OK,2026-03-19 12:28:43
926,D:\6S2\Thesis\7 dataset\hama3_split_raw\test\3\0087.raw,1,3,2,5,0,1906,2.711787223815918,93184,252516,927,OK,2026-03-19 12:28:48
927,D:\6S2\Thesis\7 dataset\hama3_split_raw\test\9\0094.raw,4,9,1,3,0,1906,2.708766222000122,93184,252516,928,OK,2026-03-19 12:28:52
928,D:\6S2\Thesis\7 dataset\hama3_split_raw\test\3\0079.raw,1,3,1,3,1,1906,2.709460496902466,93184,252516,929,OK,2026-03-19 12:28:57
929,D:\6S2\Thesis\7 dataset\hama3_split_raw\test\0\0062.raw,0,0,0,0,1,1906,2.7093112468719482,93184,252516,930,OK,2026-03-19 12:29:02
930,D:\6S2\Thesis\7 dataset\hama3_split_raw\test\5\0037.raw,2,5,2,5,1,1906,2.7098958492279053,93184,252516,931,OK,2026-03-19 12:29:07
931,D:\6S2\Thesis\7 dataset\hama3_split_raw\test\3\0058.raw,1,3,3,8,0,1906,2.708699941635132,93184,252516,932,OK,2026-03-19 12:29:11
932,D:\6S2\Thesis\7 dataset\hama3_split_raw\test\8\0111.raw,3,8,3,8,1,1906,2.7093987464904785,93184,252516,933,OK,2026-03-19 12:29:16
933,D:\6S2\Thesis\7 dataset\hama3_split_raw\test\9\0059.raw,4,9,4,9,1,1906,2.7076778411865234,93184,252516,934,OK,2026-03-19 12:29:21
934,D:\6S2\Thesis\7 dataset\hama3_split_raw\test\9\0101.raw,4,9,4,9,1,1906,2.71014666557312,93184,252516,935,OK,2026-03-19 12:29:26
935,D:\6S2\Thesis\7 dataset\hama3_split_raw\test\8\0142.raw,3,8,2,5,0,1906,2.710806131362915,93184,252516,936,OK,2026-03-19 12:29:30
936,D:\6S2\Thesis\7 dataset\hama3_split_raw\test\9\0036.raw,4,9,1,3,0,1906,2.7092766761779785,93184,252516,937,OK,2026-03-19 12:29:35
937,D:\6S2\Thesis\7 dataset\hama3_split_raw\test\0\0006.raw,0,0,1,3,0,1906,2.7103271484375,93184,252516,938,OK,2026-03-19 12:29:40
938,D:\6S2\Thesis\7 dataset\hama3_split_raw\test\9\0002.raw,4,9,4,9,1,1907,2.710188150405884,93184,252516,939,OK,2026-03-19 12:29:44
939,D:\6S2\Thesis\7 dataset\hama3_split_raw\test\5\0005.raw,2,5,2,5,1,1906,2.710949659347534,93184,252516,940,OK,2026-03-19 12:29:49
940,D:\6S2\Thesis\7 dataset\hama3_split_raw\test\8\0036.raw,3,8,0,0,0,1906,2.7072649002075195,93184,252516,941,OK,2026-03-19 12:29:54
941,D:\6S2\Thesis\7 dataset\hama3_split_raw\test\0\0048.raw,0,0,0,0,1,1906,2.7089524269104004,93184,252516,942,OK,2026-03-19 12:29:59
942,D:\6S2\Thesis\7 dataset\hama3_split_raw\test\5\0055.raw,2,5,2,5,1,1906,2.707163095474243,93184,252516,943,OK,2026-03-19 12:30:03
943,D:\6S2\Thesis\7 dataset\hama3_split_raw\test\8\0094.raw,3,8,3,8,1,1906,2.7066047191619873,93184,252516,944,OK,2026-03-19 12:30:08
944,D:\6S2\Thesis\7 dataset\hama3_split_raw\test\5\0060.raw,2,5,2,5,1,1906,2.7083256244659424,93184,252516,945,OK,2026-03-19 12:30:13
945,D:\6S2\Thesis\7 dataset\hama3_split_raw\test\3\0100.raw,1,3,2,5,0,1907,2.7073092460632324,93184,252516,946,OK,2026-03-19 12:30:18
946,D:\6S2\Thesis\7 dataset\hama3_split_raw\test\8\0108.raw,3,8,3,8,1,1906,2.7066988945007324,93184,252516,947,OK,2026-03-19 12:30:22
947,D:\6S2\Thesis\7 dataset\hama3_split_raw\test\9\0050.raw,4,9,3,8,0,1906,2.7071590423583984,93184,252516,948,OK,2026-03-19 12:30:27
948,D:\6S2\Thesis\7 dataset\hama3_split_raw\test\5\0065.raw,2,5,2,5,1,1907,2.706308126449585,93184,252516,949,OK,2026-03-19 12:30:32
949,D:\6S2\Thesis\7 dataset\hama3_split_raw\test\5\0061.raw,2,5,2,5,1,1906,2.7080917358398438,93184,252516,950,OK,2026-03-19 12:30:36
950,D:\6S2\Thesis\7 dataset\hama3_split_raw\test\0\0078.raw,0,0,1,3,0,1906,2.707526445388794,93184,252516,951,OK,2026-03-19 12:30:41
951,D:\6S2\Thesis\7 dataset\hama3_split_raw\test\9\0036.raw,4,9,1,3,0,1906,2.7078683376312256,93184,252516,952,OK,2026-03-19 12:30:46
952,D:\6S2\Thesis\7 dataset\hama3_split_raw\test\5\0094.raw,2,5,2,5,1,1906,2.7080771923065186,93184,252516,953,OK,2026-03-19 12:30:51
953,D:\6S2\Thesis\7 dataset\hama3_split_raw\test\8\0160.raw,3,8,3,8,1,1906,2.707263231277466,93184,252516,954,OK,2026-03-19 12:30:55
954,D:\6S2\Thesis\7 dataset\hama3_split_raw\test\5\0012.raw,2,5,3,8,0,1906,2.7067155838012695,93184,252516,955,OK,2026-03-19 12:31:00
955,D:\6S2\Thesis\7 dataset\hama3_split_raw\test\0\0070.raw,0,0,1,3,0,1906,2.7063136100769043,93184,252516,956,OK,2026-03-19 12:31:05
956,D:\6S2\Thesis\7 dataset\hama3_split_raw\test\8\0164.raw,3,8,3,8,1,1906,2.7060866355895996,93184,252516,957,OK,2026-03-19 12:31:09
957,D:\6S2\Thesis\7 dataset\hama3_split_raw\test\9\0099.raw,4,9,1,3,0,1906,2.7063939571380615,93184,252516,958,OK,2026-03-19 12:31:14
958,D:\6S2\Thesis\7 dataset\hama3_split_raw\test\5\0057.raw,2,5,1,3,0,1906,2.7079918384552,93184,252516,959,OK,2026-03-19 12:31:19
959,D:\6S2\Thesis\7 dataset\hama3_split_raw\test\5\0014.raw,2,5,2,5,1,1906,2.706576108932495,93184,252516,960,OK,2026-03-19 12:31:24
960,D:\6S2\Thesis\7 dataset\hama3_split_raw\test\9\0012.raw,4,9,4,9,1,1907,2.7059595584869385,93184,252516,961,OK,2026-03-19 12:31:28
961,D:\6S2\Thesis\7 dataset\hama3_split_raw\test\5\0085.raw,2,5,2,5,1,1906,2.708449602127075,93184,252516,962,OK,2026-03-19 12:31:33
962,D:\6S2\Thesis\7 dataset\hama3_split_raw\test\0\0034.raw,0,0,0,0,1,1906,2.7070744037628174,93184,252516,963,OK,2026-03-19 12:31:38
963,D:\6S2\Thesis\7 dataset\hama3_split_raw\test\8\0081.raw,3,8,3,8,1,1906,2.7075088024139404,93184,252516,964,OK,2026-03-19 12:31:42
964,D:\6S2\Thesis\7 dataset\hama3_split_raw\test\0\0041.raw,0,0,2,5,0,1906,2.7102861404418945,93184,252516,965,OK,2026-03-19 12:31:47
965,D:\6S2\Thesis\7 dataset\hama3_split_raw\test\9\0026.raw,4,9,4,9,1,1906,2.7106363773345947,93184,252516,966,OK,2026-03-19 12:31:52
966,D:\6S2\Thesis\7 dataset\hama3_split_raw\test\8\0003.raw,3,8,3,8,1,1906,2.709113359451294,93184,252516,967,OK,2026-03-19 12:31:57
967,D:\6S2\Thesis\7 dataset\hama3_split_raw\test\3\0060.raw,1,3,1,3,1,1906,2.7085282802581787,93184,252516,968,OK,2026-03-19 12:32:01
968,D:\6S2\Thesis\7 dataset\hama3_split_raw\test\5\0045.raw,2,5,4,9,0,1906,2.709026575088501,93184,252516,969,OK,2026-03-19 12:32:06
969,D:\6S2\Thesis\7 dataset\hama3_split_raw\test\8\0115.raw,3,8,3,8,1,1906,2.709319591522217,93184,252516,970,OK,2026-03-19 12:32:11
970,D:\6S2\Thesis\7 dataset\hama3_split_raw\test\3\0004.raw,1,3,4,9,0,1906,2.7100448608398438,93184,252516,971,OK,2026-03-19 12:32:16
971,D:\6S2\Thesis\7 dataset\hama3_split_raw\test\8\0106.raw,3,8,3,8,1,1906,2.709434747695923,93184,252516,972,OK,2026-03-19 12:32:20
972,D:\6S2\Thesis\7 dataset\hama3_split_raw\test\0\0007.raw,0,0,1,3,0,1906,2.708249568939209,93184,252516,973,OK,2026-03-19 12:32:25
973,D:\6S2\Thesis\7 dataset\hama3_split_raw\test\0\0036.raw,0,0,1,3,0,1906,2.709803342819214,93184,252516,974,OK,2026-03-19 12:32:30
974,D:\6S2\Thesis\7 dataset\hama3_split_raw\test\5\0047.raw,2,5,1,3,0,1907,2.709588050842285,93184,252516,975,OK,2026-03-19 12:32:34
975,D:\6S2\Thesis\7 dataset\hama3_split_raw\test\3\0065.raw,1,3,1,3,1,1906,2.7090024948120117,93184,252516,976,OK,2026-03-19 12:32:39
976,D:\6S2\Thesis\7 dataset\hama3_split_raw\test\9\0043.raw,4,9,4,9,1,1906,2.7108190059661865,93184,252516,977,OK,2026-03-19 12:32:44
977,D:\6S2\Thesis\7 dataset\hama3_split_raw\test\0\0007.raw,0,0,1,3,0,1906,2.709439516067505,93184,252516,978,OK,2026-03-19 12:32:49
978,D:\6S2\Thesis\7 dataset\hama3_split_raw\test\8\0142.raw,3,8,2,5,0,1906,2.709573745727539,93184,252516,979,OK,2026-03-19 12:32:53
979,D:\6S2\Thesis\7 dataset\hama3_split_raw\test\9\0094.raw,4,9,1,3,0,1906,2.709219217300415,93184,252516,980,OK,2026-03-19 12:32:58
980,D:\6S2\Thesis\7 dataset\hama3_split_raw\test\3\0087.raw,1,3,2,5,0,1906,2.7077107429504395,93184,252516,981,OK,2026-03-19 12:33:03
981,D:\6S2\Thesis\7 dataset\hama3_split_raw\test\9\0078.raw,4,9,3,8,0,1906,2.708578586578369,93184,252516,982,OK,2026-03-19 12:33:08
982,D:\6S2\Thesis\7 dataset\hama3_split_raw\test\0\0015.raw,0,0,0,0,1,1906,2.70898175239563,93184,252516,983,OK,2026-03-19 12:33:12
983,D:\6S2\Thesis\7 dataset\hama3_split_raw\test\3\0064.raw,1,3,1,3,1,1906,2.7064976692199707,93184,252516,984,OK,2026-03-19 12:33:17
984,D:\6S2\Thesis\7 dataset\hama3_split_raw\test\3\0037.raw,1,3,1,3,1,1906,2.7093231678009033,93184,252516,985,OK,2026-03-19 12:33:22
985,D:\6S2\Thesis\7 dataset\hama3_split_raw\test\0\0008.raw,0,0,0,0,1,1906,2.707995653152466,93184,252516,986,OK,2026-03-19 12:33:26
986,D:\6S2\Thesis\7 dataset\hama3_split_raw\test\3\0048.raw,1,3,4,9,0,1906,2.7089126110076904,93184,252516,987,OK,2026-03-19 12:33:31
987,D:\6S2\Thesis\7 dataset\hama3_split_raw\test\0\0080.raw,0,0,1,3,0,1906,2.7092766761779785,93184,252516,988,OK,2026-03-19 12:33:36
988,D:\6S2\Thesis\7 dataset\hama3_split_raw\test\3\0014.raw,1,3,1,3,1,1906,2.706782579421997,93184,252516,989,OK,2026-03-19 12:33:41
989,D:\6S2\Thesis\7 dataset\hama3_split_raw\test\5\0044.raw,2,5,2,5,1,1907,2.7086641788482666,93184,252516,990,OK,2026-03-19 12:33:45
990,D:\6S2\Thesis\7 dataset\hama3_split_raw\test\3\0099.raw,1,3,4,9,0,1906,2.70851993560791,93184,252516,991,OK,2026-03-19 12:33:50
991,D:\6S2\Thesis\7 dataset\hama3_split_raw\test\3\0098.raw,1,3,3,8,0,1906,2.7091825008392334,93184,252516,992,OK,2026-03-19 12:33:55
992,D:\6S2\Thesis\7 dataset\hama3_split_raw\test\0\0024.raw,0,0,3,8,0,1906,2.709639310836792,93184,252516,993,OK,2026-03-19 12:33:59
993,D:\6S2\Thesis\7 dataset\hama3_split_raw\test\5\0100.raw,2,5,2,5,1,1906,2.7079784870147705,93184,252516,994,OK,2026-03-19 12:34:04
994,D:\6S2\Thesis\7 dataset\hama3_split_raw\test\3\0089.raw,1,3,3,8,0,1906,2.7080976963043213,93184,252516,995,OK,2026-03-19 12:34:09
995,D:\6S2\Thesis\7 dataset\hama3_split_raw\test\0\0046.raw,0,0,3,8,0,1906,2.7089598178863525,93184,252516,996,OK,2026-03-19 12:34:13
996,D:\6S2\Thesis\7 dataset\hama3_split_raw\test\5\0087.raw,2,5,2,5,1,1907,2.7085487842559814,93184,252516,997,OK,2026-03-19 12:34:18
997,D:\6S2\Thesis\7 dataset\hama3_split_raw\test\3\0056.raw,1,3,1,3,1,1906,2.7091150283813477,93184,252516,998,OK,2026-03-19 12:34:23
998,D:\6S2\Thesis\7 dataset\hama3_split_raw\test\8\0091.raw,3,8,1,3,0,1906,2.708982467651367,93184,252516,999,OK,2026-03-19 12:34:28
999,D:\6S2\Thesis\7 dataset\hama3_split_raw\test\5\0037.raw,2,5,2,5,1,1906,2.7092974185943604,93184,252516,1000,OK,2026-03-19 12:34:32
