test,file,gt_index,gt_label,pred_index,pred_label,correct,latency_mcu_ms,latency_pc_s,tensor_arena,free_ram,iteration,status,timestamp
0,D:\6S2\Thesis\7 dataset\hama3_split_raw\test\9\0077.raw,4,9,3,8,0,1092,1.8934359550476074,99328,246372,1,OK,2026-03-19 14:57:28
1,D:\6S2\Thesis\7 dataset\hama3_split_raw\test\0\0019.raw,0,0,0,0,1,1092,1.894183874130249,99328,246372,2,OK,2026-03-19 14:57:32
2,D:\6S2\Thesis\7 dataset\hama3_split_raw\test\8\0085.raw,3,8,3,8,1,1092,1.893949031829834,99328,246372,3,OK,2026-03-19 14:57:36
3,D:\6S2\Thesis\7 dataset\hama3_split_raw\test\3\0071.raw,1,3,1,3,1,1091,1.8936867713928223,99328,246372,4,OK,2026-03-19 14:57:39
4,D:\6S2\Thesis\7 dataset\hama3_split_raw\test\8\0126.raw,3,8,3,8,1,1092,1.894031047821045,99328,246372,5,OK,2026-03-19 14:57:43
5,D:\6S2\Thesis\7 dataset\hama3_split_raw\test\0\0070.raw,0,0,3,8,0,1091,1.8938820362091064,99328,246372,6,OK,2026-03-19 14:57:47
6,D:\6S2\Thesis\7 dataset\hama3_split_raw\test\3\0094.raw,1,3,1,3,1,1092,1.8941950798034668,99328,246372,7,OK,2026-03-19 14:57:51
7,D:\6S2\Thesis\7 dataset\hama3_split_raw\test\9\0063.raw,4,9,4,9,1,1091,1.8936805725097656,99328,246372,8,OK,2026-03-19 14:57:55
8,D:\6S2\Thesis\7 dataset\hama3_split_raw\test\9\0063.raw,4,9,4,9,1,1091,1.8942580223083496,99328,246372,9,OK,2026-03-19 14:57:59
9,D:\6S2\Thesis\7 dataset\hama3_split_raw\test\3\0058.raw,1,3,1,3,1,1092,1.8944637775421143,99328,246372,10,OK,2026-03-19 14:58:03
10,D:\6S2\Thesis\7 dataset\hama3_split_raw\test\8\0077.raw,3,8,3,8,1,1091,1.8931961059570312,99328,246372,11,OK,2026-03-19 14:58:07
11,D:\6S2\Thesis\7 dataset\hama3_split_raw\test\8\0120.raw,3,8,0,0,0,1092,1.8921520709991455,99328,246372,12,OK,2026-03-19 14:58:11
12,D:\6S2\Thesis\7 dataset\hama3_split_raw\test\8\0169.raw,3,8,1,3,0,1092,1.895998477935791,99328,246372,13,OK,2026-03-19 14:58:15
13,D:\6S2\Thesis\7 dataset\hama3_split_raw\test\8\0158.raw,3,8,2,5,0,1092,1.894747257232666,99328,246372,14,OK,2026-03-19 14:58:19
14,D:\6S2\Thesis\7 dataset\hama3_split_raw\test\8\0027.raw,3,8,3,8,1,1092,1.8941643238067627,99328,246372,15,OK,2026-03-19 14:58:22
15,D:\6S2\Thesis\7 dataset\hama3_split_raw\test\0\0026.raw,0,0,0,0,1,1092,1.8943617343902588,99328,246372,16,OK,2026-03-19 14:58:26
16,D:\6S2\Thesis\7 dataset\hama3_split_raw\test\0\0037.raw,0,0,3,8,0,1091,1.8939752578735352,99328,246372,17,OK,2026-03-19 14:58:30
17,D:\6S2\Thesis\7 dataset\hama3_split_raw\test\8\0142.raw,3,8,3,8,1,1091,1.8938117027282715,99328,246372,18,OK,2026-03-19 14:58:34
18,D:\6S2\Thesis\7 dataset\hama3_split_raw\test\3\0040.raw,1,3,1,3,1,1092,1.8918700218200684,99328,246372,19,OK,2026-03-19 14:58:38
19,D:\6S2\Thesis\7 dataset\hama3_split_raw\test\8\0064.raw,3,8,0,0,0,1092,1.8947932720184326,99328,246372,20,OK,2026-03-19 14:58:42
20,D:\6S2\Thesis\7 dataset\hama3_split_raw\test\9\0089.raw,4,9,3,8,0,1091,1.8945326805114746,99328,246372,21,OK,2026-03-19 14:58:46
21,D:\6S2\Thesis\7 dataset\hama3_split_raw\test\5\0058.raw,2,5,0,0,0,1091,1.894730567932129,99328,246372,22,OK,2026-03-19 14:58:50
22,D:\6S2\Thesis\7 dataset\hama3_split_raw\test\0\0001.raw,0,0,3,8,0,1092,1.8939063549041748,99328,246372,23,OK,2026-03-19 14:58:54
23,D:\6S2\Thesis\7 dataset\hama3_split_raw\test\0\0026.raw,0,0,0,0,1,1091,1.8941802978515625,99328,246372,24,OK,2026-03-19 14:58:57
24,D:\6S2\Thesis\7 dataset\hama3_split_raw\test\9\0061.raw,4,9,2,5,0,1092,1.8939430713653564,99328,246372,25,OK,2026-03-19 14:59:01
25,D:\6S2\Thesis\7 dataset\hama3_split_raw\test\3\0061.raw,1,3,0,0,0,1091,1.8947691917419434,99328,246372,26,OK,2026-03-19 14:59:05
26,D:\6S2\Thesis\7 dataset\hama3_split_raw\test\8\0130.raw,3,8,0,0,0,1092,1.8951084613800049,99328,246372,27,OK,2026-03-19 14:59:09
27,D:\6S2\Thesis\7 dataset\hama3_split_raw\test\0\0048.raw,0,0,0,0,1,1091,1.893688440322876,99328,246372,28,OK,2026-03-19 14:59:13
28,D:\6S2\Thesis\7 dataset\hama3_split_raw\test\8\0118.raw,3,8,3,8,1,1091,1.8941023349761963,99328,246372,29,OK,2026-03-19 14:59:17
29,D:\6S2\Thesis\7 dataset\hama3_split_raw\test\5\0100.raw,2,5,2,5,1,1091,1.8948466777801514,99328,246372,30,OK,2026-03-19 14:59:21
30,D:\6S2\Thesis\7 dataset\hama3_split_raw\test\0\0070.raw,0,0,3,8,0,1092,1.8946864604949951,99328,246372,31,OK,2026-03-19 14:59:25
31,D:\6S2\Thesis\7 dataset\hama3_split_raw\test\8\0098.raw,3,8,0,0,0,1092,1.8951308727264404,99328,246372,32,OK,2026-03-19 14:59:29
32,D:\6S2\Thesis\7 dataset\hama3_split_raw\test\0\0067.raw,0,0,2,5,0,1091,1.894742488861084,99328,246372,33,OK,2026-03-19 14:59:33
33,D:\6S2\Thesis\7 dataset\hama3_split_raw\test\3\0032.raw,1,3,1,3,1,1091,1.8948843479156494,99328,246372,34,OK,2026-03-19 14:59:37
34,D:\6S2\Thesis\7 dataset\hama3_split_raw\test\3\0067.raw,1,3,1,3,1,1092,1.893261194229126,99328,246372,35,OK,2026-03-19 14:59:40
35,D:\6S2\Thesis\7 dataset\hama3_split_raw\test\0\0009.raw,0,0,0,0,1,1092,1.8957631587982178,99328,246372,36,OK,2026-03-19 14:59:44
36,D:\6S2\Thesis\7 dataset\hama3_split_raw\test\9\0039.raw,4,9,2,5,0,1091,1.8949964046478271,99328,246372,37,OK,2026-03-19 14:59:48
37,D:\6S2\Thesis\7 dataset\hama3_split_raw\test\0\0053.raw,0,0,3,8,0,1092,1.894909381866455,99328,246372,38,OK,2026-03-19 14:59:52
38,D:\6S2\Thesis\7 dataset\hama3_split_raw\test\0\0035.raw,0,0,0,0,1,1091,1.8944191932678223,99328,246372,39,OK,2026-03-19 14:59:56
39,D:\6S2\Thesis\7 dataset\hama3_split_raw\test\8\0012.raw,3,8,3,8,1,1092,1.8966267108917236,99328,246372,40,OK,2026-03-19 15:00:00
40,D:\6S2\Thesis\7 dataset\hama3_split_raw\test\3\0086.raw,1,3,3,8,0,1092,1.8945364952087402,99328,246372,41,OK,2026-03-19 15:00:04
41,D:\6S2\Thesis\7 dataset\hama3_split_raw\test\3\0077.raw,1,3,1,3,1,1091,1.8968079090118408,99328,246372,42,OK,2026-03-19 15:00:08
42,D:\6S2\Thesis\7 dataset\hama3_split_raw\test\3\0080.raw,1,3,0,0,0,1091,1.8942067623138428,99328,246372,43,OK,2026-03-19 15:00:12
43,D:\6S2\Thesis\7 dataset\hama3_split_raw\test\8\0141.raw,3,8,3,8,1,1091,1.8932571411132812,99328,246372,44,OK,2026-03-19 15:00:15
44,D:\6S2\Thesis\7 dataset\hama3_split_raw\test\8\0099.raw,3,8,3,8,1,1091,1.894380807876587,99328,246372,45,OK,2026-03-19 15:00:19
45,D:\6S2\Thesis\7 dataset\hama3_split_raw\test\0\0086.raw,0,0,3,8,0,1092,1.8946304321289062,99328,246372,46,OK,2026-03-19 15:00:23
46,D:\6S2\Thesis\7 dataset\hama3_split_raw\test\8\0034.raw,3,8,2,5,0,1092,1.895256519317627,99328,246372,47,OK,2026-03-19 15:00:27
47,D:\6S2\Thesis\7 dataset\hama3_split_raw\test\3\0038.raw,1,3,1,3,1,1091,1.8944063186645508,99328,246372,48,OK,2026-03-19 15:00:31
48,D:\6S2\Thesis\7 dataset\hama3_split_raw\test\0\0064.raw,0,0,3,8,0,1091,1.8947601318359375,99328,246372,49,OK,2026-03-19 15:00:35
49,D:\6S2\Thesis\7 dataset\hama3_split_raw\test\0\0036.raw,0,0,0,0,1,1091,1.8953287601470947,99328,246372,50,OK,2026-03-19 15:00:39
50,D:\6S2\Thesis\7 dataset\hama3_split_raw\test\0\0024.raw,0,0,3,8,0,1091,1.895522117614746,99328,246372,51,OK,2026-03-19 15:00:43
51,D:\6S2\Thesis\7 dataset\hama3_split_raw\test\3\0051.raw,1,3,1,3,1,1091,1.894752025604248,99328,246372,52,OK,2026-03-19 15:00:47
52,D:\6S2\Thesis\7 dataset\hama3_split_raw\test\9\0017.raw,4,9,0,0,0,1091,1.894197940826416,99328,246372,53,OK,2026-03-19 15:00:51
53,D:\6S2\Thesis\7 dataset\hama3_split_raw\test\9\0025.raw,4,9,1,3,0,1091,1.8947243690490723,99328,246372,54,OK,2026-03-19 15:00:55
54,D:\6S2\Thesis\7 dataset\hama3_split_raw\test\3\0022.raw,1,3,0,0,0,1092,1.8950426578521729,99328,246372,55,OK,2026-03-19 15:00:58
55,D:\6S2\Thesis\7 dataset\hama3_split_raw\test\9\0061.raw,4,9,2,5,0,1091,1.8941617012023926,99328,246372,56,OK,2026-03-19 15:01:02
56,D:\6S2\Thesis\7 dataset\hama3_split_raw\test\9\0097.raw,4,9,1,3,0,1091,1.8948147296905518,99328,246372,57,OK,2026-03-19 15:01:06
57,D:\6S2\Thesis\7 dataset\hama3_split_raw\test\8\0063.raw,3,8,3,8,1,1091,1.895766258239746,99328,246372,58,OK,2026-03-19 15:01:10
58,D:\6S2\Thesis\7 dataset\hama3_split_raw\test\5\0068.raw,2,5,1,3,0,1092,1.894287109375,99328,246372,59,OK,2026-03-19 15:01:14
59,D:\6S2\Thesis\7 dataset\hama3_split_raw\test\9\0049.raw,4,9,0,0,0,1092,1.894559621810913,99328,246372,60,OK,2026-03-19 15:01:18
60,D:\6S2\Thesis\7 dataset\hama3_split_raw\test\3\0051.raw,1,3,1,3,1,1091,1.8962442874908447,99328,246372,61,OK,2026-03-19 15:01:22
61,D:\6S2\Thesis\7 dataset\hama3_split_raw\test\5\0033.raw,2,5,2,5,1,1091,1.892481803894043,99328,246372,62,OK,2026-03-19 15:01:26
62,D:\6S2\Thesis\7 dataset\hama3_split_raw\test\3\0084.raw,1,3,3,8,0,1092,1.8946359157562256,99328,246372,63,OK,2026-03-19 15:01:30
63,D:\6S2\Thesis\7 dataset\hama3_split_raw\test\5\0019.raw,2,5,2,5,1,1092,1.8945250511169434,99328,246372,64,OK,2026-03-19 15:01:34
64,D:\6S2\Thesis\7 dataset\hama3_split_raw\test\5\0072.raw,2,5,2,5,1,1091,1.8951199054718018,99328,246372,65,OK,2026-03-19 15:01:38
65,D:\6S2\Thesis\7 dataset\hama3_split_raw\test\3\0016.raw,1,3,1,3,1,1091,1.895207166671753,99328,246372,66,OK,2026-03-19 15:01:41
66,D:\6S2\Thesis\7 dataset\hama3_split_raw\test\0\0005.raw,0,0,1,3,0,1092,1.8953883647918701,99328,246372,67,OK,2026-03-19 15:01:45
67,D:\6S2\Thesis\7 dataset\hama3_split_raw\test\5\0101.raw,2,5,2,5,1,1091,1.8944878578186035,99328,246372,68,OK,2026-03-19 15:01:49
68,D:\6S2\Thesis\7 dataset\hama3_split_raw\test\9\0086.raw,4,9,1,3,0,1091,1.8948450088500977,99328,246372,69,OK,2026-03-19 15:01:53
69,D:\6S2\Thesis\7 dataset\hama3_split_raw\test\0\0082.raw,0,0,1,3,0,1092,1.894554853439331,99328,246372,70,OK,2026-03-19 15:01:57
70,D:\6S2\Thesis\7 dataset\hama3_split_raw\test\8\0025.raw,3,8,3,8,1,1092,1.8927783966064453,99328,246372,71,OK,2026-03-19 15:02:01
71,D:\6S2\Thesis\7 dataset\hama3_split_raw\test\9\0096.raw,4,9,4,9,1,1091,1.8947219848632812,99328,246372,72,OK,2026-03-19 15:02:05
72,D:\6S2\Thesis\7 dataset\hama3_split_raw\test\9\0034.raw,4,9,3,8,0,1092,1.8947780132293701,99328,246372,73,OK,2026-03-19 15:02:09
73,D:\6S2\Thesis\7 dataset\hama3_split_raw\test\9\0030.raw,4,9,0,0,0,1092,1.895496129989624,99328,246372,74,OK,2026-03-19 15:02:13
74,D:\6S2\Thesis\7 dataset\hama3_split_raw\test\9\0074.raw,4,9,3,8,0,1091,1.8920032978057861,99328,246372,75,OK,2026-03-19 15:02:17
75,D:\6S2\Thesis\7 dataset\hama3_split_raw\test\9\0096.raw,4,9,4,9,1,1091,1.8914270401000977,99328,246372,76,OK,2026-03-19 15:02:20
76,D:\6S2\Thesis\7 dataset\hama3_split_raw\test\3\0003.raw,1,3,1,3,1,1091,1.8941867351531982,99328,246372,77,OK,2026-03-19 15:02:24
77,D:\6S2\Thesis\7 dataset\hama3_split_raw\test\8\0166.raw,3,8,3,8,1,1092,1.8948442935943604,99328,246372,78,OK,2026-03-19 15:02:28
78,D:\6S2\Thesis\7 dataset\hama3_split_raw\test\9\0095.raw,4,9,2,5,0,1092,1.8947572708129883,99328,246372,79,OK,2026-03-19 15:02:32
79,D:\6S2\Thesis\7 dataset\hama3_split_raw\test\0\0026.raw,0,0,0,0,1,1092,1.8939235210418701,99328,246372,80,OK,2026-03-19 15:02:36
80,D:\6S2\Thesis\7 dataset\hama3_split_raw\test\3\0040.raw,1,3,1,3,1,1091,1.894324541091919,99328,246372,81,OK,2026-03-19 15:02:40
81,D:\6S2\Thesis\7 dataset\hama3_split_raw\test\5\0043.raw,2,5,3,8,0,1092,1.894735336303711,99328,246372,82,OK,2026-03-19 15:02:44
82,D:\6S2\Thesis\7 dataset\hama3_split_raw\test\9\0068.raw,4,9,4,9,1,1092,1.8922834396362305,99328,246372,83,OK,2026-03-19 15:02:48
83,D:\6S2\Thesis\7 dataset\hama3_split_raw\test\3\0050.raw,1,3,1,3,1,1092,1.8949658870697021,99328,246372,84,OK,2026-03-19 15:02:52
84,D:\6S2\Thesis\7 dataset\hama3_split_raw\test\8\0139.raw,3,8,3,8,1,1092,1.8949427604675293,99328,246372,85,OK,2026-03-19 15:02:55
85,D:\6S2\Thesis\7 dataset\hama3_split_raw\test\3\0013.raw,1,3,2,5,0,1091,1.8930909633636475,99328,246372,86,OK,2026-03-19 15:02:59
86,D:\6S2\Thesis\7 dataset\hama3_split_raw\test\8\0051.raw,3,8,3,8,1,1091,1.8920767307281494,99328,246372,87,OK,2026-03-19 15:03:03
87,D:\6S2\Thesis\7 dataset\hama3_split_raw\test\8\0079.raw,3,8,2,5,0,1092,1.8950881958007812,99328,246372,88,OK,2026-03-19 15:03:07
88,D:\6S2\Thesis\7 dataset\hama3_split_raw\test\0\0003.raw,0,0,0,0,1,1092,1.894960641860962,99328,246372,89,OK,2026-03-19 15:03:11
89,D:\6S2\Thesis\7 dataset\hama3_split_raw\test\3\0020.raw,1,3,0,0,0,1092,1.893791675567627,99328,246372,90,OK,2026-03-19 15:03:15
90,D:\6S2\Thesis\7 dataset\hama3_split_raw\test\8\0063.raw,3,8,3,8,1,1091,1.8925507068634033,99328,246372,91,OK,2026-03-19 15:03:19
91,D:\6S2\Thesis\7 dataset\hama3_split_raw\test\5\0089.raw,2,5,2,5,1,1092,1.893841028213501,99328,246372,92,OK,2026-03-19 15:03:23
92,D:\6S2\Thesis\7 dataset\hama3_split_raw\test\0\0017.raw,0,0,1,3,0,1092,1.8953454494476318,99328,246372,93,OK,2026-03-19 15:03:27
93,D:\6S2\Thesis\7 dataset\hama3_split_raw\test\0\0055.raw,0,0,1,3,0,1092,1.8949685096740723,99328,246372,94,OK,2026-03-19 15:03:31
94,D:\6S2\Thesis\7 dataset\hama3_split_raw\test\8\0106.raw,3,8,3,8,1,1091,1.8947079181671143,99328,246372,95,OK,2026-03-19 15:03:35
95,D:\6S2\Thesis\7 dataset\hama3_split_raw\test\9\0034.raw,4,9,3,8,0,1092,1.8953328132629395,99328,246372,96,OK,2026-03-19 15:03:38
96,D:\6S2\Thesis\7 dataset\hama3_split_raw\test\5\0051.raw,2,5,2,5,1,1092,1.8927052021026611,99328,246372,97,OK,2026-03-19 15:03:42
97,D:\6S2\Thesis\7 dataset\hama3_split_raw\test\8\0164.raw,3,8,3,8,1,1092,1.8942840099334717,99328,246372,98,OK,2026-03-19 15:03:46
98,D:\6S2\Thesis\7 dataset\hama3_split_raw\test\3\0110.raw,1,3,3,8,0,1091,1.8944263458251953,99328,246372,99,OK,2026-03-19 15:03:50
99,D:\6S2\Thesis\7 dataset\hama3_split_raw\test\0\0036.raw,0,0,0,0,1,1092,1.894589900970459,99328,246372,100,OK,2026-03-19 15:03:54
100,D:\6S2\Thesis\7 dataset\hama3_split_raw\test\0\0027.raw,0,0,4,9,0,1092,1.8945636749267578,99328,246372,101,OK,2026-03-19 15:03:58
101,D:\6S2\Thesis\7 dataset\hama3_split_raw\test\3\0047.raw,1,3,1,3,1,1091,1.8940680027008057,99328,246372,102,OK,2026-03-19 15:04:02
102,D:\6S2\Thesis\7 dataset\hama3_split_raw\test\8\0027.raw,3,8,3,8,1,1091,1.8952443599700928,99328,246372,103,OK,2026-03-19 15:04:06
103,D:\6S2\Thesis\7 dataset\hama3_split_raw\test\3\0009.raw,1,3,1,3,1,1091,1.8947887420654297,99328,246372,104,OK,2026-03-19 15:04:10
104,D:\6S2\Thesis\7 dataset\hama3_split_raw\test\5\0055.raw,2,5,2,5,1,1091,1.8958921432495117,99328,246372,105,OK,2026-03-19 15:04:13
105,D:\6S2\Thesis\7 dataset\hama3_split_raw\test\3\0048.raw,1,3,3,8,0,1092,1.8943519592285156,99328,246372,106,OK,2026-03-19 15:04:17
106,D:\6S2\Thesis\7 dataset\hama3_split_raw\test\0\0053.raw,0,0,3,8,0,1092,1.891988754272461,99328,246372,107,OK,2026-03-19 15:04:21
107,D:\6S2\Thesis\7 dataset\hama3_split_raw\test\5\0110.raw,2,5,2,5,1,1092,1.8947944641113281,99328,246372,108,OK,2026-03-19 15:04:25
108,D:\6S2\Thesis\7 dataset\hama3_split_raw\test\5\0028.raw,2,5,2,5,1,1091,1.8945181369781494,99328,246372,109,OK,2026-03-19 15:04:29
109,D:\6S2\Thesis\7 dataset\hama3_split_raw\test\5\0003.raw,2,5,3,8,0,1091,1.8966097831726074,99328,246372,110,OK,2026-03-19 15:04:33
110,D:\6S2\Thesis\7 dataset\hama3_split_raw\test\0\0042.raw,0,0,0,0,1,1091,1.8945600986480713,99328,246372,111,OK,2026-03-19 15:04:37
111,D:\6S2\Thesis\7 dataset\hama3_split_raw\test\3\0062.raw,1,3,1,3,1,1091,1.8944084644317627,99328,246372,112,OK,2026-03-19 15:04:41
112,D:\6S2\Thesis\7 dataset\hama3_split_raw\test\3\0017.raw,1,3,1,3,1,1091,1.8944189548492432,99328,246372,113,OK,2026-03-19 15:04:45
113,D:\6S2\Thesis\7 dataset\hama3_split_raw\test\5\0077.raw,2,5,2,5,1,1091,1.8945002555847168,99328,246372,114,OK,2026-03-19 15:04:49
114,D:\6S2\Thesis\7 dataset\hama3_split_raw\test\8\0034.raw,3,8,2,5,0,1091,1.894312858581543,99328,246372,115,OK,2026-03-19 15:04:52
115,D:\6S2\Thesis\7 dataset\hama3_split_raw\test\3\0012.raw,1,3,0,0,0,1092,1.895047664642334,99328,246372,116,OK,2026-03-19 15:04:56
116,D:\6S2\Thesis\7 dataset\hama3_split_raw\test\8\0105.raw,3,8,3,8,1,1091,1.8949801921844482,99328,246372,117,OK,2026-03-19 15:05:00
117,D:\6S2\Thesis\7 dataset\hama3_split_raw\test\0\0080.raw,0,0,0,0,1,1091,1.8948650360107422,99328,246372,118,OK,2026-03-19 15:05:04
118,D:\6S2\Thesis\7 dataset\hama3_split_raw\test\5\0022.raw,2,5,2,5,1,1091,1.8945274353027344,99328,246372,119,OK,2026-03-19 15:05:08
119,D:\6S2\Thesis\7 dataset\hama3_split_raw\test\0\0071.raw,0,0,0,0,1,1091,1.8945801258087158,99328,246372,120,OK,2026-03-19 15:05:12
120,D:\6S2\Thesis\7 dataset\hama3_split_raw\test\3\0070.raw,1,3,2,5,0,1091,1.8948450088500977,99328,246372,121,OK,2026-03-19 15:05:16
121,D:\6S2\Thesis\7 dataset\hama3_split_raw\test\8\0058.raw,3,8,3,8,1,1092,1.8947749137878418,99328,246372,122,OK,2026-03-19 15:05:20
122,D:\6S2\Thesis\7 dataset\hama3_split_raw\test\5\0055.raw,2,5,2,5,1,1091,1.8952550888061523,99328,246372,123,OK,2026-03-19 15:05:24
123,D:\6S2\Thesis\7 dataset\hama3_split_raw\test\9\0006.raw,4,9,2,5,0,1091,1.8956220149993896,99328,246372,124,OK,2026-03-19 15:05:28
124,D:\6S2\Thesis\7 dataset\hama3_split_raw\test\0\0021.raw,0,0,0,0,1,1092,1.895425796508789,99328,246372,125,OK,2026-03-19 15:05:31
125,D:\6S2\Thesis\7 dataset\hama3_split_raw\test\9\0057.raw,4,9,4,9,1,1092,1.8953220844268799,99328,246372,126,OK,2026-03-19 15:05:35
126,D:\6S2\Thesis\7 dataset\hama3_split_raw\test\5\0005.raw,2,5,2,5,1,1091,1.8949379920959473,99328,246372,127,OK,2026-03-19 15:05:39
127,D:\6S2\Thesis\7 dataset\hama3_split_raw\test\0\0060.raw,0,0,3,8,0,1092,1.8946142196655273,99328,246372,128,OK,2026-03-19 15:05:43
128,D:\6S2\Thesis\7 dataset\hama3_split_raw\test\8\0047.raw,3,8,0,0,0,1091,1.894705057144165,99328,246372,129,OK,2026-03-19 15:05:47
129,D:\6S2\Thesis\7 dataset\hama3_split_raw\test\9\0067.raw,4,9,4,9,1,1091,1.8944354057312012,99328,246372,130,OK,2026-03-19 15:05:51
130,D:\6S2\Thesis\7 dataset\hama3_split_raw\test\0\0062.raw,0,0,3,8,0,1091,1.8949875831604004,99328,246372,131,OK,2026-03-19 15:05:55
131,D:\6S2\Thesis\7 dataset\hama3_split_raw\test\8\0039.raw,3,8,2,5,0,1091,1.8948018550872803,99328,246372,132,OK,2026-03-19 15:05:59
132,D:\6S2\Thesis\7 dataset\hama3_split_raw\test\0\0090.raw,0,0,3,8,0,1091,1.895552396774292,99328,246372,133,OK,2026-03-19 15:06:03
133,D:\6S2\Thesis\7 dataset\hama3_split_raw\test\0\0010.raw,0,0,3,8,0,1092,1.8959746360778809,99328,246372,134,OK,2026-03-19 15:06:07
134,D:\6S2\Thesis\7 dataset\hama3_split_raw\test\3\0096.raw,1,3,4,9,0,1092,1.8953683376312256,99328,246372,135,OK,2026-03-19 15:06:10
135,D:\6S2\Thesis\7 dataset\hama3_split_raw\test\8\0048.raw,3,8,3,8,1,1092,1.8948090076446533,99328,246372,136,OK,2026-03-19 15:06:14
136,D:\6S2\Thesis\7 dataset\hama3_split_raw\test\3\0042.raw,1,3,2,5,0,1091,1.8946270942687988,99328,246372,137,OK,2026-03-19 15:06:18
137,D:\6S2\Thesis\7 dataset\hama3_split_raw\test\9\0041.raw,4,9,1,3,0,1091,1.8959136009216309,99328,246372,138,OK,2026-03-19 15:06:22
138,D:\6S2\Thesis\7 dataset\hama3_split_raw\test\3\0097.raw,1,3,0,0,0,1091,1.8938486576080322,99328,246372,139,OK,2026-03-19 15:06:26
139,D:\6S2\Thesis\7 dataset\hama3_split_raw\test\3\0007.raw,1,3,1,3,1,1091,1.8951706886291504,99328,246372,140,OK,2026-03-19 15:06:30
140,D:\6S2\Thesis\7 dataset\hama3_split_raw\test\0\0074.raw,0,0,3,8,0,1092,1.8945283889770508,99328,246372,141,OK,2026-03-19 15:06:34
141,D:\6S2\Thesis\7 dataset\hama3_split_raw\test\8\0001.raw,3,8,3,8,1,1091,1.895273208618164,99328,246372,142,OK,2026-03-19 15:06:38
142,D:\6S2\Thesis\7 dataset\hama3_split_raw\test\5\0009.raw,2,5,2,5,1,1092,1.8944542407989502,99328,246372,143,OK,2026-03-19 15:06:42
143,D:\6S2\Thesis\7 dataset\hama3_split_raw\test\5\0090.raw,2,5,4,9,0,1092,1.895002841949463,99328,246372,144,OK,2026-03-19 15:06:46
144,D:\6S2\Thesis\7 dataset\hama3_split_raw\test\9\0044.raw,4,9,2,5,0,1091,1.8921260833740234,99328,246372,145,OK,2026-03-19 15:06:49
145,D:\6S2\Thesis\7 dataset\hama3_split_raw\test\5\0092.raw,2,5,1,3,0,1091,1.8952770233154297,99328,246372,146,OK,2026-03-19 15:06:53
146,D:\6S2\Thesis\7 dataset\hama3_split_raw\test\5\0016.raw,2,5,2,5,1,1091,1.8937139511108398,99328,246372,147,OK,2026-03-19 15:06:57
147,D:\6S2\Thesis\7 dataset\hama3_split_raw\test\0\0017.raw,0,0,1,3,0,1091,1.894174575805664,99328,246372,148,OK,2026-03-19 15:07:01
148,D:\6S2\Thesis\7 dataset\hama3_split_raw\test\3\0027.raw,1,3,1,3,1,1091,1.8960027694702148,99328,246372,149,OK,2026-03-19 15:07:05
149,D:\6S2\Thesis\7 dataset\hama3_split_raw\test\9\0027.raw,4,9,3,8,0,1092,1.8931682109832764,99328,246372,150,OK,2026-03-19 15:07:09
150,D:\6S2\Thesis\7 dataset\hama3_split_raw\test\9\0062.raw,4,9,2,5,0,1092,1.8945894241333008,99328,246372,151,OK,2026-03-19 15:07:13
151,D:\6S2\Thesis\7 dataset\hama3_split_raw\test\0\0067.raw,0,0,2,5,0,1092,1.8948912620544434,99328,246372,152,OK,2026-03-19 15:07:17
152,D:\6S2\Thesis\7 dataset\hama3_split_raw\test\8\0124.raw,3,8,3,8,1,1091,1.8948307037353516,99328,246372,153,OK,2026-03-19 15:07:21
153,D:\6S2\Thesis\7 dataset\hama3_split_raw\test\9\0002.raw,4,9,1,3,0,1091,1.894472599029541,99328,246372,154,OK,2026-03-19 15:07:25
154,D:\6S2\Thesis\7 dataset\hama3_split_raw\test\5\0006.raw,2,5,2,5,1,1091,1.8953604698181152,99328,246372,155,OK,2026-03-19 15:07:28
155,D:\6S2\Thesis\7 dataset\hama3_split_raw\test\8\0177.raw,3,8,3,8,1,1092,1.8952507972717285,99328,246372,156,OK,2026-03-19 15:07:32
156,D:\6S2\Thesis\7 dataset\hama3_split_raw\test\3\0108.raw,1,3,0,0,0,1091,1.8954792022705078,99328,246372,157,OK,2026-03-19 15:07:36
157,D:\6S2\Thesis\7 dataset\hama3_split_raw\test\5\0093.raw,2,5,2,5,1,1092,1.8951191902160645,99328,246372,158,OK,2026-03-19 15:07:40
158,D:\6S2\Thesis\7 dataset\hama3_split_raw\test\0\0085.raw,0,0,1,3,0,1092,1.8930299282073975,99328,246372,159,OK,2026-03-19 15:07:44
159,D:\6S2\Thesis\7 dataset\hama3_split_raw\test\9\0101.raw,4,9,3,8,0,1091,1.8945086002349854,99328,246372,160,OK,2026-03-19 15:07:48
160,D:\6S2\Thesis\7 dataset\hama3_split_raw\test\9\0038.raw,4,9,1,3,0,1092,1.8949854373931885,99328,246372,161,OK,2026-03-19 15:07:52
161,D:\6S2\Thesis\7 dataset\hama3_split_raw\test\5\0074.raw,2,5,2,5,1,1092,1.8925118446350098,99328,246372,162,OK,2026-03-19 15:07:56
162,D:\6S2\Thesis\7 dataset\hama3_split_raw\test\9\0095.raw,4,9,2,5,0,1092,1.8942534923553467,99328,246372,163,OK,2026-03-19 15:08:00
163,D:\6S2\Thesis\7 dataset\hama3_split_raw\test\8\0149.raw,3,8,3,8,1,1091,1.8929591178894043,99328,246372,164,OK,2026-03-19 15:08:03
164,D:\6S2\Thesis\7 dataset\hama3_split_raw\test\8\0179.raw,3,8,3,8,1,1092,1.894998550415039,99328,246372,165,OK,2026-03-19 15:08:07
165,D:\6S2\Thesis\7 dataset\hama3_split_raw\test\8\0109.raw,3,8,3,8,1,1091,1.8938839435577393,99328,246372,166,OK,2026-03-19 15:08:11
166,D:\6S2\Thesis\7 dataset\hama3_split_raw\test\0\0057.raw,0,0,0,0,1,1092,1.8946146965026855,99328,246372,167,OK,2026-03-19 15:08:15
167,D:\6S2\Thesis\7 dataset\hama3_split_raw\test\0\0018.raw,0,0,0,0,1,1091,1.8939990997314453,99328,246372,168,OK,2026-03-19 15:08:19
168,D:\6S2\Thesis\7 dataset\hama3_split_raw\test\5\0028.raw,2,5,2,5,1,1092,1.8944087028503418,99328,246372,169,OK,2026-03-19 15:08:23
169,D:\6S2\Thesis\7 dataset\hama3_split_raw\test\8\0014.raw,3,8,3,8,1,1091,1.8940064907073975,99328,246372,170,OK,2026-03-19 15:08:27
170,D:\6S2\Thesis\7 dataset\hama3_split_raw\test\8\0072.raw,3,8,2,5,0,1092,1.8950777053833008,99328,246372,171,OK,2026-03-19 15:08:31
171,D:\6S2\Thesis\7 dataset\hama3_split_raw\test\9\0019.raw,4,9,0,0,0,1092,1.8948323726654053,99328,246372,172,OK,2026-03-19 15:08:35
172,D:\6S2\Thesis\7 dataset\hama3_split_raw\test\5\0046.raw,2,5,2,5,1,1091,1.8935165405273438,99328,246372,173,OK,2026-03-19 15:08:39
173,D:\6S2\Thesis\7 dataset\hama3_split_raw\test\5\0043.raw,2,5,3,8,0,1091,1.8952655792236328,99328,246372,174,OK,2026-03-19 15:08:43
174,D:\6S2\Thesis\7 dataset\hama3_split_raw\test\5\0091.raw,2,5,2,5,1,1091,1.8956794738769531,99328,246372,175,OK,2026-03-19 15:08:46
175,D:\6S2\Thesis\7 dataset\hama3_split_raw\test\8\0043.raw,3,8,3,8,1,1092,1.8949756622314453,99328,246372,176,OK,2026-03-19 15:08:50
176,D:\6S2\Thesis\7 dataset\hama3_split_raw\test\3\0099.raw,1,3,1,3,1,1091,1.8959739208221436,99328,246372,177,OK,2026-03-19 15:08:54
177,D:\6S2\Thesis\7 dataset\hama3_split_raw\test\8\0099.raw,3,8,3,8,1,1092,1.8960390090942383,99328,246372,178,OK,2026-03-19 15:08:58
178,D:\6S2\Thesis\7 dataset\hama3_split_raw\test\0\0071.raw,0,0,0,0,1,1092,1.894540786743164,99328,246372,179,OK,2026-03-19 15:09:02
179,D:\6S2\Thesis\7 dataset\hama3_split_raw\test\0\0037.raw,0,0,3,8,0,1091,1.8945119380950928,99328,246372,180,OK,2026-03-19 15:09:06
180,D:\6S2\Thesis\7 dataset\hama3_split_raw\test\3\0100.raw,1,3,1,3,1,1091,1.894716501235962,99328,246372,181,OK,2026-03-19 15:09:10
181,D:\6S2\Thesis\7 dataset\hama3_split_raw\test\9\0037.raw,4,9,3,8,0,1092,1.8954129219055176,99328,246372,182,OK,2026-03-19 15:09:14
182,D:\6S2\Thesis\7 dataset\hama3_split_raw\test\3\0027.raw,1,3,1,3,1,1091,1.8947727680206299,99328,246372,183,OK,2026-03-19 15:09:18
183,D:\6S2\Thesis\7 dataset\hama3_split_raw\test\8\0170.raw,3,8,3,8,1,1092,1.8945026397705078,99328,246372,184,OK,2026-03-19 15:09:21
184,D:\6S2\Thesis\7 dataset\hama3_split_raw\test\8\0110.raw,3,8,3,8,1,1091,1.8943758010864258,99328,246372,185,OK,2026-03-19 15:09:25
185,D:\6S2\Thesis\7 dataset\hama3_split_raw\test\3\0097.raw,1,3,0,0,0,1091,1.8942101001739502,99328,246372,186,OK,2026-03-19 15:09:29
186,D:\6S2\Thesis\7 dataset\hama3_split_raw\test\5\0114.raw,2,5,1,3,0,1091,1.896254301071167,99328,246372,187,OK,2026-03-19 15:09:33
187,D:\6S2\Thesis\7 dataset\hama3_split_raw\test\0\0043.raw,0,0,3,8,0,1092,1.894937515258789,99328,246372,188,OK,2026-03-19 15:09:37
188,D:\6S2\Thesis\7 dataset\hama3_split_raw\test\8\0158.raw,3,8,2,5,0,1091,1.8945300579071045,99328,246372,189,OK,2026-03-19 15:09:41
189,D:\6S2\Thesis\7 dataset\hama3_split_raw\test\3\0007.raw,1,3,1,3,1,1091,1.895078182220459,99328,246372,190,OK,2026-03-19 15:09:45
190,D:\6S2\Thesis\7 dataset\hama3_split_raw\test\5\0045.raw,2,5,0,0,0,1092,1.8948249816894531,99328,246372,191,OK,2026-03-19 15:09:49
191,D:\6S2\Thesis\7 dataset\hama3_split_raw\test\3\0057.raw,1,3,2,5,0,1092,1.893723726272583,99328,246372,192,OK,2026-03-19 15:09:53
192,D:\6S2\Thesis\7 dataset\hama3_split_raw\test\0\0063.raw,0,0,0,0,1,1091,1.89310622215271,99328,246372,193,OK,2026-03-19 15:09:57
193,D:\6S2\Thesis\7 dataset\hama3_split_raw\test\3\0097.raw,1,3,0,0,0,1091,1.8952054977416992,99328,246372,194,OK,2026-03-19 15:10:01
194,D:\6S2\Thesis\7 dataset\hama3_split_raw\test\9\0096.raw,4,9,4,9,1,1092,1.8948123455047607,99328,246372,195,OK,2026-03-19 15:10:04
195,D:\6S2\Thesis\7 dataset\hama3_split_raw\test\3\0105.raw,1,3,1,3,1,1091,1.8948547840118408,99328,246372,196,OK,2026-03-19 15:10:08
196,D:\6S2\Thesis\7 dataset\hama3_split_raw\test\0\0059.raw,0,0,0,0,1,1092,1.8932640552520752,99328,246372,197,OK,2026-03-19 15:10:12
197,D:\6S2\Thesis\7 dataset\hama3_split_raw\test\0\0083.raw,0,0,0,0,1,1092,1.8951690196990967,99328,246372,198,OK,2026-03-19 15:10:16
198,D:\6S2\Thesis\7 dataset\hama3_split_raw\test\3\0106.raw,1,3,3,8,0,1092,1.8924877643585205,99328,246372,199,OK,2026-03-19 15:10:20
199,D:\6S2\Thesis\7 dataset\hama3_split_raw\test\5\0107.raw,2,5,3,8,0,1091,1.8945226669311523,99328,246372,200,OK,2026-03-19 15:10:24
200,D:\6S2\Thesis\7 dataset\hama3_split_raw\test\9\0083.raw,4,9,1,3,0,1091,1.8928332328796387,99328,246372,201,OK,2026-03-19 15:10:28
201,D:\6S2\Thesis\7 dataset\hama3_split_raw\test\0\0019.raw,0,0,0,0,1,1091,1.8935723304748535,99328,246372,202,OK,2026-03-19 15:10:32
202,D:\6S2\Thesis\7 dataset\hama3_split_raw\test\5\0076.raw,2,5,2,5,1,1091,1.8950259685516357,99328,246372,203,OK,2026-03-19 15:10:36
203,D:\6S2\Thesis\7 dataset\hama3_split_raw\test\5\0093.raw,2,5,2,5,1,1092,1.8950519561767578,99328,246372,204,OK,2026-03-19 15:10:39
204,D:\6S2\Thesis\7 dataset\hama3_split_raw\test\0\0003.raw,0,0,0,0,1,1092,1.8928828239440918,99328,246372,205,OK,2026-03-19 15:10:43
205,D:\6S2\Thesis\7 dataset\hama3_split_raw\test\5\0046.raw,2,5,2,5,1,1092,1.8947780132293701,99328,246372,206,OK,2026-03-19 15:10:47
206,D:\6S2\Thesis\7 dataset\hama3_split_raw\test\9\0061.raw,4,9,2,5,0,1091,1.8948562145233154,99328,246372,207,OK,2026-03-19 15:10:51
207,D:\6S2\Thesis\7 dataset\hama3_split_raw\test\8\0020.raw,3,8,3,8,1,1092,1.8949835300445557,99328,246372,208,OK,2026-03-19 15:10:55
208,D:\6S2\Thesis\7 dataset\hama3_split_raw\test\9\0032.raw,4,9,1,3,0,1091,1.8943734169006348,99328,246372,209,OK,2026-03-19 15:10:59
209,D:\6S2\Thesis\7 dataset\hama3_split_raw\test\3\0096.raw,1,3,4,9,0,1091,1.8949439525604248,99328,246372,210,OK,2026-03-19 15:11:03
210,D:\6S2\Thesis\7 dataset\hama3_split_raw\test\9\0089.raw,4,9,3,8,0,1092,1.894092321395874,99328,246372,211,OK,2026-03-19 15:11:07
211,D:\6S2\Thesis\7 dataset\hama3_split_raw\test\0\0009.raw,0,0,0,0,1,1092,1.8948941230773926,99328,246372,212,OK,2026-03-19 15:11:11
212,D:\6S2\Thesis\7 dataset\hama3_split_raw\test\5\0093.raw,2,5,2,5,1,1091,1.8951101303100586,99328,246372,213,OK,2026-03-19 15:11:15
213,D:\6S2\Thesis\7 dataset\hama3_split_raw\test\9\0029.raw,4,9,4,9,1,1091,1.895003080368042,99328,246372,214,OK,2026-03-19 15:11:18
214,D:\6S2\Thesis\7 dataset\hama3_split_raw\test\9\0101.raw,4,9,3,8,0,1092,1.8953380584716797,99328,246372,215,OK,2026-03-19 15:11:22
215,D:\6S2\Thesis\7 dataset\hama3_split_raw\test\5\0021.raw,2,5,2,5,1,1091,1.8942921161651611,99328,246372,216,OK,2026-03-19 15:11:26
216,D:\6S2\Thesis\7 dataset\hama3_split_raw\test\9\0072.raw,4,9,2,5,0,1091,1.8951561450958252,99328,246372,217,OK,2026-03-19 15:11:30
217,D:\6S2\Thesis\7 dataset\hama3_split_raw\test\5\0092.raw,2,5,1,3,0,1091,1.8947463035583496,99328,246372,218,OK,2026-03-19 15:11:34
218,D:\6S2\Thesis\7 dataset\hama3_split_raw\test\3\0042.raw,1,3,2,5,0,1092,1.8963725566864014,99328,246372,219,OK,2026-03-19 15:11:38
219,D:\6S2\Thesis\7 dataset\hama3_split_raw\test\3\0028.raw,1,3,3,8,0,1092,1.8952341079711914,99328,246372,220,OK,2026-03-19 15:11:42
220,D:\6S2\Thesis\7 dataset\hama3_split_raw\test\9\0069.raw,4,9,1,3,0,1091,1.8952436447143555,99328,246372,221,OK,2026-03-19 15:11:46
221,D:\6S2\Thesis\7 dataset\hama3_split_raw\test\9\0001.raw,4,9,3,8,0,1091,1.895270586013794,99328,246372,222,OK,2026-03-19 15:11:50
222,D:\6S2\Thesis\7 dataset\hama3_split_raw\test\8\0082.raw,3,8,3,8,1,1092,1.8936774730682373,99328,246372,223,OK,2026-03-19 15:11:54
223,D:\6S2\Thesis\7 dataset\hama3_split_raw\test\5\0020.raw,2,5,2,5,1,1091,1.8951747417449951,99328,246372,224,OK,2026-03-19 15:11:57
224,D:\6S2\Thesis\7 dataset\hama3_split_raw\test\0\0045.raw,0,0,0,0,1,1091,1.894688367843628,99328,246372,225,OK,2026-03-19 15:12:01
225,D:\6S2\Thesis\7 dataset\hama3_split_raw\test\9\0026.raw,4,9,1,3,0,1091,1.895129919052124,99328,246372,226,OK,2026-03-19 15:12:05
226,D:\6S2\Thesis\7 dataset\hama3_split_raw\test\9\0039.raw,4,9,2,5,0,1092,1.8952052593231201,99328,246372,227,OK,2026-03-19 15:12:09
227,D:\6S2\Thesis\7 dataset\hama3_split_raw\test\9\0017.raw,4,9,0,0,0,1092,1.8957688808441162,99328,246372,228,OK,2026-03-19 15:12:13
228,D:\6S2\Thesis\7 dataset\hama3_split_raw\test\0\0000.raw,0,0,0,0,1,1091,1.8945198059082031,99328,246372,229,OK,2026-03-19 15:12:17
229,D:\6S2\Thesis\7 dataset\hama3_split_raw\test\5\0037.raw,2,5,2,5,1,1092,1.895348310470581,99328,246372,230,OK,2026-03-19 15:12:21
230,D:\6S2\Thesis\7 dataset\hama3_split_raw\test\3\0085.raw,1,3,1,3,1,1091,1.8949000835418701,99328,246372,231,OK,2026-03-19 15:12:25
231,D:\6S2\Thesis\7 dataset\hama3_split_raw\test\3\0060.raw,1,3,1,3,1,1092,1.8948750495910645,99328,246372,232,OK,2026-03-19 15:12:29
232,D:\6S2\Thesis\7 dataset\hama3_split_raw\test\5\0112.raw,2,5,2,5,1,1091,1.8945856094360352,99328,246372,233,OK,2026-03-19 15:12:33
233,D:\6S2\Thesis\7 dataset\hama3_split_raw\test\3\0045.raw,1,3,1,3,1,1092,1.8938748836517334,99328,246372,234,OK,2026-03-19 15:12:36
234,D:\6S2\Thesis\7 dataset\hama3_split_raw\test\8\0173.raw,3,8,3,8,1,1092,1.8949508666992188,99328,246372,235,OK,2026-03-19 15:12:40
235,D:\6S2\Thesis\7 dataset\hama3_split_raw\test\3\0040.raw,1,3,1,3,1,1092,1.8951890468597412,99328,246372,236,OK,2026-03-19 15:12:44
236,D:\6S2\Thesis\7 dataset\hama3_split_raw\test\3\0038.raw,1,3,1,3,1,1091,1.8962182998657227,99328,246372,237,OK,2026-03-19 15:12:48
237,D:\6S2\Thesis\7 dataset\hama3_split_raw\test\9\0031.raw,4,9,3,8,0,1091,1.8945658206939697,99328,246372,238,OK,2026-03-19 15:12:52
238,D:\6S2\Thesis\7 dataset\hama3_split_raw\test\8\0147.raw,3,8,0,0,0,1092,1.894798994064331,99328,246372,239,OK,2026-03-19 15:12:56
239,D:\6S2\Thesis\7 dataset\hama3_split_raw\test\3\0110.raw,1,3,3,8,0,1092,1.8945200443267822,99328,246372,240,OK,2026-03-19 15:13:00
240,D:\6S2\Thesis\7 dataset\hama3_split_raw\test\3\0056.raw,1,3,4,9,0,1092,1.894228458404541,99328,246372,241,OK,2026-03-19 15:13:04
241,D:\6S2\Thesis\7 dataset\hama3_split_raw\test\9\0034.raw,4,9,3,8,0,1091,1.8949611186981201,99328,246372,242,OK,2026-03-19 15:13:08
242,D:\6S2\Thesis\7 dataset\hama3_split_raw\test\8\0010.raw,3,8,3,8,1,1092,1.8954994678497314,99328,246372,243,OK,2026-03-19 15:13:12
243,D:\6S2\Thesis\7 dataset\hama3_split_raw\test\8\0101.raw,3,8,2,5,0,1091,1.8943297863006592,99328,246372,244,OK,2026-03-19 15:13:15
244,D:\6S2\Thesis\7 dataset\hama3_split_raw\test\8\0111.raw,3,8,3,8,1,1091,1.895012378692627,99328,246372,245,OK,2026-03-19 15:13:19
245,D:\6S2\Thesis\7 dataset\hama3_split_raw\test\5\0077.raw,2,5,2,5,1,1091,1.894714117050171,99328,246372,246,OK,2026-03-19 15:13:23
246,D:\6S2\Thesis\7 dataset\hama3_split_raw\test\8\0122.raw,3,8,3,8,1,1092,1.894641399383545,99328,246372,247,OK,2026-03-19 15:13:27
247,D:\6S2\Thesis\7 dataset\hama3_split_raw\test\8\0086.raw,3,8,2,5,0,1092,1.8948185443878174,99328,246372,248,OK,2026-03-19 15:13:31
248,D:\6S2\Thesis\7 dataset\hama3_split_raw\test\0\0088.raw,0,0,0,0,1,1092,1.8947029113769531,99328,246372,249,OK,2026-03-19 15:13:35
249,D:\6S2\Thesis\7 dataset\hama3_split_raw\test\8\0087.raw,3,8,3,8,1,1091,1.894702672958374,99328,246372,250,OK,2026-03-19 15:13:39
250,D:\6S2\Thesis\7 dataset\hama3_split_raw\test\3\0101.raw,1,3,0,0,0,1091,1.8951866626739502,99328,246372,251,OK,2026-03-19 15:13:43
251,D:\6S2\Thesis\7 dataset\hama3_split_raw\test\5\0100.raw,2,5,2,5,1,1091,1.89506196975708,99328,246372,252,OK,2026-03-19 15:13:47
252,D:\6S2\Thesis\7 dataset\hama3_split_raw\test\5\0010.raw,2,5,3,8,0,1091,1.8948538303375244,99328,246372,253,OK,2026-03-19 15:13:51
253,D:\6S2\Thesis\7 dataset\hama3_split_raw\test\9\0063.raw,4,9,4,9,1,1091,1.8949871063232422,99328,246372,254,OK,2026-03-19 15:13:54
254,D:\6S2\Thesis\7 dataset\hama3_split_raw\test\8\0086.raw,3,8,2,5,0,1091,1.8936543464660645,99328,246372,255,OK,2026-03-19 15:13:58
255,D:\6S2\Thesis\7 dataset\hama3_split_raw\test\3\0108.raw,1,3,0,0,0,1091,1.8946783542633057,99328,246372,256,OK,2026-03-19 15:14:02
256,D:\6S2\Thesis\7 dataset\hama3_split_raw\test\3\0106.raw,1,3,3,8,0,1092,1.8953354358673096,99328,246372,257,OK,2026-03-19 15:14:06
257,D:\6S2\Thesis\7 dataset\hama3_split_raw\test\0\0002.raw,0,0,0,0,1,1092,1.895550012588501,99328,246372,258,OK,2026-03-19 15:14:10
258,D:\6S2\Thesis\7 dataset\hama3_split_raw\test\3\0022.raw,1,3,0,0,0,1091,1.8948547840118408,99328,246372,259,OK,2026-03-19 15:14:14
259,D:\6S2\Thesis\7 dataset\hama3_split_raw\test\0\0029.raw,0,0,3,8,0,1091,1.8949754238128662,99328,246372,260,OK,2026-03-19 15:14:18
260,D:\6S2\Thesis\7 dataset\hama3_split_raw\test\8\0040.raw,3,8,1,3,0,1091,1.8950064182281494,99328,246372,261,OK,2026-03-19 15:14:22
261,D:\6S2\Thesis\7 dataset\hama3_split_raw\test\5\0042.raw,2,5,0,0,0,1092,1.8948020935058594,99328,246372,262,OK,2026-03-19 15:14:26
262,D:\6S2\Thesis\7 dataset\hama3_split_raw\test\9\0001.raw,4,9,3,8,0,1092,1.895136833190918,99328,246372,263,OK,2026-03-19 15:14:30
263,D:\6S2\Thesis\7 dataset\hama3_split_raw\test\0\0055.raw,0,0,1,3,0,1091,1.8947837352752686,99328,246372,264,OK,2026-03-19 15:14:33
264,D:\6S2\Thesis\7 dataset\hama3_split_raw\test\9\0068.raw,4,9,4,9,1,1092,1.8944015502929688,99328,246372,265,OK,2026-03-19 15:14:37
265,D:\6S2\Thesis\7 dataset\hama3_split_raw\test\0\0079.raw,0,0,1,3,0,1092,1.8951749801635742,99328,246372,266,OK,2026-03-19 15:14:41
266,D:\6S2\Thesis\7 dataset\hama3_split_raw\test\3\0050.raw,1,3,1,3,1,1092,1.8945534229278564,99328,246372,267,OK,2026-03-19 15:14:45
267,D:\6S2\Thesis\7 dataset\hama3_split_raw\test\5\0113.raw,2,5,2,5,1,1092,1.8949086666107178,99328,246372,268,OK,2026-03-19 15:14:49
268,D:\6S2\Thesis\7 dataset\hama3_split_raw\test\5\0098.raw,2,5,2,5,1,1091,1.8945443630218506,99328,246372,269,OK,2026-03-19 15:14:53
269,D:\6S2\Thesis\7 dataset\hama3_split_raw\test\5\0051.raw,2,5,2,5,1,1092,1.895355224609375,99328,246372,270,OK,2026-03-19 15:14:57
270,D:\6S2\Thesis\7 dataset\hama3_split_raw\test\3\0058.raw,1,3,1,3,1,1092,1.8953368663787842,99328,246372,271,OK,2026-03-19 15:15:01
271,D:\6S2\Thesis\7 dataset\hama3_split_raw\test\0\0040.raw,0,0,0,0,1,1092,1.8954856395721436,99328,246372,272,OK,2026-03-19 15:15:05
272,D:\6S2\Thesis\7 dataset\hama3_split_raw\test\5\0075.raw,2,5,2,5,1,1092,1.8944282531738281,99328,246372,273,OK,2026-03-19 15:15:09
273,D:\6S2\Thesis\7 dataset\hama3_split_raw\test\9\0054.raw,4,9,1,3,0,1091,1.8942646980285645,99328,246372,274,OK,2026-03-19 15:15:12
274,D:\6S2\Thesis\7 dataset\hama3_split_raw\test\3\0038.raw,1,3,1,3,1,1091,1.8954646587371826,99328,246372,275,OK,2026-03-19 15:15:16
275,D:\6S2\Thesis\7 dataset\hama3_split_raw\test\8\0091.raw,3,8,2,5,0,1092,1.8952362537384033,99328,246372,276,OK,2026-03-19 15:15:20
276,D:\6S2\Thesis\7 dataset\hama3_split_raw\test\8\0173.raw,3,8,3,8,1,1091,1.8941271305084229,99328,246372,277,OK,2026-03-19 15:15:24
277,D:\6S2\Thesis\7 dataset\hama3_split_raw\test\5\0056.raw,2,5,2,5,1,1091,1.892988920211792,99328,246372,278,OK,2026-03-19 15:15:28
278,D:\6S2\Thesis\7 dataset\hama3_split_raw\test\3\0111.raw,1,3,3,8,0,1091,1.8946294784545898,99328,246372,279,OK,2026-03-19 15:15:32
279,D:\6S2\Thesis\7 dataset\hama3_split_raw\test\3\0055.raw,1,3,0,0,0,1091,1.8957321643829346,99328,246372,280,OK,2026-03-19 15:15:36
280,D:\6S2\Thesis\7 dataset\hama3_split_raw\test\9\0101.raw,4,9,3,8,0,1092,1.894862174987793,99328,246372,281,OK,2026-03-19 15:15:40
281,D:\6S2\Thesis\7 dataset\hama3_split_raw\test\8\0164.raw,3,8,3,8,1,1092,1.8948695659637451,99328,246372,282,OK,2026-03-19 15:15:44
282,D:\6S2\Thesis\7 dataset\hama3_split_raw\test\8\0101.raw,3,8,2,5,0,1091,1.8951926231384277,99328,246372,283,OK,2026-03-19 15:15:48
283,D:\6S2\Thesis\7 dataset\hama3_split_raw\test\9\0022.raw,4,9,1,3,0,1092,1.895343542098999,99328,246372,284,OK,2026-03-19 15:15:51
284,D:\6S2\Thesis\7 dataset\hama3_split_raw\test\5\0056.raw,2,5,2,5,1,1091,1.894698143005371,99328,246372,285,OK,2026-03-19 15:15:55
285,D:\6S2\Thesis\7 dataset\hama3_split_raw\test\5\0007.raw,2,5,2,5,1,1092,1.8930702209472656,99328,246372,286,OK,2026-03-19 15:15:59
286,D:\6S2\Thesis\7 dataset\hama3_split_raw\test\5\0107.raw,2,5,3,8,0,1092,1.895373821258545,99328,246372,287,OK,2026-03-19 15:16:03
287,D:\6S2\Thesis\7 dataset\hama3_split_raw\test\0\0026.raw,0,0,0,0,1,1092,1.8948891162872314,99328,246372,288,OK,2026-03-19 15:16:07
288,D:\6S2\Thesis\7 dataset\hama3_split_raw\test\5\0098.raw,2,5,2,5,1,1092,1.8955402374267578,99328,246372,289,OK,2026-03-19 15:16:11
289,D:\6S2\Thesis\7 dataset\hama3_split_raw\test\8\0003.raw,3,8,3,8,1,1091,1.892953872680664,99328,246372,290,OK,2026-03-19 15:16:15
290,D:\6S2\Thesis\7 dataset\hama3_split_raw\test\3\0097.raw,1,3,0,0,0,1091,1.8945519924163818,99328,246372,291,OK,2026-03-19 15:16:19
291,D:\6S2\Thesis\7 dataset\hama3_split_raw\test\8\0103.raw,3,8,3,8,1,1092,1.8944342136383057,99328,246372,292,OK,2026-03-19 15:16:23
292,D:\6S2\Thesis\7 dataset\hama3_split_raw\test\0\0054.raw,0,0,0,0,1,1091,1.895101547241211,99328,246372,293,OK,2026-03-19 15:16:26
293,D:\6S2\Thesis\7 dataset\hama3_split_raw\test\9\0020.raw,4,9,4,9,1,1091,1.8947498798370361,99328,246372,294,OK,2026-03-19 15:16:30
294,D:\6S2\Thesis\7 dataset\hama3_split_raw\test\8\0153.raw,3,8,3,8,1,1091,1.8947701454162598,99328,246372,295,OK,2026-03-19 15:16:34
295,D:\6S2\Thesis\7 dataset\hama3_split_raw\test\3\0011.raw,1,3,1,3,1,1091,1.8949074745178223,99328,246372,296,OK,2026-03-19 15:16:38
296,D:\6S2\Thesis\7 dataset\hama3_split_raw\test\5\0039.raw,2,5,2,5,1,1091,1.8952066898345947,99328,246372,297,OK,2026-03-19 15:16:42
297,D:\6S2\Thesis\7 dataset\hama3_split_raw\test\9\0072.raw,4,9,2,5,0,1091,1.8964040279388428,99328,246372,298,OK,2026-03-19 15:16:46
298,D:\6S2\Thesis\7 dataset\hama3_split_raw\test\0\0085.raw,0,0,1,3,0,1091,1.8955564498901367,99328,246372,299,OK,2026-03-19 15:16:50
299,D:\6S2\Thesis\7 dataset\hama3_split_raw\test\5\0007.raw,2,5,2,5,1,1091,1.8961951732635498,99328,246372,300,OK,2026-03-19 15:16:54
300,D:\6S2\Thesis\7 dataset\hama3_split_raw\test\3\0072.raw,1,3,0,0,0,1091,1.8928821086883545,99328,246372,301,OK,2026-03-19 15:16:58
301,D:\6S2\Thesis\7 dataset\hama3_split_raw\test\0\0069.raw,0,0,0,0,1,1091,1.8949904441833496,99328,246372,302,OK,2026-03-19 15:17:02
302,D:\6S2\Thesis\7 dataset\hama3_split_raw\test\3\0075.raw,1,3,1,3,1,1091,1.8956587314605713,99328,246372,303,OK,2026-03-19 15:17:05
303,D:\6S2\Thesis\7 dataset\hama3_split_raw\test\8\0116.raw,3,8,3,8,1,1091,1.8947381973266602,99328,246372,304,OK,2026-03-19 15:17:09
304,D:\6S2\Thesis\7 dataset\hama3_split_raw\test\0\0073.raw,0,0,3,8,0,1091,1.8945913314819336,99328,246372,305,OK,2026-03-19 15:17:13
305,D:\6S2\Thesis\7 dataset\hama3_split_raw\test\5\0045.raw,2,5,0,0,0,1092,1.896315336227417,99328,246372,306,OK,2026-03-19 15:17:17
306,D:\6S2\Thesis\7 dataset\hama3_split_raw\test\9\0060.raw,4,9,4,9,1,1092,1.8945589065551758,99328,246372,307,OK,2026-03-19 15:17:21
307,D:\6S2\Thesis\7 dataset\hama3_split_raw\test\5\0067.raw,2,5,2,5,1,1092,1.8941361904144287,99328,246372,308,OK,2026-03-19 15:17:25
308,D:\6S2\Thesis\7 dataset\hama3_split_raw\test\9\0075.raw,4,9,0,0,0,1091,1.8951683044433594,99328,246372,309,OK,2026-03-19 15:17:29
309,D:\6S2\Thesis\7 dataset\hama3_split_raw\test\8\0051.raw,3,8,3,8,1,1091,1.894561529159546,99328,246372,310,OK,2026-03-19 15:17:33
310,D:\6S2\Thesis\7 dataset\hama3_split_raw\test\3\0031.raw,1,3,1,3,1,1091,1.8950250148773193,99328,246372,311,OK,2026-03-19 15:17:37
311,D:\6S2\Thesis\7 dataset\hama3_split_raw\test\0\0066.raw,0,0,0,0,1,1091,1.8942623138427734,99328,246372,312,OK,2026-03-19 15:17:41
312,D:\6S2\Thesis\7 dataset\hama3_split_raw\test\8\0064.raw,3,8,0,0,0,1092,1.8934128284454346,99328,246372,313,OK,2026-03-19 15:17:44
313,D:\6S2\Thesis\7 dataset\hama3_split_raw\test\8\0086.raw,3,8,2,5,0,1092,1.8950285911560059,99328,246372,314,OK,2026-03-19 15:17:48
314,D:\6S2\Thesis\7 dataset\hama3_split_raw\test\8\0010.raw,3,8,3,8,1,1092,1.892890214920044,99328,246372,315,OK,2026-03-19 15:17:52
315,D:\6S2\Thesis\7 dataset\hama3_split_raw\test\9\0004.raw,4,9,1,3,0,1092,1.894700288772583,99328,246372,316,OK,2026-03-19 15:17:56
316,D:\6S2\Thesis\7 dataset\hama3_split_raw\test\9\0008.raw,4,9,3,8,0,1091,1.894526481628418,99328,246372,317,OK,2026-03-19 15:18:00
317,D:\6S2\Thesis\7 dataset\hama3_split_raw\test\5\0077.raw,2,5,2,5,1,1092,1.8958349227905273,99328,246372,318,OK,2026-03-19 15:18:04
318,D:\6S2\Thesis\7 dataset\hama3_split_raw\test\0\0020.raw,0,0,4,9,0,1091,1.894841194152832,99328,246372,319,OK,2026-03-19 15:18:08
319,D:\6S2\Thesis\7 dataset\hama3_split_raw\test\9\0023.raw,4,9,2,5,0,1091,1.8959238529205322,99328,246372,320,OK,2026-03-19 15:18:12
320,D:\6S2\Thesis\7 dataset\hama3_split_raw\test\0\0052.raw,0,0,3,8,0,1092,1.894575595855713,99328,246372,321,OK,2026-03-19 15:18:16
321,D:\6S2\Thesis\7 dataset\hama3_split_raw\test\9\0054.raw,4,9,1,3,0,1091,1.893965482711792,99328,246372,322,OK,2026-03-19 15:18:20
322,D:\6S2\Thesis\7 dataset\hama3_split_raw\test\0\0091.raw,0,0,3,8,0,1092,1.8954088687896729,99328,246372,323,OK,2026-03-19 15:18:23
323,D:\6S2\Thesis\7 dataset\hama3_split_raw\test\9\0094.raw,4,9,4,9,1,1092,1.8929383754730225,99328,246372,324,OK,2026-03-19 15:18:27
324,D:\6S2\Thesis\7 dataset\hama3_split_raw\test\3\0102.raw,1,3,1,3,1,1092,1.8951771259307861,99328,246372,325,OK,2026-03-19 15:18:31
325,D:\6S2\Thesis\7 dataset\hama3_split_raw\test\9\0102.raw,4,9,2,5,0,1091,1.8945770263671875,99328,246372,326,OK,2026-03-19 15:18:35
326,D:\6S2\Thesis\7 dataset\hama3_split_raw\test\8\0030.raw,3,8,3,8,1,1091,1.8954644203186035,99328,246372,327,OK,2026-03-19 15:18:39
327,D:\6S2\Thesis\7 dataset\hama3_split_raw\test\3\0025.raw,1,3,1,3,1,1092,1.8952052593231201,99328,246372,328,OK,2026-03-19 15:18:43
328,D:\6S2\Thesis\7 dataset\hama3_split_raw\test\9\0086.raw,4,9,1,3,0,1092,1.894890308380127,99328,246372,329,OK,2026-03-19 15:18:47
329,D:\6S2\Thesis\7 dataset\hama3_split_raw\test\9\0050.raw,4,9,2,5,0,1091,1.8949379920959473,99328,246372,330,OK,2026-03-19 15:18:51
330,D:\6S2\Thesis\7 dataset\hama3_split_raw\test\0\0039.raw,0,0,3,8,0,1092,1.8945209980010986,99328,246372,331,OK,2026-03-19 15:18:55
331,D:\6S2\Thesis\7 dataset\hama3_split_raw\test\9\0012.raw,4,9,1,3,0,1092,1.892242431640625,99328,246372,332,OK,2026-03-19 15:18:58
332,D:\6S2\Thesis\7 dataset\hama3_split_raw\test\3\0037.raw,1,3,1,3,1,1091,1.8924918174743652,99328,246372,333,OK,2026-03-19 15:19:02
333,D:\6S2\Thesis\7 dataset\hama3_split_raw\test\9\0010.raw,4,9,3,8,0,1091,1.8949382305145264,99328,246372,334,OK,2026-03-19 15:19:06
334,D:\6S2\Thesis\7 dataset\hama3_split_raw\test\3\0003.raw,1,3,1,3,1,1091,1.8947274684906006,99328,246372,335,OK,2026-03-19 15:19:10
335,D:\6S2\Thesis\7 dataset\hama3_split_raw\test\8\0066.raw,3,8,3,8,1,1092,1.894160270690918,99328,246372,336,OK,2026-03-19 15:19:14
336,D:\6S2\Thesis\7 dataset\hama3_split_raw\test\9\0040.raw,4,9,2,5,0,1091,1.8950157165527344,99328,246372,337,OK,2026-03-19 15:19:18
337,D:\6S2\Thesis\7 dataset\hama3_split_raw\test\0\0025.raw,0,0,3,8,0,1092,1.8950579166412354,99328,246372,338,OK,2026-03-19 15:19:22
338,D:\6S2\Thesis\7 dataset\hama3_split_raw\test\9\0099.raw,4,9,3,8,0,1092,1.892409324645996,99328,246372,339,OK,2026-03-19 15:19:26
339,D:\6S2\Thesis\7 dataset\hama3_split_raw\test\5\0011.raw,2,5,2,5,1,1092,1.8947832584381104,99328,246372,340,OK,2026-03-19 15:19:30
340,D:\6S2\Thesis\7 dataset\hama3_split_raw\test\0\0007.raw,0,0,3,8,0,1092,1.895094871520996,99328,246372,341,OK,2026-03-19 15:19:34
341,D:\6S2\Thesis\7 dataset\hama3_split_raw\test\5\0117.raw,2,5,2,5,1,1092,1.8938524723052979,99328,246372,342,OK,2026-03-19 15:19:37
342,D:\6S2\Thesis\7 dataset\hama3_split_raw\test\0\0066.raw,0,0,0,0,1,1092,1.89418625831604,99328,246372,343,OK,2026-03-19 15:19:41
343,D:\6S2\Thesis\7 dataset\hama3_split_raw\test\0\0090.raw,0,0,3,8,0,1092,1.8946728706359863,99328,246372,344,OK,2026-03-19 15:19:45
344,D:\6S2\Thesis\7 dataset\hama3_split_raw\test\0\0040.raw,0,0,0,0,1,1091,1.8950386047363281,99328,246372,345,OK,2026-03-19 15:19:49
345,D:\6S2\Thesis\7 dataset\hama3_split_raw\test\3\0082.raw,1,3,4,9,0,1092,1.8925418853759766,99328,246372,346,OK,2026-03-19 15:19:53
346,D:\6S2\Thesis\7 dataset\hama3_split_raw\test\3\0035.raw,1,3,3,8,0,1091,1.8943781852722168,99328,246372,347,OK,2026-03-19 15:19:57
347,D:\6S2\Thesis\7 dataset\hama3_split_raw\test\8\0035.raw,3,8,3,8,1,1092,1.8951327800750732,99328,246372,348,OK,2026-03-19 15:20:01
348,D:\6S2\Thesis\7 dataset\hama3_split_raw\test\0\0084.raw,0,0,3,8,0,1092,1.8946058750152588,99328,246372,349,OK,2026-03-19 15:20:05
349,D:\6S2\Thesis\7 dataset\hama3_split_raw\test\8\0059.raw,3,8,3,8,1,1091,1.894789695739746,99328,246372,350,OK,2026-03-19 15:20:09
350,D:\6S2\Thesis\7 dataset\hama3_split_raw\test\5\0095.raw,2,5,2,5,1,1092,1.8943774700164795,99328,246372,351,OK,2026-03-19 15:20:13
351,D:\6S2\Thesis\7 dataset\hama3_split_raw\test\5\0041.raw,2,5,2,5,1,1091,1.894899606704712,99328,246372,352,OK,2026-03-19 15:20:16
352,D:\6S2\Thesis\7 dataset\hama3_split_raw\test\9\0052.raw,4,9,4,9,1,1092,1.8950269222259521,99328,246372,353,OK,2026-03-19 15:20:20
353,D:\6S2\Thesis\7 dataset\hama3_split_raw\test\3\0012.raw,1,3,0,0,0,1091,1.8952126502990723,99328,246372,354,OK,2026-03-19 15:20:24
354,D:\6S2\Thesis\7 dataset\hama3_split_raw\test\0\0009.raw,0,0,0,0,1,1091,1.893019437789917,99328,246372,355,OK,2026-03-19 15:20:28
355,D:\6S2\Thesis\7 dataset\hama3_split_raw\test\9\0093.raw,4,9,4,9,1,1091,1.8933601379394531,99328,246372,356,OK,2026-03-19 15:20:32
356,D:\6S2\Thesis\7 dataset\hama3_split_raw\test\9\0011.raw,4,9,4,9,1,1092,1.8946688175201416,99328,246372,357,OK,2026-03-19 15:20:36
357,D:\6S2\Thesis\7 dataset\hama3_split_raw\test\3\0090.raw,1,3,1,3,1,1091,1.8948347568511963,99328,246372,358,OK,2026-03-19 15:20:40
358,D:\6S2\Thesis\7 dataset\hama3_split_raw\test\5\0114.raw,2,5,1,3,0,1092,1.8945260047912598,99328,246372,359,OK,2026-03-19 15:20:44
359,D:\6S2\Thesis\7 dataset\hama3_split_raw\test\9\0009.raw,4,9,1,3,0,1091,1.895979404449463,99328,246372,360,OK,2026-03-19 15:20:48
360,D:\6S2\Thesis\7 dataset\hama3_split_raw\test\9\0100.raw,4,9,0,0,0,1092,1.894618034362793,99328,246372,361,OK,2026-03-19 15:20:52
361,D:\6S2\Thesis\7 dataset\hama3_split_raw\test\5\0044.raw,2,5,2,5,1,1092,1.8950154781341553,99328,246372,362,OK,2026-03-19 15:20:55
362,D:\6S2\Thesis\7 dataset\hama3_split_raw\test\5\0089.raw,2,5,2,5,1,1091,1.8945763111114502,99328,246372,363,OK,2026-03-19 15:20:59
363,D:\6S2\Thesis\7 dataset\hama3_split_raw\test\8\0132.raw,3,8,2,5,0,1092,1.8946363925933838,99328,246372,364,OK,2026-03-19 15:21:03
364,D:\6S2\Thesis\7 dataset\hama3_split_raw\test\0\0020.raw,0,0,4,9,0,1091,1.895883321762085,99328,246372,365,OK,2026-03-19 15:21:07
365,D:\6S2\Thesis\7 dataset\hama3_split_raw\test\3\0059.raw,1,3,2,5,0,1092,1.894517183303833,99328,246372,366,OK,2026-03-19 15:21:11
366,D:\6S2\Thesis\7 dataset\hama3_split_raw\test\0\0085.raw,0,0,1,3,0,1092,1.8943943977355957,99328,246372,367,OK,2026-03-19 15:21:15
367,D:\6S2\Thesis\7 dataset\hama3_split_raw\test\5\0064.raw,2,5,0,0,0,1092,1.8944892883300781,99328,246372,368,OK,2026-03-19 15:21:19
368,D:\6S2\Thesis\7 dataset\hama3_split_raw\test\9\0027.raw,4,9,3,8,0,1091,1.8939752578735352,99328,246372,369,OK,2026-03-19 15:21:23
369,D:\6S2\Thesis\7 dataset\hama3_split_raw\test\9\0031.raw,4,9,3,8,0,1091,1.8951151371002197,99328,246372,370,OK,2026-03-19 15:21:27
370,D:\6S2\Thesis\7 dataset\hama3_split_raw\test\3\0026.raw,1,3,4,9,0,1092,1.8945891857147217,99328,246372,371,OK,2026-03-19 15:21:31
371,D:\6S2\Thesis\7 dataset\hama3_split_raw\test\9\0003.raw,4,9,0,0,0,1091,1.8942832946777344,99328,246372,372,OK,2026-03-19 15:21:34
372,D:\6S2\Thesis\7 dataset\hama3_split_raw\test\3\0070.raw,1,3,2,5,0,1092,1.894587755203247,99328,246372,373,OK,2026-03-19 15:21:38
373,D:\6S2\Thesis\7 dataset\hama3_split_raw\test\5\0061.raw,2,5,0,0,0,1091,1.8953850269317627,99328,246372,374,OK,2026-03-19 15:21:42
374,D:\6S2\Thesis\7 dataset\hama3_split_raw\test\0\0014.raw,0,0,0,0,1,1091,1.8950872421264648,99328,246372,375,OK,2026-03-19 15:21:46
375,D:\6S2\Thesis\7 dataset\hama3_split_raw\test\9\0079.raw,4,9,3,8,0,1092,1.8951702117919922,99328,246372,376,OK,2026-03-19 15:21:50
376,D:\6S2\Thesis\7 dataset\hama3_split_raw\test\8\0174.raw,3,8,3,8,1,1092,1.894235610961914,99328,246372,377,OK,2026-03-19 15:21:54
377,D:\6S2\Thesis\7 dataset\hama3_split_raw\test\9\0018.raw,4,9,4,9,1,1091,1.8944971561431885,99328,246372,378,OK,2026-03-19 15:21:58
378,D:\6S2\Thesis\7 dataset\hama3_split_raw\test\9\0031.raw,4,9,3,8,0,1092,1.8943829536437988,99328,246372,379,OK,2026-03-19 15:22:02
379,D:\6S2\Thesis\7 dataset\hama3_split_raw\test\9\0079.raw,4,9,3,8,0,1091,1.8951818943023682,99328,246372,380,OK,2026-03-19 15:22:06
380,D:\6S2\Thesis\7 dataset\hama3_split_raw\test\0\0049.raw,0,0,1,3,0,1092,1.8944470882415771,99328,246372,381,OK,2026-03-19 15:22:10
381,D:\6S2\Thesis\7 dataset\hama3_split_raw\test\0\0032.raw,0,0,0,0,1,1092,1.8945410251617432,99328,246372,382,OK,2026-03-19 15:22:13
382,D:\6S2\Thesis\7 dataset\hama3_split_raw\test\3\0044.raw,1,3,3,8,0,1091,1.8948135375976562,99328,246372,383,OK,2026-03-19 15:22:17
383,D:\6S2\Thesis\7 dataset\hama3_split_raw\test\8\0086.raw,3,8,2,5,0,1091,1.895606517791748,99328,246372,384,OK,2026-03-19 15:22:21
384,D:\6S2\Thesis\7 dataset\hama3_split_raw\test\0\0036.raw,0,0,0,0,1,1091,1.8943665027618408,99328,246372,385,OK,2026-03-19 15:22:25
385,D:\6S2\Thesis\7 dataset\hama3_split_raw\test\3\0094.raw,1,3,1,3,1,1092,1.8945882320404053,99328,246372,386,OK,2026-03-19 15:22:29
386,D:\6S2\Thesis\7 dataset\hama3_split_raw\test\0\0078.raw,0,0,0,0,1,1092,1.8949742317199707,99328,246372,387,OK,2026-03-19 15:22:33
387,D:\6S2\Thesis\7 dataset\hama3_split_raw\test\5\0045.raw,2,5,0,0,0,1091,1.8945691585540771,99328,246372,388,OK,2026-03-19 15:22:37
388,D:\6S2\Thesis\7 dataset\hama3_split_raw\test\3\0067.raw,1,3,1,3,1,1092,1.8958888053894043,99328,246372,389,OK,2026-03-19 15:22:41
389,D:\6S2\Thesis\7 dataset\hama3_split_raw\test\0\0050.raw,0,0,0,0,1,1091,1.8945574760437012,99328,246372,390,OK,2026-03-19 15:22:45
390,D:\6S2\Thesis\7 dataset\hama3_split_raw\test\8\0157.raw,3,8,4,9,0,1091,1.896104335784912,99328,246372,391,OK,2026-03-19 15:22:48
391,D:\6S2\Thesis\7 dataset\hama3_split_raw\test\8\0000.raw,3,8,3,8,1,1091,1.8942248821258545,99328,246372,392,OK,2026-03-19 15:22:52
392,D:\6S2\Thesis\7 dataset\hama3_split_raw\test\8\0016.raw,3,8,3,8,1,1092,1.895057201385498,99328,246372,393,OK,2026-03-19 15:22:56
393,D:\6S2\Thesis\7 dataset\hama3_split_raw\test\5\0066.raw,2,5,2,5,1,1092,1.8945763111114502,99328,246372,394,OK,2026-03-19 15:23:00
394,D:\6S2\Thesis\7 dataset\hama3_split_raw\test\9\0020.raw,4,9,4,9,1,1092,1.8942592144012451,99328,246372,395,OK,2026-03-19 15:23:04
395,D:\6S2\Thesis\7 dataset\hama3_split_raw\test\0\0041.raw,0,0,0,0,1,1092,1.8955698013305664,99328,246372,396,OK,2026-03-19 15:23:08
396,D:\6S2\Thesis\7 dataset\hama3_split_raw\test\9\0007.raw,4,9,1,3,0,1091,1.8946037292480469,99328,246372,397,OK,2026-03-19 15:23:12
397,D:\6S2\Thesis\7 dataset\hama3_split_raw\test\9\0096.raw,4,9,4,9,1,1092,1.8923122882843018,99328,246372,398,OK,2026-03-19 15:23:16
398,D:\6S2\Thesis\7 dataset\hama3_split_raw\test\3\0082.raw,1,3,4,9,0,1091,1.8941025733947754,99328,246372,399,OK,2026-03-19 15:23:20
399,D:\6S2\Thesis\7 dataset\hama3_split_raw\test\9\0089.raw,4,9,3,8,0,1092,1.8939993381500244,99328,246372,400,OK,2026-03-19 15:23:24
400,D:\6S2\Thesis\7 dataset\hama3_split_raw\test\3\0040.raw,1,3,1,3,1,1091,1.8942997455596924,99328,246372,401,OK,2026-03-19 15:23:27
401,D:\6S2\Thesis\7 dataset\hama3_split_raw\test\9\0061.raw,4,9,2,5,0,1091,1.8948607444763184,99328,246372,402,OK,2026-03-19 15:23:31
402,D:\6S2\Thesis\7 dataset\hama3_split_raw\test\5\0110.raw,2,5,2,5,1,1092,1.8947246074676514,99328,246372,403,OK,2026-03-19 15:23:35
403,D:\6S2\Thesis\7 dataset\hama3_split_raw\test\0\0007.raw,0,0,3,8,0,1091,1.8944692611694336,99328,246372,404,OK,2026-03-19 15:23:39
404,D:\6S2\Thesis\7 dataset\hama3_split_raw\test\9\0001.raw,4,9,3,8,0,1091,1.896150827407837,99328,246372,405,OK,2026-03-19 15:23:43
405,D:\6S2\Thesis\7 dataset\hama3_split_raw\test\9\0041.raw,4,9,1,3,0,1092,1.8935112953186035,99328,246372,406,OK,2026-03-19 15:23:47
406,D:\6S2\Thesis\7 dataset\hama3_split_raw\test\8\0055.raw,3,8,1,3,0,1091,1.8952088356018066,99328,246372,407,OK,2026-03-19 15:23:51
407,D:\6S2\Thesis\7 dataset\hama3_split_raw\test\5\0040.raw,2,5,2,5,1,1092,1.8943068981170654,99328,246372,408,OK,2026-03-19 15:23:55
408,D:\6S2\Thesis\7 dataset\hama3_split_raw\test\8\0058.raw,3,8,3,8,1,1092,1.8946118354797363,99328,246372,409,OK,2026-03-19 15:23:59
409,D:\6S2\Thesis\7 dataset\hama3_split_raw\test\9\0015.raw,4,9,0,0,0,1091,1.894690990447998,99328,246372,410,OK,2026-03-19 15:24:03
410,D:\6S2\Thesis\7 dataset\hama3_split_raw\test\9\0032.raw,4,9,1,3,0,1091,1.8947491645812988,99328,246372,411,OK,2026-03-19 15:24:06
411,D:\6S2\Thesis\7 dataset\hama3_split_raw\test\8\0130.raw,3,8,0,0,0,1092,1.895226240158081,99328,246372,412,OK,2026-03-19 15:24:10
412,D:\6S2\Thesis\7 dataset\hama3_split_raw\test\9\0075.raw,4,9,0,0,0,1091,1.8942525386810303,99328,246372,413,OK,2026-03-19 15:24:14
413,D:\6S2\Thesis\7 dataset\hama3_split_raw\test\8\0026.raw,3,8,1,3,0,1091,1.8945839405059814,99328,246372,414,OK,2026-03-19 15:24:18
414,D:\6S2\Thesis\7 dataset\hama3_split_raw\test\9\0051.raw,4,9,4,9,1,1091,1.8945438861846924,99328,246372,415,OK,2026-03-19 15:24:22
415,D:\6S2\Thesis\7 dataset\hama3_split_raw\test\5\0113.raw,2,5,2,5,1,1092,1.895164966583252,99328,246372,416,OK,2026-03-19 15:24:26
416,D:\6S2\Thesis\7 dataset\hama3_split_raw\test\5\0087.raw,2,5,2,5,1,1091,1.8950965404510498,99328,246372,417,OK,2026-03-19 15:24:30
417,D:\6S2\Thesis\7 dataset\hama3_split_raw\test\3\0044.raw,1,3,3,8,0,1091,1.893045425415039,99328,246372,418,OK,2026-03-19 15:24:34
418,D:\6S2\Thesis\7 dataset\hama3_split_raw\test\8\0097.raw,3,8,3,8,1,1092,1.8960847854614258,99328,246372,419,OK,2026-03-19 15:24:38
419,D:\6S2\Thesis\7 dataset\hama3_split_raw\test\3\0103.raw,1,3,1,3,1,1092,1.895111322402954,99328,246372,420,OK,2026-03-19 15:24:42
420,D:\6S2\Thesis\7 dataset\hama3_split_raw\test\8\0163.raw,3,8,3,8,1,1091,1.8949916362762451,99328,246372,421,OK,2026-03-19 15:24:45
421,D:\6S2\Thesis\7 dataset\hama3_split_raw\test\5\0059.raw,2,5,1,3,0,1091,1.8943426609039307,99328,246372,422,OK,2026-03-19 15:24:49
422,D:\6S2\Thesis\7 dataset\hama3_split_raw\test\8\0118.raw,3,8,3,8,1,1092,1.8947117328643799,99328,246372,423,OK,2026-03-19 15:24:53
423,D:\6S2\Thesis\7 dataset\hama3_split_raw\test\3\0109.raw,1,3,0,0,0,1092,1.8950138092041016,99328,246372,424,OK,2026-03-19 15:24:57
424,D:\6S2\Thesis\7 dataset\hama3_split_raw\test\3\0091.raw,1,3,0,0,0,1092,1.8951971530914307,99328,246372,425,OK,2026-03-19 15:25:01
425,D:\6S2\Thesis\7 dataset\hama3_split_raw\test\9\0055.raw,4,9,1,3,0,1091,1.8953094482421875,99328,246372,426,OK,2026-03-19 15:25:05
426,D:\6S2\Thesis\7 dataset\hama3_split_raw\test\5\0023.raw,2,5,4,9,0,1091,1.8941278457641602,99328,246372,427,OK,2026-03-19 15:25:09
427,D:\6S2\Thesis\7 dataset\hama3_split_raw\test\0\0004.raw,0,0,0,0,1,1092,1.8950326442718506,99328,246372,428,OK,2026-03-19 15:25:13
428,D:\6S2\Thesis\7 dataset\hama3_split_raw\test\8\0094.raw,3,8,3,8,1,1092,1.8947384357452393,99328,246372,429,OK,2026-03-19 15:25:17
429,D:\6S2\Thesis\7 dataset\hama3_split_raw\test\3\0081.raw,1,3,2,5,0,1092,1.8953397274017334,99328,246372,430,OK,2026-03-19 15:25:20
430,D:\6S2\Thesis\7 dataset\hama3_split_raw\test\5\0000.raw,2,5,2,5,1,1091,1.894531011581421,99328,246372,431,OK,2026-03-19 15:25:24
431,D:\6S2\Thesis\7 dataset\hama3_split_raw\test\8\0088.raw,3,8,3,8,1,1092,1.8935627937316895,99328,246372,432,OK,2026-03-19 15:25:28
432,D:\6S2\Thesis\7 dataset\hama3_split_raw\test\8\0079.raw,3,8,2,5,0,1092,1.895216941833496,99328,246372,433,OK,2026-03-19 15:25:32
433,D:\6S2\Thesis\7 dataset\hama3_split_raw\test\9\0078.raw,4,9,2,5,0,1091,1.8925280570983887,99328,246372,434,OK,2026-03-19 15:25:36
434,D:\6S2\Thesis\7 dataset\hama3_split_raw\test\9\0071.raw,4,9,4,9,1,1091,1.8946342468261719,99328,246372,435,OK,2026-03-19 15:25:40
435,D:\6S2\Thesis\7 dataset\hama3_split_raw\test\3\0059.raw,1,3,2,5,0,1092,1.8946547508239746,99328,246372,436,OK,2026-03-19 15:25:44
436,D:\6S2\Thesis\7 dataset\hama3_split_raw\test\9\0072.raw,4,9,2,5,0,1092,1.895110845565796,99328,246372,437,OK,2026-03-19 15:25:48
437,D:\6S2\Thesis\7 dataset\hama3_split_raw\test\3\0071.raw,1,3,1,3,1,1091,1.8953921794891357,99328,246372,438,OK,2026-03-19 15:25:52
438,D:\6S2\Thesis\7 dataset\hama3_split_raw\test\8\0101.raw,3,8,2,5,0,1091,1.8949193954467773,99328,246372,439,OK,2026-03-19 15:25:56
439,D:\6S2\Thesis\7 dataset\hama3_split_raw\test\3\0053.raw,1,3,0,0,0,1092,1.8952183723449707,99328,246372,440,OK,2026-03-19 15:25:59
440,D:\6S2\Thesis\7 dataset\hama3_split_raw\test\0\0065.raw,0,0,0,0,1,1092,1.8942408561706543,99328,246372,441,OK,2026-03-19 15:26:03
441,D:\6S2\Thesis\7 dataset\hama3_split_raw\test\3\0040.raw,1,3,1,3,1,1092,1.8949637413024902,99328,246372,442,OK,2026-03-19 15:26:07
442,D:\6S2\Thesis\7 dataset\hama3_split_raw\test\3\0088.raw,1,3,2,5,0,1091,1.8955247402191162,99328,246372,443,OK,2026-03-19 15:26:11
443,D:\6S2\Thesis\7 dataset\hama3_split_raw\test\9\0007.raw,4,9,1,3,0,1091,1.8951632976531982,99328,246372,444,OK,2026-03-19 15:26:15
444,D:\6S2\Thesis\7 dataset\hama3_split_raw\test\0\0090.raw,0,0,3,8,0,1091,1.8945777416229248,99328,246372,445,OK,2026-03-19 15:26:19
445,D:\6S2\Thesis\7 dataset\hama3_split_raw\test\5\0081.raw,2,5,0,0,0,1091,1.895094871520996,99328,246372,446,OK,2026-03-19 15:26:23
446,D:\6S2\Thesis\7 dataset\hama3_split_raw\test\8\0046.raw,3,8,3,8,1,1092,1.8951070308685303,99328,246372,447,OK,2026-03-19 15:26:27
447,D:\6S2\Thesis\7 dataset\hama3_split_raw\test\9\0074.raw,4,9,3,8,0,1091,1.895223617553711,99328,246372,448,OK,2026-03-19 15:26:31
448,D:\6S2\Thesis\7 dataset\hama3_split_raw\test\9\0022.raw,4,9,1,3,0,1091,1.8935904502868652,99328,246372,449,OK,2026-03-19 15:26:35
449,D:\6S2\Thesis\7 dataset\hama3_split_raw\test\5\0048.raw,2,5,2,5,1,1091,1.8949108123779297,99328,246372,450,OK,2026-03-19 15:26:38
450,D:\6S2\Thesis\7 dataset\hama3_split_raw\test\8\0097.raw,3,8,3,8,1,1092,1.8952555656433105,99328,246372,451,OK,2026-03-19 15:26:42
451,D:\6S2\Thesis\7 dataset\hama3_split_raw\test\9\0049.raw,4,9,0,0,0,1091,1.8948380947113037,99328,246372,452,OK,2026-03-19 15:26:46
452,D:\6S2\Thesis\7 dataset\hama3_split_raw\test\3\0067.raw,1,3,1,3,1,1092,1.8947124481201172,99328,246372,453,OK,2026-03-19 15:26:50
453,D:\6S2\Thesis\7 dataset\hama3_split_raw\test\9\0017.raw,4,9,0,0,0,1092,1.894684076309204,99328,246372,454,OK,2026-03-19 15:26:54
454,D:\6S2\Thesis\7 dataset\hama3_split_raw\test\5\0006.raw,2,5,2,5,1,1092,1.8952341079711914,99328,246372,455,OK,2026-03-19 15:26:58
455,D:\6S2\Thesis\7 dataset\hama3_split_raw\test\0\0027.raw,0,0,4,9,0,1091,1.8954408168792725,99328,246372,456,OK,2026-03-19 15:27:02
456,D:\6S2\Thesis\7 dataset\hama3_split_raw\test\5\0072.raw,2,5,2,5,1,1092,1.894881248474121,99328,246372,457,OK,2026-03-19 15:27:06
457,D:\6S2\Thesis\7 dataset\hama3_split_raw\test\3\0111.raw,1,3,3,8,0,1092,1.8955743312835693,99328,246372,458,OK,2026-03-19 15:27:10
458,D:\6S2\Thesis\7 dataset\hama3_split_raw\test\9\0029.raw,4,9,4,9,1,1091,1.8932440280914307,99328,246372,459,OK,2026-03-19 15:27:14
459,D:\6S2\Thesis\7 dataset\hama3_split_raw\test\3\0048.raw,1,3,3,8,0,1091,1.894763708114624,99328,246372,460,OK,2026-03-19 15:27:17
460,D:\6S2\Thesis\7 dataset\hama3_split_raw\test\8\0122.raw,3,8,3,8,1,1091,1.8951380252838135,99328,246372,461,OK,2026-03-19 15:27:21
461,D:\6S2\Thesis\7 dataset\hama3_split_raw\test\0\0089.raw,0,0,1,3,0,1092,1.8946902751922607,99328,246372,462,OK,2026-03-19 15:27:25
462,D:\6S2\Thesis\7 dataset\hama3_split_raw\test\5\0029.raw,2,5,2,5,1,1091,1.8942553997039795,99328,246372,463,OK,2026-03-19 15:27:29
463,D:\6S2\Thesis\7 dataset\hama3_split_raw\test\9\0045.raw,4,9,1,3,0,1092,1.895599603652954,99328,246372,464,OK,2026-03-19 15:27:33
464,D:\6S2\Thesis\7 dataset\hama3_split_raw\test\9\0066.raw,4,9,1,3,0,1092,1.8949012756347656,99328,246372,465,OK,2026-03-19 15:27:37
465,D:\6S2\Thesis\7 dataset\hama3_split_raw\test\9\0078.raw,4,9,2,5,0,1092,1.8951671123504639,99328,246372,466,OK,2026-03-19 15:27:41
466,D:\6S2\Thesis\7 dataset\hama3_split_raw\test\5\0101.raw,2,5,2,5,1,1091,1.8944988250732422,99328,246372,467,OK,2026-03-19 15:27:45
467,D:\6S2\Thesis\7 dataset\hama3_split_raw\test\3\0053.raw,1,3,0,0,0,1091,1.8930325508117676,99328,246372,468,OK,2026-03-19 15:27:49
468,D:\6S2\Thesis\7 dataset\hama3_split_raw\test\3\0095.raw,1,3,3,8,0,1092,1.8948802947998047,99328,246372,469,OK,2026-03-19 15:27:52
469,D:\6S2\Thesis\7 dataset\hama3_split_raw\test\5\0006.raw,2,5,2,5,1,1092,1.8951406478881836,99328,246372,470,OK,2026-03-19 15:27:56
470,D:\6S2\Thesis\7 dataset\hama3_split_raw\test\5\0061.raw,2,5,0,0,0,1091,1.8945162296295166,99328,246372,471,OK,2026-03-19 15:28:00
471,D:\6S2\Thesis\7 dataset\hama3_split_raw\test\5\0087.raw,2,5,2,5,1,1092,1.8948776721954346,99328,246372,472,OK,2026-03-19 15:28:04
472,D:\6S2\Thesis\7 dataset\hama3_split_raw\test\3\0103.raw,1,3,1,3,1,1091,1.8947734832763672,99328,246372,473,OK,2026-03-19 15:28:08
473,D:\6S2\Thesis\7 dataset\hama3_split_raw\test\5\0105.raw,2,5,3,8,0,1092,1.8950703144073486,99328,246372,474,OK,2026-03-19 15:28:12
474,D:\6S2\Thesis\7 dataset\hama3_split_raw\test\5\0011.raw,2,5,2,5,1,1092,1.8947842121124268,99328,246372,475,OK,2026-03-19 15:28:16
475,D:\6S2\Thesis\7 dataset\hama3_split_raw\test\0\0070.raw,0,0,3,8,0,1091,1.894543170928955,99328,246372,476,OK,2026-03-19 15:28:20
476,D:\6S2\Thesis\7 dataset\hama3_split_raw\test\9\0066.raw,4,9,1,3,0,1092,1.8947491645812988,99328,246372,477,OK,2026-03-19 15:28:24
477,D:\6S2\Thesis\7 dataset\hama3_split_raw\test\3\0068.raw,1,3,1,3,1,1091,1.896474838256836,99328,246372,478,OK,2026-03-19 15:28:28
478,D:\6S2\Thesis\7 dataset\hama3_split_raw\test\9\0014.raw,4,9,4,9,1,1092,1.8940479755401611,99328,246372,479,OK,2026-03-19 15:28:31
479,D:\6S2\Thesis\7 dataset\hama3_split_raw\test\3\0046.raw,1,3,4,9,0,1092,1.8943493366241455,99328,246372,480,OK,2026-03-19 15:28:35
480,D:\6S2\Thesis\7 dataset\hama3_split_raw\test\3\0038.raw,1,3,1,3,1,1091,1.8946647644042969,99328,246372,481,OK,2026-03-19 15:28:39
481,D:\6S2\Thesis\7 dataset\hama3_split_raw\test\5\0000.raw,2,5,2,5,1,1091,1.8941466808319092,99328,246372,482,OK,2026-03-19 15:28:43
482,D:\6S2\Thesis\7 dataset\hama3_split_raw\test\9\0050.raw,4,9,2,5,0,1092,1.894749641418457,99328,246372,483,OK,2026-03-19 15:28:47
483,D:\6S2\Thesis\7 dataset\hama3_split_raw\test\9\0025.raw,4,9,1,3,0,1091,1.8949403762817383,99328,246372,484,OK,2026-03-19 15:28:51
484,D:\6S2\Thesis\7 dataset\hama3_split_raw\test\0\0043.raw,0,0,3,8,0,1092,1.8945822715759277,99328,246372,485,OK,2026-03-19 15:28:55
485,D:\6S2\Thesis\7 dataset\hama3_split_raw\test\8\0135.raw,3,8,3,8,1,1091,1.894576072692871,99328,246372,486,OK,2026-03-19 15:28:59
486,D:\6S2\Thesis\7 dataset\hama3_split_raw\test\0\0067.raw,0,0,2,5,0,1091,1.8930745124816895,99328,246372,487,OK,2026-03-19 15:29:03
487,D:\6S2\Thesis\7 dataset\hama3_split_raw\test\0\0063.raw,0,0,0,0,1,1091,1.8953649997711182,99328,246372,488,OK,2026-03-19 15:29:07
488,D:\6S2\Thesis\7 dataset\hama3_split_raw\test\8\0137.raw,3,8,3,8,1,1092,1.8945996761322021,99328,246372,489,OK,2026-03-19 15:29:10
489,D:\6S2\Thesis\7 dataset\hama3_split_raw\test\0\0034.raw,0,0,3,8,0,1091,1.8950092792510986,99328,246372,490,OK,2026-03-19 15:29:14
490,D:\6S2\Thesis\7 dataset\hama3_split_raw\test\0\0045.raw,0,0,0,0,1,1092,1.8947033882141113,99328,246372,491,OK,2026-03-19 15:29:18
491,D:\6S2\Thesis\7 dataset\hama3_split_raw\test\8\0035.raw,3,8,3,8,1,1091,1.8953628540039062,99328,246372,492,OK,2026-03-19 15:29:22
492,D:\6S2\Thesis\7 dataset\hama3_split_raw\test\0\0020.raw,0,0,4,9,0,1091,1.8958735466003418,99328,246372,493,OK,2026-03-19 15:29:26
493,D:\6S2\Thesis\7 dataset\hama3_split_raw\test\8\0148.raw,3,8,3,8,1,1091,1.89516282081604,99328,246372,494,OK,2026-03-19 15:29:30
494,D:\6S2\Thesis\7 dataset\hama3_split_raw\test\5\0076.raw,2,5,2,5,1,1091,1.8950116634368896,99328,246372,495,OK,2026-03-19 15:29:34
495,D:\6S2\Thesis\7 dataset\hama3_split_raw\test\3\0065.raw,1,3,1,3,1,1091,1.894535779953003,99328,246372,496,OK,2026-03-19 15:29:38
496,D:\6S2\Thesis\7 dataset\hama3_split_raw\test\9\0011.raw,4,9,4,9,1,1091,1.8962395191192627,99328,246372,497,OK,2026-03-19 15:29:42
497,D:\6S2\Thesis\7 dataset\hama3_split_raw\test\3\0107.raw,1,3,1,3,1,1092,1.894866704940796,99328,246372,498,OK,2026-03-19 15:29:46
498,D:\6S2\Thesis\7 dataset\hama3_split_raw\test\9\0039.raw,4,9,2,5,0,1091,1.89518141746521,99328,246372,499,OK,2026-03-19 15:29:49
499,D:\6S2\Thesis\7 dataset\hama3_split_raw\test\3\0066.raw,1,3,0,0,0,1091,1.8929555416107178,99328,246372,500,OK,2026-03-19 15:29:53
500,D:\6S2\Thesis\7 dataset\hama3_split_raw\test\9\0092.raw,4,9,0,0,0,1091,1.8942477703094482,99328,246372,501,OK,2026-03-19 15:29:57
501,D:\6S2\Thesis\7 dataset\hama3_split_raw\test\8\0010.raw,3,8,3,8,1,1091,1.8946495056152344,99328,246372,502,OK,2026-03-19 15:30:01
502,D:\6S2\Thesis\7 dataset\hama3_split_raw\test\0\0036.raw,0,0,0,0,1,1091,1.8951220512390137,99328,246372,503,OK,2026-03-19 15:30:05
503,D:\6S2\Thesis\7 dataset\hama3_split_raw\test\9\0082.raw,4,9,3,8,0,1091,1.8945505619049072,99328,246372,504,OK,2026-03-19 15:30:09
504,D:\6S2\Thesis\7 dataset\hama3_split_raw\test\0\0014.raw,0,0,0,0,1,1092,1.8946564197540283,99328,246372,505,OK,2026-03-19 15:30:13
505,D:\6S2\Thesis\7 dataset\hama3_split_raw\test\9\0055.raw,4,9,1,3,0,1091,1.894336223602295,99328,246372,506,OK,2026-03-19 15:30:17
506,D:\6S2\Thesis\7 dataset\hama3_split_raw\test\9\0065.raw,4,9,4,9,1,1091,1.895491600036621,99328,246372,507,OK,2026-03-19 15:30:21
507,D:\6S2\Thesis\7 dataset\hama3_split_raw\test\8\0124.raw,3,8,3,8,1,1091,1.8948731422424316,99328,246372,508,OK,2026-03-19 15:30:25
508,D:\6S2\Thesis\7 dataset\hama3_split_raw\test\3\0061.raw,1,3,0,0,0,1092,1.8926231861114502,99328,246372,509,OK,2026-03-19 15:30:28
509,D:\6S2\Thesis\7 dataset\hama3_split_raw\test\8\0097.raw,3,8,3,8,1,1092,1.8943469524383545,99328,246372,510,OK,2026-03-19 15:30:32
510,D:\6S2\Thesis\7 dataset\hama3_split_raw\test\0\0054.raw,0,0,0,0,1,1092,1.8965990543365479,99328,246372,511,OK,2026-03-19 15:30:36
511,D:\6S2\Thesis\7 dataset\hama3_split_raw\test\0\0040.raw,0,0,0,0,1,1091,1.8942408561706543,99328,246372,512,OK,2026-03-19 15:30:40
512,D:\6S2\Thesis\7 dataset\hama3_split_raw\test\0\0085.raw,0,0,1,3,0,1091,1.895146369934082,99328,246372,513,OK,2026-03-19 15:30:44
513,D:\6S2\Thesis\7 dataset\hama3_split_raw\test\9\0063.raw,4,9,4,9,1,1092,1.8940932750701904,99328,246372,514,OK,2026-03-19 15:30:48
514,D:\6S2\Thesis\7 dataset\hama3_split_raw\test\9\0086.raw,4,9,1,3,0,1091,1.8945825099945068,99328,246372,515,OK,2026-03-19 15:30:52
515,D:\6S2\Thesis\7 dataset\hama3_split_raw\test\8\0169.raw,3,8,1,3,0,1091,1.8951597213745117,99328,246372,516,OK,2026-03-19 15:30:56
516,D:\6S2\Thesis\7 dataset\hama3_split_raw\test\9\0080.raw,4,9,4,9,1,1091,1.894737958908081,99328,246372,517,OK,2026-03-19 15:31:00
517,D:\6S2\Thesis\7 dataset\hama3_split_raw\test\0\0016.raw,0,0,0,0,1,1091,1.8933343887329102,99328,246372,518,OK,2026-03-19 15:31:04
518,D:\6S2\Thesis\7 dataset\hama3_split_raw\test\9\0050.raw,4,9,2,5,0,1091,1.8940105438232422,99328,246372,519,OK,2026-03-19 15:31:07
519,D:\6S2\Thesis\7 dataset\hama3_split_raw\test\9\0016.raw,4,9,1,3,0,1091,1.8950417041778564,99328,246372,520,OK,2026-03-19 15:31:11
520,D:\6S2\Thesis\7 dataset\hama3_split_raw\test\8\0162.raw,3,8,3,8,1,1092,1.8948910236358643,99328,246372,521,OK,2026-03-19 15:31:15
521,D:\6S2\Thesis\7 dataset\hama3_split_raw\test\5\0012.raw,2,5,2,5,1,1091,1.8941118717193604,99328,246372,522,OK,2026-03-19 15:31:19
522,D:\6S2\Thesis\7 dataset\hama3_split_raw\test\9\0001.raw,4,9,3,8,0,1091,1.8943707942962646,99328,246372,523,OK,2026-03-19 15:31:23
523,D:\6S2\Thesis\7 dataset\hama3_split_raw\test\5\0065.raw,2,5,3,8,0,1092,1.8945116996765137,99328,246372,524,OK,2026-03-19 15:31:27
524,D:\6S2\Thesis\7 dataset\hama3_split_raw\test\3\0095.raw,1,3,3,8,0,1091,1.8943493366241455,99328,246372,525,OK,2026-03-19 15:31:31
525,D:\6S2\Thesis\7 dataset\hama3_split_raw\test\9\0004.raw,4,9,1,3,0,1092,1.8949813842773438,99328,246372,526,OK,2026-03-19 15:31:35
526,D:\6S2\Thesis\7 dataset\hama3_split_raw\test\5\0093.raw,2,5,2,5,1,1091,1.8931434154510498,99328,246372,527,OK,2026-03-19 15:31:39
527,D:\6S2\Thesis\7 dataset\hama3_split_raw\test\9\0021.raw,4,9,3,8,0,1091,1.8950047492980957,99328,246372,528,OK,2026-03-19 15:31:43
528,D:\6S2\Thesis\7 dataset\hama3_split_raw\test\0\0020.raw,0,0,4,9,0,1092,1.8945350646972656,99328,246372,529,OK,2026-03-19 15:31:46
529,D:\6S2\Thesis\7 dataset\hama3_split_raw\test\8\0170.raw,3,8,3,8,1,1092,1.8949248790740967,99328,246372,530,OK,2026-03-19 15:31:50
530,D:\6S2\Thesis\7 dataset\hama3_split_raw\test\3\0052.raw,1,3,3,8,0,1091,1.8951435089111328,99328,246372,531,OK,2026-03-19 15:31:54
531,D:\6S2\Thesis\7 dataset\hama3_split_raw\test\8\0133.raw,3,8,3,8,1,1091,1.894965410232544,99328,246372,532,OK,2026-03-19 15:31:58
532,D:\6S2\Thesis\7 dataset\hama3_split_raw\test\3\0096.raw,1,3,4,9,0,1091,1.8945283889770508,99328,246372,533,OK,2026-03-19 15:32:02
533,D:\6S2\Thesis\7 dataset\hama3_split_raw\test\8\0167.raw,3,8,1,3,0,1091,1.8956902027130127,99328,246372,534,OK,2026-03-19 15:32:06
534,D:\6S2\Thesis\7 dataset\hama3_split_raw\test\9\0078.raw,4,9,2,5,0,1091,1.8950471878051758,99328,246372,535,OK,2026-03-19 15:32:10
535,D:\6S2\Thesis\7 dataset\hama3_split_raw\test\8\0156.raw,3,8,3,8,1,1092,1.8934950828552246,99328,246372,536,OK,2026-03-19 15:32:14
536,D:\6S2\Thesis\7 dataset\hama3_split_raw\test\5\0086.raw,2,5,3,8,0,1092,1.8946280479431152,99328,246372,537,OK,2026-03-19 15:32:18
537,D:\6S2\Thesis\7 dataset\hama3_split_raw\test\3\0089.raw,1,3,1,3,1,1092,1.896338701248169,99328,246372,538,OK,2026-03-19 15:32:21
538,D:\6S2\Thesis\7 dataset\hama3_split_raw\test\3\0111.raw,1,3,3,8,0,1091,1.8945727348327637,99328,246372,539,OK,2026-03-19 15:32:25
539,D:\6S2\Thesis\7 dataset\hama3_split_raw\test\8\0046.raw,3,8,3,8,1,1091,1.8943002223968506,99328,246372,540,OK,2026-03-19 15:32:29
540,D:\6S2\Thesis\7 dataset\hama3_split_raw\test\8\0089.raw,3,8,3,8,1,1092,1.894148826599121,99328,246372,541,OK,2026-03-19 15:32:33
541,D:\6S2\Thesis\7 dataset\hama3_split_raw\test\0\0080.raw,0,0,0,0,1,1092,1.894460916519165,99328,246372,542,OK,2026-03-19 15:32:37
542,D:\6S2\Thesis\7 dataset\hama3_split_raw\test\5\0114.raw,2,5,1,3,0,1092,1.8931834697723389,99328,246372,543,OK,2026-03-19 15:32:41
543,D:\6S2\Thesis\7 dataset\hama3_split_raw\test\5\0108.raw,2,5,1,3,0,1092,1.892578363418579,99328,246372,544,OK,2026-03-19 15:32:45
544,D:\6S2\Thesis\7 dataset\hama3_split_raw\test\5\0004.raw,2,5,1,3,0,1091,1.8945372104644775,99328,246372,545,OK,2026-03-19 15:32:49
545,D:\6S2\Thesis\7 dataset\hama3_split_raw\test\3\0089.raw,1,3,1,3,1,1092,1.8944191932678223,99328,246372,546,OK,2026-03-19 15:32:53
546,D:\6S2\Thesis\7 dataset\hama3_split_raw\test\5\0054.raw,2,5,1,3,0,1091,1.8943603038787842,99328,246372,547,OK,2026-03-19 15:32:57
547,D:\6S2\Thesis\7 dataset\hama3_split_raw\test\8\0072.raw,3,8,2,5,0,1091,1.8928663730621338,99328,246372,548,OK,2026-03-19 15:33:01
548,D:\6S2\Thesis\7 dataset\hama3_split_raw\test\3\0012.raw,1,3,0,0,0,1092,1.8950846195220947,99328,246372,549,OK,2026-03-19 15:33:04
549,D:\6S2\Thesis\7 dataset\hama3_split_raw\test\8\0041.raw,3,8,0,0,0,1092,1.8923704624176025,99328,246372,550,OK,2026-03-19 15:33:08
550,D:\6S2\Thesis\7 dataset\hama3_split_raw\test\0\0003.raw,0,0,0,0,1,1092,1.8944060802459717,99328,246372,551,OK,2026-03-19 15:33:12
551,D:\6S2\Thesis\7 dataset\hama3_split_raw\test\3\0033.raw,1,3,1,3,1,1092,1.8954088687896729,99328,246372,552,OK,2026-03-19 15:33:16
552,D:\6S2\Thesis\7 dataset\hama3_split_raw\test\5\0003.raw,2,5,3,8,0,1091,1.8948581218719482,99328,246372,553,OK,2026-03-19 15:33:20
553,D:\6S2\Thesis\7 dataset\hama3_split_raw\test\5\0079.raw,2,5,2,5,1,1091,1.8949170112609863,99328,246372,554,OK,2026-03-19 15:33:24
554,D:\6S2\Thesis\7 dataset\hama3_split_raw\test\9\0084.raw,4,9,4,9,1,1091,1.8949644565582275,99328,246372,555,OK,2026-03-19 15:33:28
555,D:\6S2\Thesis\7 dataset\hama3_split_raw\test\0\0048.raw,0,0,0,0,1,1092,1.8948142528533936,99328,246372,556,OK,2026-03-19 15:33:32
556,D:\6S2\Thesis\7 dataset\hama3_split_raw\test\0\0018.raw,0,0,0,0,1,1092,1.8946759700775146,99328,246372,557,OK,2026-03-19 15:33:36
557,D:\6S2\Thesis\7 dataset\hama3_split_raw\test\3\0012.raw,1,3,0,0,0,1091,1.895216941833496,99328,246372,558,OK,2026-03-19 15:33:40
558,D:\6S2\Thesis\7 dataset\hama3_split_raw\test\8\0042.raw,3,8,2,5,0,1092,1.8954856395721436,99328,246372,559,OK,2026-03-19 15:33:43
559,D:\6S2\Thesis\7 dataset\hama3_split_raw\test\3\0095.raw,1,3,3,8,0,1091,1.894237995147705,99328,246372,560,OK,2026-03-19 15:33:47
560,D:\6S2\Thesis\7 dataset\hama3_split_raw\test\5\0024.raw,2,5,2,5,1,1092,1.896254539489746,99328,246372,561,OK,2026-03-19 15:33:51
561,D:\6S2\Thesis\7 dataset\hama3_split_raw\test\0\0007.raw,0,0,3,8,0,1091,1.8953208923339844,99328,246372,562,OK,2026-03-19 15:33:55
562,D:\6S2\Thesis\7 dataset\hama3_split_raw\test\3\0080.raw,1,3,0,0,0,1091,1.8952631950378418,99328,246372,563,OK,2026-03-19 15:33:59
563,D:\6S2\Thesis\7 dataset\hama3_split_raw\test\5\0030.raw,2,5,2,5,1,1092,1.8945043087005615,99328,246372,564,OK,2026-03-19 15:34:03
564,D:\6S2\Thesis\7 dataset\hama3_split_raw\test\9\0083.raw,4,9,1,3,0,1092,1.894944667816162,99328,246372,565,OK,2026-03-19 15:34:07
565,D:\6S2\Thesis\7 dataset\hama3_split_raw\test\3\0075.raw,1,3,1,3,1,1092,1.8954012393951416,99328,246372,566,OK,2026-03-19 15:34:11
566,D:\6S2\Thesis\7 dataset\hama3_split_raw\test\3\0096.raw,1,3,4,9,0,1092,1.8932828903198242,99328,246372,567,OK,2026-03-19 15:34:15
567,D:\6S2\Thesis\7 dataset\hama3_split_raw\test\5\0072.raw,2,5,2,5,1,1092,1.8948702812194824,99328,246372,568,OK,2026-03-19 15:34:19
568,D:\6S2\Thesis\7 dataset\hama3_split_raw\test\0\0047.raw,0,0,1,3,0,1092,1.8946757316589355,99328,246372,569,OK,2026-03-19 15:34:22
569,D:\6S2\Thesis\7 dataset\hama3_split_raw\test\8\0016.raw,3,8,3,8,1,1092,1.894597053527832,99328,246372,570,OK,2026-03-19 15:34:26
570,D:\6S2\Thesis\7 dataset\hama3_split_raw\test\8\0072.raw,3,8,2,5,0,1091,1.8947570323944092,99328,246372,571,OK,2026-03-19 15:34:30
571,D:\6S2\Thesis\7 dataset\hama3_split_raw\test\0\0067.raw,0,0,2,5,0,1091,1.8947525024414062,99328,246372,572,OK,2026-03-19 15:34:34
572,D:\6S2\Thesis\7 dataset\hama3_split_raw\test\0\0085.raw,0,0,1,3,0,1092,1.8952372074127197,99328,246372,573,OK,2026-03-19 15:34:38
573,D:\6S2\Thesis\7 dataset\hama3_split_raw\test\9\0084.raw,4,9,4,9,1,1091,1.8951177597045898,99328,246372,574,OK,2026-03-19 15:34:42
574,D:\6S2\Thesis\7 dataset\hama3_split_raw\test\3\0076.raw,1,3,1,3,1,1092,1.8945729732513428,99328,246372,575,OK,2026-03-19 15:34:46
575,D:\6S2\Thesis\7 dataset\hama3_split_raw\test\9\0069.raw,4,9,1,3,0,1092,1.8945353031158447,99328,246372,576,OK,2026-03-19 15:34:50
576,D:\6S2\Thesis\7 dataset\hama3_split_raw\test\9\0043.raw,4,9,4,9,1,1091,1.89424729347229,99328,246372,577,OK,2026-03-19 15:34:54
577,D:\6S2\Thesis\7 dataset\hama3_split_raw\test\0\0090.raw,0,0,3,8,0,1091,1.8950636386871338,99328,246372,578,OK,2026-03-19 15:34:58
578,D:\6S2\Thesis\7 dataset\hama3_split_raw\test\0\0006.raw,0,0,2,5,0,1091,1.8944408893585205,99328,246372,579,OK,2026-03-19 15:35:01
579,D:\6S2\Thesis\7 dataset\hama3_split_raw\test\5\0076.raw,2,5,2,5,1,1091,1.8952109813690186,99328,246372,580,OK,2026-03-19 15:35:05
580,D:\6S2\Thesis\7 dataset\hama3_split_raw\test\8\0169.raw,3,8,1,3,0,1092,1.895442247390747,99328,246372,581,OK,2026-03-19 15:35:09
581,D:\6S2\Thesis\7 dataset\hama3_split_raw\test\9\0044.raw,4,9,2,5,0,1091,1.8949618339538574,99328,246372,582,OK,2026-03-19 15:35:13
582,D:\6S2\Thesis\7 dataset\hama3_split_raw\test\8\0022.raw,3,8,3,8,1,1091,1.8956427574157715,99328,246372,583,OK,2026-03-19 15:35:17
583,D:\6S2\Thesis\7 dataset\hama3_split_raw\test\8\0089.raw,3,8,3,8,1,1091,1.8950293064117432,99328,246372,584,OK,2026-03-19 15:35:21
584,D:\6S2\Thesis\7 dataset\hama3_split_raw\test\3\0104.raw,1,3,3,8,0,1091,1.89274263381958,99328,246372,585,OK,2026-03-19 15:35:25
585,D:\6S2\Thesis\7 dataset\hama3_split_raw\test\3\0011.raw,1,3,1,3,1,1092,1.895113468170166,99328,246372,586,OK,2026-03-19 15:35:29
586,D:\6S2\Thesis\7 dataset\hama3_split_raw\test\8\0176.raw,3,8,3,8,1,1092,1.8952808380126953,99328,246372,587,OK,2026-03-19 15:35:33
587,D:\6S2\Thesis\7 dataset\hama3_split_raw\test\3\0011.raw,1,3,1,3,1,1092,1.8952670097351074,99328,246372,588,OK,2026-03-19 15:35:37
588,D:\6S2\Thesis\7 dataset\hama3_split_raw\test\9\0086.raw,4,9,1,3,0,1091,1.8946528434753418,99328,246372,589,OK,2026-03-19 15:35:40
589,D:\6S2\Thesis\7 dataset\hama3_split_raw\test\0\0024.raw,0,0,3,8,0,1091,1.8954792022705078,99328,246372,590,OK,2026-03-19 15:35:44
590,D:\6S2\Thesis\7 dataset\hama3_split_raw\test\3\0020.raw,1,3,0,0,0,1092,1.8968524932861328,99328,246372,591,OK,2026-03-19 15:35:48
591,D:\6S2\Thesis\7 dataset\hama3_split_raw\test\3\0014.raw,1,3,2,5,0,1091,1.8948585987091064,99328,246372,592,OK,2026-03-19 15:35:52
592,D:\6S2\Thesis\7 dataset\hama3_split_raw\test\5\0078.raw,2,5,2,5,1,1092,1.8936889171600342,99328,246372,593,OK,2026-03-19 15:35:56
593,D:\6S2\Thesis\7 dataset\hama3_split_raw\test\3\0066.raw,1,3,0,0,0,1091,1.8961334228515625,99328,246372,594,OK,2026-03-19 15:36:00
594,D:\6S2\Thesis\7 dataset\hama3_split_raw\test\5\0000.raw,2,5,2,5,1,1091,1.8953123092651367,99328,246372,595,OK,2026-03-19 15:36:04
595,D:\6S2\Thesis\7 dataset\hama3_split_raw\test\8\0155.raw,3,8,3,8,1,1092,1.8963959217071533,99328,246372,596,OK,2026-03-19 15:36:08
596,D:\6S2\Thesis\7 dataset\hama3_split_raw\test\5\0090.raw,2,5,4,9,0,1092,1.8945891857147217,99328,246372,597,OK,2026-03-19 15:36:12
597,D:\6S2\Thesis\7 dataset\hama3_split_raw\test\9\0030.raw,4,9,0,0,0,1092,1.8928661346435547,99328,246372,598,OK,2026-03-19 15:36:16
598,D:\6S2\Thesis\7 dataset\hama3_split_raw\test\8\0051.raw,3,8,3,8,1,1092,1.8952851295471191,99328,246372,599,OK,2026-03-19 15:36:19
599,D:\6S2\Thesis\7 dataset\hama3_split_raw\test\9\0069.raw,4,9,1,3,0,1092,1.8955984115600586,99328,246372,600,OK,2026-03-19 15:36:23
600,D:\6S2\Thesis\7 dataset\hama3_split_raw\test\8\0158.raw,3,8,2,5,0,1091,1.8945720195770264,99328,246372,601,OK,2026-03-19 15:36:27
601,D:\6S2\Thesis\7 dataset\hama3_split_raw\test\0\0032.raw,0,0,0,0,1,1092,1.894481897354126,99328,246372,602,OK,2026-03-19 15:36:31
602,D:\6S2\Thesis\7 dataset\hama3_split_raw\test\3\0075.raw,1,3,1,3,1,1091,1.8973946571350098,99328,246372,603,OK,2026-03-19 15:36:35
603,D:\6S2\Thesis\7 dataset\hama3_split_raw\test\3\0102.raw,1,3,1,3,1,1092,1.8950738906860352,99328,246372,604,OK,2026-03-19 15:36:39
604,D:\6S2\Thesis\7 dataset\hama3_split_raw\test\8\0072.raw,3,8,2,5,0,1091,1.8946940898895264,99328,246372,605,OK,2026-03-19 15:36:43
605,D:\6S2\Thesis\7 dataset\hama3_split_raw\test\9\0066.raw,4,9,1,3,0,1092,1.8953840732574463,99328,246372,606,OK,2026-03-19 15:36:47
606,D:\6S2\Thesis\7 dataset\hama3_split_raw\test\5\0060.raw,2,5,2,5,1,1091,1.8950345516204834,99328,246372,607,OK,2026-03-19 15:36:51
607,D:\6S2\Thesis\7 dataset\hama3_split_raw\test\9\0006.raw,4,9,2,5,0,1092,1.8946776390075684,99328,246372,608,OK,2026-03-19 15:36:55
608,D:\6S2\Thesis\7 dataset\hama3_split_raw\test\5\0088.raw,2,5,2,5,1,1092,1.8952252864837646,99328,246372,609,OK,2026-03-19 15:36:58
609,D:\6S2\Thesis\7 dataset\hama3_split_raw\test\8\0054.raw,3,8,3,8,1,1091,1.8954625129699707,99328,246372,610,OK,2026-03-19 15:37:02
610,D:\6S2\Thesis\7 dataset\hama3_split_raw\test\0\0054.raw,0,0,0,0,1,1091,1.8933649063110352,99328,246372,611,OK,2026-03-19 15:37:06
611,D:\6S2\Thesis\7 dataset\hama3_split_raw\test\3\0035.raw,1,3,3,8,0,1092,1.8953423500061035,99328,246372,612,OK,2026-03-19 15:37:10
612,D:\6S2\Thesis\7 dataset\hama3_split_raw\test\9\0012.raw,4,9,1,3,0,1092,1.891749620437622,99328,246372,613,OK,2026-03-19 15:37:14
613,D:\6S2\Thesis\7 dataset\hama3_split_raw\test\8\0090.raw,3,8,3,8,1,1091,1.8945362567901611,99328,246372,614,OK,2026-03-19 15:37:18
614,D:\6S2\Thesis\7 dataset\hama3_split_raw\test\0\0001.raw,0,0,3,8,0,1092,1.8940379619598389,99328,246372,615,OK,2026-03-19 15:37:22
615,D:\6S2\Thesis\7 dataset\hama3_split_raw\test\0\0052.raw,0,0,3,8,0,1092,1.8949849605560303,99328,246372,616,OK,2026-03-19 15:37:26
616,D:\6S2\Thesis\7 dataset\hama3_split_raw\test\3\0042.raw,1,3,2,5,0,1091,1.8943490982055664,99328,246372,617,OK,2026-03-19 15:37:30
617,D:\6S2\Thesis\7 dataset\hama3_split_raw\test\0\0080.raw,0,0,0,0,1,1091,1.8945472240447998,99328,246372,618,OK,2026-03-19 15:37:33
618,D:\6S2\Thesis\7 dataset\hama3_split_raw\test\0\0062.raw,0,0,3,8,0,1092,1.8946478366851807,99328,246372,619,OK,2026-03-19 15:37:37
619,D:\6S2\Thesis\7 dataset\hama3_split_raw\test\0\0010.raw,0,0,3,8,0,1092,1.8948695659637451,99328,246372,620,OK,2026-03-19 15:37:41
620,D:\6S2\Thesis\7 dataset\hama3_split_raw\test\0\0070.raw,0,0,3,8,0,1091,1.89491868019104,99328,246372,621,OK,2026-03-19 15:37:45
621,D:\6S2\Thesis\7 dataset\hama3_split_raw\test\8\0078.raw,3,8,3,8,1,1092,1.8921446800231934,99328,246372,622,OK,2026-03-19 15:37:49
622,D:\6S2\Thesis\7 dataset\hama3_split_raw\test\0\0088.raw,0,0,0,0,1,1091,1.8945422172546387,99328,246372,623,OK,2026-03-19 15:37:53
623,D:\6S2\Thesis\7 dataset\hama3_split_raw\test\0\0039.raw,0,0,3,8,0,1092,1.894151210784912,99328,246372,624,OK,2026-03-19 15:37:57
624,D:\6S2\Thesis\7 dataset\hama3_split_raw\test\9\0087.raw,4,9,4,9,1,1091,1.8947649002075195,99328,246372,625,OK,2026-03-19 15:38:01
625,D:\6S2\Thesis\7 dataset\hama3_split_raw\test\8\0115.raw,3,8,1,3,0,1091,1.894486665725708,99328,246372,626,OK,2026-03-19 15:38:05
626,D:\6S2\Thesis\7 dataset\hama3_split_raw\test\8\0138.raw,3,8,3,8,1,1091,1.8949198722839355,99328,246372,627,OK,2026-03-19 15:38:09
627,D:\6S2\Thesis\7 dataset\hama3_split_raw\test\9\0056.raw,4,9,2,5,0,1091,1.8926284313201904,99328,246372,628,OK,2026-03-19 15:38:12
628,D:\6S2\Thesis\7 dataset\hama3_split_raw\test\3\0001.raw,1,3,0,0,0,1091,1.894101619720459,99328,246372,629,OK,2026-03-19 15:38:16
629,D:\6S2\Thesis\7 dataset\hama3_split_raw\test\3\0022.raw,1,3,0,0,0,1092,1.8955252170562744,99328,246372,630,OK,2026-03-19 15:38:20
630,D:\6S2\Thesis\7 dataset\hama3_split_raw\test\5\0017.raw,2,5,3,8,0,1092,1.8962154388427734,99328,246372,631,OK,2026-03-19 15:38:24
631,D:\6S2\Thesis\7 dataset\hama3_split_raw\test\9\0075.raw,4,9,0,0,0,1091,1.8943965435028076,99328,246372,632,OK,2026-03-19 15:38:28
632,D:\6S2\Thesis\7 dataset\hama3_split_raw\test\8\0007.raw,3,8,1,3,0,1091,1.896174669265747,99328,246372,633,OK,2026-03-19 15:38:32
633,D:\6S2\Thesis\7 dataset\hama3_split_raw\test\0\0062.raw,0,0,3,8,0,1091,1.8929598331451416,99328,246372,634,OK,2026-03-19 15:38:36
634,D:\6S2\Thesis\7 dataset\hama3_split_raw\test\8\0112.raw,3,8,2,5,0,1091,1.8948297500610352,99328,246372,635,OK,2026-03-19 15:38:40
635,D:\6S2\Thesis\7 dataset\hama3_split_raw\test\0\0006.raw,0,0,2,5,0,1091,1.8952751159667969,99328,246372,636,OK,2026-03-19 15:38:44
636,D:\6S2\Thesis\7 dataset\hama3_split_raw\test\8\0001.raw,3,8,3,8,1,1091,1.8946332931518555,99328,246372,637,OK,2026-03-19 15:38:48
637,D:\6S2\Thesis\7 dataset\hama3_split_raw\test\8\0163.raw,3,8,3,8,1,1092,1.8950555324554443,99328,246372,638,OK,2026-03-19 15:38:51
638,D:\6S2\Thesis\7 dataset\hama3_split_raw\test\5\0083.raw,2,5,0,0,0,1091,1.894592523574829,99328,246372,639,OK,2026-03-19 15:38:55
639,D:\6S2\Thesis\7 dataset\hama3_split_raw\test\9\0052.raw,4,9,4,9,1,1092,1.896143913269043,99328,246372,640,OK,2026-03-19 15:38:59
640,D:\6S2\Thesis\7 dataset\hama3_split_raw\test\0\0026.raw,0,0,0,0,1,1091,1.8938419818878174,99328,246372,641,OK,2026-03-19 15:39:03
641,D:\6S2\Thesis\7 dataset\hama3_split_raw\test\0\0074.raw,0,0,3,8,0,1092,1.8945937156677246,99328,246372,642,OK,2026-03-19 15:39:07
642,D:\6S2\Thesis\7 dataset\hama3_split_raw\test\3\0002.raw,1,3,3,8,0,1091,1.8948945999145508,99328,246372,643,OK,2026-03-19 15:39:11
643,D:\6S2\Thesis\7 dataset\hama3_split_raw\test\9\0077.raw,4,9,3,8,0,1092,1.8947181701660156,99328,246372,644,OK,2026-03-19 15:39:15
644,D:\6S2\Thesis\7 dataset\hama3_split_raw\test\5\0064.raw,2,5,0,0,0,1091,1.8943700790405273,99328,246372,645,OK,2026-03-19 15:39:19
645,D:\6S2\Thesis\7 dataset\hama3_split_raw\test\5\0010.raw,2,5,3,8,0,1091,1.8946611881256104,99328,246372,646,OK,2026-03-19 15:39:23
646,D:\6S2\Thesis\7 dataset\hama3_split_raw\test\0\0017.raw,0,0,1,3,0,1091,1.8937804698944092,99328,246372,647,OK,2026-03-19 15:39:26
647,D:\6S2\Thesis\7 dataset\hama3_split_raw\test\3\0004.raw,1,3,1,3,1,1091,1.8950152397155762,99328,246372,648,OK,2026-03-19 15:39:30
648,D:\6S2\Thesis\7 dataset\hama3_split_raw\test\9\0009.raw,4,9,1,3,0,1091,1.8963725566864014,99328,246372,649,OK,2026-03-19 15:39:34
649,D:\6S2\Thesis\7 dataset\hama3_split_raw\test\0\0017.raw,0,0,1,3,0,1092,1.894627571105957,99328,246372,650,OK,2026-03-19 15:39:38
650,D:\6S2\Thesis\7 dataset\hama3_split_raw\test\9\0050.raw,4,9,2,5,0,1092,1.8946278095245361,99328,246372,651,OK,2026-03-19 15:39:42
651,D:\6S2\Thesis\7 dataset\hama3_split_raw\test\5\0019.raw,2,5,2,5,1,1092,1.8942723274230957,99328,246372,652,OK,2026-03-19 15:39:46
652,D:\6S2\Thesis\7 dataset\hama3_split_raw\test\3\0078.raw,1,3,1,3,1,1092,1.894291877746582,99328,246372,653,OK,2026-03-19 15:39:50
653,D:\6S2\Thesis\7 dataset\hama3_split_raw\test\9\0099.raw,4,9,3,8,0,1091,1.8944337368011475,99328,246372,654,OK,2026-03-19 15:39:54
654,D:\6S2\Thesis\7 dataset\hama3_split_raw\test\3\0074.raw,1,3,3,8,0,1092,1.8924753665924072,99328,246372,655,OK,2026-03-19 15:39:58
655,D:\6S2\Thesis\7 dataset\hama3_split_raw\test\9\0070.raw,4,9,1,3,0,1092,1.8965439796447754,99328,246372,656,OK,2026-03-19 15:40:02
656,D:\6S2\Thesis\7 dataset\hama3_split_raw\test\5\0011.raw,2,5,2,5,1,1092,1.893984079360962,99328,246372,657,OK,2026-03-19 15:40:05
657,D:\6S2\Thesis\7 dataset\hama3_split_raw\test\5\0085.raw,2,5,2,5,1,1091,1.8958563804626465,99328,246372,658,OK,2026-03-19 15:40:09
658,D:\6S2\Thesis\7 dataset\hama3_split_raw\test\0\0065.raw,0,0,0,0,1,1092,1.8936727046966553,99328,246372,659,OK,2026-03-19 15:40:13
659,D:\6S2\Thesis\7 dataset\hama3_split_raw\test\8\0178.raw,3,8,3,8,1,1092,1.8937757015228271,99328,246372,660,OK,2026-03-19 15:40:17
660,D:\6S2\Thesis\7 dataset\hama3_split_raw\test\5\0055.raw,2,5,2,5,1,1092,1.895005702972412,99328,246372,661,OK,2026-03-19 15:40:21
661,D:\6S2\Thesis\7 dataset\hama3_split_raw\test\3\0091.raw,1,3,0,0,0,1091,1.8940718173980713,99328,246372,662,OK,2026-03-19 15:40:25
662,D:\6S2\Thesis\7 dataset\hama3_split_raw\test\3\0083.raw,1,3,4,9,0,1092,1.8941693305969238,99328,246372,663,OK,2026-03-19 15:40:29
663,D:\6S2\Thesis\7 dataset\hama3_split_raw\test\8\0023.raw,3,8,3,8,1,1091,1.8946716785430908,99328,246372,664,OK,2026-03-19 15:40:33
664,D:\6S2\Thesis\7 dataset\hama3_split_raw\test\3\0060.raw,1,3,1,3,1,1091,1.8941094875335693,99328,246372,665,OK,2026-03-19 15:40:37
665,D:\6S2\Thesis\7 dataset\hama3_split_raw\test\5\0043.raw,2,5,3,8,0,1091,1.8945908546447754,99328,246372,666,OK,2026-03-19 15:40:41
666,D:\6S2\Thesis\7 dataset\hama3_split_raw\test\8\0120.raw,3,8,0,0,0,1092,1.8936855792999268,99328,246372,667,OK,2026-03-19 15:40:44
667,D:\6S2\Thesis\7 dataset\hama3_split_raw\test\3\0023.raw,1,3,1,3,1,1092,1.8947410583496094,99328,246372,668,OK,2026-03-19 15:40:48
668,D:\6S2\Thesis\7 dataset\hama3_split_raw\test\9\0018.raw,4,9,4,9,1,1092,1.8943994045257568,99328,246372,669,OK,2026-03-19 15:40:52
669,D:\6S2\Thesis\7 dataset\hama3_split_raw\test\9\0038.raw,4,9,1,3,0,1091,1.8949625492095947,99328,246372,670,OK,2026-03-19 15:40:56
670,D:\6S2\Thesis\7 dataset\hama3_split_raw\test\9\0093.raw,4,9,4,9,1,1092,1.8939166069030762,99328,246372,671,OK,2026-03-19 15:41:00
671,D:\6S2\Thesis\7 dataset\hama3_split_raw\test\9\0039.raw,4,9,2,5,0,1091,1.894554615020752,99328,246372,672,OK,2026-03-19 15:41:04
672,D:\6S2\Thesis\7 dataset\hama3_split_raw\test\0\0014.raw,0,0,0,0,1,1091,1.8946311473846436,99328,246372,673,OK,2026-03-19 15:41:08
673,D:\6S2\Thesis\7 dataset\hama3_split_raw\test\5\0105.raw,2,5,3,8,0,1092,1.8962335586547852,99328,246372,674,OK,2026-03-19 15:41:12
674,D:\6S2\Thesis\7 dataset\hama3_split_raw\test\3\0032.raw,1,3,1,3,1,1091,1.894369125366211,99328,246372,675,OK,2026-03-19 15:41:16
675,D:\6S2\Thesis\7 dataset\hama3_split_raw\test\3\0006.raw,1,3,1,3,1,1092,1.8945198059082031,99328,246372,676,OK,2026-03-19 15:41:20
676,D:\6S2\Thesis\7 dataset\hama3_split_raw\test\8\0037.raw,3,8,1,3,0,1092,1.893738031387329,99328,246372,677,OK,2026-03-19 15:41:23
677,D:\6S2\Thesis\7 dataset\hama3_split_raw\test\5\0062.raw,2,5,2,5,1,1092,1.8945739269256592,99328,246372,678,OK,2026-03-19 15:41:27
678,D:\6S2\Thesis\7 dataset\hama3_split_raw\test\0\0028.raw,0,0,0,0,1,1092,1.8941032886505127,99328,246372,679,OK,2026-03-19 15:41:31
679,D:\6S2\Thesis\7 dataset\hama3_split_raw\test\0\0007.raw,0,0,3,8,0,1092,1.894810676574707,99328,246372,680,OK,2026-03-19 15:41:35
680,D:\6S2\Thesis\7 dataset\hama3_split_raw\test\0\0061.raw,0,0,0,0,1,1091,1.8945341110229492,99328,246372,681,OK,2026-03-19 15:41:39
681,D:\6S2\Thesis\7 dataset\hama3_split_raw\test\9\0044.raw,4,9,2,5,0,1092,1.8946154117584229,99328,246372,682,OK,2026-03-19 15:41:43
682,D:\6S2\Thesis\7 dataset\hama3_split_raw\test\8\0124.raw,3,8,3,8,1,1091,1.8935670852661133,99328,246372,683,OK,2026-03-19 15:41:47
683,D:\6S2\Thesis\7 dataset\hama3_split_raw\test\3\0004.raw,1,3,1,3,1,1091,1.89216947555542,99328,246372,684,OK,2026-03-19 15:41:51
684,D:\6S2\Thesis\7 dataset\hama3_split_raw\test\5\0074.raw,2,5,2,5,1,1091,1.8943207263946533,99328,246372,685,OK,2026-03-19 15:41:55
685,D:\6S2\Thesis\7 dataset\hama3_split_raw\test\3\0026.raw,1,3,4,9,0,1091,1.8945519924163818,99328,246372,686,OK,2026-03-19 15:41:58
686,D:\6S2\Thesis\7 dataset\hama3_split_raw\test\9\0060.raw,4,9,4,9,1,1091,1.894141435623169,99328,246372,687,OK,2026-03-19 15:42:02
687,D:\6S2\Thesis\7 dataset\hama3_split_raw\test\5\0059.raw,2,5,1,3,0,1091,1.895491361618042,99328,246372,688,OK,2026-03-19 15:42:06
688,D:\6S2\Thesis\7 dataset\hama3_split_raw\test\5\0003.raw,2,5,3,8,0,1091,1.8927943706512451,99328,246372,689,OK,2026-03-19 15:42:10
689,D:\6S2\Thesis\7 dataset\hama3_split_raw\test\5\0006.raw,2,5,2,5,1,1091,1.8943772315979004,99328,246372,690,OK,2026-03-19 15:42:14
690,D:\6S2\Thesis\7 dataset\hama3_split_raw\test\0\0043.raw,0,0,3,8,0,1091,1.8943264484405518,99328,246372,691,OK,2026-03-19 15:42:18
691,D:\6S2\Thesis\7 dataset\hama3_split_raw\test\0\0020.raw,0,0,4,9,0,1091,1.8943915367126465,99328,246372,692,OK,2026-03-19 15:42:22
692,D:\6S2\Thesis\7 dataset\hama3_split_raw\test\8\0122.raw,3,8,3,8,1,1091,1.8951356410980225,99328,246372,693,OK,2026-03-19 15:42:26
693,D:\6S2\Thesis\7 dataset\hama3_split_raw\test\3\0071.raw,1,3,1,3,1,1091,1.8939688205718994,99328,246372,694,OK,2026-03-19 15:42:30
694,D:\6S2\Thesis\7 dataset\hama3_split_raw\test\5\0076.raw,2,5,2,5,1,1091,1.8945436477661133,99328,246372,695,OK,2026-03-19 15:42:34
695,D:\6S2\Thesis\7 dataset\hama3_split_raw\test\3\0044.raw,1,3,3,8,0,1091,1.894026756286621,99328,246372,696,OK,2026-03-19 15:42:37
696,D:\6S2\Thesis\7 dataset\hama3_split_raw\test\9\0047.raw,4,9,0,0,0,1092,1.8945708274841309,99328,246372,697,OK,2026-03-19 15:42:41
697,D:\6S2\Thesis\7 dataset\hama3_split_raw\test\0\0048.raw,0,0,0,0,1,1091,1.8944778442382812,99328,246372,698,OK,2026-03-19 15:42:45
698,D:\6S2\Thesis\7 dataset\hama3_split_raw\test\0\0077.raw,0,0,3,8,0,1091,1.8944687843322754,99328,246372,699,OK,2026-03-19 15:42:49
699,D:\6S2\Thesis\7 dataset\hama3_split_raw\test\0\0023.raw,0,0,0,0,1,1091,1.89402174949646,99328,246372,700,OK,2026-03-19 15:42:53
700,D:\6S2\Thesis\7 dataset\hama3_split_raw\test\0\0017.raw,0,0,1,3,0,1092,1.8943982124328613,99328,246372,701,OK,2026-03-19 15:42:57
701,D:\6S2\Thesis\7 dataset\hama3_split_raw\test\8\0077.raw,3,8,3,8,1,1092,1.8956985473632812,99328,246372,702,OK,2026-03-19 15:43:01
702,D:\6S2\Thesis\7 dataset\hama3_split_raw\test\8\0003.raw,3,8,3,8,1,1091,1.8938915729522705,99328,246372,703,OK,2026-03-19 15:43:05
703,D:\6S2\Thesis\7 dataset\hama3_split_raw\test\0\0002.raw,0,0,0,0,1,1091,1.8940489292144775,99328,246372,704,OK,2026-03-19 15:43:09
704,D:\6S2\Thesis\7 dataset\hama3_split_raw\test\5\0051.raw,2,5,2,5,1,1092,1.8947880268096924,99328,246372,705,OK,2026-03-19 15:43:13
705,D:\6S2\Thesis\7 dataset\hama3_split_raw\test\5\0102.raw,2,5,2,5,1,1092,1.8945119380950928,99328,246372,706,OK,2026-03-19 15:43:16
706,D:\6S2\Thesis\7 dataset\hama3_split_raw\test\8\0124.raw,3,8,3,8,1,1092,1.8953423500061035,99328,246372,707,OK,2026-03-19 15:43:20
707,D:\6S2\Thesis\7 dataset\hama3_split_raw\test\9\0067.raw,4,9,4,9,1,1092,1.8947029113769531,99328,246372,708,OK,2026-03-19 15:43:24
708,D:\6S2\Thesis\7 dataset\hama3_split_raw\test\8\0118.raw,3,8,3,8,1,1092,1.8952319622039795,99328,246372,709,OK,2026-03-19 15:43:28
709,D:\6S2\Thesis\7 dataset\hama3_split_raw\test\9\0005.raw,4,9,2,5,0,1091,1.891270637512207,99328,246372,710,OK,2026-03-19 15:43:32
710,D:\6S2\Thesis\7 dataset\hama3_split_raw\test\5\0066.raw,2,5,2,5,1,1091,1.8939883708953857,99328,246372,711,OK,2026-03-19 15:43:36
711,D:\6S2\Thesis\7 dataset\hama3_split_raw\test\8\0129.raw,3,8,3,8,1,1091,1.8956892490386963,99328,246372,712,OK,2026-03-19 15:43:40
712,D:\6S2\Thesis\7 dataset\hama3_split_raw\test\3\0078.raw,1,3,1,3,1,1091,1.8966186046600342,99328,246372,713,OK,2026-03-19 15:43:44
713,D:\6S2\Thesis\7 dataset\hama3_split_raw\test\0\0073.raw,0,0,3,8,0,1091,1.8944764137268066,99328,246372,714,OK,2026-03-19 15:43:48
714,D:\6S2\Thesis\7 dataset\hama3_split_raw\test\5\0078.raw,2,5,2,5,1,1092,1.894895315170288,99328,246372,715,OK,2026-03-19 15:43:51
715,D:\6S2\Thesis\7 dataset\hama3_split_raw\test\9\0084.raw,4,9,4,9,1,1092,1.8939955234527588,99328,246372,716,OK,2026-03-19 15:43:55
716,D:\6S2\Thesis\7 dataset\hama3_split_raw\test\3\0095.raw,1,3,3,8,0,1092,1.894188404083252,99328,246372,717,OK,2026-03-19 15:43:59
717,D:\6S2\Thesis\7 dataset\hama3_split_raw\test\9\0045.raw,4,9,1,3,0,1091,1.8946912288665771,99328,246372,718,OK,2026-03-19 15:44:03
718,D:\6S2\Thesis\7 dataset\hama3_split_raw\test\8\0148.raw,3,8,3,8,1,1092,1.8942031860351562,99328,246372,719,OK,2026-03-19 15:44:07
719,D:\6S2\Thesis\7 dataset\hama3_split_raw\test\5\0022.raw,2,5,2,5,1,1092,1.8945412635803223,99328,246372,720,OK,2026-03-19 15:44:11
720,D:\6S2\Thesis\7 dataset\hama3_split_raw\test\0\0017.raw,0,0,1,3,0,1091,1.894451379776001,99328,246372,721,OK,2026-03-19 15:44:15
721,D:\6S2\Thesis\7 dataset\hama3_split_raw\test\0\0070.raw,0,0,3,8,0,1091,1.8910014629364014,99328,246372,722,OK,2026-03-19 15:44:19
722,D:\6S2\Thesis\7 dataset\hama3_split_raw\test\5\0032.raw,2,5,3,8,0,1091,1.8931872844696045,99328,246372,723,OK,2026-03-19 15:44:23
723,D:\6S2\Thesis\7 dataset\hama3_split_raw\test\3\0047.raw,1,3,1,3,1,1092,1.8943662643432617,99328,246372,724,OK,2026-03-19 15:44:27
724,D:\6S2\Thesis\7 dataset\hama3_split_raw\test\9\0064.raw,4,9,2,5,0,1091,1.893021583557129,99328,246372,725,OK,2026-03-19 15:44:30
725,D:\6S2\Thesis\7 dataset\hama3_split_raw\test\0\0044.raw,0,0,3,8,0,1092,1.8944857120513916,99328,246372,726,OK,2026-03-19 15:44:34
726,D:\6S2\Thesis\7 dataset\hama3_split_raw\test\5\0038.raw,2,5,2,5,1,1091,1.8948707580566406,99328,246372,727,OK,2026-03-19 15:44:38
727,D:\6S2\Thesis\7 dataset\hama3_split_raw\test\3\0049.raw,1,3,3,8,0,1091,1.894789218902588,99328,246372,728,OK,2026-03-19 15:44:42
728,D:\6S2\Thesis\7 dataset\hama3_split_raw\test\8\0129.raw,3,8,3,8,1,1091,1.8948109149932861,99328,246372,729,OK,2026-03-19 15:44:46
729,D:\6S2\Thesis\7 dataset\hama3_split_raw\test\0\0018.raw,0,0,0,0,1,1092,1.8950486183166504,99328,246372,730,OK,2026-03-19 15:44:50
730,D:\6S2\Thesis\7 dataset\hama3_split_raw\test\3\0019.raw,1,3,1,3,1,1092,1.8959877490997314,99328,246372,731,OK,2026-03-19 15:44:54
731,D:\6S2\Thesis\7 dataset\hama3_split_raw\test\0\0019.raw,0,0,0,0,1,1091,1.892164945602417,99328,246372,732,OK,2026-03-19 15:44:58
732,D:\6S2\Thesis\7 dataset\hama3_split_raw\test\0\0064.raw,0,0,3,8,0,1092,1.8944153785705566,99328,246372,733,OK,2026-03-19 15:45:02
733,D:\6S2\Thesis\7 dataset\hama3_split_raw\test\8\0165.raw,3,8,3,8,1,1091,1.8946332931518555,99328,246372,734,OK,2026-03-19 15:45:06
734,D:\6S2\Thesis\7 dataset\hama3_split_raw\test\5\0076.raw,2,5,2,5,1,1091,1.8942341804504395,99328,246372,735,OK,2026-03-19 15:45:09
735,D:\6S2\Thesis\7 dataset\hama3_split_raw\test\8\0114.raw,3,8,3,8,1,1091,1.892749309539795,99328,246372,736,OK,2026-03-19 15:45:13
736,D:\6S2\Thesis\7 dataset\hama3_split_raw\test\9\0052.raw,4,9,4,9,1,1091,1.89353346824646,99328,246372,737,OK,2026-03-19 15:45:17
737,D:\6S2\Thesis\7 dataset\hama3_split_raw\test\3\0054.raw,1,3,0,0,0,1092,1.8942997455596924,99328,246372,738,OK,2026-03-19 15:45:21
738,D:\6S2\Thesis\7 dataset\hama3_split_raw\test\0\0078.raw,0,0,0,0,1,1092,1.891749620437622,99328,246372,739,OK,2026-03-19 15:45:25
739,D:\6S2\Thesis\7 dataset\hama3_split_raw\test\9\0046.raw,4,9,2,5,0,1091,1.8933429718017578,99328,246372,740,OK,2026-03-19 15:45:29
740,D:\6S2\Thesis\7 dataset\hama3_split_raw\test\0\0068.raw,0,0,1,3,0,1092,1.8949551582336426,99328,246372,741,OK,2026-03-19 15:45:33
741,D:\6S2\Thesis\7 dataset\hama3_split_raw\test\3\0094.raw,1,3,1,3,1,1091,1.8946921825408936,99328,246372,742,OK,2026-03-19 15:45:37
742,D:\6S2\Thesis\7 dataset\hama3_split_raw\test\8\0086.raw,3,8,2,5,0,1091,1.892225980758667,99328,246372,743,OK,2026-03-19 15:45:41
743,D:\6S2\Thesis\7 dataset\hama3_split_raw\test\9\0102.raw,4,9,2,5,0,1091,1.895308256149292,99328,246372,744,OK,2026-03-19 15:45:44
744,D:\6S2\Thesis\7 dataset\hama3_split_raw\test\3\0098.raw,1,3,3,8,0,1091,1.8917160034179688,99328,246372,745,OK,2026-03-19 15:45:48
745,D:\6S2\Thesis\7 dataset\hama3_split_raw\test\8\0024.raw,3,8,3,8,1,1091,1.8930530548095703,99328,246372,746,OK,2026-03-19 15:45:52
746,D:\6S2\Thesis\7 dataset\hama3_split_raw\test\5\0100.raw,2,5,2,5,1,1092,1.8948421478271484,99328,246372,747,OK,2026-03-19 15:45:56
747,D:\6S2\Thesis\7 dataset\hama3_split_raw\test\8\0144.raw,3,8,0,0,0,1092,1.8939056396484375,99328,246372,748,OK,2026-03-19 15:46:00
748,D:\6S2\Thesis\7 dataset\hama3_split_raw\test\0\0023.raw,0,0,0,0,1,1092,1.8947668075561523,99328,246372,749,OK,2026-03-19 15:46:04
749,D:\6S2\Thesis\7 dataset\hama3_split_raw\test\9\0049.raw,4,9,0,0,0,1092,1.8944754600524902,99328,246372,750,OK,2026-03-19 15:46:08
750,D:\6S2\Thesis\7 dataset\hama3_split_raw\test\9\0016.raw,4,9,1,3,0,1091,1.8952667713165283,99328,246372,751,OK,2026-03-19 15:46:12
751,D:\6S2\Thesis\7 dataset\hama3_split_raw\test\3\0056.raw,1,3,4,9,0,1091,1.895061731338501,99328,246372,752,OK,2026-03-19 15:46:16
752,D:\6S2\Thesis\7 dataset\hama3_split_raw\test\0\0068.raw,0,0,1,3,0,1091,1.8925344944000244,99328,246372,753,OK,2026-03-19 15:46:20
753,D:\6S2\Thesis\7 dataset\hama3_split_raw\test\0\0035.raw,0,0,0,0,1,1092,1.8951427936553955,99328,246372,754,OK,2026-03-19 15:46:23
754,D:\6S2\Thesis\7 dataset\hama3_split_raw\test\0\0042.raw,0,0,0,0,1,1092,1.892871379852295,99328,246372,755,OK,2026-03-19 15:46:27
755,D:\6S2\Thesis\7 dataset\hama3_split_raw\test\3\0046.raw,1,3,4,9,0,1091,1.8966829776763916,99328,246372,756,OK,2026-03-19 15:46:31
756,D:\6S2\Thesis\7 dataset\hama3_split_raw\test\0\0067.raw,0,0,2,5,0,1091,1.8942062854766846,99328,246372,757,OK,2026-03-19 15:46:35
757,D:\6S2\Thesis\7 dataset\hama3_split_raw\test\8\0061.raw,3,8,0,0,0,1092,1.8939228057861328,99328,246372,758,OK,2026-03-19 15:46:39
758,D:\6S2\Thesis\7 dataset\hama3_split_raw\test\5\0037.raw,2,5,2,5,1,1091,1.8946094512939453,99328,246372,759,OK,2026-03-19 15:46:43
759,D:\6S2\Thesis\7 dataset\hama3_split_raw\test\8\0044.raw,3,8,3,8,1,1091,1.8926572799682617,99328,246372,760,OK,2026-03-19 15:46:47
760,D:\6S2\Thesis\7 dataset\hama3_split_raw\test\0\0075.raw,0,0,3,8,0,1091,1.8944613933563232,99328,246372,761,OK,2026-03-19 15:46:51
761,D:\6S2\Thesis\7 dataset\hama3_split_raw\test\3\0089.raw,1,3,1,3,1,1091,1.891723394393921,99328,246372,762,OK,2026-03-19 15:46:55
762,D:\6S2\Thesis\7 dataset\hama3_split_raw\test\3\0091.raw,1,3,0,0,0,1091,1.892502784729004,99328,246372,763,OK,2026-03-19 15:46:58
763,D:\6S2\Thesis\7 dataset\hama3_split_raw\test\3\0029.raw,1,3,0,0,0,1091,1.8941609859466553,99328,246372,764,OK,2026-03-19 15:47:02
764,D:\6S2\Thesis\7 dataset\hama3_split_raw\test\3\0002.raw,1,3,3,8,0,1092,1.895993947982788,99328,246372,765,OK,2026-03-19 15:47:06
765,D:\6S2\Thesis\7 dataset\hama3_split_raw\test\5\0086.raw,2,5,3,8,0,1091,1.8934519290924072,99328,246372,766,OK,2026-03-19 15:47:10
766,D:\6S2\Thesis\7 dataset\hama3_split_raw\test\3\0073.raw,1,3,1,3,1,1091,1.8946442604064941,99328,246372,767,OK,2026-03-19 15:47:14
767,D:\6S2\Thesis\7 dataset\hama3_split_raw\test\8\0094.raw,3,8,3,8,1,1092,1.8940060138702393,99328,246372,768,OK,2026-03-19 15:47:18
768,D:\6S2\Thesis\7 dataset\hama3_split_raw\test\0\0048.raw,0,0,0,0,1,1091,1.8941609859466553,99328,246372,769,OK,2026-03-19 15:47:22
769,D:\6S2\Thesis\7 dataset\hama3_split_raw\test\5\0006.raw,2,5,2,5,1,1091,1.8944523334503174,99328,246372,770,OK,2026-03-19 15:47:26
770,D:\6S2\Thesis\7 dataset\hama3_split_raw\test\5\0028.raw,2,5,2,5,1,1091,1.89485764503479,99328,246372,771,OK,2026-03-19 15:47:30
771,D:\6S2\Thesis\7 dataset\hama3_split_raw\test\3\0017.raw,1,3,1,3,1,1091,1.8913989067077637,99328,246372,772,OK,2026-03-19 15:47:34
772,D:\6S2\Thesis\7 dataset\hama3_split_raw\test\9\0089.raw,4,9,3,8,0,1091,1.8934366703033447,99328,246372,773,OK,2026-03-19 15:47:37
773,D:\6S2\Thesis\7 dataset\hama3_split_raw\test\8\0071.raw,3,8,3,8,1,1092,1.8965764045715332,99328,246372,774,OK,2026-03-19 15:47:41
774,D:\6S2\Thesis\7 dataset\hama3_split_raw\test\3\0075.raw,1,3,1,3,1,1091,1.8945329189300537,99328,246372,775,OK,2026-03-19 15:47:45
775,D:\6S2\Thesis\7 dataset\hama3_split_raw\test\9\0066.raw,4,9,1,3,0,1092,1.8936669826507568,99328,246372,776,OK,2026-03-19 15:47:49
776,D:\6S2\Thesis\7 dataset\hama3_split_raw\test\3\0061.raw,1,3,0,0,0,1091,1.894157886505127,99328,246372,777,OK,2026-03-19 15:47:53
777,D:\6S2\Thesis\7 dataset\hama3_split_raw\test\8\0013.raw,3,8,3,8,1,1092,1.8922746181488037,99328,246372,778,OK,2026-03-19 15:47:57
778,D:\6S2\Thesis\7 dataset\hama3_split_raw\test\0\0075.raw,0,0,3,8,0,1091,1.8950066566467285,99328,246372,779,OK,2026-03-19 15:48:01
779,D:\6S2\Thesis\7 dataset\hama3_split_raw\test\0\0072.raw,0,0,2,5,0,1092,1.8944075107574463,99328,246372,780,OK,2026-03-19 15:48:05
780,D:\6S2\Thesis\7 dataset\hama3_split_raw\test\9\0030.raw,4,9,0,0,0,1092,1.8948044776916504,99328,246372,781,OK,2026-03-19 15:48:09
781,D:\6S2\Thesis\7 dataset\hama3_split_raw\test\5\0109.raw,2,5,2,5,1,1092,1.8949880599975586,99328,246372,782,OK,2026-03-19 15:48:13
782,D:\6S2\Thesis\7 dataset\hama3_split_raw\test\3\0057.raw,1,3,2,5,0,1091,1.8933615684509277,99328,246372,783,OK,2026-03-19 15:48:16
783,D:\6S2\Thesis\7 dataset\hama3_split_raw\test\8\0093.raw,3,8,3,8,1,1091,1.894345760345459,99328,246372,784,OK,2026-03-19 15:48:20
784,D:\6S2\Thesis\7 dataset\hama3_split_raw\test\5\0079.raw,2,5,2,5,1,1091,1.8942146301269531,99328,246372,785,OK,2026-03-19 15:48:24
785,D:\6S2\Thesis\7 dataset\hama3_split_raw\test\8\0044.raw,3,8,3,8,1,1092,1.8945574760437012,99328,246372,786,OK,2026-03-19 15:48:28
786,D:\6S2\Thesis\7 dataset\hama3_split_raw\test\0\0063.raw,0,0,0,0,1,1092,1.8927421569824219,99328,246372,787,OK,2026-03-19 15:48:32
787,D:\6S2\Thesis\7 dataset\hama3_split_raw\test\0\0071.raw,0,0,0,0,1,1091,1.8945643901824951,99328,246372,788,OK,2026-03-19 15:48:36
788,D:\6S2\Thesis\7 dataset\hama3_split_raw\test\5\0026.raw,2,5,2,5,1,1092,1.8927099704742432,99328,246372,789,OK,2026-03-19 15:48:40
789,D:\6S2\Thesis\7 dataset\hama3_split_raw\test\9\0089.raw,4,9,3,8,0,1092,1.8944721221923828,99328,246372,790,OK,2026-03-19 15:48:44
790,D:\6S2\Thesis\7 dataset\hama3_split_raw\test\3\0077.raw,1,3,1,3,1,1091,1.8954777717590332,99328,246372,791,OK,2026-03-19 15:48:48
791,D:\6S2\Thesis\7 dataset\hama3_split_raw\test\0\0045.raw,0,0,0,0,1,1092,1.895087480545044,99328,246372,792,OK,2026-03-19 15:48:51
792,D:\6S2\Thesis\7 dataset\hama3_split_raw\test\9\0102.raw,4,9,2,5,0,1091,1.894566535949707,99328,246372,793,OK,2026-03-19 15:48:55
793,D:\6S2\Thesis\7 dataset\hama3_split_raw\test\5\0074.raw,2,5,2,5,1,1091,1.8943307399749756,99328,246372,794,OK,2026-03-19 15:48:59
794,D:\6S2\Thesis\7 dataset\hama3_split_raw\test\5\0009.raw,2,5,2,5,1,1092,1.8939886093139648,99328,246372,795,OK,2026-03-19 15:49:03
795,D:\6S2\Thesis\7 dataset\hama3_split_raw\test\3\0009.raw,1,3,1,3,1,1092,1.8946564197540283,99328,246372,796,OK,2026-03-19 15:49:07
796,D:\6S2\Thesis\7 dataset\hama3_split_raw\test\5\0035.raw,2,5,0,0,0,1091,1.8947560787200928,99328,246372,797,OK,2026-03-19 15:49:11
797,D:\6S2\Thesis\7 dataset\hama3_split_raw\test\8\0108.raw,3,8,3,8,1,1091,1.8953137397766113,99328,246372,798,OK,2026-03-19 15:49:15
798,D:\6S2\Thesis\7 dataset\hama3_split_raw\test\8\0045.raw,3,8,1,3,0,1092,1.894655466079712,99328,246372,799,OK,2026-03-19 15:49:19
799,D:\6S2\Thesis\7 dataset\hama3_split_raw\test\0\0045.raw,0,0,0,0,1,1092,1.8943147659301758,99328,246372,800,OK,2026-03-19 15:49:23
800,D:\6S2\Thesis\7 dataset\hama3_split_raw\test\3\0094.raw,1,3,1,3,1,1091,1.894040584564209,99328,246372,801,OK,2026-03-19 15:49:27
801,D:\6S2\Thesis\7 dataset\hama3_split_raw\test\8\0013.raw,3,8,3,8,1,1091,1.8947064876556396,99328,246372,802,OK,2026-03-19 15:49:30
802,D:\6S2\Thesis\7 dataset\hama3_split_raw\test\5\0113.raw,2,5,2,5,1,1091,1.8945114612579346,99328,246372,803,OK,2026-03-19 15:49:34
803,D:\6S2\Thesis\7 dataset\hama3_split_raw\test\5\0029.raw,2,5,2,5,1,1091,1.8948194980621338,99328,246372,804,OK,2026-03-19 15:49:38
804,D:\6S2\Thesis\7 dataset\hama3_split_raw\test\3\0001.raw,1,3,0,0,0,1092,1.8945715427398682,99328,246372,805,OK,2026-03-19 15:49:42
805,D:\6S2\Thesis\7 dataset\hama3_split_raw\test\0\0003.raw,0,0,0,0,1,1091,1.8944752216339111,99328,246372,806,OK,2026-03-19 15:49:46
806,D:\6S2\Thesis\7 dataset\hama3_split_raw\test\8\0174.raw,3,8,3,8,1,1091,1.894087314605713,99328,246372,807,OK,2026-03-19 15:49:50
807,D:\6S2\Thesis\7 dataset\hama3_split_raw\test\9\0077.raw,4,9,3,8,0,1092,1.8942956924438477,99328,246372,808,OK,2026-03-19 15:49:54
808,D:\6S2\Thesis\7 dataset\hama3_split_raw\test\5\0050.raw,2,5,2,5,1,1091,1.891516923904419,99328,246372,809,OK,2026-03-19 15:49:58
809,D:\6S2\Thesis\7 dataset\hama3_split_raw\test\5\0059.raw,2,5,1,3,0,1092,1.894094705581665,99328,246372,810,OK,2026-03-19 15:50:02
810,D:\6S2\Thesis\7 dataset\hama3_split_raw\test\0\0043.raw,0,0,3,8,0,1091,1.8931033611297607,99328,246372,811,OK,2026-03-19 15:50:06
811,D:\6S2\Thesis\7 dataset\hama3_split_raw\test\8\0038.raw,3,8,2,5,0,1092,1.8917045593261719,99328,246372,812,OK,2026-03-19 15:50:09
812,D:\6S2\Thesis\7 dataset\hama3_split_raw\test\3\0051.raw,1,3,1,3,1,1092,1.8926613330841064,99328,246372,813,OK,2026-03-19 15:50:13
813,D:\6S2\Thesis\7 dataset\hama3_split_raw\test\8\0144.raw,3,8,0,0,0,1092,1.8923940658569336,99328,246372,814,OK,2026-03-19 15:50:17
814,D:\6S2\Thesis\7 dataset\hama3_split_raw\test\8\0047.raw,3,8,0,0,0,1092,1.8916351795196533,99328,246372,815,OK,2026-03-19 15:50:21
815,D:\6S2\Thesis\7 dataset\hama3_split_raw\test\5\0014.raw,2,5,2,5,1,1092,1.894472599029541,99328,246372,816,OK,2026-03-19 15:50:25
816,D:\6S2\Thesis\7 dataset\hama3_split_raw\test\0\0081.raw,0,0,3,8,0,1091,1.8920292854309082,99328,246372,817,OK,2026-03-19 15:50:29
817,D:\6S2\Thesis\7 dataset\hama3_split_raw\test\0\0078.raw,0,0,0,0,1,1092,1.896364688873291,99328,246372,818,OK,2026-03-19 15:50:33
818,D:\6S2\Thesis\7 dataset\hama3_split_raw\test\9\0019.raw,4,9,0,0,0,1091,1.8943023681640625,99328,246372,819,OK,2026-03-19 15:50:37
819,D:\6S2\Thesis\7 dataset\hama3_split_raw\test\8\0148.raw,3,8,3,8,1,1092,1.8937044143676758,99328,246372,820,OK,2026-03-19 15:50:41
820,D:\6S2\Thesis\7 dataset\hama3_split_raw\test\8\0009.raw,3,8,3,8,1,1092,1.8943207263946533,99328,246372,821,OK,2026-03-19 15:50:44
821,D:\6S2\Thesis\7 dataset\hama3_split_raw\test\8\0168.raw,3,8,3,8,1,1092,1.8945848941802979,99328,246372,822,OK,2026-03-19 15:50:48
822,D:\6S2\Thesis\7 dataset\hama3_split_raw\test\0\0040.raw,0,0,0,0,1,1091,1.894221544265747,99328,246372,823,OK,2026-03-19 15:50:52
823,D:\6S2\Thesis\7 dataset\hama3_split_raw\test\5\0112.raw,2,5,2,5,1,1092,1.8944857120513916,99328,246372,824,OK,2026-03-19 15:50:56
824,D:\6S2\Thesis\7 dataset\hama3_split_raw\test\5\0062.raw,2,5,2,5,1,1091,1.8947818279266357,99328,246372,825,OK,2026-03-19 15:51:00
825,D:\6S2\Thesis\7 dataset\hama3_split_raw\test\9\0040.raw,4,9,2,5,0,1091,1.8929917812347412,99328,246372,826,OK,2026-03-19 15:51:04
826,D:\6S2\Thesis\7 dataset\hama3_split_raw\test\5\0069.raw,2,5,3,8,0,1092,1.8931777477264404,99328,246372,827,OK,2026-03-19 15:51:08
827,D:\6S2\Thesis\7 dataset\hama3_split_raw\test\9\0088.raw,4,9,4,9,1,1091,1.892336368560791,99328,246372,828,OK,2026-03-19 15:51:12
828,D:\6S2\Thesis\7 dataset\hama3_split_raw\test\9\0059.raw,4,9,1,3,0,1092,1.8952438831329346,99328,246372,829,OK,2026-03-19 15:51:16
829,D:\6S2\Thesis\7 dataset\hama3_split_raw\test\5\0028.raw,2,5,2,5,1,1091,1.8921542167663574,99328,246372,830,OK,2026-03-19 15:51:20
830,D:\6S2\Thesis\7 dataset\hama3_split_raw\test\0\0083.raw,0,0,0,0,1,1091,1.895808219909668,99328,246372,831,OK,2026-03-19 15:51:23
831,D:\6S2\Thesis\7 dataset\hama3_split_raw\test\3\0103.raw,1,3,1,3,1,1092,1.8945107460021973,99328,246372,832,OK,2026-03-19 15:51:27
832,D:\6S2\Thesis\7 dataset\hama3_split_raw\test\3\0077.raw,1,3,1,3,1,1091,1.8943634033203125,99328,246372,833,OK,2026-03-19 15:51:31
833,D:\6S2\Thesis\7 dataset\hama3_split_raw\test\5\0048.raw,2,5,2,5,1,1091,1.8911120891571045,99328,246372,834,OK,2026-03-19 15:51:35
834,D:\6S2\Thesis\7 dataset\hama3_split_raw\test\8\0084.raw,3,8,3,8,1,1091,1.8923277854919434,99328,246372,835,OK,2026-03-19 15:51:39
835,D:\6S2\Thesis\7 dataset\hama3_split_raw\test\9\0103.raw,4,9,4,9,1,1091,1.894948959350586,99328,246372,836,OK,2026-03-19 15:51:43
836,D:\6S2\Thesis\7 dataset\hama3_split_raw\test\8\0038.raw,3,8,2,5,0,1092,1.8949425220489502,99328,246372,837,OK,2026-03-19 15:51:47
837,D:\6S2\Thesis\7 dataset\hama3_split_raw\test\8\0129.raw,3,8,3,8,1,1091,1.896289587020874,99328,246372,838,OK,2026-03-19 15:51:51
838,D:\6S2\Thesis\7 dataset\hama3_split_raw\test\9\0079.raw,4,9,3,8,0,1092,1.8945157527923584,99328,246372,839,OK,2026-03-19 15:51:55
839,D:\6S2\Thesis\7 dataset\hama3_split_raw\test\8\0024.raw,3,8,3,8,1,1091,1.897362470626831,99328,246372,840,OK,2026-03-19 15:51:59
840,D:\6S2\Thesis\7 dataset\hama3_split_raw\test\9\0002.raw,4,9,1,3,0,1092,1.894282579421997,99328,246372,841,OK,2026-03-19 15:52:02
841,D:\6S2\Thesis\7 dataset\hama3_split_raw\test\0\0083.raw,0,0,0,0,1,1092,1.8927950859069824,99328,246372,842,OK,2026-03-19 15:52:06
842,D:\6S2\Thesis\7 dataset\hama3_split_raw\test\3\0092.raw,1,3,1,3,1,1092,1.8967158794403076,99328,246372,843,OK,2026-03-19 15:52:10
843,D:\6S2\Thesis\7 dataset\hama3_split_raw\test\5\0112.raw,2,5,2,5,1,1092,1.8915395736694336,99328,246372,844,OK,2026-03-19 15:52:14
844,D:\6S2\Thesis\7 dataset\hama3_split_raw\test\5\0028.raw,2,5,2,5,1,1092,1.8931479454040527,99328,246372,845,OK,2026-03-19 15:52:18
845,D:\6S2\Thesis\7 dataset\hama3_split_raw\test\9\0045.raw,4,9,1,3,0,1091,1.89341402053833,99328,246372,846,OK,2026-03-19 15:52:22
846,D:\6S2\Thesis\7 dataset\hama3_split_raw\test\8\0001.raw,3,8,3,8,1,1091,1.8969016075134277,99328,246372,847,OK,2026-03-19 15:52:26
847,D:\6S2\Thesis\7 dataset\hama3_split_raw\test\3\0034.raw,1,3,3,8,0,1091,1.89394211769104,99328,246372,848,OK,2026-03-19 15:52:30
848,D:\6S2\Thesis\7 dataset\hama3_split_raw\test\9\0066.raw,4,9,1,3,0,1091,1.8933568000793457,99328,246372,849,OK,2026-03-19 15:52:34
849,D:\6S2\Thesis\7 dataset\hama3_split_raw\test\0\0015.raw,0,0,0,0,1,1091,1.8957178592681885,99328,246372,850,OK,2026-03-19 15:52:38
850,D:\6S2\Thesis\7 dataset\hama3_split_raw\test\3\0088.raw,1,3,2,5,0,1092,1.8921256065368652,99328,246372,851,OK,2026-03-19 15:52:41
851,D:\6S2\Thesis\7 dataset\hama3_split_raw\test\5\0046.raw,2,5,2,5,1,1091,1.8940403461456299,99328,246372,852,OK,2026-03-19 15:52:45
852,D:\6S2\Thesis\7 dataset\hama3_split_raw\test\0\0046.raw,0,0,3,8,0,1091,1.8930306434631348,99328,246372,853,OK,2026-03-19 15:52:49
853,D:\6S2\Thesis\7 dataset\hama3_split_raw\test\0\0078.raw,0,0,0,0,1,1092,1.8939952850341797,99328,246372,854,OK,2026-03-19 15:52:53
854,D:\6S2\Thesis\7 dataset\hama3_split_raw\test\5\0074.raw,2,5,2,5,1,1092,1.8946313858032227,99328,246372,855,OK,2026-03-19 15:52:57
855,D:\6S2\Thesis\7 dataset\hama3_split_raw\test\0\0021.raw,0,0,0,0,1,1092,1.8953857421875,99328,246372,856,OK,2026-03-19 15:53:01
856,D:\6S2\Thesis\7 dataset\hama3_split_raw\test\3\0088.raw,1,3,2,5,0,1091,1.8944330215454102,99328,246372,857,OK,2026-03-19 15:53:05
857,D:\6S2\Thesis\7 dataset\hama3_split_raw\test\9\0085.raw,4,9,3,8,0,1091,1.9040875434875488,99328,246372,858,OK,2026-03-19 15:53:09
858,D:\6S2\Thesis\7 dataset\hama3_split_raw\test\3\0061.raw,1,3,0,0,0,1091,1.8915059566497803,99328,246372,859,OK,2026-03-19 15:53:13
859,D:\6S2\Thesis\7 dataset\hama3_split_raw\test\5\0007.raw,2,5,2,5,1,1091,1.8914432525634766,99328,246372,860,OK,2026-03-19 15:53:16
860,D:\6S2\Thesis\7 dataset\hama3_split_raw\test\0\0007.raw,0,0,3,8,0,1091,1.892458438873291,99328,246372,861,OK,2026-03-19 15:53:20
861,D:\6S2\Thesis\7 dataset\hama3_split_raw\test\9\0052.raw,4,9,4,9,1,1091,1.892425298690796,99328,246372,862,OK,2026-03-19 15:53:24
862,D:\6S2\Thesis\7 dataset\hama3_split_raw\test\8\0104.raw,3,8,3,8,1,1091,1.8925409317016602,99328,246372,863,OK,2026-03-19 15:53:28
863,D:\6S2\Thesis\7 dataset\hama3_split_raw\test\3\0028.raw,1,3,3,8,0,1091,1.894068956375122,99328,246372,864,OK,2026-03-19 15:53:32
864,D:\6S2\Thesis\7 dataset\hama3_split_raw\test\5\0072.raw,2,5,2,5,1,1091,1.893707513809204,99328,246372,865,OK,2026-03-19 15:53:36
865,D:\6S2\Thesis\7 dataset\hama3_split_raw\test\0\0069.raw,0,0,0,0,1,1091,1.8924355506896973,99328,246372,866,OK,2026-03-19 15:53:40
866,D:\6S2\Thesis\7 dataset\hama3_split_raw\test\3\0037.raw,1,3,1,3,1,1091,1.8930673599243164,99328,246372,867,OK,2026-03-19 15:53:44
867,D:\6S2\Thesis\7 dataset\hama3_split_raw\test\5\0097.raw,2,5,2,5,1,1092,1.8923981189727783,99328,246372,868,OK,2026-03-19 15:53:48
868,D:\6S2\Thesis\7 dataset\hama3_split_raw\test\9\0077.raw,4,9,3,8,0,1091,1.8919882774353027,99328,246372,869,OK,2026-03-19 15:53:52
869,D:\6S2\Thesis\7 dataset\hama3_split_raw\test\0\0016.raw,0,0,0,0,1,1091,1.8950588703155518,99328,246372,870,OK,2026-03-19 15:53:55
870,D:\6S2\Thesis\7 dataset\hama3_split_raw\test\8\0126.raw,3,8,3,8,1,1092,1.894864559173584,99328,246372,871,OK,2026-03-19 15:53:59
871,D:\6S2\Thesis\7 dataset\hama3_split_raw\test\5\0111.raw,2,5,2,5,1,1091,1.894812822341919,99328,246372,872,OK,2026-03-19 15:54:03
872,D:\6S2\Thesis\7 dataset\hama3_split_raw\test\3\0030.raw,1,3,4,9,0,1091,1.8946921825408936,99328,246372,873,OK,2026-03-19 15:54:07
873,D:\6S2\Thesis\7 dataset\hama3_split_raw\test\9\0088.raw,4,9,4,9,1,1092,1.8941974639892578,99328,246372,874,OK,2026-03-19 15:54:11
874,D:\6S2\Thesis\7 dataset\hama3_split_raw\test\8\0012.raw,3,8,3,8,1,1092,1.895014762878418,99328,246372,875,OK,2026-03-19 15:54:15
875,D:\6S2\Thesis\7 dataset\hama3_split_raw\test\3\0083.raw,1,3,4,9,0,1092,1.892462968826294,99328,246372,876,OK,2026-03-19 15:54:19
876,D:\6S2\Thesis\7 dataset\hama3_split_raw\test\0\0047.raw,0,0,1,3,0,1091,1.895580768585205,99328,246372,877,OK,2026-03-19 15:54:23
877,D:\6S2\Thesis\7 dataset\hama3_split_raw\test\3\0002.raw,1,3,3,8,0,1091,1.8943047523498535,99328,246372,878,OK,2026-03-19 15:54:27
878,D:\6S2\Thesis\7 dataset\hama3_split_raw\test\8\0112.raw,3,8,2,5,0,1092,1.892831802368164,99328,246372,879,OK,2026-03-19 15:54:31
879,D:\6S2\Thesis\7 dataset\hama3_split_raw\test\8\0098.raw,3,8,0,0,0,1091,1.894749402999878,99328,246372,880,OK,2026-03-19 15:54:34
880,D:\6S2\Thesis\7 dataset\hama3_split_raw\test\3\0090.raw,1,3,1,3,1,1092,1.893972635269165,99328,246372,881,OK,2026-03-19 15:54:38
881,D:\6S2\Thesis\7 dataset\hama3_split_raw\test\9\0072.raw,4,9,2,5,0,1091,1.8947629928588867,99328,246372,882,OK,2026-03-19 15:54:42
882,D:\6S2\Thesis\7 dataset\hama3_split_raw\test\0\0003.raw,0,0,0,0,1,1091,1.894395112991333,99328,246372,883,OK,2026-03-19 15:54:46
883,D:\6S2\Thesis\7 dataset\hama3_split_raw\test\9\0081.raw,4,9,3,8,0,1092,1.8940515518188477,99328,246372,884,OK,2026-03-19 15:54:50
884,D:\6S2\Thesis\7 dataset\hama3_split_raw\test\0\0086.raw,0,0,3,8,0,1092,1.8937997817993164,99328,246372,885,OK,2026-03-19 15:54:54
885,D:\6S2\Thesis\7 dataset\hama3_split_raw\test\0\0019.raw,0,0,0,0,1,1091,1.8939242362976074,99328,246372,886,OK,2026-03-19 15:54:58
886,D:\6S2\Thesis\7 dataset\hama3_split_raw\test\8\0115.raw,3,8,1,3,0,1092,1.894648790359497,99328,246372,887,OK,2026-03-19 15:55:02
887,D:\6S2\Thesis\7 dataset\hama3_split_raw\test\3\0099.raw,1,3,1,3,1,1092,1.894404649734497,99328,246372,888,OK,2026-03-19 15:55:06
888,D:\6S2\Thesis\7 dataset\hama3_split_raw\test\3\0042.raw,1,3,2,5,0,1091,1.8947780132293701,99328,246372,889,OK,2026-03-19 15:55:10
889,D:\6S2\Thesis\7 dataset\hama3_split_raw\test\3\0098.raw,1,3,3,8,0,1092,1.8941435813903809,99328,246372,890,OK,2026-03-19 15:55:13
890,D:\6S2\Thesis\7 dataset\hama3_split_raw\test\9\0036.raw,4,9,2,5,0,1091,1.8921761512756348,99328,246372,891,OK,2026-03-19 15:55:17
891,D:\6S2\Thesis\7 dataset\hama3_split_raw\test\9\0042.raw,4,9,1,3,0,1091,1.8945746421813965,99328,246372,892,OK,2026-03-19 15:55:21
892,D:\6S2\Thesis\7 dataset\hama3_split_raw\test\8\0056.raw,3,8,0,0,0,1092,1.8934175968170166,99328,246372,893,OK,2026-03-19 15:55:25
893,D:\6S2\Thesis\7 dataset\hama3_split_raw\test\5\0079.raw,2,5,2,5,1,1091,1.8950445652008057,99328,246372,894,OK,2026-03-19 15:55:29
894,D:\6S2\Thesis\7 dataset\hama3_split_raw\test\5\0098.raw,2,5,2,5,1,1091,1.8948633670806885,99328,246372,895,OK,2026-03-19 15:55:33
895,D:\6S2\Thesis\7 dataset\hama3_split_raw\test\0\0028.raw,0,0,0,0,1,1092,1.8945398330688477,99328,246372,896,OK,2026-03-19 15:55:37
896,D:\6S2\Thesis\7 dataset\hama3_split_raw\test\0\0019.raw,0,0,0,0,1,1092,1.8939237594604492,99328,246372,897,OK,2026-03-19 15:55:41
897,D:\6S2\Thesis\7 dataset\hama3_split_raw\test\0\0040.raw,0,0,0,0,1,1091,1.8951263427734375,99328,246372,898,OK,2026-03-19 15:55:45
898,D:\6S2\Thesis\7 dataset\hama3_split_raw\test\9\0004.raw,4,9,1,3,0,1092,1.8946404457092285,99328,246372,899,OK,2026-03-19 15:55:48
899,D:\6S2\Thesis\7 dataset\hama3_split_raw\test\8\0011.raw,3,8,2,5,0,1091,1.8941113948822021,99328,246372,900,OK,2026-03-19 15:55:52
900,D:\6S2\Thesis\7 dataset\hama3_split_raw\test\9\0098.raw,4,9,4,9,1,1091,1.894395112991333,99328,246372,901,OK,2026-03-19 15:55:56
901,D:\6S2\Thesis\7 dataset\hama3_split_raw\test\8\0040.raw,3,8,1,3,0,1091,1.8943467140197754,99328,246372,902,OK,2026-03-19 15:56:00
902,D:\6S2\Thesis\7 dataset\hama3_split_raw\test\3\0105.raw,1,3,1,3,1,1092,1.8942210674285889,99328,246372,903,OK,2026-03-19 15:56:04
903,D:\6S2\Thesis\7 dataset\hama3_split_raw\test\3\0084.raw,1,3,3,8,0,1092,1.894282341003418,99328,246372,904,OK,2026-03-19 15:56:08
904,D:\6S2\Thesis\7 dataset\hama3_split_raw\test\3\0054.raw,1,3,0,0,0,1092,1.8943376541137695,99328,246372,905,OK,2026-03-19 15:56:12
905,D:\6S2\Thesis\7 dataset\hama3_split_raw\test\3\0036.raw,1,3,3,8,0,1091,1.8940725326538086,99328,246372,906,OK,2026-03-19 15:56:16
906,D:\6S2\Thesis\7 dataset\hama3_split_raw\test\0\0027.raw,0,0,4,9,0,1091,1.8916964530944824,99328,246372,907,OK,2026-03-19 15:56:20
907,D:\6S2\Thesis\7 dataset\hama3_split_raw\test\3\0098.raw,1,3,3,8,0,1091,1.89430832862854,99328,246372,908,OK,2026-03-19 15:56:24
908,D:\6S2\Thesis\7 dataset\hama3_split_raw\test\3\0073.raw,1,3,1,3,1,1091,1.8942198753356934,99328,246372,909,OK,2026-03-19 15:56:27
909,D:\6S2\Thesis\7 dataset\hama3_split_raw\test\0\0015.raw,0,0,0,0,1,1091,1.8927412033081055,99328,246372,910,OK,2026-03-19 15:56:31
910,D:\6S2\Thesis\7 dataset\hama3_split_raw\test\3\0007.raw,1,3,1,3,1,1092,1.8941893577575684,99328,246372,911,OK,2026-03-19 15:56:35
911,D:\6S2\Thesis\7 dataset\hama3_split_raw\test\0\0067.raw,0,0,2,5,0,1091,1.8946075439453125,99328,246372,912,OK,2026-03-19 15:56:39
912,D:\6S2\Thesis\7 dataset\hama3_split_raw\test\8\0170.raw,3,8,3,8,1,1092,1.8944497108459473,99328,246372,913,OK,2026-03-19 15:56:43
913,D:\6S2\Thesis\7 dataset\hama3_split_raw\test\3\0019.raw,1,3,1,3,1,1092,1.89463210105896,99328,246372,914,OK,2026-03-19 15:56:47
914,D:\6S2\Thesis\7 dataset\hama3_split_raw\test\3\0038.raw,1,3,1,3,1,1092,1.8939378261566162,99328,246372,915,OK,2026-03-19 15:56:51
915,D:\6S2\Thesis\7 dataset\hama3_split_raw\test\9\0021.raw,4,9,3,8,0,1092,1.8948109149932861,99328,246372,916,OK,2026-03-19 15:56:55
916,D:\6S2\Thesis\7 dataset\hama3_split_raw\test\3\0064.raw,1,3,1,3,1,1091,1.8947293758392334,99328,246372,917,OK,2026-03-19 15:56:59
917,D:\6S2\Thesis\7 dataset\hama3_split_raw\test\0\0054.raw,0,0,0,0,1,1091,1.8940818309783936,99328,246372,918,OK,2026-03-19 15:57:03
918,D:\6S2\Thesis\7 dataset\hama3_split_raw\test\5\0081.raw,2,5,0,0,0,1091,1.8940513134002686,99328,246372,919,OK,2026-03-19 15:57:06
919,D:\6S2\Thesis\7 dataset\hama3_split_raw\test\3\0042.raw,1,3,2,5,0,1092,1.8941450119018555,99328,246372,920,OK,2026-03-19 15:57:10
920,D:\6S2\Thesis\7 dataset\hama3_split_raw\test\9\0054.raw,4,9,1,3,0,1091,1.8940222263336182,99328,246372,921,OK,2026-03-19 15:57:14
921,D:\6S2\Thesis\7 dataset\hama3_split_raw\test\5\0113.raw,2,5,2,5,1,1092,1.8945093154907227,99328,246372,922,OK,2026-03-19 15:57:18
922,D:\6S2\Thesis\7 dataset\hama3_split_raw\test\8\0083.raw,3,8,3,8,1,1092,1.8940389156341553,99328,246372,923,OK,2026-03-19 15:57:22
923,D:\6S2\Thesis\7 dataset\hama3_split_raw\test\3\0085.raw,1,3,1,3,1,1092,1.8937716484069824,99328,246372,924,OK,2026-03-19 15:57:26
924,D:\6S2\Thesis\7 dataset\hama3_split_raw\test\3\0009.raw,1,3,1,3,1,1091,1.894648790359497,99328,246372,925,OK,2026-03-19 15:57:30
925,D:\6S2\Thesis\7 dataset\hama3_split_raw\test\0\0009.raw,0,0,0,0,1,1091,1.894155502319336,99328,246372,926,OK,2026-03-19 15:57:34
926,D:\6S2\Thesis\7 dataset\hama3_split_raw\test\3\0001.raw,1,3,0,0,0,1092,1.8944447040557861,99328,246372,927,OK,2026-03-19 15:57:38
927,D:\6S2\Thesis\7 dataset\hama3_split_raw\test\5\0039.raw,2,5,2,5,1,1092,1.893578052520752,99328,246372,928,OK,2026-03-19 15:57:42
928,D:\6S2\Thesis\7 dataset\hama3_split_raw\test\3\0101.raw,1,3,0,0,0,1092,1.8926608562469482,99328,246372,929,OK,2026-03-19 15:57:45
929,D:\6S2\Thesis\7 dataset\hama3_split_raw\test\8\0176.raw,3,8,3,8,1,1091,1.894820213317871,99328,246372,930,OK,2026-03-19 15:57:49
930,D:\6S2\Thesis\7 dataset\hama3_split_raw\test\9\0039.raw,4,9,2,5,0,1092,1.8942897319793701,99328,246372,931,OK,2026-03-19 15:57:53
931,D:\6S2\Thesis\7 dataset\hama3_split_raw\test\5\0060.raw,2,5,2,5,1,1092,1.8938391208648682,99328,246372,932,OK,2026-03-19 15:57:57
932,D:\6S2\Thesis\7 dataset\hama3_split_raw\test\0\0004.raw,0,0,0,0,1,1092,1.894585371017456,99328,246372,933,OK,2026-03-19 15:58:01
933,D:\6S2\Thesis\7 dataset\hama3_split_raw\test\8\0105.raw,3,8,3,8,1,1092,1.8945112228393555,99328,246372,934,OK,2026-03-19 15:58:05
934,D:\6S2\Thesis\7 dataset\hama3_split_raw\test\3\0082.raw,1,3,4,9,0,1092,1.8945467472076416,99328,246372,935,OK,2026-03-19 15:58:09
935,D:\6S2\Thesis\7 dataset\hama3_split_raw\test\5\0043.raw,2,5,3,8,0,1092,1.8943290710449219,99328,246372,936,OK,2026-03-19 15:58:13
936,D:\6S2\Thesis\7 dataset\hama3_split_raw\test\0\0052.raw,0,0,3,8,0,1092,1.8946356773376465,99328,246372,937,OK,2026-03-19 15:58:17
937,D:\6S2\Thesis\7 dataset\hama3_split_raw\test\5\0021.raw,2,5,2,5,1,1091,1.8947677612304688,99328,246372,938,OK,2026-03-19 15:58:20
938,D:\6S2\Thesis\7 dataset\hama3_split_raw\test\9\0030.raw,4,9,0,0,0,1092,1.8946316242218018,99328,246372,939,OK,2026-03-19 15:58:24
939,D:\6S2\Thesis\7 dataset\hama3_split_raw\test\5\0102.raw,2,5,2,5,1,1092,1.8943936824798584,99328,246372,940,OK,2026-03-19 15:58:28
940,D:\6S2\Thesis\7 dataset\hama3_split_raw\test\5\0088.raw,2,5,2,5,1,1091,1.8922913074493408,99328,246372,941,OK,2026-03-19 15:58:32
941,D:\6S2\Thesis\7 dataset\hama3_split_raw\test\9\0004.raw,4,9,1,3,0,1092,1.892204999923706,99328,246372,942,OK,2026-03-19 15:58:36
942,D:\6S2\Thesis\7 dataset\hama3_split_raw\test\0\0011.raw,0,0,3,8,0,1092,1.8948390483856201,99328,246372,943,OK,2026-03-19 15:58:40
943,D:\6S2\Thesis\7 dataset\hama3_split_raw\test\0\0028.raw,0,0,0,0,1,1091,1.8946197032928467,99328,246372,944,OK,2026-03-19 15:58:44
944,D:\6S2\Thesis\7 dataset\hama3_split_raw\test\8\0149.raw,3,8,3,8,1,1091,1.8944978713989258,99328,246372,945,OK,2026-03-19 15:58:48
945,D:\6S2\Thesis\7 dataset\hama3_split_raw\test\3\0073.raw,1,3,1,3,1,1091,1.8949601650238037,99328,246372,946,OK,2026-03-19 15:58:52
946,D:\6S2\Thesis\7 dataset\hama3_split_raw\test\3\0029.raw,1,3,0,0,0,1091,1.8939616680145264,99328,246372,947,OK,2026-03-19 15:58:56
947,D:\6S2\Thesis\7 dataset\hama3_split_raw\test\5\0027.raw,2,5,1,3,0,1091,1.8942787647247314,99328,246372,948,OK,2026-03-19 15:58:59
948,D:\6S2\Thesis\7 dataset\hama3_split_raw\test\8\0128.raw,3,8,3,8,1,1091,1.8951222896575928,99328,246372,949,OK,2026-03-19 15:59:03
949,D:\6S2\Thesis\7 dataset\hama3_split_raw\test\9\0102.raw,4,9,2,5,0,1091,1.8946690559387207,99328,246372,950,OK,2026-03-19 15:59:07
950,D:\6S2\Thesis\7 dataset\hama3_split_raw\test\0\0007.raw,0,0,3,8,0,1091,1.892427682876587,99328,246372,951,OK,2026-03-19 15:59:11
951,D:\6S2\Thesis\7 dataset\hama3_split_raw\test\8\0086.raw,3,8,2,5,0,1091,1.8948423862457275,99328,246372,952,OK,2026-03-19 15:59:15
952,D:\6S2\Thesis\7 dataset\hama3_split_raw\test\3\0038.raw,1,3,1,3,1,1092,1.8941292762756348,99328,246372,953,OK,2026-03-19 15:59:19
953,D:\6S2\Thesis\7 dataset\hama3_split_raw\test\3\0000.raw,1,3,1,3,1,1091,1.8945114612579346,99328,246372,954,OK,2026-03-19 15:59:23
954,D:\6S2\Thesis\7 dataset\hama3_split_raw\test\0\0026.raw,0,0,0,0,1,1092,1.8925542831420898,99328,246372,955,OK,2026-03-19 15:59:27
955,D:\6S2\Thesis\7 dataset\hama3_split_raw\test\8\0167.raw,3,8,1,3,0,1091,1.8939459323883057,99328,246372,956,OK,2026-03-19 15:59:31
956,D:\6S2\Thesis\7 dataset\hama3_split_raw\test\8\0002.raw,3,8,3,8,1,1091,1.892005443572998,99328,246372,957,OK,2026-03-19 15:59:35
957,D:\6S2\Thesis\7 dataset\hama3_split_raw\test\9\0042.raw,4,9,1,3,0,1092,1.8949813842773438,99328,246372,958,OK,2026-03-19 15:59:38
958,D:\6S2\Thesis\7 dataset\hama3_split_raw\test\8\0034.raw,3,8,2,5,0,1092,1.894425392150879,99328,246372,959,OK,2026-03-19 15:59:42
959,D:\6S2\Thesis\7 dataset\hama3_split_raw\test\5\0009.raw,2,5,2,5,1,1092,1.8922996520996094,99328,246372,960,OK,2026-03-19 15:59:46
960,D:\6S2\Thesis\7 dataset\hama3_split_raw\test\3\0047.raw,1,3,1,3,1,1091,1.8945021629333496,99328,246372,961,OK,2026-03-19 15:59:50
961,D:\6S2\Thesis\7 dataset\hama3_split_raw\test\9\0027.raw,4,9,3,8,0,1092,1.8947913646697998,99328,246372,962,OK,2026-03-19 15:59:54
962,D:\6S2\Thesis\7 dataset\hama3_split_raw\test\5\0010.raw,2,5,3,8,0,1091,1.8945236206054688,99328,246372,963,OK,2026-03-19 15:59:58
963,D:\6S2\Thesis\7 dataset\hama3_split_raw\test\0\0080.raw,0,0,0,0,1,1092,1.8946616649627686,99328,246372,964,OK,2026-03-19 16:00:02
964,D:\6S2\Thesis\7 dataset\hama3_split_raw\test\3\0090.raw,1,3,1,3,1,1092,1.8943586349487305,99328,246372,965,OK,2026-03-19 16:00:06
965,D:\6S2\Thesis\7 dataset\hama3_split_raw\test\0\0025.raw,0,0,3,8,0,1092,1.895277500152588,99328,246372,966,OK,2026-03-19 16:00:10
966,D:\6S2\Thesis\7 dataset\hama3_split_raw\test\8\0164.raw,3,8,3,8,1,1091,1.8944611549377441,99328,246372,967,OK,2026-03-19 16:00:13
967,D:\6S2\Thesis\7 dataset\hama3_split_raw\test\5\0018.raw,2,5,0,0,0,1092,1.8947868347167969,99328,246372,968,OK,2026-03-19 16:00:17
968,D:\6S2\Thesis\7 dataset\hama3_split_raw\test\3\0003.raw,1,3,1,3,1,1091,1.8930480480194092,99328,246372,969,OK,2026-03-19 16:00:21
969,D:\6S2\Thesis\7 dataset\hama3_split_raw\test\5\0089.raw,2,5,2,5,1,1091,1.8965857028961182,99328,246372,970,OK,2026-03-19 16:00:25
970,D:\6S2\Thesis\7 dataset\hama3_split_raw\test\3\0040.raw,1,3,1,3,1,1091,1.8949692249298096,99328,246372,971,OK,2026-03-19 16:00:29
971,D:\6S2\Thesis\7 dataset\hama3_split_raw\test\9\0067.raw,4,9,4,9,1,1091,1.8946542739868164,99328,246372,972,OK,2026-03-19 16:00:33
972,D:\6S2\Thesis\7 dataset\hama3_split_raw\test\8\0057.raw,3,8,3,8,1,1091,1.894486427307129,99328,246372,973,OK,2026-03-19 16:00:37
973,D:\6S2\Thesis\7 dataset\hama3_split_raw\test\5\0034.raw,2,5,2,5,1,1092,1.895754098892212,99328,246372,974,OK,2026-03-19 16:00:41
974,D:\6S2\Thesis\7 dataset\hama3_split_raw\test\8\0177.raw,3,8,3,8,1,1092,1.8952996730804443,99328,246372,975,OK,2026-03-19 16:00:45
975,D:\6S2\Thesis\7 dataset\hama3_split_raw\test\8\0079.raw,3,8,2,5,0,1091,1.8950421810150146,99328,246372,976,OK,2026-03-19 16:00:49
976,D:\6S2\Thesis\7 dataset\hama3_split_raw\test\3\0057.raw,1,3,2,5,0,1091,1.895664930343628,99328,246372,977,OK,2026-03-19 16:00:52
977,D:\6S2\Thesis\7 dataset\hama3_split_raw\test\0\0048.raw,0,0,0,0,1,1092,1.8945059776306152,99328,246372,978,OK,2026-03-19 16:00:56
978,D:\6S2\Thesis\7 dataset\hama3_split_raw\test\5\0090.raw,2,5,4,9,0,1091,1.8946635723114014,99328,246372,979,OK,2026-03-19 16:01:00
979,D:\6S2\Thesis\7 dataset\hama3_split_raw\test\9\0044.raw,4,9,2,5,0,1091,1.8955283164978027,99328,246372,980,OK,2026-03-19 16:01:04
980,D:\6S2\Thesis\7 dataset\hama3_split_raw\test\8\0092.raw,3,8,3,8,1,1091,1.894918441772461,99328,246372,981,OK,2026-03-19 16:01:08
981,D:\6S2\Thesis\7 dataset\hama3_split_raw\test\3\0033.raw,1,3,1,3,1,1091,1.8942933082580566,99328,246372,982,OK,2026-03-19 16:01:12
982,D:\6S2\Thesis\7 dataset\hama3_split_raw\test\9\0030.raw,4,9,0,0,0,1092,1.8936784267425537,99328,246372,983,OK,2026-03-19 16:01:16
983,D:\6S2\Thesis\7 dataset\hama3_split_raw\test\5\0022.raw,2,5,2,5,1,1091,1.8929100036621094,99328,246372,984,OK,2026-03-19 16:01:20
984,D:\6S2\Thesis\7 dataset\hama3_split_raw\test\0\0002.raw,0,0,0,0,1,1092,1.894834041595459,99328,246372,985,OK,2026-03-19 16:01:24
985,D:\6S2\Thesis\7 dataset\hama3_split_raw\test\3\0053.raw,1,3,0,0,0,1091,1.8953149318695068,99328,246372,986,OK,2026-03-19 16:01:28
986,D:\6S2\Thesis\7 dataset\hama3_split_raw\test\3\0042.raw,1,3,2,5,0,1091,1.895167350769043,99328,246372,987,OK,2026-03-19 16:01:31
987,D:\6S2\Thesis\7 dataset\hama3_split_raw\test\5\0086.raw,2,5,3,8,0,1092,1.8927586078643799,99328,246372,988,OK,2026-03-19 16:01:35
988,D:\6S2\Thesis\7 dataset\hama3_split_raw\test\5\0022.raw,2,5,2,5,1,1092,1.8947370052337646,99328,246372,989,OK,2026-03-19 16:01:39
989,D:\6S2\Thesis\7 dataset\hama3_split_raw\test\8\0070.raw,3,8,3,8,1,1091,1.8959248065948486,99328,246372,990,OK,2026-03-19 16:01:43
990,D:\6S2\Thesis\7 dataset\hama3_split_raw\test\9\0060.raw,4,9,4,9,1,1091,1.8948264122009277,99328,246372,991,OK,2026-03-19 16:01:47
991,D:\6S2\Thesis\7 dataset\hama3_split_raw\test\8\0003.raw,3,8,3,8,1,1092,1.8963253498077393,99328,246372,992,OK,2026-03-19 16:01:51
992,D:\6S2\Thesis\7 dataset\hama3_split_raw\test\9\0041.raw,4,9,1,3,0,1091,1.8951964378356934,99328,246372,993,OK,2026-03-19 16:01:55
993,D:\6S2\Thesis\7 dataset\hama3_split_raw\test\8\0110.raw,3,8,3,8,1,1092,1.894120216369629,99328,246372,994,OK,2026-03-19 16:01:59
994,D:\6S2\Thesis\7 dataset\hama3_split_raw\test\9\0102.raw,4,9,2,5,0,1091,1.8949949741363525,99328,246372,995,OK,2026-03-19 16:02:03
995,D:\6S2\Thesis\7 dataset\hama3_split_raw\test\3\0013.raw,1,3,2,5,0,1092,1.8948533535003662,99328,246372,996,OK,2026-03-19 16:02:06
996,D:\6S2\Thesis\7 dataset\hama3_split_raw\test\8\0140.raw,3,8,3,8,1,1091,1.8944599628448486,99328,246372,997,OK,2026-03-19 16:02:10
997,D:\6S2\Thesis\7 dataset\hama3_split_raw\test\5\0103.raw,2,5,2,5,1,1091,1.895331621170044,99328,246372,998,OK,2026-03-19 16:02:14
998,D:\6S2\Thesis\7 dataset\hama3_split_raw\test\0\0045.raw,0,0,0,0,1,1091,1.8916783332824707,99328,246372,999,OK,2026-03-19 16:02:18
999,D:\6S2\Thesis\7 dataset\hama3_split_raw\test\5\0016.raw,2,5,2,5,1,1091,1.8945631980895996,99328,246372,1000,OK,2026-03-19 16:02:22
