test,file,gt_index,gt_label,pred_index,pred_label,correct,latency_mcu_ms,latency_pc_s,tensor_arena,free_ram,iteration,status,timestamp
0,D:\6S2\Thesis\7 dataset\hama3_split_raw\test\8\0031.raw,3,8,0,0,0,1118,1.9197468757629395,53248,291620,1,OK,2026-03-19 18:15:50
1,D:\6S2\Thesis\7 dataset\hama3_split_raw\test\8\0010.raw,3,8,0,0,0,1118,1.920680046081543,53248,291620,2,OK,2026-03-19 18:15:54
2,D:\6S2\Thesis\7 dataset\hama3_split_raw\test\9\0054.raw,4,9,0,0,0,1118,1.9202749729156494,53248,291620,3,OK,2026-03-19 18:15:58
3,D:\6S2\Thesis\7 dataset\hama3_split_raw\test\9\0084.raw,4,9,0,0,0,1117,1.9194140434265137,53248,291620,4,OK,2026-03-19 18:16:02
4,D:\6S2\Thesis\7 dataset\hama3_split_raw\test\9\0056.raw,4,9,0,0,0,1117,1.9201726913452148,53248,291620,5,OK,2026-03-19 18:16:06
5,D:\6S2\Thesis\7 dataset\hama3_split_raw\test\8\0088.raw,3,8,0,0,0,1117,1.9203882217407227,53248,291620,6,OK,2026-03-19 18:16:10
6,D:\6S2\Thesis\7 dataset\hama3_split_raw\test\0\0028.raw,0,0,0,0,1,1117,1.919628381729126,53248,291620,7,OK,2026-03-19 18:16:14
7,D:\6S2\Thesis\7 dataset\hama3_split_raw\test\9\0000.raw,4,9,0,0,0,1117,1.9196648597717285,53248,291620,8,OK,2026-03-19 18:16:18
8,D:\6S2\Thesis\7 dataset\hama3_split_raw\test\3\0029.raw,1,3,0,0,0,1118,1.9203364849090576,53248,291620,9,OK,2026-03-19 18:16:22
9,D:\6S2\Thesis\7 dataset\hama3_split_raw\test\5\0107.raw,2,5,0,0,0,1118,1.9171156883239746,53248,291620,10,OK,2026-03-19 18:16:25
10,D:\6S2\Thesis\7 dataset\hama3_split_raw\test\0\0063.raw,0,0,0,0,1,1117,1.919633150100708,53248,291620,11,OK,2026-03-19 18:16:29
11,D:\6S2\Thesis\7 dataset\hama3_split_raw\test\0\0038.raw,0,0,0,0,1,1117,1.9207096099853516,53248,291620,12,OK,2026-03-19 18:16:33
12,D:\6S2\Thesis\7 dataset\hama3_split_raw\test\0\0083.raw,0,0,0,0,1,1118,1.9200224876403809,53248,291620,13,OK,2026-03-19 18:16:37
13,D:\6S2\Thesis\7 dataset\hama3_split_raw\test\0\0075.raw,0,0,0,0,1,1117,1.9211702346801758,53248,291620,14,OK,2026-03-19 18:16:41
14,D:\6S2\Thesis\7 dataset\hama3_split_raw\test\5\0022.raw,2,5,0,0,0,1118,1.920039176940918,53248,291620,15,OK,2026-03-19 18:16:45
15,D:\6S2\Thesis\7 dataset\hama3_split_raw\test\5\0045.raw,2,5,0,0,0,1117,1.9200925827026367,53248,291620,16,OK,2026-03-19 18:16:49
16,D:\6S2\Thesis\7 dataset\hama3_split_raw\test\8\0068.raw,3,8,0,0,0,1117,1.9170424938201904,53248,291620,17,OK,2026-03-19 18:16:53
17,D:\6S2\Thesis\7 dataset\hama3_split_raw\test\9\0089.raw,4,9,0,0,0,1118,1.9194746017456055,53248,291620,18,OK,2026-03-19 18:16:57
18,D:\6S2\Thesis\7 dataset\hama3_split_raw\test\0\0013.raw,0,0,0,0,1,1118,1.9202337265014648,53248,291620,19,OK,2026-03-19 18:17:01
19,D:\6S2\Thesis\7 dataset\hama3_split_raw\test\3\0066.raw,1,3,0,0,0,1117,1.92026948928833,53248,291620,20,OK,2026-03-19 18:17:05
20,D:\6S2\Thesis\7 dataset\hama3_split_raw\test\8\0038.raw,3,8,0,0,0,1117,1.9204058647155762,53248,291620,21,OK,2026-03-19 18:17:09
21,D:\6S2\Thesis\7 dataset\hama3_split_raw\test\3\0079.raw,1,3,0,0,0,1117,1.919060468673706,53248,291620,22,OK,2026-03-19 18:17:13
22,D:\6S2\Thesis\7 dataset\hama3_split_raw\test\8\0003.raw,3,8,0,0,0,1117,1.917712926864624,53248,291620,23,OK,2026-03-19 18:17:17
23,D:\6S2\Thesis\7 dataset\hama3_split_raw\test\3\0107.raw,1,3,0,0,0,1118,1.9199256896972656,53248,291620,24,OK,2026-03-19 18:17:21
24,D:\6S2\Thesis\7 dataset\hama3_split_raw\test\3\0077.raw,1,3,0,0,0,1117,1.9192471504211426,53248,291620,25,OK,2026-03-19 18:17:25
25,D:\6S2\Thesis\7 dataset\hama3_split_raw\test\5\0026.raw,2,5,0,0,0,1117,1.9207913875579834,53248,291620,26,OK,2026-03-19 18:17:29
26,D:\6S2\Thesis\7 dataset\hama3_split_raw\test\5\0011.raw,2,5,0,0,0,1117,1.9178369045257568,53248,291620,27,OK,2026-03-19 18:17:32
27,D:\6S2\Thesis\7 dataset\hama3_split_raw\test\9\0052.raw,4,9,0,0,0,1117,1.9199957847595215,53248,291620,28,OK,2026-03-19 18:17:36
28,D:\6S2\Thesis\7 dataset\hama3_split_raw\test\0\0049.raw,0,0,0,0,1,1117,1.9203906059265137,53248,291620,29,OK,2026-03-19 18:17:40
29,D:\6S2\Thesis\7 dataset\hama3_split_raw\test\0\0043.raw,0,0,0,0,1,1117,1.9187865257263184,53248,291620,30,OK,2026-03-19 18:17:44
30,D:\6S2\Thesis\7 dataset\hama3_split_raw\test\5\0013.raw,2,5,0,0,0,1117,1.9198658466339111,53248,291620,31,OK,2026-03-19 18:17:48
31,D:\6S2\Thesis\7 dataset\hama3_split_raw\test\3\0091.raw,1,3,0,0,0,1118,1.9202854633331299,53248,291620,32,OK,2026-03-19 18:17:52
32,D:\6S2\Thesis\7 dataset\hama3_split_raw\test\5\0106.raw,2,5,0,0,0,1117,1.919912576675415,53248,291620,33,OK,2026-03-19 18:17:56
33,D:\6S2\Thesis\7 dataset\hama3_split_raw\test\8\0059.raw,3,8,0,0,0,1117,1.920349359512329,53248,291620,34,OK,2026-03-19 18:18:00
34,D:\6S2\Thesis\7 dataset\hama3_split_raw\test\9\0046.raw,4,9,0,0,0,1117,1.9199068546295166,53248,291620,35,OK,2026-03-19 18:18:04
35,D:\6S2\Thesis\7 dataset\hama3_split_raw\test\5\0053.raw,2,5,0,0,0,1117,1.920511245727539,53248,291620,36,OK,2026-03-19 18:18:08
36,D:\6S2\Thesis\7 dataset\hama3_split_raw\test\9\0022.raw,4,9,0,0,0,1117,1.919985055923462,53248,291620,37,OK,2026-03-19 18:18:12
37,D:\6S2\Thesis\7 dataset\hama3_split_raw\test\5\0074.raw,2,5,0,0,0,1117,1.9206509590148926,53248,291620,38,OK,2026-03-19 18:18:16
38,D:\6S2\Thesis\7 dataset\hama3_split_raw\test\0\0050.raw,0,0,0,0,1,1117,1.9202628135681152,53248,291620,39,OK,2026-03-19 18:18:20
39,D:\6S2\Thesis\7 dataset\hama3_split_raw\test\9\0029.raw,4,9,0,0,0,1118,1.920809268951416,53248,291620,40,OK,2026-03-19 18:18:24
40,D:\6S2\Thesis\7 dataset\hama3_split_raw\test\9\0075.raw,4,9,0,0,0,1118,1.9205515384674072,53248,291620,41,OK,2026-03-19 18:18:28
41,D:\6S2\Thesis\7 dataset\hama3_split_raw\test\9\0014.raw,4,9,0,0,0,1117,1.9200310707092285,53248,291620,42,OK,2026-03-19 18:18:32
42,D:\6S2\Thesis\7 dataset\hama3_split_raw\test\3\0078.raw,1,3,0,0,0,1118,1.9199936389923096,53248,291620,43,OK,2026-03-19 18:18:36
43,D:\6S2\Thesis\7 dataset\hama3_split_raw\test\3\0111.raw,1,3,0,0,0,1118,1.9204785823822021,53248,291620,44,OK,2026-03-19 18:18:40
44,D:\6S2\Thesis\7 dataset\hama3_split_raw\test\8\0015.raw,3,8,0,0,0,1117,1.9207773208618164,53248,291620,45,OK,2026-03-19 18:18:44
45,D:\6S2\Thesis\7 dataset\hama3_split_raw\test\9\0062.raw,4,9,0,0,0,1117,1.9183640480041504,53248,291620,46,OK,2026-03-19 18:18:48
46,D:\6S2\Thesis\7 dataset\hama3_split_raw\test\8\0154.raw,3,8,0,0,0,1117,1.9204318523406982,53248,291620,47,OK,2026-03-19 18:18:51
47,D:\6S2\Thesis\7 dataset\hama3_split_raw\test\5\0084.raw,2,5,0,0,0,1117,1.9182765483856201,53248,291620,48,OK,2026-03-19 18:18:55
48,D:\6S2\Thesis\7 dataset\hama3_split_raw\test\8\0119.raw,3,8,0,0,0,1117,1.9181418418884277,53248,291620,49,OK,2026-03-19 18:18:59
49,D:\6S2\Thesis\7 dataset\hama3_split_raw\test\5\0004.raw,2,5,0,0,0,1117,1.919908046722412,53248,291620,50,OK,2026-03-19 18:19:03
50,D:\6S2\Thesis\7 dataset\hama3_split_raw\test\5\0098.raw,2,5,0,0,0,1117,1.9208688735961914,53248,291620,51,OK,2026-03-19 18:19:07
51,D:\6S2\Thesis\7 dataset\hama3_split_raw\test\5\0115.raw,2,5,0,0,0,1117,1.9187333583831787,53248,291620,52,OK,2026-03-19 18:19:11
52,D:\6S2\Thesis\7 dataset\hama3_split_raw\test\5\0051.raw,2,5,0,0,0,1118,1.9201579093933105,53248,291620,53,OK,2026-03-19 18:19:15
53,D:\6S2\Thesis\7 dataset\hama3_split_raw\test\3\0099.raw,1,3,0,0,0,1118,1.92087721824646,53248,291620,54,OK,2026-03-19 18:19:19
54,D:\6S2\Thesis\7 dataset\hama3_split_raw\test\5\0110.raw,2,5,0,0,0,1117,1.9204127788543701,53248,291620,55,OK,2026-03-19 18:19:23
55,D:\6S2\Thesis\7 dataset\hama3_split_raw\test\0\0038.raw,0,0,0,0,1,1117,1.9212799072265625,53248,291620,56,OK,2026-03-19 18:19:27
56,D:\6S2\Thesis\7 dataset\hama3_split_raw\test\9\0090.raw,4,9,0,0,0,1118,1.9201340675354004,53248,291620,57,OK,2026-03-19 18:19:31
57,D:\6S2\Thesis\7 dataset\hama3_split_raw\test\5\0024.raw,2,5,0,0,0,1117,1.9207355976104736,53248,291620,58,OK,2026-03-19 18:19:35
58,D:\6S2\Thesis\7 dataset\hama3_split_raw\test\0\0066.raw,0,0,0,0,1,1117,1.9213368892669678,53248,291620,59,OK,2026-03-19 18:19:39
59,D:\6S2\Thesis\7 dataset\hama3_split_raw\test\5\0062.raw,2,5,0,0,0,1117,1.9182825088500977,53248,291620,60,OK,2026-03-19 18:19:43
60,D:\6S2\Thesis\7 dataset\hama3_split_raw\test\5\0105.raw,2,5,0,0,0,1118,1.9202895164489746,53248,291620,61,OK,2026-03-19 18:19:47
61,D:\6S2\Thesis\7 dataset\hama3_split_raw\test\9\0056.raw,4,9,0,0,0,1117,1.9202165603637695,53248,291620,62,OK,2026-03-19 18:19:51
62,D:\6S2\Thesis\7 dataset\hama3_split_raw\test\0\0035.raw,0,0,0,0,1,1118,1.9205846786499023,53248,291620,63,OK,2026-03-19 18:19:54
63,D:\6S2\Thesis\7 dataset\hama3_split_raw\test\5\0044.raw,2,5,0,0,0,1117,1.9202067852020264,53248,291620,64,OK,2026-03-19 18:19:58
64,D:\6S2\Thesis\7 dataset\hama3_split_raw\test\0\0021.raw,0,0,0,0,1,1117,1.9188640117645264,53248,291620,65,OK,2026-03-19 18:20:02
65,D:\6S2\Thesis\7 dataset\hama3_split_raw\test\5\0066.raw,2,5,0,0,0,1118,1.9204216003417969,53248,291620,66,OK,2026-03-19 18:20:06
66,D:\6S2\Thesis\7 dataset\hama3_split_raw\test\0\0079.raw,0,0,0,0,1,1117,1.9201948642730713,53248,291620,67,OK,2026-03-19 18:20:10
67,D:\6S2\Thesis\7 dataset\hama3_split_raw\test\3\0102.raw,1,3,0,0,0,1117,1.9215195178985596,53248,291620,68,OK,2026-03-19 18:20:14
68,D:\6S2\Thesis\7 dataset\hama3_split_raw\test\3\0041.raw,1,3,0,0,0,1117,1.9202232360839844,53248,291620,69,OK,2026-03-19 18:20:18
69,D:\6S2\Thesis\7 dataset\hama3_split_raw\test\9\0085.raw,4,9,0,0,0,1117,1.920818567276001,53248,291620,70,OK,2026-03-19 18:20:22
70,D:\6S2\Thesis\7 dataset\hama3_split_raw\test\5\0066.raw,2,5,0,0,0,1117,1.9207637310028076,53248,291620,71,OK,2026-03-19 18:20:26
71,D:\6S2\Thesis\7 dataset\hama3_split_raw\test\3\0072.raw,1,3,0,0,0,1117,1.9203662872314453,53248,291620,72,OK,2026-03-19 18:20:30
72,D:\6S2\Thesis\7 dataset\hama3_split_raw\test\0\0008.raw,0,0,0,0,1,1117,1.920356273651123,53248,291620,73,OK,2026-03-19 18:20:34
73,D:\6S2\Thesis\7 dataset\hama3_split_raw\test\0\0021.raw,0,0,0,0,1,1117,1.9197931289672852,53248,291620,74,OK,2026-03-19 18:20:38
74,D:\6S2\Thesis\7 dataset\hama3_split_raw\test\9\0021.raw,4,9,0,0,0,1117,1.9218723773956299,53248,291620,75,OK,2026-03-19 18:20:42
75,D:\6S2\Thesis\7 dataset\hama3_split_raw\test\5\0095.raw,2,5,0,0,0,1117,1.9207086563110352,53248,291620,76,OK,2026-03-19 18:20:46
76,D:\6S2\Thesis\7 dataset\hama3_split_raw\test\3\0014.raw,1,3,0,0,0,1118,1.9187767505645752,53248,291620,77,OK,2026-03-19 18:20:50
77,D:\6S2\Thesis\7 dataset\hama3_split_raw\test\9\0057.raw,4,9,0,0,0,1117,1.9208924770355225,53248,291620,78,OK,2026-03-19 18:20:54
78,D:\6S2\Thesis\7 dataset\hama3_split_raw\test\5\0006.raw,2,5,0,0,0,1118,1.9212019443511963,53248,291620,79,OK,2026-03-19 18:20:58
79,D:\6S2\Thesis\7 dataset\hama3_split_raw\test\9\0053.raw,4,9,0,0,0,1117,1.9205293655395508,53248,291620,80,OK,2026-03-19 18:21:01
80,D:\6S2\Thesis\7 dataset\hama3_split_raw\test\0\0078.raw,0,0,0,0,1,1118,1.919848918914795,53248,291620,81,OK,2026-03-19 18:21:05
81,D:\6S2\Thesis\7 dataset\hama3_split_raw\test\8\0143.raw,3,8,0,0,0,1118,1.92085862159729,53248,291620,82,OK,2026-03-19 18:21:09
82,D:\6S2\Thesis\7 dataset\hama3_split_raw\test\9\0018.raw,4,9,0,0,0,1117,1.9203617572784424,53248,291620,83,OK,2026-03-19 18:21:13
83,D:\6S2\Thesis\7 dataset\hama3_split_raw\test\8\0176.raw,3,8,0,0,0,1118,1.92098069190979,53248,291620,84,OK,2026-03-19 18:21:17
84,D:\6S2\Thesis\7 dataset\hama3_split_raw\test\9\0068.raw,4,9,0,0,0,1117,1.9202830791473389,53248,291620,85,OK,2026-03-19 18:21:21
85,D:\6S2\Thesis\7 dataset\hama3_split_raw\test\0\0082.raw,0,0,0,0,1,1117,1.919994592666626,53248,291620,86,OK,2026-03-19 18:21:25
86,D:\6S2\Thesis\7 dataset\hama3_split_raw\test\8\0145.raw,3,8,0,0,0,1117,1.9198551177978516,53248,291620,87,OK,2026-03-19 18:21:29
87,D:\6S2\Thesis\7 dataset\hama3_split_raw\test\0\0018.raw,0,0,0,0,1,1117,1.920257806777954,53248,291620,88,OK,2026-03-19 18:21:33
88,D:\6S2\Thesis\7 dataset\hama3_split_raw\test\0\0026.raw,0,0,0,0,1,1118,1.919896125793457,53248,291620,89,OK,2026-03-19 18:21:37
89,D:\6S2\Thesis\7 dataset\hama3_split_raw\test\0\0005.raw,0,0,0,0,1,1117,1.9201624393463135,53248,291620,90,OK,2026-03-19 18:21:41
90,D:\6S2\Thesis\7 dataset\hama3_split_raw\test\3\0089.raw,1,3,0,0,0,1117,1.9206058979034424,53248,291620,91,OK,2026-03-19 18:21:45
91,D:\6S2\Thesis\7 dataset\hama3_split_raw\test\0\0068.raw,0,0,0,0,1,1117,1.9190292358398438,53248,291620,92,OK,2026-03-19 18:21:49
92,D:\6S2\Thesis\7 dataset\hama3_split_raw\test\9\0037.raw,4,9,0,0,0,1117,1.9204165935516357,53248,291620,93,OK,2026-03-19 18:21:53
93,D:\6S2\Thesis\7 dataset\hama3_split_raw\test\5\0064.raw,2,5,0,0,0,1117,1.9203357696533203,53248,291620,94,OK,2026-03-19 18:21:57
94,D:\6S2\Thesis\7 dataset\hama3_split_raw\test\5\0066.raw,2,5,0,0,0,1117,1.9198989868164062,53248,291620,95,OK,2026-03-19 18:22:01
95,D:\6S2\Thesis\7 dataset\hama3_split_raw\test\9\0077.raw,4,9,0,0,0,1117,1.9216599464416504,53248,291620,96,OK,2026-03-19 18:22:05
96,D:\6S2\Thesis\7 dataset\hama3_split_raw\test\9\0019.raw,4,9,0,0,0,1118,1.918346881866455,53248,291620,97,OK,2026-03-19 18:22:09
97,D:\6S2\Thesis\7 dataset\hama3_split_raw\test\8\0052.raw,3,8,0,0,0,1118,1.9202919006347656,53248,291620,98,OK,2026-03-19 18:22:13
98,D:\6S2\Thesis\7 dataset\hama3_split_raw\test\3\0007.raw,1,3,0,0,0,1118,1.9202466011047363,53248,291620,99,OK,2026-03-19 18:22:16
99,D:\6S2\Thesis\7 dataset\hama3_split_raw\test\0\0045.raw,0,0,0,0,1,1117,1.9212191104888916,53248,291620,100,OK,2026-03-19 18:22:20
100,D:\6S2\Thesis\7 dataset\hama3_split_raw\test\3\0032.raw,1,3,0,0,0,1117,1.9200611114501953,53248,291620,101,OK,2026-03-19 18:22:24
101,D:\6S2\Thesis\7 dataset\hama3_split_raw\test\3\0020.raw,1,3,0,0,0,1117,1.921109676361084,53248,291620,102,OK,2026-03-19 18:22:28
102,D:\6S2\Thesis\7 dataset\hama3_split_raw\test\0\0054.raw,0,0,0,0,1,1118,1.9205074310302734,53248,291620,103,OK,2026-03-19 18:22:32
103,D:\6S2\Thesis\7 dataset\hama3_split_raw\test\3\0052.raw,1,3,0,0,0,1117,1.9197947978973389,53248,291620,104,OK,2026-03-19 18:22:36
104,D:\6S2\Thesis\7 dataset\hama3_split_raw\test\8\0051.raw,3,8,0,0,0,1118,1.920870304107666,53248,291620,105,OK,2026-03-19 18:22:40
105,D:\6S2\Thesis\7 dataset\hama3_split_raw\test\8\0098.raw,3,8,0,0,0,1117,1.9198739528656006,53248,291620,106,OK,2026-03-19 18:22:44
106,D:\6S2\Thesis\7 dataset\hama3_split_raw\test\9\0031.raw,4,9,0,0,0,1118,1.9204766750335693,53248,291620,107,OK,2026-03-19 18:22:48
107,D:\6S2\Thesis\7 dataset\hama3_split_raw\test\5\0015.raw,2,5,0,0,0,1117,1.9227876663208008,53248,291620,108,OK,2026-03-19 18:22:52
108,D:\6S2\Thesis\7 dataset\hama3_split_raw\test\0\0056.raw,0,0,0,0,1,1117,1.92106294631958,53248,291620,109,OK,2026-03-19 18:22:56
109,D:\6S2\Thesis\7 dataset\hama3_split_raw\test\3\0031.raw,1,3,0,0,0,1117,1.9200572967529297,53248,291620,110,OK,2026-03-19 18:23:00
110,D:\6S2\Thesis\7 dataset\hama3_split_raw\test\8\0159.raw,3,8,0,0,0,1118,1.9196019172668457,53248,291620,111,OK,2026-03-19 18:23:04
111,D:\6S2\Thesis\7 dataset\hama3_split_raw\test\8\0069.raw,3,8,0,0,0,1117,1.9203176498413086,53248,291620,112,OK,2026-03-19 18:23:08
112,D:\6S2\Thesis\7 dataset\hama3_split_raw\test\0\0001.raw,0,0,0,0,1,1117,1.9205009937286377,53248,291620,113,OK,2026-03-19 18:23:12
113,D:\6S2\Thesis\7 dataset\hama3_split_raw\test\3\0056.raw,1,3,0,0,0,1117,1.9185106754302979,53248,291620,114,OK,2026-03-19 18:23:16
114,D:\6S2\Thesis\7 dataset\hama3_split_raw\test\8\0025.raw,3,8,0,0,0,1117,1.9204282760620117,53248,291620,115,OK,2026-03-19 18:23:20
115,D:\6S2\Thesis\7 dataset\hama3_split_raw\test\5\0114.raw,2,5,0,0,0,1117,1.9204249382019043,53248,291620,116,OK,2026-03-19 18:23:24
116,D:\6S2\Thesis\7 dataset\hama3_split_raw\test\3\0019.raw,1,3,0,0,0,1117,1.9202158451080322,53248,291620,117,OK,2026-03-19 18:23:28
117,D:\6S2\Thesis\7 dataset\hama3_split_raw\test\9\0030.raw,4,9,0,0,0,1118,1.9204518795013428,53248,291620,118,OK,2026-03-19 18:23:32
118,D:\6S2\Thesis\7 dataset\hama3_split_raw\test\5\0073.raw,2,5,0,0,0,1118,1.920989751815796,53248,291620,119,OK,2026-03-19 18:23:36
119,D:\6S2\Thesis\7 dataset\hama3_split_raw\test\5\0028.raw,2,5,0,0,0,1117,1.9204883575439453,53248,291620,120,OK,2026-03-19 18:23:40
120,D:\6S2\Thesis\7 dataset\hama3_split_raw\test\5\0100.raw,2,5,0,0,0,1117,1.9208629131317139,53248,291620,121,OK,2026-03-19 18:23:43
121,D:\6S2\Thesis\7 dataset\hama3_split_raw\test\0\0077.raw,0,0,0,0,1,1117,1.9200711250305176,53248,291620,122,OK,2026-03-19 18:23:47
122,D:\6S2\Thesis\7 dataset\hama3_split_raw\test\9\0051.raw,4,9,0,0,0,1117,1.9206137657165527,53248,291620,123,OK,2026-03-19 18:23:51
123,D:\6S2\Thesis\7 dataset\hama3_split_raw\test\9\0042.raw,4,9,0,0,0,1118,1.919121503829956,53248,291620,124,OK,2026-03-19 18:23:55
124,D:\6S2\Thesis\7 dataset\hama3_split_raw\test\8\0066.raw,3,8,0,0,0,1117,1.9204175472259521,53248,291620,125,OK,2026-03-19 18:23:59
125,D:\6S2\Thesis\7 dataset\hama3_split_raw\test\3\0044.raw,1,3,0,0,0,1117,1.920346736907959,53248,291620,126,OK,2026-03-19 18:24:03
126,D:\6S2\Thesis\7 dataset\hama3_split_raw\test\9\0037.raw,4,9,0,0,0,1117,1.920442819595337,53248,291620,127,OK,2026-03-19 18:24:07
127,D:\6S2\Thesis\7 dataset\hama3_split_raw\test\5\0053.raw,2,5,0,0,0,1117,1.9204957485198975,53248,291620,128,OK,2026-03-19 18:24:11
128,D:\6S2\Thesis\7 dataset\hama3_split_raw\test\8\0144.raw,3,8,0,0,0,1117,1.9199700355529785,53248,291620,129,OK,2026-03-19 18:24:15
129,D:\6S2\Thesis\7 dataset\hama3_split_raw\test\3\0099.raw,1,3,0,0,0,1117,1.9203975200653076,53248,291620,130,OK,2026-03-19 18:24:19
130,D:\6S2\Thesis\7 dataset\hama3_split_raw\test\0\0055.raw,0,0,0,0,1,1118,1.9209766387939453,53248,291620,131,OK,2026-03-19 18:24:23
131,D:\6S2\Thesis\7 dataset\hama3_split_raw\test\0\0050.raw,0,0,0,0,1,1117,1.9205601215362549,53248,291620,132,OK,2026-03-19 18:24:27
132,D:\6S2\Thesis\7 dataset\hama3_split_raw\test\8\0029.raw,3,8,0,0,0,1118,1.9208121299743652,53248,291620,133,OK,2026-03-19 18:24:31
133,D:\6S2\Thesis\7 dataset\hama3_split_raw\test\8\0106.raw,3,8,0,0,0,1117,1.9206767082214355,53248,291620,134,OK,2026-03-19 18:24:35
134,D:\6S2\Thesis\7 dataset\hama3_split_raw\test\9\0062.raw,4,9,0,0,0,1117,1.9206821918487549,53248,291620,135,OK,2026-03-19 18:24:39
135,D:\6S2\Thesis\7 dataset\hama3_split_raw\test\8\0046.raw,3,8,0,0,0,1117,1.9202520847320557,53248,291620,136,OK,2026-03-19 18:24:43
136,D:\6S2\Thesis\7 dataset\hama3_split_raw\test\5\0032.raw,2,5,0,0,0,1117,1.9214730262756348,53248,291620,137,OK,2026-03-19 18:24:46
137,D:\6S2\Thesis\7 dataset\hama3_split_raw\test\0\0077.raw,0,0,0,0,1,1117,1.9214489459991455,53248,291620,138,OK,2026-03-19 18:24:50
138,D:\6S2\Thesis\7 dataset\hama3_split_raw\test\0\0059.raw,0,0,0,0,1,1118,1.921334981918335,53248,291620,139,OK,2026-03-19 18:24:54
139,D:\6S2\Thesis\7 dataset\hama3_split_raw\test\0\0070.raw,0,0,0,0,1,1117,1.920116901397705,53248,291620,140,OK,2026-03-19 18:24:58
140,D:\6S2\Thesis\7 dataset\hama3_split_raw\test\0\0040.raw,0,0,0,0,1,1117,1.920516014099121,53248,291620,141,OK,2026-03-19 18:25:02
141,D:\6S2\Thesis\7 dataset\hama3_split_raw\test\8\0094.raw,3,8,0,0,0,1117,1.918128490447998,53248,291620,142,OK,2026-03-19 18:25:06
142,D:\6S2\Thesis\7 dataset\hama3_split_raw\test\9\0083.raw,4,9,0,0,0,1117,1.920576810836792,53248,291620,143,OK,2026-03-19 18:25:10
143,D:\6S2\Thesis\7 dataset\hama3_split_raw\test\0\0055.raw,0,0,0,0,1,1117,1.9211909770965576,53248,291620,144,OK,2026-03-19 18:25:14
144,D:\6S2\Thesis\7 dataset\hama3_split_raw\test\3\0066.raw,1,3,0,0,0,1117,1.9208369255065918,53248,291620,145,OK,2026-03-19 18:25:18
145,D:\6S2\Thesis\7 dataset\hama3_split_raw\test\3\0077.raw,1,3,0,0,0,1117,1.920807123184204,53248,291620,146,OK,2026-03-19 18:25:22
146,D:\6S2\Thesis\7 dataset\hama3_split_raw\test\3\0010.raw,1,3,0,0,0,1118,1.9202628135681152,53248,291620,147,OK,2026-03-19 18:25:26
147,D:\6S2\Thesis\7 dataset\hama3_split_raw\test\8\0016.raw,3,8,0,0,0,1118,1.9200022220611572,53248,291620,148,OK,2026-03-19 18:25:30
148,D:\6S2\Thesis\7 dataset\hama3_split_raw\test\9\0017.raw,4,9,0,0,0,1117,1.9200913906097412,53248,291620,149,OK,2026-03-19 18:25:34
149,D:\6S2\Thesis\7 dataset\hama3_split_raw\test\8\0048.raw,3,8,0,0,0,1117,1.919433355331421,53248,291620,150,OK,2026-03-19 18:25:38
150,D:\6S2\Thesis\7 dataset\hama3_split_raw\test\8\0092.raw,3,8,0,0,0,1117,1.920250654220581,53248,291620,151,OK,2026-03-19 18:25:42
151,D:\6S2\Thesis\7 dataset\hama3_split_raw\test\9\0094.raw,4,9,0,0,0,1117,1.9206020832061768,53248,291620,152,OK,2026-03-19 18:25:46
152,D:\6S2\Thesis\7 dataset\hama3_split_raw\test\5\0030.raw,2,5,0,0,0,1117,1.9206554889678955,53248,291620,153,OK,2026-03-19 18:25:49
153,D:\6S2\Thesis\7 dataset\hama3_split_raw\test\0\0061.raw,0,0,0,0,1,1117,1.9215691089630127,53248,291620,154,OK,2026-03-19 18:25:53
154,D:\6S2\Thesis\7 dataset\hama3_split_raw\test\5\0014.raw,2,5,0,0,0,1117,1.920130729675293,53248,291620,155,OK,2026-03-19 18:25:57
155,D:\6S2\Thesis\7 dataset\hama3_split_raw\test\3\0011.raw,1,3,0,0,0,1118,1.9196605682373047,53248,291620,156,OK,2026-03-19 18:26:01
156,D:\6S2\Thesis\7 dataset\hama3_split_raw\test\3\0007.raw,1,3,0,0,0,1117,1.9203534126281738,53248,291620,157,OK,2026-03-19 18:26:05
157,D:\6S2\Thesis\7 dataset\hama3_split_raw\test\3\0007.raw,1,3,0,0,0,1117,1.9209370613098145,53248,291620,158,OK,2026-03-19 18:26:09
158,D:\6S2\Thesis\7 dataset\hama3_split_raw\test\5\0090.raw,2,5,0,0,0,1117,1.918074131011963,53248,291620,159,OK,2026-03-19 18:26:13
159,D:\6S2\Thesis\7 dataset\hama3_split_raw\test\8\0093.raw,3,8,0,0,0,1118,1.9202909469604492,53248,291620,160,OK,2026-03-19 18:26:17
160,D:\6S2\Thesis\7 dataset\hama3_split_raw\test\9\0053.raw,4,9,0,0,0,1118,1.920684814453125,53248,291620,161,OK,2026-03-19 18:26:21
161,D:\6S2\Thesis\7 dataset\hama3_split_raw\test\3\0030.raw,1,3,0,0,0,1117,1.920433521270752,53248,291620,162,OK,2026-03-19 18:26:25
162,D:\6S2\Thesis\7 dataset\hama3_split_raw\test\8\0158.raw,3,8,0,0,0,1117,1.9205400943756104,53248,291620,163,OK,2026-03-19 18:26:29
163,D:\6S2\Thesis\7 dataset\hama3_split_raw\test\0\0045.raw,0,0,0,0,1,1117,1.920562505722046,53248,291620,164,OK,2026-03-19 18:26:33
164,D:\6S2\Thesis\7 dataset\hama3_split_raw\test\5\0108.raw,2,5,0,0,0,1118,1.9200689792633057,53248,291620,165,OK,2026-03-19 18:26:37
165,D:\6S2\Thesis\7 dataset\hama3_split_raw\test\9\0012.raw,4,9,0,0,0,1118,1.9203567504882812,53248,291620,166,OK,2026-03-19 18:26:41
166,D:\6S2\Thesis\7 dataset\hama3_split_raw\test\5\0112.raw,2,5,0,0,0,1117,1.9201171398162842,53248,291620,167,OK,2026-03-19 18:26:45
167,D:\6S2\Thesis\7 dataset\hama3_split_raw\test\0\0062.raw,0,0,0,0,1,1118,1.9208741188049316,53248,291620,168,OK,2026-03-19 18:26:49
168,D:\6S2\Thesis\7 dataset\hama3_split_raw\test\0\0066.raw,0,0,0,0,1,1117,1.920621395111084,53248,291620,169,OK,2026-03-19 18:26:53
169,D:\6S2\Thesis\7 dataset\hama3_split_raw\test\5\0045.raw,2,5,0,0,0,1117,1.9204440116882324,53248,291620,170,OK,2026-03-19 18:26:57
170,D:\6S2\Thesis\7 dataset\hama3_split_raw\test\3\0003.raw,1,3,0,0,0,1118,1.9202909469604492,53248,291620,171,OK,2026-03-19 18:27:00
171,D:\6S2\Thesis\7 dataset\hama3_split_raw\test\5\0067.raw,2,5,0,0,0,1117,1.9206316471099854,53248,291620,172,OK,2026-03-19 18:27:04
172,D:\6S2\Thesis\7 dataset\hama3_split_raw\test\9\0031.raw,4,9,0,0,0,1117,1.9207658767700195,53248,291620,173,OK,2026-03-19 18:27:08
173,D:\6S2\Thesis\7 dataset\hama3_split_raw\test\9\0018.raw,4,9,0,0,0,1117,1.9213969707489014,53248,291620,174,OK,2026-03-19 18:27:12
174,D:\6S2\Thesis\7 dataset\hama3_split_raw\test\0\0078.raw,0,0,0,0,1,1118,1.9212424755096436,53248,291620,175,OK,2026-03-19 18:27:16
175,D:\6S2\Thesis\7 dataset\hama3_split_raw\test\5\0113.raw,2,5,0,0,0,1117,1.9203929901123047,53248,291620,176,OK,2026-03-19 18:27:20
176,D:\6S2\Thesis\7 dataset\hama3_split_raw\test\0\0020.raw,0,0,0,0,1,1117,1.9196934700012207,53248,291620,177,OK,2026-03-19 18:27:24
177,D:\6S2\Thesis\7 dataset\hama3_split_raw\test\8\0086.raw,3,8,0,0,0,1118,1.9203505516052246,53248,291620,178,OK,2026-03-19 18:27:28
178,D:\6S2\Thesis\7 dataset\hama3_split_raw\test\5\0031.raw,2,5,0,0,0,1117,1.9202163219451904,53248,291620,179,OK,2026-03-19 18:27:32
179,D:\6S2\Thesis\7 dataset\hama3_split_raw\test\9\0067.raw,4,9,0,0,0,1117,1.921257495880127,53248,291620,180,OK,2026-03-19 18:27:36
180,D:\6S2\Thesis\7 dataset\hama3_split_raw\test\0\0042.raw,0,0,0,0,1,1117,1.920762300491333,53248,291620,181,OK,2026-03-19 18:27:40
181,D:\6S2\Thesis\7 dataset\hama3_split_raw\test\0\0036.raw,0,0,0,0,1,1117,1.9206950664520264,53248,291620,182,OK,2026-03-19 18:27:44
182,D:\6S2\Thesis\7 dataset\hama3_split_raw\test\3\0026.raw,1,3,0,0,0,1118,1.9206225872039795,53248,291620,183,OK,2026-03-19 18:27:48
183,D:\6S2\Thesis\7 dataset\hama3_split_raw\test\3\0051.raw,1,3,0,0,0,1118,1.9204847812652588,53248,291620,184,OK,2026-03-19 18:27:52
184,D:\6S2\Thesis\7 dataset\hama3_split_raw\test\3\0006.raw,1,3,0,0,0,1117,1.9198777675628662,53248,291620,185,OK,2026-03-19 18:27:56
185,D:\6S2\Thesis\7 dataset\hama3_split_raw\test\5\0020.raw,2,5,0,0,0,1117,1.9214606285095215,53248,291620,186,OK,2026-03-19 18:28:00
186,D:\6S2\Thesis\7 dataset\hama3_split_raw\test\5\0059.raw,2,5,0,0,0,1118,1.9202358722686768,53248,291620,187,OK,2026-03-19 18:28:03
187,D:\6S2\Thesis\7 dataset\hama3_split_raw\test\5\0098.raw,2,5,0,0,0,1118,1.9218878746032715,53248,291620,188,OK,2026-03-19 18:28:07
188,D:\6S2\Thesis\7 dataset\hama3_split_raw\test\0\0023.raw,0,0,0,0,1,1117,1.920595645904541,53248,291620,189,OK,2026-03-19 18:28:11
189,D:\6S2\Thesis\7 dataset\hama3_split_raw\test\8\0077.raw,3,8,0,0,0,1118,1.9204587936401367,53248,291620,190,OK,2026-03-19 18:28:15
190,D:\6S2\Thesis\7 dataset\hama3_split_raw\test\5\0026.raw,2,5,0,0,0,1118,1.920569896697998,53248,291620,191,OK,2026-03-19 18:28:19
191,D:\6S2\Thesis\7 dataset\hama3_split_raw\test\0\0040.raw,0,0,0,0,1,1118,1.920844554901123,53248,291620,192,OK,2026-03-19 18:28:23
192,D:\6S2\Thesis\7 dataset\hama3_split_raw\test\0\0081.raw,0,0,0,0,1,1117,1.9199554920196533,53248,291620,193,OK,2026-03-19 18:28:27
193,D:\6S2\Thesis\7 dataset\hama3_split_raw\test\8\0047.raw,3,8,0,0,0,1118,1.92012619972229,53248,291620,194,OK,2026-03-19 18:28:31
194,D:\6S2\Thesis\7 dataset\hama3_split_raw\test\3\0057.raw,1,3,0,0,0,1117,1.9185435771942139,53248,291620,195,OK,2026-03-19 18:28:35
195,D:\6S2\Thesis\7 dataset\hama3_split_raw\test\9\0045.raw,4,9,0,0,0,1117,1.9203784465789795,53248,291620,196,OK,2026-03-19 18:28:39
196,D:\6S2\Thesis\7 dataset\hama3_split_raw\test\9\0042.raw,4,9,0,0,0,1117,1.920234203338623,53248,291620,197,OK,2026-03-19 18:28:43
197,D:\6S2\Thesis\7 dataset\hama3_split_raw\test\3\0050.raw,1,3,0,0,0,1117,1.9201045036315918,53248,291620,198,OK,2026-03-19 18:28:47
198,D:\6S2\Thesis\7 dataset\hama3_split_raw\test\0\0085.raw,0,0,0,0,1,1117,1.9209773540496826,53248,291620,199,OK,2026-03-19 18:28:51
199,D:\6S2\Thesis\7 dataset\hama3_split_raw\test\0\0024.raw,0,0,0,0,1,1118,1.920295000076294,53248,291620,200,OK,2026-03-19 18:28:55
200,D:\6S2\Thesis\7 dataset\hama3_split_raw\test\3\0011.raw,1,3,0,0,0,1118,1.920804500579834,53248,291620,201,OK,2026-03-19 18:28:59
201,D:\6S2\Thesis\7 dataset\hama3_split_raw\test\5\0005.raw,2,5,0,0,0,1118,1.9203994274139404,53248,291620,202,OK,2026-03-19 18:29:03
202,D:\6S2\Thesis\7 dataset\hama3_split_raw\test\0\0002.raw,0,0,0,0,1,1118,1.92122483253479,53248,291620,203,OK,2026-03-19 18:29:07
203,D:\6S2\Thesis\7 dataset\hama3_split_raw\test\8\0179.raw,3,8,0,0,0,1117,1.9203448295593262,53248,291620,204,OK,2026-03-19 18:29:11
204,D:\6S2\Thesis\7 dataset\hama3_split_raw\test\0\0081.raw,0,0,0,0,1,1117,1.9207539558410645,53248,291620,205,OK,2026-03-19 18:29:14
205,D:\6S2\Thesis\7 dataset\hama3_split_raw\test\8\0071.raw,3,8,0,0,0,1117,1.9201247692108154,53248,291620,206,OK,2026-03-19 18:29:18
206,D:\6S2\Thesis\7 dataset\hama3_split_raw\test\8\0123.raw,3,8,0,0,0,1117,1.9196958541870117,53248,291620,207,OK,2026-03-19 18:29:22
207,D:\6S2\Thesis\7 dataset\hama3_split_raw\test\9\0089.raw,4,9,0,0,0,1118,1.9209504127502441,53248,291620,208,OK,2026-03-19 18:29:26
208,D:\6S2\Thesis\7 dataset\hama3_split_raw\test\9\0091.raw,4,9,0,0,0,1117,1.9200458526611328,53248,291620,209,OK,2026-03-19 18:29:30
209,D:\6S2\Thesis\7 dataset\hama3_split_raw\test\5\0021.raw,2,5,0,0,0,1117,1.922536849975586,53248,291620,210,OK,2026-03-19 18:29:34
210,D:\6S2\Thesis\7 dataset\hama3_split_raw\test\3\0038.raw,1,3,0,0,0,1117,1.9206161499023438,53248,291620,211,OK,2026-03-19 18:29:38
211,D:\6S2\Thesis\7 dataset\hama3_split_raw\test\0\0016.raw,0,0,0,0,1,1118,1.920616626739502,53248,291620,212,OK,2026-03-19 18:29:42
212,D:\6S2\Thesis\7 dataset\hama3_split_raw\test\3\0059.raw,1,3,0,0,0,1118,1.9202556610107422,53248,291620,213,OK,2026-03-19 18:29:46
213,D:\6S2\Thesis\7 dataset\hama3_split_raw\test\3\0056.raw,1,3,0,0,0,1117,1.920273780822754,53248,291620,214,OK,2026-03-19 18:29:50
214,D:\6S2\Thesis\7 dataset\hama3_split_raw\test\9\0014.raw,4,9,0,0,0,1117,1.9203481674194336,53248,291620,215,OK,2026-03-19 18:29:54
215,D:\6S2\Thesis\7 dataset\hama3_split_raw\test\8\0097.raw,3,8,0,0,0,1117,1.9186339378356934,53248,291620,216,OK,2026-03-19 18:29:58
216,D:\6S2\Thesis\7 dataset\hama3_split_raw\test\0\0073.raw,0,0,0,0,1,1118,1.9202592372894287,53248,291620,217,OK,2026-03-19 18:30:02
217,D:\6S2\Thesis\7 dataset\hama3_split_raw\test\9\0010.raw,4,9,0,0,0,1118,1.9201114177703857,53248,291620,218,OK,2026-03-19 18:30:06
218,D:\6S2\Thesis\7 dataset\hama3_split_raw\test\3\0018.raw,1,3,0,0,0,1118,1.9204063415527344,53248,291620,219,OK,2026-03-19 18:30:10
219,D:\6S2\Thesis\7 dataset\hama3_split_raw\test\3\0011.raw,1,3,0,0,0,1118,1.918668270111084,53248,291620,220,OK,2026-03-19 18:30:14
220,D:\6S2\Thesis\7 dataset\hama3_split_raw\test\3\0055.raw,1,3,0,0,0,1117,1.9198973178863525,53248,291620,221,OK,2026-03-19 18:30:18
221,D:\6S2\Thesis\7 dataset\hama3_split_raw\test\3\0041.raw,1,3,0,0,0,1118,1.9212400913238525,53248,291620,222,OK,2026-03-19 18:30:22
222,D:\6S2\Thesis\7 dataset\hama3_split_raw\test\9\0097.raw,4,9,0,0,0,1118,1.9203755855560303,53248,291620,223,OK,2026-03-19 18:30:26
223,D:\6S2\Thesis\7 dataset\hama3_split_raw\test\5\0052.raw,2,5,0,0,0,1118,1.9200215339660645,53248,291620,224,OK,2026-03-19 18:30:30
224,D:\6S2\Thesis\7 dataset\hama3_split_raw\test\3\0109.raw,1,3,0,0,0,1117,1.9205880165100098,53248,291620,225,OK,2026-03-19 18:30:34
225,D:\6S2\Thesis\7 dataset\hama3_split_raw\test\5\0049.raw,2,5,0,0,0,1117,1.9198968410491943,53248,291620,226,OK,2026-03-19 18:30:37
226,D:\6S2\Thesis\7 dataset\hama3_split_raw\test\3\0061.raw,1,3,0,0,0,1117,1.9211819171905518,53248,291620,227,OK,2026-03-19 18:30:41
227,D:\6S2\Thesis\7 dataset\hama3_split_raw\test\5\0078.raw,2,5,0,0,0,1117,1.9202959537506104,53248,291620,228,OK,2026-03-19 18:30:45
228,D:\6S2\Thesis\7 dataset\hama3_split_raw\test\3\0083.raw,1,3,0,0,0,1117,1.9207499027252197,53248,291620,229,OK,2026-03-19 18:30:49
229,D:\6S2\Thesis\7 dataset\hama3_split_raw\test\0\0090.raw,0,0,0,0,1,1117,1.9200429916381836,53248,291620,230,OK,2026-03-19 18:30:53
230,D:\6S2\Thesis\7 dataset\hama3_split_raw\test\8\0128.raw,3,8,0,0,0,1118,1.9201931953430176,53248,291620,231,OK,2026-03-19 18:30:57
231,D:\6S2\Thesis\7 dataset\hama3_split_raw\test\0\0068.raw,0,0,0,0,1,1117,1.920576572418213,53248,291620,232,OK,2026-03-19 18:31:01
232,D:\6S2\Thesis\7 dataset\hama3_split_raw\test\3\0031.raw,1,3,0,0,0,1118,1.9201440811157227,53248,291620,233,OK,2026-03-19 18:31:05
233,D:\6S2\Thesis\7 dataset\hama3_split_raw\test\0\0080.raw,0,0,0,0,1,1118,1.9203212261199951,53248,291620,234,OK,2026-03-19 18:31:09
234,D:\6S2\Thesis\7 dataset\hama3_split_raw\test\0\0058.raw,0,0,0,0,1,1118,1.920647382736206,53248,291620,235,OK,2026-03-19 18:31:13
235,D:\6S2\Thesis\7 dataset\hama3_split_raw\test\0\0011.raw,0,0,0,0,1,1118,1.919844388961792,53248,291620,236,OK,2026-03-19 18:31:17
236,D:\6S2\Thesis\7 dataset\hama3_split_raw\test\5\0097.raw,2,5,0,0,0,1117,1.9192514419555664,53248,291620,237,OK,2026-03-19 18:31:21
237,D:\6S2\Thesis\7 dataset\hama3_split_raw\test\8\0174.raw,3,8,0,0,0,1118,1.9195358753204346,53248,291620,238,OK,2026-03-19 18:31:25
238,D:\6S2\Thesis\7 dataset\hama3_split_raw\test\5\0025.raw,2,5,0,0,0,1117,1.9198768138885498,53248,291620,239,OK,2026-03-19 18:31:29
239,D:\6S2\Thesis\7 dataset\hama3_split_raw\test\9\0018.raw,4,9,0,0,0,1117,1.919952392578125,53248,291620,240,OK,2026-03-19 18:31:33
240,D:\6S2\Thesis\7 dataset\hama3_split_raw\test\5\0057.raw,2,5,0,0,0,1118,1.920142412185669,53248,291620,241,OK,2026-03-19 18:31:37
241,D:\6S2\Thesis\7 dataset\hama3_split_raw\test\0\0065.raw,0,0,0,0,1,1117,1.9198005199432373,53248,291620,242,OK,2026-03-19 18:31:41
242,D:\6S2\Thesis\7 dataset\hama3_split_raw\test\9\0005.raw,4,9,0,0,0,1118,1.9207713603973389,53248,291620,243,OK,2026-03-19 18:31:45
243,D:\6S2\Thesis\7 dataset\hama3_split_raw\test\5\0085.raw,2,5,0,0,0,1118,1.9205825328826904,53248,291620,244,OK,2026-03-19 18:31:48
244,D:\6S2\Thesis\7 dataset\hama3_split_raw\test\3\0000.raw,1,3,0,0,0,1117,1.9203007221221924,53248,291620,245,OK,2026-03-19 18:31:52
245,D:\6S2\Thesis\7 dataset\hama3_split_raw\test\8\0002.raw,3,8,0,0,0,1117,1.9207932949066162,53248,291620,246,OK,2026-03-19 18:31:56
246,D:\6S2\Thesis\7 dataset\hama3_split_raw\test\5\0037.raw,2,5,0,0,0,1118,1.9190089702606201,53248,291620,247,OK,2026-03-19 18:32:00
247,D:\6S2\Thesis\7 dataset\hama3_split_raw\test\0\0069.raw,0,0,0,0,1,1118,1.921341896057129,53248,291620,248,OK,2026-03-19 18:32:04
248,D:\6S2\Thesis\7 dataset\hama3_split_raw\test\0\0031.raw,0,0,0,0,1,1118,1.9200043678283691,53248,291620,249,OK,2026-03-19 18:32:08
249,D:\6S2\Thesis\7 dataset\hama3_split_raw\test\0\0043.raw,0,0,0,0,1,1117,1.920780897140503,53248,291620,250,OK,2026-03-19 18:32:12
250,D:\6S2\Thesis\7 dataset\hama3_split_raw\test\9\0045.raw,4,9,0,0,0,1117,1.9213387966156006,53248,291620,251,OK,2026-03-19 18:32:16
251,D:\6S2\Thesis\7 dataset\hama3_split_raw\test\0\0086.raw,0,0,0,0,1,1117,1.9193544387817383,53248,291620,252,OK,2026-03-19 18:32:20
252,D:\6S2\Thesis\7 dataset\hama3_split_raw\test\0\0001.raw,0,0,0,0,1,1118,1.9205985069274902,53248,291620,253,OK,2026-03-19 18:32:24
253,D:\6S2\Thesis\7 dataset\hama3_split_raw\test\5\0063.raw,2,5,0,0,0,1117,1.920006513595581,53248,291620,254,OK,2026-03-19 18:32:28
254,D:\6S2\Thesis\7 dataset\hama3_split_raw\test\0\0090.raw,0,0,0,0,1,1117,1.9193453788757324,53248,291620,255,OK,2026-03-19 18:32:32
255,D:\6S2\Thesis\7 dataset\hama3_split_raw\test\5\0002.raw,2,5,0,0,0,1117,1.9199631214141846,53248,291620,256,OK,2026-03-19 18:32:36
256,D:\6S2\Thesis\7 dataset\hama3_split_raw\test\8\0090.raw,3,8,0,0,0,1117,1.9195475578308105,53248,291620,257,OK,2026-03-19 18:32:40
257,D:\6S2\Thesis\7 dataset\hama3_split_raw\test\3\0111.raw,1,3,0,0,0,1118,1.9203057289123535,53248,291620,258,OK,2026-03-19 18:32:44
258,D:\6S2\Thesis\7 dataset\hama3_split_raw\test\5\0023.raw,2,5,0,0,0,1117,1.9202666282653809,53248,291620,259,OK,2026-03-19 18:32:48
259,D:\6S2\Thesis\7 dataset\hama3_split_raw\test\0\0034.raw,0,0,0,0,1,1118,1.9215242862701416,53248,291620,260,OK,2026-03-19 18:32:51
260,D:\6S2\Thesis\7 dataset\hama3_split_raw\test\5\0105.raw,2,5,0,0,0,1117,1.9173023700714111,53248,291620,261,OK,2026-03-19 18:32:55
261,D:\6S2\Thesis\7 dataset\hama3_split_raw\test\8\0078.raw,3,8,0,0,0,1117,1.919980525970459,53248,291620,262,OK,2026-03-19 18:32:59
262,D:\6S2\Thesis\7 dataset\hama3_split_raw\test\8\0039.raw,3,8,0,0,0,1117,1.920090913772583,53248,291620,263,OK,2026-03-19 18:33:03
263,D:\6S2\Thesis\7 dataset\hama3_split_raw\test\3\0006.raw,1,3,0,0,0,1118,1.9207754135131836,53248,291620,264,OK,2026-03-19 18:33:07
264,D:\6S2\Thesis\7 dataset\hama3_split_raw\test\0\0014.raw,0,0,0,0,1,1117,1.9207055568695068,53248,291620,265,OK,2026-03-19 18:33:11
265,D:\6S2\Thesis\7 dataset\hama3_split_raw\test\3\0005.raw,1,3,0,0,0,1117,1.9203088283538818,53248,291620,266,OK,2026-03-19 18:33:15
266,D:\6S2\Thesis\7 dataset\hama3_split_raw\test\5\0011.raw,2,5,0,0,0,1117,1.9184367656707764,53248,291620,267,OK,2026-03-19 18:33:19
267,D:\6S2\Thesis\7 dataset\hama3_split_raw\test\3\0072.raw,1,3,0,0,0,1117,1.9208776950836182,53248,291620,268,OK,2026-03-19 18:33:23
268,D:\6S2\Thesis\7 dataset\hama3_split_raw\test\0\0012.raw,0,0,0,0,1,1117,1.919785499572754,53248,291620,269,OK,2026-03-19 18:33:27
269,D:\6S2\Thesis\7 dataset\hama3_split_raw\test\5\0097.raw,2,5,0,0,0,1117,1.918912410736084,53248,291620,270,OK,2026-03-19 18:33:31
270,D:\6S2\Thesis\7 dataset\hama3_split_raw\test\8\0050.raw,3,8,0,0,0,1117,1.9188477993011475,53248,291620,271,OK,2026-03-19 18:33:35
271,D:\6S2\Thesis\7 dataset\hama3_split_raw\test\5\0012.raw,2,5,0,0,0,1118,1.9200177192687988,53248,291620,272,OK,2026-03-19 18:33:39
272,D:\6S2\Thesis\7 dataset\hama3_split_raw\test\3\0089.raw,1,3,0,0,0,1117,1.9208276271820068,53248,291620,273,OK,2026-03-19 18:33:43
273,D:\6S2\Thesis\7 dataset\hama3_split_raw\test\3\0112.raw,1,3,0,0,0,1117,1.9211044311523438,53248,291620,274,OK,2026-03-19 18:33:47
274,D:\6S2\Thesis\7 dataset\hama3_split_raw\test\0\0078.raw,0,0,0,0,1,1117,1.9207661151885986,53248,291620,275,OK,2026-03-19 18:33:51
275,D:\6S2\Thesis\7 dataset\hama3_split_raw\test\8\0066.raw,3,8,0,0,0,1117,1.9199957847595215,53248,291620,276,OK,2026-03-19 18:33:54
276,D:\6S2\Thesis\7 dataset\hama3_split_raw\test\8\0145.raw,3,8,0,0,0,1118,1.9186947345733643,53248,291620,277,OK,2026-03-19 18:33:58
277,D:\6S2\Thesis\7 dataset\hama3_split_raw\test\3\0089.raw,1,3,0,0,0,1118,1.920902967453003,53248,291620,278,OK,2026-03-19 18:34:02
278,D:\6S2\Thesis\7 dataset\hama3_split_raw\test\5\0014.raw,2,5,0,0,0,1117,1.9205191135406494,53248,291620,279,OK,2026-03-19 18:34:06
279,D:\6S2\Thesis\7 dataset\hama3_split_raw\test\5\0002.raw,2,5,0,0,0,1117,1.9202890396118164,53248,291620,280,OK,2026-03-19 18:34:10
280,D:\6S2\Thesis\7 dataset\hama3_split_raw\test\0\0087.raw,0,0,0,0,1,1117,1.9189848899841309,53248,291620,281,OK,2026-03-19 18:34:14
281,D:\6S2\Thesis\7 dataset\hama3_split_raw\test\5\0055.raw,2,5,0,0,0,1117,1.9202337265014648,53248,291620,282,OK,2026-03-19 18:34:18
282,D:\6S2\Thesis\7 dataset\hama3_split_raw\test\8\0009.raw,3,8,0,0,0,1118,1.91969895362854,53248,291620,283,OK,2026-03-19 18:34:22
283,D:\6S2\Thesis\7 dataset\hama3_split_raw\test\8\0147.raw,3,8,0,0,0,1118,1.917881727218628,53248,291620,284,OK,2026-03-19 18:34:26
284,D:\6S2\Thesis\7 dataset\hama3_split_raw\test\3\0006.raw,1,3,0,0,0,1117,1.9203126430511475,53248,291620,285,OK,2026-03-19 18:34:30
285,D:\6S2\Thesis\7 dataset\hama3_split_raw\test\3\0049.raw,1,3,0,0,0,1117,1.9212381839752197,53248,291620,286,OK,2026-03-19 18:34:34
286,D:\6S2\Thesis\7 dataset\hama3_split_raw\test\3\0006.raw,1,3,0,0,0,1117,1.9206340312957764,53248,291620,287,OK,2026-03-19 18:34:38
287,D:\6S2\Thesis\7 dataset\hama3_split_raw\test\0\0047.raw,0,0,0,0,1,1118,1.9212849140167236,53248,291620,288,OK,2026-03-19 18:34:42
288,D:\6S2\Thesis\7 dataset\hama3_split_raw\test\5\0065.raw,2,5,0,0,0,1118,1.9202823638916016,53248,291620,289,OK,2026-03-19 18:34:46
289,D:\6S2\Thesis\7 dataset\hama3_split_raw\test\3\0081.raw,1,3,0,0,0,1118,1.9202117919921875,53248,291620,290,OK,2026-03-19 18:34:50
290,D:\6S2\Thesis\7 dataset\hama3_split_raw\test\3\0093.raw,1,3,0,0,0,1117,1.9181694984436035,53248,291620,291,OK,2026-03-19 18:34:54
291,D:\6S2\Thesis\7 dataset\hama3_split_raw\test\3\0100.raw,1,3,0,0,0,1117,1.9189293384552002,53248,291620,292,OK,2026-03-19 18:34:58
292,D:\6S2\Thesis\7 dataset\hama3_split_raw\test\3\0005.raw,1,3,0,0,0,1117,1.9202752113342285,53248,291620,293,OK,2026-03-19 18:35:02
293,D:\6S2\Thesis\7 dataset\hama3_split_raw\test\0\0081.raw,0,0,0,0,1,1118,1.9203331470489502,53248,291620,294,OK,2026-03-19 18:35:06
294,D:\6S2\Thesis\7 dataset\hama3_split_raw\test\9\0021.raw,4,9,0,0,0,1118,1.9215707778930664,53248,291620,295,OK,2026-03-19 18:35:09
295,D:\6S2\Thesis\7 dataset\hama3_split_raw\test\0\0059.raw,0,0,0,0,1,1118,1.9204866886138916,53248,291620,296,OK,2026-03-19 18:35:13
296,D:\6S2\Thesis\7 dataset\hama3_split_raw\test\8\0103.raw,3,8,0,0,0,1117,1.9209372997283936,53248,291620,297,OK,2026-03-19 18:35:17
297,D:\6S2\Thesis\7 dataset\hama3_split_raw\test\3\0019.raw,1,3,0,0,0,1117,1.9214894771575928,53248,291620,298,OK,2026-03-19 18:35:21
298,D:\6S2\Thesis\7 dataset\hama3_split_raw\test\0\0054.raw,0,0,0,0,1,1118,1.9206516742706299,53248,291620,299,OK,2026-03-19 18:35:25
299,D:\6S2\Thesis\7 dataset\hama3_split_raw\test\0\0076.raw,0,0,0,0,1,1117,1.9206023216247559,53248,291620,300,OK,2026-03-19 18:35:29
300,D:\6S2\Thesis\7 dataset\hama3_split_raw\test\8\0004.raw,3,8,0,0,0,1117,1.920105218887329,53248,291620,301,OK,2026-03-19 18:35:33
301,D:\6S2\Thesis\7 dataset\hama3_split_raw\test\5\0097.raw,2,5,0,0,0,1117,1.9205608367919922,53248,291620,302,OK,2026-03-19 18:35:37
302,D:\6S2\Thesis\7 dataset\hama3_split_raw\test\3\0050.raw,1,3,0,0,0,1117,1.9206089973449707,53248,291620,303,OK,2026-03-19 18:35:41
303,D:\6S2\Thesis\7 dataset\hama3_split_raw\test\3\0007.raw,1,3,0,0,0,1117,1.9208707809448242,53248,291620,304,OK,2026-03-19 18:35:45
304,D:\6S2\Thesis\7 dataset\hama3_split_raw\test\5\0081.raw,2,5,0,0,0,1117,1.9199879169464111,53248,291620,305,OK,2026-03-19 18:35:49
305,D:\6S2\Thesis\7 dataset\hama3_split_raw\test\8\0079.raw,3,8,0,0,0,1118,1.9200520515441895,53248,291620,306,OK,2026-03-19 18:35:53
306,D:\6S2\Thesis\7 dataset\hama3_split_raw\test\8\0162.raw,3,8,0,0,0,1117,1.9199302196502686,53248,291620,307,OK,2026-03-19 18:35:57
307,D:\6S2\Thesis\7 dataset\hama3_split_raw\test\5\0095.raw,2,5,0,0,0,1117,1.9205272197723389,53248,291620,308,OK,2026-03-19 18:36:01
308,D:\6S2\Thesis\7 dataset\hama3_split_raw\test\9\0077.raw,4,9,0,0,0,1118,1.9205234050750732,53248,291620,309,OK,2026-03-19 18:36:05
309,D:\6S2\Thesis\7 dataset\hama3_split_raw\test\5\0025.raw,2,5,0,0,0,1118,1.9203925132751465,53248,291620,310,OK,2026-03-19 18:36:09
310,D:\6S2\Thesis\7 dataset\hama3_split_raw\test\8\0089.raw,3,8,0,0,0,1117,1.9197261333465576,53248,291620,311,OK,2026-03-19 18:36:12
311,D:\6S2\Thesis\7 dataset\hama3_split_raw\test\5\0108.raw,2,5,0,0,0,1117,1.9206147193908691,53248,291620,312,OK,2026-03-19 18:36:16
312,D:\6S2\Thesis\7 dataset\hama3_split_raw\test\3\0037.raw,1,3,0,0,0,1118,1.9207358360290527,53248,291620,313,OK,2026-03-19 18:36:20
313,D:\6S2\Thesis\7 dataset\hama3_split_raw\test\5\0073.raw,2,5,0,0,0,1117,1.9187326431274414,53248,291620,314,OK,2026-03-19 18:36:24
314,D:\6S2\Thesis\7 dataset\hama3_split_raw\test\9\0025.raw,4,9,0,0,0,1118,1.9201438426971436,53248,291620,315,OK,2026-03-19 18:36:28
315,D:\6S2\Thesis\7 dataset\hama3_split_raw\test\0\0064.raw,0,0,0,0,1,1117,1.9197757244110107,53248,291620,316,OK,2026-03-19 18:36:32
316,D:\6S2\Thesis\7 dataset\hama3_split_raw\test\0\0078.raw,0,0,0,0,1,1118,1.9215502738952637,53248,291620,317,OK,2026-03-19 18:36:36
317,D:\6S2\Thesis\7 dataset\hama3_split_raw\test\9\0051.raw,4,9,0,0,0,1117,1.9202461242675781,53248,291620,318,OK,2026-03-19 18:36:40
318,D:\6S2\Thesis\7 dataset\hama3_split_raw\test\9\0082.raw,4,9,0,0,0,1117,1.9199910163879395,53248,291620,319,OK,2026-03-19 18:36:44
319,D:\6S2\Thesis\7 dataset\hama3_split_raw\test\5\0101.raw,2,5,0,0,0,1117,1.9202919006347656,53248,291620,320,OK,2026-03-19 18:36:48
320,D:\6S2\Thesis\7 dataset\hama3_split_raw\test\5\0102.raw,2,5,0,0,0,1118,1.9211375713348389,53248,291620,321,OK,2026-03-19 18:36:52
321,D:\6S2\Thesis\7 dataset\hama3_split_raw\test\9\0077.raw,4,9,0,0,0,1117,1.9202427864074707,53248,291620,322,OK,2026-03-19 18:36:56
322,D:\6S2\Thesis\7 dataset\hama3_split_raw\test\9\0062.raw,4,9,0,0,0,1117,1.9204657077789307,53248,291620,323,OK,2026-03-19 18:37:00
323,D:\6S2\Thesis\7 dataset\hama3_split_raw\test\8\0118.raw,3,8,0,0,0,1118,1.9206082820892334,53248,291620,324,OK,2026-03-19 18:37:04
324,D:\6S2\Thesis\7 dataset\hama3_split_raw\test\8\0073.raw,3,8,0,0,0,1117,1.9198527336120605,53248,291620,325,OK,2026-03-19 18:37:08
325,D:\6S2\Thesis\7 dataset\hama3_split_raw\test\0\0000.raw,0,0,0,0,1,1117,1.9205870628356934,53248,291620,326,OK,2026-03-19 18:37:12
326,D:\6S2\Thesis\7 dataset\hama3_split_raw\test\5\0014.raw,2,5,0,0,0,1118,1.919844627380371,53248,291620,327,OK,2026-03-19 18:37:16
327,D:\6S2\Thesis\7 dataset\hama3_split_raw\test\0\0002.raw,0,0,0,0,1,1117,1.9211046695709229,53248,291620,328,OK,2026-03-19 18:37:20
328,D:\6S2\Thesis\7 dataset\hama3_split_raw\test\3\0069.raw,1,3,0,0,0,1118,1.9212164878845215,53248,291620,329,OK,2026-03-19 18:37:23
329,D:\6S2\Thesis\7 dataset\hama3_split_raw\test\0\0080.raw,0,0,0,0,1,1117,1.9209682941436768,53248,291620,330,OK,2026-03-19 18:37:27
330,D:\6S2\Thesis\7 dataset\hama3_split_raw\test\3\0035.raw,1,3,0,0,0,1117,1.920088291168213,53248,291620,331,OK,2026-03-19 18:37:31
331,D:\6S2\Thesis\7 dataset\hama3_split_raw\test\9\0079.raw,4,9,0,0,0,1117,1.91865873336792,53248,291620,332,OK,2026-03-19 18:37:35
332,D:\6S2\Thesis\7 dataset\hama3_split_raw\test\0\0087.raw,0,0,0,0,1,1117,1.9201688766479492,53248,291620,333,OK,2026-03-19 18:37:39
333,D:\6S2\Thesis\7 dataset\hama3_split_raw\test\5\0030.raw,2,5,0,0,0,1117,1.9209051132202148,53248,291620,334,OK,2026-03-19 18:37:43
334,D:\6S2\Thesis\7 dataset\hama3_split_raw\test\3\0077.raw,1,3,0,0,0,1117,1.9209134578704834,53248,291620,335,OK,2026-03-19 18:37:47
335,D:\6S2\Thesis\7 dataset\hama3_split_raw\test\3\0085.raw,1,3,0,0,0,1117,1.9208545684814453,53248,291620,336,OK,2026-03-19 18:37:51
336,D:\6S2\Thesis\7 dataset\hama3_split_raw\test\5\0013.raw,2,5,0,0,0,1118,1.9207267761230469,53248,291620,337,OK,2026-03-19 18:37:55
337,D:\6S2\Thesis\7 dataset\hama3_split_raw\test\0\0030.raw,0,0,0,0,1,1118,1.9201505184173584,53248,291620,338,OK,2026-03-19 18:37:59
338,D:\6S2\Thesis\7 dataset\hama3_split_raw\test\5\0048.raw,2,5,0,0,0,1117,1.920701026916504,53248,291620,339,OK,2026-03-19 18:38:03
339,D:\6S2\Thesis\7 dataset\hama3_split_raw\test\5\0072.raw,2,5,0,0,0,1118,1.9185197353363037,53248,291620,340,OK,2026-03-19 18:38:07
340,D:\6S2\Thesis\7 dataset\hama3_split_raw\test\3\0046.raw,1,3,0,0,0,1117,1.9199583530426025,53248,291620,341,OK,2026-03-19 18:38:11
341,D:\6S2\Thesis\7 dataset\hama3_split_raw\test\5\0094.raw,2,5,0,0,0,1118,1.9200959205627441,53248,291620,342,OK,2026-03-19 18:38:15
342,D:\6S2\Thesis\7 dataset\hama3_split_raw\test\5\0049.raw,2,5,0,0,0,1117,1.9207572937011719,53248,291620,343,OK,2026-03-19 18:38:19
343,D:\6S2\Thesis\7 dataset\hama3_split_raw\test\5\0106.raw,2,5,0,0,0,1117,1.9208157062530518,53248,291620,344,OK,2026-03-19 18:38:23
344,D:\6S2\Thesis\7 dataset\hama3_split_raw\test\0\0001.raw,0,0,0,0,1,1117,1.9187052249908447,53248,291620,345,OK,2026-03-19 18:38:27
345,D:\6S2\Thesis\7 dataset\hama3_split_raw\test\5\0078.raw,2,5,0,0,0,1117,1.9208464622497559,53248,291620,346,OK,2026-03-19 18:38:30
346,D:\6S2\Thesis\7 dataset\hama3_split_raw\test\3\0044.raw,1,3,0,0,0,1118,1.9210588932037354,53248,291620,347,OK,2026-03-19 18:38:34
347,D:\6S2\Thesis\7 dataset\hama3_split_raw\test\0\0062.raw,0,0,0,0,1,1118,1.92094087600708,53248,291620,348,OK,2026-03-19 18:38:38
348,D:\6S2\Thesis\7 dataset\hama3_split_raw\test\9\0093.raw,4,9,0,0,0,1117,1.920419454574585,53248,291620,349,OK,2026-03-19 18:38:42
349,D:\6S2\Thesis\7 dataset\hama3_split_raw\test\9\0033.raw,4,9,0,0,0,1117,1.9210262298583984,53248,291620,350,OK,2026-03-19 18:38:46
350,D:\6S2\Thesis\7 dataset\hama3_split_raw\test\3\0107.raw,1,3,0,0,0,1117,1.920854091644287,53248,291620,351,OK,2026-03-19 18:38:50
351,D:\6S2\Thesis\7 dataset\hama3_split_raw\test\3\0079.raw,1,3,0,0,0,1117,1.9216961860656738,53248,291620,352,OK,2026-03-19 18:38:54
352,D:\6S2\Thesis\7 dataset\hama3_split_raw\test\0\0025.raw,0,0,0,0,1,1117,1.9206020832061768,53248,291620,353,OK,2026-03-19 18:38:58
353,D:\6S2\Thesis\7 dataset\hama3_split_raw\test\0\0045.raw,0,0,0,0,1,1117,1.922104835510254,53248,291620,354,OK,2026-03-19 18:39:02
354,D:\6S2\Thesis\7 dataset\hama3_split_raw\test\0\0026.raw,0,0,0,0,1,1118,1.9208478927612305,53248,291620,355,OK,2026-03-19 18:39:06
355,D:\6S2\Thesis\7 dataset\hama3_split_raw\test\3\0025.raw,1,3,0,0,0,1117,1.9201183319091797,53248,291620,356,OK,2026-03-19 18:39:10
356,D:\6S2\Thesis\7 dataset\hama3_split_raw\test\8\0001.raw,3,8,0,0,0,1117,1.920579195022583,53248,291620,357,OK,2026-03-19 18:39:14
357,D:\6S2\Thesis\7 dataset\hama3_split_raw\test\5\0019.raw,2,5,0,0,0,1117,1.9190287590026855,53248,291620,358,OK,2026-03-19 18:39:18
358,D:\6S2\Thesis\7 dataset\hama3_split_raw\test\8\0098.raw,3,8,0,0,0,1118,1.9218323230743408,53248,291620,359,OK,2026-03-19 18:39:22
359,D:\6S2\Thesis\7 dataset\hama3_split_raw\test\9\0056.raw,4,9,0,0,0,1117,1.9205923080444336,53248,291620,360,OK,2026-03-19 18:39:26
360,D:\6S2\Thesis\7 dataset\hama3_split_raw\test\5\0042.raw,2,5,0,0,0,1117,1.9194276332855225,53248,291620,361,OK,2026-03-19 18:39:29
361,D:\6S2\Thesis\7 dataset\hama3_split_raw\test\9\0047.raw,4,9,0,0,0,1118,1.9214057922363281,53248,291620,362,OK,2026-03-19 18:39:33
362,D:\6S2\Thesis\7 dataset\hama3_split_raw\test\0\0001.raw,0,0,0,0,1,1118,1.9215283393859863,53248,291620,363,OK,2026-03-19 18:39:37
363,D:\6S2\Thesis\7 dataset\hama3_split_raw\test\3\0054.raw,1,3,0,0,0,1118,1.9203693866729736,53248,291620,364,OK,2026-03-19 18:39:41
364,D:\6S2\Thesis\7 dataset\hama3_split_raw\test\0\0022.raw,0,0,0,0,1,1118,1.9204516410827637,53248,291620,365,OK,2026-03-19 18:39:45
365,D:\6S2\Thesis\7 dataset\hama3_split_raw\test\3\0030.raw,1,3,0,0,0,1117,1.920104742050171,53248,291620,366,OK,2026-03-19 18:39:49
366,D:\6S2\Thesis\7 dataset\hama3_split_raw\test\3\0024.raw,1,3,0,0,0,1117,1.9205069541931152,53248,291620,367,OK,2026-03-19 18:39:53
367,D:\6S2\Thesis\7 dataset\hama3_split_raw\test\0\0020.raw,0,0,0,0,1,1117,1.921907663345337,53248,291620,368,OK,2026-03-19 18:39:57
368,D:\6S2\Thesis\7 dataset\hama3_split_raw\test\9\0067.raw,4,9,0,0,0,1117,1.920501470565796,53248,291620,369,OK,2026-03-19 18:40:01
369,D:\6S2\Thesis\7 dataset\hama3_split_raw\test\5\0119.raw,2,5,0,0,0,1117,1.9203855991363525,53248,291620,370,OK,2026-03-19 18:40:05
370,D:\6S2\Thesis\7 dataset\hama3_split_raw\test\9\0019.raw,4,9,0,0,0,1117,1.920975923538208,53248,291620,371,OK,2026-03-19 18:40:09
371,D:\6S2\Thesis\7 dataset\hama3_split_raw\test\8\0040.raw,3,8,0,0,0,1117,1.9195563793182373,53248,291620,372,OK,2026-03-19 18:40:13
372,D:\6S2\Thesis\7 dataset\hama3_split_raw\test\8\0045.raw,3,8,0,0,0,1117,1.9229331016540527,53248,291620,373,OK,2026-03-19 18:40:17
373,D:\6S2\Thesis\7 dataset\hama3_split_raw\test\8\0172.raw,3,8,0,0,0,1117,1.918957233428955,53248,291620,374,OK,2026-03-19 18:40:21
374,D:\6S2\Thesis\7 dataset\hama3_split_raw\test\5\0035.raw,2,5,0,0,0,1117,1.9184350967407227,53248,291620,375,OK,2026-03-19 18:40:25
375,D:\6S2\Thesis\7 dataset\hama3_split_raw\test\3\0042.raw,1,3,0,0,0,1118,1.920337200164795,53248,291620,376,OK,2026-03-19 18:40:29
376,D:\6S2\Thesis\7 dataset\hama3_split_raw\test\9\0002.raw,4,9,0,0,0,1117,1.920276165008545,53248,291620,377,OK,2026-03-19 18:40:33
377,D:\6S2\Thesis\7 dataset\hama3_split_raw\test\0\0032.raw,0,0,0,0,1,1117,1.9215397834777832,53248,291620,378,OK,2026-03-19 18:40:37
378,D:\6S2\Thesis\7 dataset\hama3_split_raw\test\3\0084.raw,1,3,0,0,0,1117,1.920703649520874,53248,291620,379,OK,2026-03-19 18:40:41
379,D:\6S2\Thesis\7 dataset\hama3_split_raw\test\0\0088.raw,0,0,0,0,1,1118,1.920461893081665,53248,291620,380,OK,2026-03-19 18:40:44
380,D:\6S2\Thesis\7 dataset\hama3_split_raw\test\5\0119.raw,2,5,0,0,0,1117,1.9213149547576904,53248,291620,381,OK,2026-03-19 18:40:48
381,D:\6S2\Thesis\7 dataset\hama3_split_raw\test\3\0054.raw,1,3,0,0,0,1117,1.9208776950836182,53248,291620,382,OK,2026-03-19 18:40:52
382,D:\6S2\Thesis\7 dataset\hama3_split_raw\test\3\0065.raw,1,3,0,0,0,1118,1.9197728633880615,53248,291620,383,OK,2026-03-19 18:40:56
383,D:\6S2\Thesis\7 dataset\hama3_split_raw\test\5\0075.raw,2,5,0,0,0,1118,1.9205758571624756,53248,291620,384,OK,2026-03-19 18:41:00
384,D:\6S2\Thesis\7 dataset\hama3_split_raw\test\5\0018.raw,2,5,0,0,0,1117,1.9200389385223389,53248,291620,385,OK,2026-03-19 18:41:04
385,D:\6S2\Thesis\7 dataset\hama3_split_raw\test\0\0025.raw,0,0,0,0,1,1117,1.920328140258789,53248,291620,386,OK,2026-03-19 18:41:08
386,D:\6S2\Thesis\7 dataset\hama3_split_raw\test\8\0141.raw,3,8,0,0,0,1117,1.9214825630187988,53248,291620,387,OK,2026-03-19 18:41:12
387,D:\6S2\Thesis\7 dataset\hama3_split_raw\test\0\0022.raw,0,0,0,0,1,1117,1.9203095436096191,53248,291620,388,OK,2026-03-19 18:41:16
388,D:\6S2\Thesis\7 dataset\hama3_split_raw\test\5\0100.raw,2,5,0,0,0,1117,1.920755386352539,53248,291620,389,OK,2026-03-19 18:41:20
389,D:\6S2\Thesis\7 dataset\hama3_split_raw\test\9\0101.raw,4,9,0,0,0,1117,1.9203474521636963,53248,291620,390,OK,2026-03-19 18:41:24
390,D:\6S2\Thesis\7 dataset\hama3_split_raw\test\0\0003.raw,0,0,0,0,1,1118,1.9197545051574707,53248,291620,391,OK,2026-03-19 18:41:28
391,D:\6S2\Thesis\7 dataset\hama3_split_raw\test\0\0089.raw,0,0,0,0,1,1117,1.9202806949615479,53248,291620,392,OK,2026-03-19 18:41:32
392,D:\6S2\Thesis\7 dataset\hama3_split_raw\test\8\0011.raw,3,8,0,0,0,1117,1.920292854309082,53248,291620,393,OK,2026-03-19 18:41:36
393,D:\6S2\Thesis\7 dataset\hama3_split_raw\test\9\0075.raw,4,9,0,0,0,1117,1.918243408203125,53248,291620,394,OK,2026-03-19 18:41:40
394,D:\6S2\Thesis\7 dataset\hama3_split_raw\test\9\0004.raw,4,9,0,0,0,1118,1.9202816486358643,53248,291620,395,OK,2026-03-19 18:41:44
395,D:\6S2\Thesis\7 dataset\hama3_split_raw\test\0\0058.raw,0,0,0,0,1,1118,1.9216065406799316,53248,291620,396,OK,2026-03-19 18:41:48
396,D:\6S2\Thesis\7 dataset\hama3_split_raw\test\8\0043.raw,3,8,0,0,0,1117,1.920593023300171,53248,291620,397,OK,2026-03-19 18:41:52
397,D:\6S2\Thesis\7 dataset\hama3_split_raw\test\9\0076.raw,4,9,0,0,0,1118,1.920577049255371,53248,291620,398,OK,2026-03-19 18:41:56
398,D:\6S2\Thesis\7 dataset\hama3_split_raw\test\3\0085.raw,1,3,0,0,0,1117,1.9216134548187256,53248,291620,399,OK,2026-03-19 18:42:00
399,D:\6S2\Thesis\7 dataset\hama3_split_raw\test\3\0000.raw,1,3,0,0,0,1117,1.9204504489898682,53248,291620,400,OK,2026-03-19 18:42:03
400,D:\6S2\Thesis\7 dataset\hama3_split_raw\test\0\0056.raw,0,0,0,0,1,1117,1.920048713684082,53248,291620,401,OK,2026-03-19 18:42:07
401,D:\6S2\Thesis\7 dataset\hama3_split_raw\test\5\0017.raw,2,5,0,0,0,1118,1.9197046756744385,53248,291620,402,OK,2026-03-19 18:42:11
402,D:\6S2\Thesis\7 dataset\hama3_split_raw\test\3\0104.raw,1,3,0,0,0,1118,1.922196626663208,53248,291620,403,OK,2026-03-19 18:42:15
403,D:\6S2\Thesis\7 dataset\hama3_split_raw\test\3\0063.raw,1,3,0,0,0,1117,1.92136812210083,53248,291620,404,OK,2026-03-19 18:42:19
404,D:\6S2\Thesis\7 dataset\hama3_split_raw\test\9\0000.raw,4,9,0,0,0,1118,1.9210476875305176,53248,291620,405,OK,2026-03-19 18:42:23
405,D:\6S2\Thesis\7 dataset\hama3_split_raw\test\9\0078.raw,4,9,0,0,0,1118,1.9205844402313232,53248,291620,406,OK,2026-03-19 18:42:27
406,D:\6S2\Thesis\7 dataset\hama3_split_raw\test\9\0084.raw,4,9,0,0,0,1117,1.9210515022277832,53248,291620,407,OK,2026-03-19 18:42:31
407,D:\6S2\Thesis\7 dataset\hama3_split_raw\test\3\0012.raw,1,3,0,0,0,1118,1.920290470123291,53248,291620,408,OK,2026-03-19 18:42:35
408,D:\6S2\Thesis\7 dataset\hama3_split_raw\test\0\0036.raw,0,0,0,0,1,1118,1.9203767776489258,53248,291620,409,OK,2026-03-19 18:42:39
409,D:\6S2\Thesis\7 dataset\hama3_split_raw\test\8\0170.raw,3,8,0,0,0,1118,1.9201581478118896,53248,291620,410,OK,2026-03-19 18:42:43
410,D:\6S2\Thesis\7 dataset\hama3_split_raw\test\5\0055.raw,2,5,0,0,0,1117,1.9204461574554443,53248,291620,411,OK,2026-03-19 18:42:47
411,D:\6S2\Thesis\7 dataset\hama3_split_raw\test\3\0077.raw,1,3,0,0,0,1117,1.9202961921691895,53248,291620,412,OK,2026-03-19 18:42:51
412,D:\6S2\Thesis\7 dataset\hama3_split_raw\test\5\0017.raw,2,5,0,0,0,1118,1.920877456665039,53248,291620,413,OK,2026-03-19 18:42:55
413,D:\6S2\Thesis\7 dataset\hama3_split_raw\test\3\0011.raw,1,3,0,0,0,1117,1.9209914207458496,53248,291620,414,OK,2026-03-19 18:42:59
414,D:\6S2\Thesis\7 dataset\hama3_split_raw\test\0\0038.raw,0,0,0,0,1,1118,1.9207077026367188,53248,291620,415,OK,2026-03-19 18:43:03
415,D:\6S2\Thesis\7 dataset\hama3_split_raw\test\3\0089.raw,1,3,0,0,0,1117,1.9220829010009766,53248,291620,416,OK,2026-03-19 18:43:06
416,D:\6S2\Thesis\7 dataset\hama3_split_raw\test\8\0170.raw,3,8,0,0,0,1117,1.9210996627807617,53248,291620,417,OK,2026-03-19 18:43:10
417,D:\6S2\Thesis\7 dataset\hama3_split_raw\test\9\0032.raw,4,9,0,0,0,1117,1.9206206798553467,53248,291620,418,OK,2026-03-19 18:43:14
418,D:\6S2\Thesis\7 dataset\hama3_split_raw\test\9\0012.raw,4,9,0,0,0,1117,1.9208614826202393,53248,291620,419,OK,2026-03-19 18:43:18
419,D:\6S2\Thesis\7 dataset\hama3_split_raw\test\8\0032.raw,3,8,0,0,0,1117,1.9210565090179443,53248,291620,420,OK,2026-03-19 18:43:22
420,D:\6S2\Thesis\7 dataset\hama3_split_raw\test\5\0060.raw,2,5,0,0,0,1117,1.9199376106262207,53248,291620,421,OK,2026-03-19 18:43:26
421,D:\6S2\Thesis\7 dataset\hama3_split_raw\test\8\0047.raw,3,8,0,0,0,1117,1.9192273616790771,53248,291620,422,OK,2026-03-19 18:43:30
422,D:\6S2\Thesis\7 dataset\hama3_split_raw\test\3\0053.raw,1,3,0,0,0,1117,1.9201710224151611,53248,291620,423,OK,2026-03-19 18:43:34
423,D:\6S2\Thesis\7 dataset\hama3_split_raw\test\9\0087.raw,4,9,0,0,0,1117,1.9204802513122559,53248,291620,424,OK,2026-03-19 18:43:38
424,D:\6S2\Thesis\7 dataset\hama3_split_raw\test\0\0028.raw,0,0,0,0,1,1118,1.9207730293273926,53248,291620,425,OK,2026-03-19 18:43:42
425,D:\6S2\Thesis\7 dataset\hama3_split_raw\test\5\0029.raw,2,5,0,0,0,1117,1.9206655025482178,53248,291620,426,OK,2026-03-19 18:43:46
426,D:\6S2\Thesis\7 dataset\hama3_split_raw\test\8\0044.raw,3,8,0,0,0,1117,1.9203026294708252,53248,291620,427,OK,2026-03-19 18:43:50
427,D:\6S2\Thesis\7 dataset\hama3_split_raw\test\5\0101.raw,2,5,0,0,0,1117,1.9209513664245605,53248,291620,428,OK,2026-03-19 18:43:54
428,D:\6S2\Thesis\7 dataset\hama3_split_raw\test\0\0011.raw,0,0,0,0,1,1117,1.9193878173828125,53248,291620,429,OK,2026-03-19 18:43:58
429,D:\6S2\Thesis\7 dataset\hama3_split_raw\test\9\0023.raw,4,9,0,0,0,1117,1.921358346939087,53248,291620,430,OK,2026-03-19 18:44:02
430,D:\6S2\Thesis\7 dataset\hama3_split_raw\test\8\0139.raw,3,8,0,0,0,1117,1.9200994968414307,53248,291620,431,OK,2026-03-19 18:44:05
431,D:\6S2\Thesis\7 dataset\hama3_split_raw\test\3\0006.raw,1,3,0,0,0,1118,1.9202256202697754,53248,291620,432,OK,2026-03-19 18:44:09
432,D:\6S2\Thesis\7 dataset\hama3_split_raw\test\0\0023.raw,0,0,0,0,1,1117,1.920945167541504,53248,291620,433,OK,2026-03-19 18:44:13
433,D:\6S2\Thesis\7 dataset\hama3_split_raw\test\9\0088.raw,4,9,0,0,0,1117,1.9205687046051025,53248,291620,434,OK,2026-03-19 18:44:17
434,D:\6S2\Thesis\7 dataset\hama3_split_raw\test\5\0112.raw,2,5,0,0,0,1118,1.92018723487854,53248,291620,435,OK,2026-03-19 18:44:21
435,D:\6S2\Thesis\7 dataset\hama3_split_raw\test\3\0037.raw,1,3,0,0,0,1118,1.9193229675292969,53248,291620,436,OK,2026-03-19 18:44:25
436,D:\6S2\Thesis\7 dataset\hama3_split_raw\test\5\0056.raw,2,5,0,0,0,1118,1.919597864151001,53248,291620,437,OK,2026-03-19 18:44:29
437,D:\6S2\Thesis\7 dataset\hama3_split_raw\test\3\0038.raw,1,3,0,0,0,1118,1.9204907417297363,53248,291620,438,OK,2026-03-19 18:44:33
438,D:\6S2\Thesis\7 dataset\hama3_split_raw\test\8\0139.raw,3,8,0,0,0,1118,1.920703411102295,53248,291620,439,OK,2026-03-19 18:44:37
439,D:\6S2\Thesis\7 dataset\hama3_split_raw\test\3\0081.raw,1,3,0,0,0,1117,1.9203155040740967,53248,291620,440,OK,2026-03-19 18:44:41
440,D:\6S2\Thesis\7 dataset\hama3_split_raw\test\5\0098.raw,2,5,0,0,0,1117,1.9199609756469727,53248,291620,441,OK,2026-03-19 18:44:45
441,D:\6S2\Thesis\7 dataset\hama3_split_raw\test\0\0058.raw,0,0,0,0,1,1117,1.9212360382080078,53248,291620,442,OK,2026-03-19 18:44:49
442,D:\6S2\Thesis\7 dataset\hama3_split_raw\test\0\0049.raw,0,0,0,0,1,1117,1.920335292816162,53248,291620,443,OK,2026-03-19 18:44:53
443,D:\6S2\Thesis\7 dataset\hama3_split_raw\test\0\0052.raw,0,0,0,0,1,1117,1.9206745624542236,53248,291620,444,OK,2026-03-19 18:44:57
444,D:\6S2\Thesis\7 dataset\hama3_split_raw\test\5\0025.raw,2,5,0,0,0,1118,1.9193928241729736,53248,291620,445,OK,2026-03-19 18:45:00
445,D:\6S2\Thesis\7 dataset\hama3_split_raw\test\5\0031.raw,2,5,0,0,0,1117,1.9203674793243408,53248,291620,446,OK,2026-03-19 18:45:04
446,D:\6S2\Thesis\7 dataset\hama3_split_raw\test\5\0083.raw,2,5,0,0,0,1117,1.9200363159179688,53248,291620,447,OK,2026-03-19 18:45:08
447,D:\6S2\Thesis\7 dataset\hama3_split_raw\test\3\0006.raw,1,3,0,0,0,1117,1.9201509952545166,53248,291620,448,OK,2026-03-19 18:45:12
448,D:\6S2\Thesis\7 dataset\hama3_split_raw\test\3\0100.raw,1,3,0,0,0,1117,1.9205739498138428,53248,291620,449,OK,2026-03-19 18:45:16
449,D:\6S2\Thesis\7 dataset\hama3_split_raw\test\8\0038.raw,3,8,0,0,0,1118,1.9179730415344238,53248,291620,450,OK,2026-03-19 18:45:20
450,D:\6S2\Thesis\7 dataset\hama3_split_raw\test\3\0000.raw,1,3,0,0,0,1117,1.9207332134246826,53248,291620,451,OK,2026-03-19 18:45:24
451,D:\6S2\Thesis\7 dataset\hama3_split_raw\test\3\0034.raw,1,3,0,0,0,1117,1.9210360050201416,53248,291620,452,OK,2026-03-19 18:45:28
452,D:\6S2\Thesis\7 dataset\hama3_split_raw\test\8\0171.raw,3,8,0,0,0,1118,1.9203605651855469,53248,291620,453,OK,2026-03-19 18:45:32
453,D:\6S2\Thesis\7 dataset\hama3_split_raw\test\9\0059.raw,4,9,0,0,0,1117,1.9205307960510254,53248,291620,454,OK,2026-03-19 18:45:36
454,D:\6S2\Thesis\7 dataset\hama3_split_raw\test\3\0011.raw,1,3,0,0,0,1117,1.9206023216247559,53248,291620,455,OK,2026-03-19 18:45:40
455,D:\6S2\Thesis\7 dataset\hama3_split_raw\test\9\0075.raw,4,9,0,0,0,1117,1.921433687210083,53248,291620,456,OK,2026-03-19 18:45:44
456,D:\6S2\Thesis\7 dataset\hama3_split_raw\test\0\0030.raw,0,0,0,0,1,1117,1.9206502437591553,53248,291620,457,OK,2026-03-19 18:45:48
457,D:\6S2\Thesis\7 dataset\hama3_split_raw\test\8\0072.raw,3,8,0,0,0,1117,1.9201805591583252,53248,291620,458,OK,2026-03-19 18:45:52
458,D:\6S2\Thesis\7 dataset\hama3_split_raw\test\3\0101.raw,1,3,0,0,0,1117,1.9205310344696045,53248,291620,459,OK,2026-03-19 18:45:56
459,D:\6S2\Thesis\7 dataset\hama3_split_raw\test\8\0141.raw,3,8,0,0,0,1117,1.9206364154815674,53248,291620,460,OK,2026-03-19 18:46:00
460,D:\6S2\Thesis\7 dataset\hama3_split_raw\test\8\0018.raw,3,8,0,0,0,1118,1.9220771789550781,53248,291620,461,OK,2026-03-19 18:46:03
461,D:\6S2\Thesis\7 dataset\hama3_split_raw\test\0\0081.raw,0,0,0,0,1,1118,1.9205832481384277,53248,291620,462,OK,2026-03-19 18:46:07
462,D:\6S2\Thesis\7 dataset\hama3_split_raw\test\9\0068.raw,4,9,0,0,0,1118,1.9207098484039307,53248,291620,463,OK,2026-03-19 18:46:11
463,D:\6S2\Thesis\7 dataset\hama3_split_raw\test\9\0090.raw,4,9,0,0,0,1117,1.9186875820159912,53248,291620,464,OK,2026-03-19 18:46:15
464,D:\6S2\Thesis\7 dataset\hama3_split_raw\test\3\0050.raw,1,3,0,0,0,1117,1.922546625137329,53248,291620,465,OK,2026-03-19 18:46:19
465,D:\6S2\Thesis\7 dataset\hama3_split_raw\test\9\0094.raw,4,9,0,0,0,1117,1.920661449432373,53248,291620,466,OK,2026-03-19 18:46:23
466,D:\6S2\Thesis\7 dataset\hama3_split_raw\test\0\0060.raw,0,0,0,0,1,1117,1.92063570022583,53248,291620,467,OK,2026-03-19 18:46:27
467,D:\6S2\Thesis\7 dataset\hama3_split_raw\test\8\0164.raw,3,8,0,0,0,1118,1.9205567836761475,53248,291620,468,OK,2026-03-19 18:46:31
468,D:\6S2\Thesis\7 dataset\hama3_split_raw\test\3\0071.raw,1,3,0,0,0,1117,1.9208931922912598,53248,291620,469,OK,2026-03-19 18:46:35
469,D:\6S2\Thesis\7 dataset\hama3_split_raw\test\5\0002.raw,2,5,0,0,0,1117,1.9206812381744385,53248,291620,470,OK,2026-03-19 18:46:39
470,D:\6S2\Thesis\7 dataset\hama3_split_raw\test\3\0095.raw,1,3,0,0,0,1118,1.9207091331481934,53248,291620,471,OK,2026-03-19 18:46:43
471,D:\6S2\Thesis\7 dataset\hama3_split_raw\test\8\0090.raw,3,8,0,0,0,1117,1.9210574626922607,53248,291620,472,OK,2026-03-19 18:46:47
472,D:\6S2\Thesis\7 dataset\hama3_split_raw\test\5\0090.raw,2,5,0,0,0,1117,1.9207441806793213,53248,291620,473,OK,2026-03-19 18:46:51
473,D:\6S2\Thesis\7 dataset\hama3_split_raw\test\3\0022.raw,1,3,0,0,0,1117,1.9209785461425781,53248,291620,474,OK,2026-03-19 18:46:55
474,D:\6S2\Thesis\7 dataset\hama3_split_raw\test\9\0067.raw,4,9,0,0,0,1117,1.9203345775604248,53248,291620,475,OK,2026-03-19 18:46:59
475,D:\6S2\Thesis\7 dataset\hama3_split_raw\test\5\0027.raw,2,5,0,0,0,1117,1.9204611778259277,53248,291620,476,OK,2026-03-19 18:47:02
476,D:\6S2\Thesis\7 dataset\hama3_split_raw\test\5\0075.raw,2,5,0,0,0,1117,1.919971227645874,53248,291620,477,OK,2026-03-19 18:47:06
477,D:\6S2\Thesis\7 dataset\hama3_split_raw\test\8\0019.raw,3,8,0,0,0,1117,1.9186842441558838,53248,291620,478,OK,2026-03-19 18:47:10
478,D:\6S2\Thesis\7 dataset\hama3_split_raw\test\0\0034.raw,0,0,0,0,1,1117,1.9212515354156494,53248,291620,479,OK,2026-03-19 18:47:14
479,D:\6S2\Thesis\7 dataset\hama3_split_raw\test\5\0044.raw,2,5,0,0,0,1117,1.919867753982544,53248,291620,480,OK,2026-03-19 18:47:18
480,D:\6S2\Thesis\7 dataset\hama3_split_raw\test\5\0078.raw,2,5,0,0,0,1118,1.9204015731811523,53248,291620,481,OK,2026-03-19 18:47:22
481,D:\6S2\Thesis\7 dataset\hama3_split_raw\test\8\0162.raw,3,8,0,0,0,1117,1.9211070537567139,53248,291620,482,OK,2026-03-19 18:47:26
482,D:\6S2\Thesis\7 dataset\hama3_split_raw\test\0\0057.raw,0,0,0,0,1,1118,1.9222190380096436,53248,291620,483,OK,2026-03-19 18:47:30
483,D:\6S2\Thesis\7 dataset\hama3_split_raw\test\8\0142.raw,3,8,0,0,0,1117,1.9209351539611816,53248,291620,484,OK,2026-03-19 18:47:34
484,D:\6S2\Thesis\7 dataset\hama3_split_raw\test\5\0022.raw,2,5,0,0,0,1117,1.9205336570739746,53248,291620,485,OK,2026-03-19 18:47:38
485,D:\6S2\Thesis\7 dataset\hama3_split_raw\test\8\0101.raw,3,8,0,0,0,1117,1.9206678867340088,53248,291620,486,OK,2026-03-19 18:47:42
486,D:\6S2\Thesis\7 dataset\hama3_split_raw\test\5\0016.raw,2,5,0,0,0,1118,1.9206516742706299,53248,291620,487,OK,2026-03-19 18:47:46
487,D:\6S2\Thesis\7 dataset\hama3_split_raw\test\9\0028.raw,4,9,0,0,0,1117,1.9202051162719727,53248,291620,488,OK,2026-03-19 18:47:50
488,D:\6S2\Thesis\7 dataset\hama3_split_raw\test\5\0059.raw,2,5,0,0,0,1117,1.9211039543151855,53248,291620,489,OK,2026-03-19 18:47:54
489,D:\6S2\Thesis\7 dataset\hama3_split_raw\test\5\0095.raw,2,5,0,0,0,1117,1.920569658279419,53248,291620,490,OK,2026-03-19 18:47:58
490,D:\6S2\Thesis\7 dataset\hama3_split_raw\test\9\0091.raw,4,9,0,0,0,1117,1.9205446243286133,53248,291620,491,OK,2026-03-19 18:48:01
491,D:\6S2\Thesis\7 dataset\hama3_split_raw\test\0\0001.raw,0,0,0,0,1,1117,1.9178149700164795,53248,291620,492,OK,2026-03-19 18:48:05
492,D:\6S2\Thesis\7 dataset\hama3_split_raw\test\5\0109.raw,2,5,0,0,0,1117,1.9210917949676514,53248,291620,493,OK,2026-03-19 18:48:09
493,D:\6S2\Thesis\7 dataset\hama3_split_raw\test\0\0012.raw,0,0,0,0,1,1117,1.9216482639312744,53248,291620,494,OK,2026-03-19 18:48:13
494,D:\6S2\Thesis\7 dataset\hama3_split_raw\test\0\0064.raw,0,0,0,0,1,1118,1.9216349124908447,53248,291620,495,OK,2026-03-19 18:48:17
495,D:\6S2\Thesis\7 dataset\hama3_split_raw\test\0\0007.raw,0,0,0,0,1,1118,1.9203321933746338,53248,291620,496,OK,2026-03-19 18:48:21
496,D:\6S2\Thesis\7 dataset\hama3_split_raw\test\5\0071.raw,2,5,0,0,0,1117,1.921210527420044,53248,291620,497,OK,2026-03-19 18:48:25
497,D:\6S2\Thesis\7 dataset\hama3_split_raw\test\9\0086.raw,4,9,0,0,0,1118,1.921586036682129,53248,291620,498,OK,2026-03-19 18:48:29
498,D:\6S2\Thesis\7 dataset\hama3_split_raw\test\3\0020.raw,1,3,0,0,0,1117,1.9207968711853027,53248,291620,499,OK,2026-03-19 18:48:33
499,D:\6S2\Thesis\7 dataset\hama3_split_raw\test\9\0090.raw,4,9,0,0,0,1118,1.9205551147460938,53248,291620,500,OK,2026-03-19 18:48:37
500,D:\6S2\Thesis\7 dataset\hama3_split_raw\test\3\0095.raw,1,3,0,0,0,1118,1.9207427501678467,53248,291620,501,OK,2026-03-19 18:48:41
501,D:\6S2\Thesis\7 dataset\hama3_split_raw\test\5\0033.raw,2,5,0,0,0,1117,1.920600414276123,53248,291620,502,OK,2026-03-19 18:48:45
502,D:\6S2\Thesis\7 dataset\hama3_split_raw\test\3\0080.raw,1,3,0,0,0,1117,1.9207212924957275,53248,291620,503,OK,2026-03-19 18:48:49
503,D:\6S2\Thesis\7 dataset\hama3_split_raw\test\9\0077.raw,4,9,0,0,0,1117,1.9220526218414307,53248,291620,504,OK,2026-03-19 18:48:53
504,D:\6S2\Thesis\7 dataset\hama3_split_raw\test\8\0029.raw,3,8,0,0,0,1118,1.9214892387390137,53248,291620,505,OK,2026-03-19 18:48:56
505,D:\6S2\Thesis\7 dataset\hama3_split_raw\test\9\0049.raw,4,9,0,0,0,1117,1.9185233116149902,53248,291620,506,OK,2026-03-19 18:49:00
506,D:\6S2\Thesis\7 dataset\hama3_split_raw\test\3\0058.raw,1,3,0,0,0,1117,1.920780897140503,53248,291620,507,OK,2026-03-19 18:49:04
507,D:\6S2\Thesis\7 dataset\hama3_split_raw\test\3\0075.raw,1,3,0,0,0,1117,1.9214684963226318,53248,291620,508,OK,2026-03-19 18:49:08
508,D:\6S2\Thesis\7 dataset\hama3_split_raw\test\8\0158.raw,3,8,0,0,0,1117,1.9212281703948975,53248,291620,509,OK,2026-03-19 18:49:12
509,D:\6S2\Thesis\7 dataset\hama3_split_raw\test\3\0108.raw,1,3,0,0,0,1117,1.9206714630126953,53248,291620,510,OK,2026-03-19 18:49:16
510,D:\6S2\Thesis\7 dataset\hama3_split_raw\test\9\0023.raw,4,9,0,0,0,1117,1.921499252319336,53248,291620,511,OK,2026-03-19 18:49:20
511,D:\6S2\Thesis\7 dataset\hama3_split_raw\test\8\0036.raw,3,8,0,0,0,1117,1.921560525894165,53248,291620,512,OK,2026-03-19 18:49:24
512,D:\6S2\Thesis\7 dataset\hama3_split_raw\test\3\0074.raw,1,3,0,0,0,1117,1.920945405960083,53248,291620,513,OK,2026-03-19 18:49:28
513,D:\6S2\Thesis\7 dataset\hama3_split_raw\test\8\0066.raw,3,8,0,0,0,1118,1.9206936359405518,53248,291620,514,OK,2026-03-19 18:49:32
514,D:\6S2\Thesis\7 dataset\hama3_split_raw\test\9\0021.raw,4,9,0,0,0,1117,1.9207558631896973,53248,291620,515,OK,2026-03-19 18:49:36
515,D:\6S2\Thesis\7 dataset\hama3_split_raw\test\0\0062.raw,0,0,0,0,1,1117,1.920830488204956,53248,291620,516,OK,2026-03-19 18:49:40
516,D:\6S2\Thesis\7 dataset\hama3_split_raw\test\0\0050.raw,0,0,0,0,1,1118,1.9208052158355713,53248,291620,517,OK,2026-03-19 18:49:44
517,D:\6S2\Thesis\7 dataset\hama3_split_raw\test\3\0079.raw,1,3,0,0,0,1117,1.918179988861084,53248,291620,518,OK,2026-03-19 18:49:48
518,D:\6S2\Thesis\7 dataset\hama3_split_raw\test\3\0094.raw,1,3,0,0,0,1117,1.9202733039855957,53248,291620,519,OK,2026-03-19 18:49:52
519,D:\6S2\Thesis\7 dataset\hama3_split_raw\test\0\0034.raw,0,0,0,0,1,1117,1.9207499027252197,53248,291620,520,OK,2026-03-19 18:49:55
520,D:\6S2\Thesis\7 dataset\hama3_split_raw\test\3\0023.raw,1,3,0,0,0,1117,1.9204602241516113,53248,291620,521,OK,2026-03-19 18:49:59
521,D:\6S2\Thesis\7 dataset\hama3_split_raw\test\0\0020.raw,0,0,0,0,1,1117,1.9206910133361816,53248,291620,522,OK,2026-03-19 18:50:03
522,D:\6S2\Thesis\7 dataset\hama3_split_raw\test\0\0084.raw,0,0,0,0,1,1117,1.9194343090057373,53248,291620,523,OK,2026-03-19 18:50:07
523,D:\6S2\Thesis\7 dataset\hama3_split_raw\test\9\0031.raw,4,9,0,0,0,1117,1.9209294319152832,53248,291620,524,OK,2026-03-19 18:50:11
524,D:\6S2\Thesis\7 dataset\hama3_split_raw\test\0\0034.raw,0,0,0,0,1,1118,1.921201467514038,53248,291620,525,OK,2026-03-19 18:50:15
525,D:\6S2\Thesis\7 dataset\hama3_split_raw\test\0\0005.raw,0,0,0,0,1,1117,1.920802116394043,53248,291620,526,OK,2026-03-19 18:50:19
526,D:\6S2\Thesis\7 dataset\hama3_split_raw\test\8\0028.raw,3,8,0,0,0,1118,1.9203040599822998,53248,291620,527,OK,2026-03-19 18:50:23
527,D:\6S2\Thesis\7 dataset\hama3_split_raw\test\9\0015.raw,4,9,0,0,0,1117,1.9199068546295166,53248,291620,528,OK,2026-03-19 18:50:27
528,D:\6S2\Thesis\7 dataset\hama3_split_raw\test\5\0030.raw,2,5,0,0,0,1117,1.920842170715332,53248,291620,529,OK,2026-03-19 18:50:31
529,D:\6S2\Thesis\7 dataset\hama3_split_raw\test\0\0053.raw,0,0,0,0,1,1117,1.9202818870544434,53248,291620,530,OK,2026-03-19 18:50:35
530,D:\6S2\Thesis\7 dataset\hama3_split_raw\test\0\0079.raw,0,0,0,0,1,1117,1.9216010570526123,53248,291620,531,OK,2026-03-19 18:50:39
531,D:\6S2\Thesis\7 dataset\hama3_split_raw\test\0\0035.raw,0,0,0,0,1,1117,1.9202148914337158,53248,291620,532,OK,2026-03-19 18:50:43
532,D:\6S2\Thesis\7 dataset\hama3_split_raw\test\3\0109.raw,1,3,0,0,0,1117,1.9218969345092773,53248,291620,533,OK,2026-03-19 18:50:47
533,D:\6S2\Thesis\7 dataset\hama3_split_raw\test\9\0088.raw,4,9,0,0,0,1117,1.920654296875,53248,291620,534,OK,2026-03-19 18:50:51
534,D:\6S2\Thesis\7 dataset\hama3_split_raw\test\0\0038.raw,0,0,0,0,1,1117,1.9211556911468506,53248,291620,535,OK,2026-03-19 18:50:54
535,D:\6S2\Thesis\7 dataset\hama3_split_raw\test\9\0081.raw,4,9,0,0,0,1117,1.9206867218017578,53248,291620,536,OK,2026-03-19 18:50:58
536,D:\6S2\Thesis\7 dataset\hama3_split_raw\test\3\0081.raw,1,3,0,0,0,1118,1.9199943542480469,53248,291620,537,OK,2026-03-19 18:51:02
537,D:\6S2\Thesis\7 dataset\hama3_split_raw\test\0\0044.raw,0,0,0,0,1,1117,1.9203827381134033,53248,291620,538,OK,2026-03-19 18:51:06
538,D:\6S2\Thesis\7 dataset\hama3_split_raw\test\3\0045.raw,1,3,0,0,0,1118,1.9204363822937012,53248,291620,539,OK,2026-03-19 18:51:10
539,D:\6S2\Thesis\7 dataset\hama3_split_raw\test\3\0103.raw,1,3,0,0,0,1117,1.9201748371124268,53248,291620,540,OK,2026-03-19 18:51:14
540,D:\6S2\Thesis\7 dataset\hama3_split_raw\test\8\0062.raw,3,8,0,0,0,1118,1.9198176860809326,53248,291620,541,OK,2026-03-19 18:51:18
541,D:\6S2\Thesis\7 dataset\hama3_split_raw\test\0\0045.raw,0,0,0,0,1,1117,1.921191930770874,53248,291620,542,OK,2026-03-19 18:51:22
542,D:\6S2\Thesis\7 dataset\hama3_split_raw\test\3\0075.raw,1,3,0,0,0,1118,1.9205067157745361,53248,291620,543,OK,2026-03-19 18:51:26
543,D:\6S2\Thesis\7 dataset\hama3_split_raw\test\3\0068.raw,1,3,0,0,0,1117,1.919755458831787,53248,291620,544,OK,2026-03-19 18:51:30
544,D:\6S2\Thesis\7 dataset\hama3_split_raw\test\0\0075.raw,0,0,0,0,1,1117,1.9204354286193848,53248,291620,545,OK,2026-03-19 18:51:34
545,D:\6S2\Thesis\7 dataset\hama3_split_raw\test\3\0097.raw,1,3,0,0,0,1118,1.9210214614868164,53248,291620,546,OK,2026-03-19 18:51:38
546,D:\6S2\Thesis\7 dataset\hama3_split_raw\test\0\0046.raw,0,0,0,0,1,1117,1.9203085899353027,53248,291620,547,OK,2026-03-19 18:51:42
547,D:\6S2\Thesis\7 dataset\hama3_split_raw\test\0\0047.raw,0,0,0,0,1,1117,1.920379877090454,53248,291620,548,OK,2026-03-19 18:51:46
548,D:\6S2\Thesis\7 dataset\hama3_split_raw\test\5\0079.raw,2,5,0,0,0,1117,1.9205055236816406,53248,291620,549,OK,2026-03-19 18:51:50
549,D:\6S2\Thesis\7 dataset\hama3_split_raw\test\5\0006.raw,2,5,0,0,0,1117,1.91996431350708,53248,291620,550,OK,2026-03-19 18:51:54
550,D:\6S2\Thesis\7 dataset\hama3_split_raw\test\5\0065.raw,2,5,0,0,0,1117,1.9219155311584473,53248,291620,551,OK,2026-03-19 18:51:57
551,D:\6S2\Thesis\7 dataset\hama3_split_raw\test\5\0051.raw,2,5,0,0,0,1117,1.9208695888519287,53248,291620,552,OK,2026-03-19 18:52:01
552,D:\6S2\Thesis\7 dataset\hama3_split_raw\test\9\0063.raw,4,9,0,0,0,1117,1.9211382865905762,53248,291620,553,OK,2026-03-19 18:52:05
553,D:\6S2\Thesis\7 dataset\hama3_split_raw\test\8\0147.raw,3,8,0,0,0,1117,1.9210200309753418,53248,291620,554,OK,2026-03-19 18:52:09
554,D:\6S2\Thesis\7 dataset\hama3_split_raw\test\8\0154.raw,3,8,0,0,0,1117,1.9205949306488037,53248,291620,555,OK,2026-03-19 18:52:13
555,D:\6S2\Thesis\7 dataset\hama3_split_raw\test\9\0025.raw,4,9,0,0,0,1118,1.9215764999389648,53248,291620,556,OK,2026-03-19 18:52:17
556,D:\6S2\Thesis\7 dataset\hama3_split_raw\test\5\0056.raw,2,5,0,0,0,1117,1.918990135192871,53248,291620,557,OK,2026-03-19 18:52:21
557,D:\6S2\Thesis\7 dataset\hama3_split_raw\test\0\0072.raw,0,0,0,0,1,1118,1.9204654693603516,53248,291620,558,OK,2026-03-19 18:52:25
558,D:\6S2\Thesis\7 dataset\hama3_split_raw\test\0\0086.raw,0,0,0,0,1,1117,1.921074628829956,53248,291620,559,OK,2026-03-19 18:52:29
559,D:\6S2\Thesis\7 dataset\hama3_split_raw\test\8\0090.raw,3,8,0,0,0,1117,1.921100378036499,53248,291620,560,OK,2026-03-19 18:52:33
560,D:\6S2\Thesis\7 dataset\hama3_split_raw\test\0\0061.raw,0,0,0,0,1,1117,1.9202072620391846,53248,291620,561,OK,2026-03-19 18:52:37
561,D:\6S2\Thesis\7 dataset\hama3_split_raw\test\3\0059.raw,1,3,0,0,0,1117,1.9206736087799072,53248,291620,562,OK,2026-03-19 18:52:41
562,D:\6S2\Thesis\7 dataset\hama3_split_raw\test\9\0048.raw,4,9,0,0,0,1117,1.9225974082946777,53248,291620,563,OK,2026-03-19 18:52:45
563,D:\6S2\Thesis\7 dataset\hama3_split_raw\test\0\0024.raw,0,0,0,0,1,1117,1.9210081100463867,53248,291620,564,OK,2026-03-19 18:52:48
564,D:\6S2\Thesis\7 dataset\hama3_split_raw\test\3\0084.raw,1,3,0,0,0,1117,1.920851707458496,53248,291620,565,OK,2026-03-19 18:52:52
565,D:\6S2\Thesis\7 dataset\hama3_split_raw\test\5\0119.raw,2,5,0,0,0,1117,1.920877456665039,53248,291620,566,OK,2026-03-19 18:52:56
566,D:\6S2\Thesis\7 dataset\hama3_split_raw\test\3\0102.raw,1,3,0,0,0,1117,1.9210922718048096,53248,291620,567,OK,2026-03-19 18:53:00
567,D:\6S2\Thesis\7 dataset\hama3_split_raw\test\9\0036.raw,4,9,0,0,0,1117,1.9202663898468018,53248,291620,568,OK,2026-03-19 18:53:04
568,D:\6S2\Thesis\7 dataset\hama3_split_raw\test\0\0022.raw,0,0,0,0,1,1118,1.9191620349884033,53248,291620,569,OK,2026-03-19 18:53:08
569,D:\6S2\Thesis\7 dataset\hama3_split_raw\test\0\0016.raw,0,0,0,0,1,1118,1.9213361740112305,53248,291620,570,OK,2026-03-19 18:53:12
570,D:\6S2\Thesis\7 dataset\hama3_split_raw\test\3\0089.raw,1,3,0,0,0,1117,1.9199929237365723,53248,291620,571,OK,2026-03-19 18:53:16
571,D:\6S2\Thesis\7 dataset\hama3_split_raw\test\5\0111.raw,2,5,0,0,0,1117,1.9206609725952148,53248,291620,572,OK,2026-03-19 18:53:20
572,D:\6S2\Thesis\7 dataset\hama3_split_raw\test\9\0094.raw,4,9,0,0,0,1117,1.9207510948181152,53248,291620,573,OK,2026-03-19 18:53:24
573,D:\6S2\Thesis\7 dataset\hama3_split_raw\test\0\0043.raw,0,0,0,0,1,1117,1.9207603931427002,53248,291620,574,OK,2026-03-19 18:53:28
574,D:\6S2\Thesis\7 dataset\hama3_split_raw\test\3\0009.raw,1,3,0,0,0,1117,1.9199740886688232,53248,291620,575,OK,2026-03-19 18:53:32
575,D:\6S2\Thesis\7 dataset\hama3_split_raw\test\0\0001.raw,0,0,0,0,1,1118,1.921433687210083,53248,291620,576,OK,2026-03-19 18:53:36
576,D:\6S2\Thesis\7 dataset\hama3_split_raw\test\5\0003.raw,2,5,0,0,0,1118,1.9203815460205078,53248,291620,577,OK,2026-03-19 18:53:40
577,D:\6S2\Thesis\7 dataset\hama3_split_raw\test\0\0081.raw,0,0,0,0,1,1117,1.9203670024871826,53248,291620,578,OK,2026-03-19 18:53:44
578,D:\6S2\Thesis\7 dataset\hama3_split_raw\test\3\0097.raw,1,3,0,0,0,1117,1.9208154678344727,53248,291620,579,OK,2026-03-19 18:53:48
579,D:\6S2\Thesis\7 dataset\hama3_split_raw\test\5\0004.raw,2,5,0,0,0,1118,1.9209120273590088,53248,291620,580,OK,2026-03-19 18:53:51
580,D:\6S2\Thesis\7 dataset\hama3_split_raw\test\3\0020.raw,1,3,0,0,0,1118,1.921330213546753,53248,291620,581,OK,2026-03-19 18:53:55
581,D:\6S2\Thesis\7 dataset\hama3_split_raw\test\3\0033.raw,1,3,0,0,0,1117,1.9177312850952148,53248,291620,582,OK,2026-03-19 18:53:59
582,D:\6S2\Thesis\7 dataset\hama3_split_raw\test\5\0028.raw,2,5,0,0,0,1118,1.9219465255737305,53248,291620,583,OK,2026-03-19 18:54:03
583,D:\6S2\Thesis\7 dataset\hama3_split_raw\test\8\0129.raw,3,8,0,0,0,1117,1.9205541610717773,53248,291620,584,OK,2026-03-19 18:54:07
584,D:\6S2\Thesis\7 dataset\hama3_split_raw\test\3\0076.raw,1,3,0,0,0,1118,1.9205005168914795,53248,291620,585,OK,2026-03-19 18:54:11
585,D:\6S2\Thesis\7 dataset\hama3_split_raw\test\9\0047.raw,4,9,0,0,0,1118,1.9205574989318848,53248,291620,586,OK,2026-03-19 18:54:15
586,D:\6S2\Thesis\7 dataset\hama3_split_raw\test\3\0009.raw,1,3,0,0,0,1117,1.9204978942871094,53248,291620,587,OK,2026-03-19 18:54:19
587,D:\6S2\Thesis\7 dataset\hama3_split_raw\test\8\0154.raw,3,8,0,0,0,1117,1.9202852249145508,53248,291620,588,OK,2026-03-19 18:54:23
588,D:\6S2\Thesis\7 dataset\hama3_split_raw\test\9\0099.raw,4,9,0,0,0,1118,1.9198362827301025,53248,291620,589,OK,2026-03-19 18:54:27
589,D:\6S2\Thesis\7 dataset\hama3_split_raw\test\9\0016.raw,4,9,0,0,0,1117,1.9209120273590088,53248,291620,590,OK,2026-03-19 18:54:31
590,D:\6S2\Thesis\7 dataset\hama3_split_raw\test\0\0031.raw,0,0,0,0,1,1118,1.920074701309204,53248,291620,591,OK,2026-03-19 18:54:35
591,D:\6S2\Thesis\7 dataset\hama3_split_raw\test\5\0060.raw,2,5,0,0,0,1117,1.921320915222168,53248,291620,592,OK,2026-03-19 18:54:39
592,D:\6S2\Thesis\7 dataset\hama3_split_raw\test\0\0042.raw,0,0,0,0,1,1117,1.9211492538452148,53248,291620,593,OK,2026-03-19 18:54:43
593,D:\6S2\Thesis\7 dataset\hama3_split_raw\test\0\0004.raw,0,0,0,0,1,1117,1.9200439453125,53248,291620,594,OK,2026-03-19 18:54:47
594,D:\6S2\Thesis\7 dataset\hama3_split_raw\test\3\0032.raw,1,3,0,0,0,1118,1.9201905727386475,53248,291620,595,OK,2026-03-19 18:54:51
595,D:\6S2\Thesis\7 dataset\hama3_split_raw\test\5\0042.raw,2,5,0,0,0,1117,1.9209620952606201,53248,291620,596,OK,2026-03-19 18:54:54
596,D:\6S2\Thesis\7 dataset\hama3_split_raw\test\9\0045.raw,4,9,0,0,0,1117,1.9215397834777832,53248,291620,597,OK,2026-03-19 18:54:58
597,D:\6S2\Thesis\7 dataset\hama3_split_raw\test\9\0066.raw,4,9,0,0,0,1117,1.921367883682251,53248,291620,598,OK,2026-03-19 18:55:02
598,D:\6S2\Thesis\7 dataset\hama3_split_raw\test\3\0000.raw,1,3,0,0,0,1118,1.918579339981079,53248,291620,599,OK,2026-03-19 18:55:06
599,D:\6S2\Thesis\7 dataset\hama3_split_raw\test\0\0037.raw,0,0,0,0,1,1117,1.921966791152954,53248,291620,600,OK,2026-03-19 18:55:10
600,D:\6S2\Thesis\7 dataset\hama3_split_raw\test\8\0105.raw,3,8,0,0,0,1117,1.9200711250305176,53248,291620,601,OK,2026-03-19 18:55:14
601,D:\6S2\Thesis\7 dataset\hama3_split_raw\test\8\0075.raw,3,8,0,0,0,1117,1.9187593460083008,53248,291620,602,OK,2026-03-19 18:55:18
602,D:\6S2\Thesis\7 dataset\hama3_split_raw\test\3\0041.raw,1,3,0,0,0,1117,1.9203543663024902,53248,291620,603,OK,2026-03-19 18:55:22
603,D:\6S2\Thesis\7 dataset\hama3_split_raw\test\9\0017.raw,4,9,0,0,0,1117,1.921942949295044,53248,291620,604,OK,2026-03-19 18:55:26
604,D:\6S2\Thesis\7 dataset\hama3_split_raw\test\0\0068.raw,0,0,0,0,1,1117,1.9203696250915527,53248,291620,605,OK,2026-03-19 18:55:30
605,D:\6S2\Thesis\7 dataset\hama3_split_raw\test\9\0082.raw,4,9,0,0,0,1117,1.9203228950500488,53248,291620,606,OK,2026-03-19 18:55:34
606,D:\6S2\Thesis\7 dataset\hama3_split_raw\test\3\0061.raw,1,3,0,0,0,1118,1.9211320877075195,53248,291620,607,OK,2026-03-19 18:55:38
607,D:\6S2\Thesis\7 dataset\hama3_split_raw\test\5\0079.raw,2,5,0,0,0,1117,1.9206454753875732,53248,291620,608,OK,2026-03-19 18:55:42
608,D:\6S2\Thesis\7 dataset\hama3_split_raw\test\9\0031.raw,4,9,0,0,0,1117,1.920339822769165,53248,291620,609,OK,2026-03-19 18:55:46
609,D:\6S2\Thesis\7 dataset\hama3_split_raw\test\0\0060.raw,0,0,0,0,1,1117,1.9203987121582031,53248,291620,610,OK,2026-03-19 18:55:49
610,D:\6S2\Thesis\7 dataset\hama3_split_raw\test\8\0118.raw,3,8,0,0,0,1117,1.9207186698913574,53248,291620,611,OK,2026-03-19 18:55:53
611,D:\6S2\Thesis\7 dataset\hama3_split_raw\test\3\0008.raw,1,3,0,0,0,1117,1.9209976196289062,53248,291620,612,OK,2026-03-19 18:55:57
612,D:\6S2\Thesis\7 dataset\hama3_split_raw\test\8\0052.raw,3,8,0,0,0,1118,1.9195420742034912,53248,291620,613,OK,2026-03-19 18:56:01
613,D:\6S2\Thesis\7 dataset\hama3_split_raw\test\5\0024.raw,2,5,0,0,0,1118,1.9209845066070557,53248,291620,614,OK,2026-03-19 18:56:05
614,D:\6S2\Thesis\7 dataset\hama3_split_raw\test\0\0065.raw,0,0,0,0,1,1117,1.9220986366271973,53248,291620,615,OK,2026-03-19 18:56:09
615,D:\6S2\Thesis\7 dataset\hama3_split_raw\test\5\0043.raw,2,5,0,0,0,1118,1.9210762977600098,53248,291620,616,OK,2026-03-19 18:56:13
616,D:\6S2\Thesis\7 dataset\hama3_split_raw\test\5\0041.raw,2,5,0,0,0,1117,1.9219396114349365,53248,291620,617,OK,2026-03-19 18:56:17
617,D:\6S2\Thesis\7 dataset\hama3_split_raw\test\5\0060.raw,2,5,0,0,0,1117,1.9229857921600342,53248,291620,618,OK,2026-03-19 18:56:21
618,D:\6S2\Thesis\7 dataset\hama3_split_raw\test\0\0087.raw,0,0,0,0,1,1118,1.9206981658935547,53248,291620,619,OK,2026-03-19 18:56:25
619,D:\6S2\Thesis\7 dataset\hama3_split_raw\test\5\0099.raw,2,5,0,0,0,1117,1.9198055267333984,53248,291620,620,OK,2026-03-19 18:56:29
620,D:\6S2\Thesis\7 dataset\hama3_split_raw\test\0\0088.raw,0,0,0,0,1,1117,1.9207050800323486,53248,291620,621,OK,2026-03-19 18:56:33
621,D:\6S2\Thesis\7 dataset\hama3_split_raw\test\0\0017.raw,0,0,0,0,1,1117,1.9207384586334229,53248,291620,622,OK,2026-03-19 18:56:37
622,D:\6S2\Thesis\7 dataset\hama3_split_raw\test\9\0004.raw,4,9,0,0,0,1117,1.9206082820892334,53248,291620,623,OK,2026-03-19 18:56:41
623,D:\6S2\Thesis\7 dataset\hama3_split_raw\test\3\0064.raw,1,3,0,0,0,1118,1.920581579208374,53248,291620,624,OK,2026-03-19 18:56:44
624,D:\6S2\Thesis\7 dataset\hama3_split_raw\test\3\0096.raw,1,3,0,0,0,1117,1.918853521347046,53248,291620,625,OK,2026-03-19 18:56:48
625,D:\6S2\Thesis\7 dataset\hama3_split_raw\test\9\0060.raw,4,9,0,0,0,1118,1.920942783355713,53248,291620,626,OK,2026-03-19 18:56:53
626,D:\6S2\Thesis\7 dataset\hama3_split_raw\test\5\0103.raw,2,5,0,0,0,1118,1.9213604927062988,53248,291620,627,OK,2026-03-19 18:56:56
627,D:\6S2\Thesis\7 dataset\hama3_split_raw\test\3\0025.raw,1,3,0,0,0,1117,1.9206902980804443,53248,291620,628,OK,2026-03-19 18:57:00
628,D:\6S2\Thesis\7 dataset\hama3_split_raw\test\5\0089.raw,2,5,0,0,0,1117,1.9202563762664795,53248,291620,629,OK,2026-03-19 18:57:04
629,D:\6S2\Thesis\7 dataset\hama3_split_raw\test\9\0048.raw,4,9,0,0,0,1118,1.9198882579803467,53248,291620,630,OK,2026-03-19 18:57:08
630,D:\6S2\Thesis\7 dataset\hama3_split_raw\test\0\0006.raw,0,0,0,0,1,1117,1.9209651947021484,53248,291620,631,OK,2026-03-19 18:57:12
631,D:\6S2\Thesis\7 dataset\hama3_split_raw\test\0\0033.raw,0,0,0,0,1,1117,1.9225068092346191,53248,291620,632,OK,2026-03-19 18:57:16
632,D:\6S2\Thesis\7 dataset\hama3_split_raw\test\9\0028.raw,4,9,0,0,0,1118,1.920865535736084,53248,291620,633,OK,2026-03-19 18:57:20
633,D:\6S2\Thesis\7 dataset\hama3_split_raw\test\5\0028.raw,2,5,0,0,0,1117,1.9206247329711914,53248,291620,634,OK,2026-03-19 18:57:24
634,D:\6S2\Thesis\7 dataset\hama3_split_raw\test\9\0015.raw,4,9,0,0,0,1117,1.9207077026367188,53248,291620,635,OK,2026-03-19 18:57:28
635,D:\6S2\Thesis\7 dataset\hama3_split_raw\test\0\0001.raw,0,0,0,0,1,1117,1.920591115951538,53248,291620,636,OK,2026-03-19 18:57:32
636,D:\6S2\Thesis\7 dataset\hama3_split_raw\test\8\0081.raw,3,8,0,0,0,1117,1.920860767364502,53248,291620,637,OK,2026-03-19 18:57:36
637,D:\6S2\Thesis\7 dataset\hama3_split_raw\test\3\0000.raw,1,3,0,0,0,1117,1.9204223155975342,53248,291620,638,OK,2026-03-19 18:57:40
638,D:\6S2\Thesis\7 dataset\hama3_split_raw\test\9\0019.raw,4,9,0,0,0,1117,1.920685052871704,53248,291620,639,OK,2026-03-19 18:57:44
639,D:\6S2\Thesis\7 dataset\hama3_split_raw\test\9\0065.raw,4,9,0,0,0,1117,1.920098066329956,53248,291620,640,OK,2026-03-19 18:57:47
640,D:\6S2\Thesis\7 dataset\hama3_split_raw\test\0\0015.raw,0,0,0,0,1,1118,1.9190454483032227,53248,291620,641,OK,2026-03-19 18:57:51
641,D:\6S2\Thesis\7 dataset\hama3_split_raw\test\9\0037.raw,4,9,0,0,0,1117,1.919424057006836,53248,291620,642,OK,2026-03-19 18:57:55
642,D:\6S2\Thesis\7 dataset\hama3_split_raw\test\5\0075.raw,2,5,0,0,0,1117,1.9202265739440918,53248,291620,643,OK,2026-03-19 18:57:59
643,D:\6S2\Thesis\7 dataset\hama3_split_raw\test\5\0108.raw,2,5,0,0,0,1118,1.9215059280395508,53248,291620,644,OK,2026-03-19 18:58:03
644,D:\6S2\Thesis\7 dataset\hama3_split_raw\test\9\0074.raw,4,9,0,0,0,1117,1.91998291015625,53248,291620,645,OK,2026-03-19 18:58:07
645,D:\6S2\Thesis\7 dataset\hama3_split_raw\test\9\0086.raw,4,9,0,0,0,1117,1.9205832481384277,53248,291620,646,OK,2026-03-19 18:58:11
646,D:\6S2\Thesis\7 dataset\hama3_split_raw\test\8\0050.raw,3,8,0,0,0,1117,1.9206173419952393,53248,291620,647,OK,2026-03-19 18:58:15
647,D:\6S2\Thesis\7 dataset\hama3_split_raw\test\8\0041.raw,3,8,0,0,0,1117,1.9187548160552979,53248,291620,648,OK,2026-03-19 18:58:19
648,D:\6S2\Thesis\7 dataset\hama3_split_raw\test\8\0122.raw,3,8,0,0,0,1118,1.921290636062622,53248,291620,649,OK,2026-03-19 18:58:23
649,D:\6S2\Thesis\7 dataset\hama3_split_raw\test\8\0115.raw,3,8,0,0,0,1118,1.920417308807373,53248,291620,650,OK,2026-03-19 18:58:27
650,D:\6S2\Thesis\7 dataset\hama3_split_raw\test\8\0107.raw,3,8,0,0,0,1117,1.920274257659912,53248,291620,651,OK,2026-03-19 18:58:31
651,D:\6S2\Thesis\7 dataset\hama3_split_raw\test\9\0013.raw,4,9,0,0,0,1117,1.920555591583252,53248,291620,652,OK,2026-03-19 18:58:35
652,D:\6S2\Thesis\7 dataset\hama3_split_raw\test\0\0061.raw,0,0,0,0,1,1117,1.921053409576416,53248,291620,653,OK,2026-03-19 18:58:39
653,D:\6S2\Thesis\7 dataset\hama3_split_raw\test\0\0017.raw,0,0,0,0,1,1117,1.9207367897033691,53248,291620,654,OK,2026-03-19 18:58:42
654,D:\6S2\Thesis\7 dataset\hama3_split_raw\test\5\0118.raw,2,5,0,0,0,1117,1.9179885387420654,53248,291620,655,OK,2026-03-19 18:58:46
655,D:\6S2\Thesis\7 dataset\hama3_split_raw\test\8\0167.raw,3,8,0,0,0,1117,1.9198236465454102,53248,291620,656,OK,2026-03-19 18:58:50
656,D:\6S2\Thesis\7 dataset\hama3_split_raw\test\0\0040.raw,0,0,0,0,1,1118,1.9202425479888916,53248,291620,657,OK,2026-03-19 18:58:54
657,D:\6S2\Thesis\7 dataset\hama3_split_raw\test\3\0013.raw,1,3,0,0,0,1117,1.9203622341156006,53248,291620,658,OK,2026-03-19 18:58:58
658,D:\6S2\Thesis\7 dataset\hama3_split_raw\test\3\0082.raw,1,3,0,0,0,1117,1.9173715114593506,53248,291620,659,OK,2026-03-19 18:59:02
659,D:\6S2\Thesis\7 dataset\hama3_split_raw\test\0\0055.raw,0,0,0,0,1,1118,1.9201405048370361,53248,291620,660,OK,2026-03-19 18:59:06
660,D:\6S2\Thesis\7 dataset\hama3_split_raw\test\9\0038.raw,4,9,0,0,0,1117,1.9203276634216309,53248,291620,661,OK,2026-03-19 18:59:10
661,D:\6S2\Thesis\7 dataset\hama3_split_raw\test\8\0049.raw,3,8,0,0,0,1117,1.9178104400634766,53248,291620,662,OK,2026-03-19 18:59:14
662,D:\6S2\Thesis\7 dataset\hama3_split_raw\test\5\0057.raw,2,5,0,0,0,1117,1.9201545715332031,53248,291620,663,OK,2026-03-19 18:59:18
663,D:\6S2\Thesis\7 dataset\hama3_split_raw\test\0\0074.raw,0,0,0,0,1,1117,1.9202816486358643,53248,291620,664,OK,2026-03-19 18:59:22
664,D:\6S2\Thesis\7 dataset\hama3_split_raw\test\9\0029.raw,4,9,0,0,0,1117,1.9198033809661865,53248,291620,665,OK,2026-03-19 18:59:26
665,D:\6S2\Thesis\7 dataset\hama3_split_raw\test\5\0000.raw,2,5,0,0,0,1118,1.920060634613037,53248,291620,666,OK,2026-03-19 18:59:30
666,D:\6S2\Thesis\7 dataset\hama3_split_raw\test\9\0057.raw,4,9,0,0,0,1117,1.9190287590026855,53248,291620,667,OK,2026-03-19 18:59:34
667,D:\6S2\Thesis\7 dataset\hama3_split_raw\test\5\0006.raw,2,5,0,0,0,1118,1.9205601215362549,53248,291620,668,OK,2026-03-19 18:59:38
668,D:\6S2\Thesis\7 dataset\hama3_split_raw\test\3\0084.raw,1,3,0,0,0,1117,1.9171431064605713,53248,291620,669,OK,2026-03-19 18:59:41
669,D:\6S2\Thesis\7 dataset\hama3_split_raw\test\9\0068.raw,4,9,0,0,0,1118,1.920335054397583,53248,291620,670,OK,2026-03-19 18:59:45
670,D:\6S2\Thesis\7 dataset\hama3_split_raw\test\3\0067.raw,1,3,0,0,0,1117,1.9201512336730957,53248,291620,671,OK,2026-03-19 18:59:49
671,D:\6S2\Thesis\7 dataset\hama3_split_raw\test\5\0095.raw,2,5,0,0,0,1117,1.9205145835876465,53248,291620,672,OK,2026-03-19 18:59:53
672,D:\6S2\Thesis\7 dataset\hama3_split_raw\test\8\0039.raw,3,8,0,0,0,1117,1.9202382564544678,53248,291620,673,OK,2026-03-19 18:59:57
673,D:\6S2\Thesis\7 dataset\hama3_split_raw\test\3\0029.raw,1,3,0,0,0,1117,1.9200823307037354,53248,291620,674,OK,2026-03-19 19:00:01
674,D:\6S2\Thesis\7 dataset\hama3_split_raw\test\8\0144.raw,3,8,0,0,0,1118,1.9215784072875977,53248,291620,675,OK,2026-03-19 19:00:05
675,D:\6S2\Thesis\7 dataset\hama3_split_raw\test\8\0070.raw,3,8,0,0,0,1118,1.92085599899292,53248,291620,676,OK,2026-03-19 19:00:09
676,D:\6S2\Thesis\7 dataset\hama3_split_raw\test\3\0096.raw,1,3,0,0,0,1118,1.9204258918762207,53248,291620,677,OK,2026-03-19 19:00:13
677,D:\6S2\Thesis\7 dataset\hama3_split_raw\test\0\0079.raw,0,0,0,0,1,1117,1.919959545135498,53248,291620,678,OK,2026-03-19 19:00:17
678,D:\6S2\Thesis\7 dataset\hama3_split_raw\test\8\0115.raw,3,8,0,0,0,1117,1.9199786186218262,53248,291620,679,OK,2026-03-19 19:00:21
679,D:\6S2\Thesis\7 dataset\hama3_split_raw\test\9\0091.raw,4,9,0,0,0,1117,1.9208660125732422,53248,291620,680,OK,2026-03-19 19:00:25
680,D:\6S2\Thesis\7 dataset\hama3_split_raw\test\3\0012.raw,1,3,0,0,0,1117,1.9199323654174805,53248,291620,681,OK,2026-03-19 19:00:29
681,D:\6S2\Thesis\7 dataset\hama3_split_raw\test\8\0009.raw,3,8,0,0,0,1117,1.9204325675964355,53248,291620,682,OK,2026-03-19 19:00:32
682,D:\6S2\Thesis\7 dataset\hama3_split_raw\test\8\0171.raw,3,8,0,0,0,1117,1.9200029373168945,53248,291620,683,OK,2026-03-19 19:00:36
683,D:\6S2\Thesis\7 dataset\hama3_split_raw\test\0\0040.raw,0,0,0,0,1,1117,1.9210867881774902,53248,291620,684,OK,2026-03-19 19:00:40
684,D:\6S2\Thesis\7 dataset\hama3_split_raw\test\0\0006.raw,0,0,0,0,1,1117,1.9189889430999756,53248,291620,685,OK,2026-03-19 19:00:44
685,D:\6S2\Thesis\7 dataset\hama3_split_raw\test\8\0179.raw,3,8,0,0,0,1117,1.9209094047546387,53248,291620,686,OK,2026-03-19 19:00:48
686,D:\6S2\Thesis\7 dataset\hama3_split_raw\test\9\0003.raw,4,9,0,0,0,1117,1.9207878112792969,53248,291620,687,OK,2026-03-19 19:00:52
687,D:\6S2\Thesis\7 dataset\hama3_split_raw\test\3\0111.raw,1,3,0,0,0,1117,1.921844482421875,53248,291620,688,OK,2026-03-19 19:00:56
688,D:\6S2\Thesis\7 dataset\hama3_split_raw\test\0\0007.raw,0,0,0,0,1,1118,1.9211609363555908,53248,291620,689,OK,2026-03-19 19:01:00
689,D:\6S2\Thesis\7 dataset\hama3_split_raw\test\5\0058.raw,2,5,0,0,0,1118,1.9203414916992188,53248,291620,690,OK,2026-03-19 19:01:04
690,D:\6S2\Thesis\7 dataset\hama3_split_raw\test\0\0066.raw,0,0,0,0,1,1117,1.9203250408172607,53248,291620,691,OK,2026-03-19 19:01:08
691,D:\6S2\Thesis\7 dataset\hama3_split_raw\test\9\0015.raw,4,9,0,0,0,1117,1.9202463626861572,53248,291620,692,OK,2026-03-19 19:01:12
692,D:\6S2\Thesis\7 dataset\hama3_split_raw\test\5\0079.raw,2,5,0,0,0,1117,1.920278549194336,53248,291620,693,OK,2026-03-19 19:01:16
693,D:\6S2\Thesis\7 dataset\hama3_split_raw\test\8\0166.raw,3,8,0,0,0,1118,1.9200339317321777,53248,291620,694,OK,2026-03-19 19:01:20
694,D:\6S2\Thesis\7 dataset\hama3_split_raw\test\8\0129.raw,3,8,0,0,0,1117,1.9206898212432861,53248,291620,695,OK,2026-03-19 19:01:24
695,D:\6S2\Thesis\7 dataset\hama3_split_raw\test\3\0045.raw,1,3,0,0,0,1118,1.9206223487854004,53248,291620,696,OK,2026-03-19 19:01:28
696,D:\6S2\Thesis\7 dataset\hama3_split_raw\test\0\0090.raw,0,0,0,0,1,1117,1.9199609756469727,53248,291620,697,OK,2026-03-19 19:01:31
697,D:\6S2\Thesis\7 dataset\hama3_split_raw\test\5\0034.raw,2,5,0,0,0,1117,1.9204425811767578,53248,291620,698,OK,2026-03-19 19:01:35
698,D:\6S2\Thesis\7 dataset\hama3_split_raw\test\5\0082.raw,2,5,0,0,0,1118,1.9198651313781738,53248,291620,699,OK,2026-03-19 19:01:39
699,D:\6S2\Thesis\7 dataset\hama3_split_raw\test\5\0096.raw,2,5,0,0,0,1117,1.9216113090515137,53248,291620,700,OK,2026-03-19 19:01:43
700,D:\6S2\Thesis\7 dataset\hama3_split_raw\test\8\0098.raw,3,8,0,0,0,1118,1.9179472923278809,53248,291620,701,OK,2026-03-19 19:01:47
701,D:\6S2\Thesis\7 dataset\hama3_split_raw\test\9\0040.raw,4,9,0,0,0,1117,1.9207713603973389,53248,291620,702,OK,2026-03-19 19:01:51
702,D:\6S2\Thesis\7 dataset\hama3_split_raw\test\9\0019.raw,4,9,0,0,0,1117,1.9207940101623535,53248,291620,703,OK,2026-03-19 19:01:55
703,D:\6S2\Thesis\7 dataset\hama3_split_raw\test\5\0097.raw,2,5,0,0,0,1117,1.9201891422271729,53248,291620,704,OK,2026-03-19 19:01:59
704,D:\6S2\Thesis\7 dataset\hama3_split_raw\test\5\0023.raw,2,5,0,0,0,1117,1.918914556503296,53248,291620,705,OK,2026-03-19 19:02:03
705,D:\6S2\Thesis\7 dataset\hama3_split_raw\test\3\0051.raw,1,3,0,0,0,1117,1.920210361480713,53248,291620,706,OK,2026-03-19 19:02:07
706,D:\6S2\Thesis\7 dataset\hama3_split_raw\test\5\0002.raw,2,5,0,0,0,1117,1.920280933380127,53248,291620,707,OK,2026-03-19 19:02:11
707,D:\6S2\Thesis\7 dataset\hama3_split_raw\test\9\0055.raw,4,9,0,0,0,1118,1.9204576015472412,53248,291620,708,OK,2026-03-19 19:02:15
708,D:\6S2\Thesis\7 dataset\hama3_split_raw\test\3\0081.raw,1,3,0,0,0,1117,1.9169745445251465,53248,291620,709,OK,2026-03-19 19:02:19
709,D:\6S2\Thesis\7 dataset\hama3_split_raw\test\0\0019.raw,0,0,0,0,1,1117,1.9199535846710205,53248,291620,710,OK,2026-03-19 19:02:23
710,D:\6S2\Thesis\7 dataset\hama3_split_raw\test\8\0010.raw,3,8,0,0,0,1117,1.9198360443115234,53248,291620,711,OK,2026-03-19 19:02:26
711,D:\6S2\Thesis\7 dataset\hama3_split_raw\test\5\0034.raw,2,5,0,0,0,1117,1.9191832542419434,53248,291620,712,OK,2026-03-19 19:02:30
712,D:\6S2\Thesis\7 dataset\hama3_split_raw\test\3\0077.raw,1,3,0,0,0,1118,1.9206221103668213,53248,291620,713,OK,2026-03-19 19:02:34
713,D:\6S2\Thesis\7 dataset\hama3_split_raw\test\3\0058.raw,1,3,0,0,0,1118,1.9202027320861816,53248,291620,714,OK,2026-03-19 19:02:38
714,D:\6S2\Thesis\7 dataset\hama3_split_raw\test\5\0026.raw,2,5,0,0,0,1117,1.9203972816467285,53248,291620,715,OK,2026-03-19 19:02:42
715,D:\6S2\Thesis\7 dataset\hama3_split_raw\test\5\0012.raw,2,5,0,0,0,1118,1.9205451011657715,53248,291620,716,OK,2026-03-19 19:02:46
716,D:\6S2\Thesis\7 dataset\hama3_split_raw\test\9\0031.raw,4,9,0,0,0,1117,1.9201099872589111,53248,291620,717,OK,2026-03-19 19:02:50
717,D:\6S2\Thesis\7 dataset\hama3_split_raw\test\5\0026.raw,2,5,0,0,0,1118,1.9187653064727783,53248,291620,718,OK,2026-03-19 19:02:54
718,D:\6S2\Thesis\7 dataset\hama3_split_raw\test\5\0092.raw,2,5,0,0,0,1118,1.9210965633392334,53248,291620,719,OK,2026-03-19 19:02:58
719,D:\6S2\Thesis\7 dataset\hama3_split_raw\test\8\0008.raw,3,8,0,0,0,1117,1.920616626739502,53248,291620,720,OK,2026-03-19 19:03:02
720,D:\6S2\Thesis\7 dataset\hama3_split_raw\test\9\0000.raw,4,9,0,0,0,1117,1.9220004081726074,53248,291620,721,OK,2026-03-19 19:03:06
721,D:\6S2\Thesis\7 dataset\hama3_split_raw\test\8\0123.raw,3,8,0,0,0,1117,1.9208619594573975,53248,291620,722,OK,2026-03-19 19:03:10
722,D:\6S2\Thesis\7 dataset\hama3_split_raw\test\5\0030.raw,2,5,0,0,0,1118,1.920349359512329,53248,291620,723,OK,2026-03-19 19:03:14
723,D:\6S2\Thesis\7 dataset\hama3_split_raw\test\9\0011.raw,4,9,0,0,0,1117,1.9201581478118896,53248,291620,724,OK,2026-03-19 19:03:17
724,D:\6S2\Thesis\7 dataset\hama3_split_raw\test\3\0060.raw,1,3,0,0,0,1118,1.9215025901794434,53248,291620,725,OK,2026-03-19 19:03:21
725,D:\6S2\Thesis\7 dataset\hama3_split_raw\test\3\0050.raw,1,3,0,0,0,1117,1.9224324226379395,53248,291620,726,OK,2026-03-19 19:03:25
726,D:\6S2\Thesis\7 dataset\hama3_split_raw\test\9\0085.raw,4,9,0,0,0,1118,1.920281171798706,53248,291620,727,OK,2026-03-19 19:03:29
727,D:\6S2\Thesis\7 dataset\hama3_split_raw\test\9\0061.raw,4,9,0,0,0,1118,1.9214415550231934,53248,291620,728,OK,2026-03-19 19:03:33
728,D:\6S2\Thesis\7 dataset\hama3_split_raw\test\0\0081.raw,0,0,0,0,1,1118,1.9209816455841064,53248,291620,729,OK,2026-03-19 19:03:37
729,D:\6S2\Thesis\7 dataset\hama3_split_raw\test\0\0058.raw,0,0,0,0,1,1118,1.9204561710357666,53248,291620,730,OK,2026-03-19 19:03:41
730,D:\6S2\Thesis\7 dataset\hama3_split_raw\test\9\0028.raw,4,9,0,0,0,1117,1.9206798076629639,53248,291620,731,OK,2026-03-19 19:03:45
731,D:\6S2\Thesis\7 dataset\hama3_split_raw\test\9\0073.raw,4,9,0,0,0,1117,1.9199984073638916,53248,291620,732,OK,2026-03-19 19:03:49
732,D:\6S2\Thesis\7 dataset\hama3_split_raw\test\8\0080.raw,3,8,0,0,0,1117,1.9206666946411133,53248,291620,733,OK,2026-03-19 19:03:53
733,D:\6S2\Thesis\7 dataset\hama3_split_raw\test\3\0101.raw,1,3,0,0,0,1117,1.9206452369689941,53248,291620,734,OK,2026-03-19 19:03:57
734,D:\6S2\Thesis\7 dataset\hama3_split_raw\test\0\0078.raw,0,0,0,0,1,1117,1.9210937023162842,53248,291620,735,OK,2026-03-19 19:04:01
735,D:\6S2\Thesis\7 dataset\hama3_split_raw\test\3\0030.raw,1,3,0,0,0,1117,1.9195811748504639,53248,291620,736,OK,2026-03-19 19:04:05
736,D:\6S2\Thesis\7 dataset\hama3_split_raw\test\3\0092.raw,1,3,0,0,0,1117,1.9204916954040527,53248,291620,737,OK,2026-03-19 19:04:09
737,D:\6S2\Thesis\7 dataset\hama3_split_raw\test\3\0055.raw,1,3,0,0,0,1117,1.9213578701019287,53248,291620,738,OK,2026-03-19 19:04:13
738,D:\6S2\Thesis\7 dataset\hama3_split_raw\test\9\0014.raw,4,9,0,0,0,1118,1.9205572605133057,53248,291620,739,OK,2026-03-19 19:04:16
739,D:\6S2\Thesis\7 dataset\hama3_split_raw\test\8\0100.raw,3,8,0,0,0,1117,1.9205741882324219,53248,291620,740,OK,2026-03-19 19:04:20
740,D:\6S2\Thesis\7 dataset\hama3_split_raw\test\3\0111.raw,1,3,0,0,0,1117,1.9215693473815918,53248,291620,741,OK,2026-03-19 19:04:24
741,D:\6S2\Thesis\7 dataset\hama3_split_raw\test\0\0076.raw,0,0,0,0,1,1117,1.9205706119537354,53248,291620,742,OK,2026-03-19 19:04:28
742,D:\6S2\Thesis\7 dataset\hama3_split_raw\test\3\0106.raw,1,3,0,0,0,1118,1.92000412940979,53248,291620,743,OK,2026-03-19 19:04:32
743,D:\6S2\Thesis\7 dataset\hama3_split_raw\test\9\0069.raw,4,9,0,0,0,1118,1.9206502437591553,53248,291620,744,OK,2026-03-19 19:04:36
744,D:\6S2\Thesis\7 dataset\hama3_split_raw\test\9\0040.raw,4,9,0,0,0,1118,1.921891450881958,53248,291620,745,OK,2026-03-19 19:04:40
745,D:\6S2\Thesis\7 dataset\hama3_split_raw\test\8\0103.raw,3,8,0,0,0,1118,1.92100191116333,53248,291620,746,OK,2026-03-19 19:04:44
746,D:\6S2\Thesis\7 dataset\hama3_split_raw\test\9\0012.raw,4,9,0,0,0,1117,1.920412540435791,53248,291620,747,OK,2026-03-19 19:04:48
747,D:\6S2\Thesis\7 dataset\hama3_split_raw\test\0\0073.raw,0,0,0,0,1,1117,1.9210643768310547,53248,291620,748,OK,2026-03-19 19:04:52
748,D:\6S2\Thesis\7 dataset\hama3_split_raw\test\0\0048.raw,0,0,0,0,1,1118,1.9204673767089844,53248,291620,749,OK,2026-03-19 19:04:56
749,D:\6S2\Thesis\7 dataset\hama3_split_raw\test\9\0044.raw,4,9,0,0,0,1117,1.918926477432251,53248,291620,750,OK,2026-03-19 19:05:00
750,D:\6S2\Thesis\7 dataset\hama3_split_raw\test\0\0073.raw,0,0,0,0,1,1118,1.9202423095703125,53248,291620,751,OK,2026-03-19 19:05:04
751,D:\6S2\Thesis\7 dataset\hama3_split_raw\test\5\0074.raw,2,5,0,0,0,1117,1.9207911491394043,53248,291620,752,OK,2026-03-19 19:05:08
752,D:\6S2\Thesis\7 dataset\hama3_split_raw\test\9\0060.raw,4,9,0,0,0,1118,1.9214584827423096,53248,291620,753,OK,2026-03-19 19:05:12
753,D:\6S2\Thesis\7 dataset\hama3_split_raw\test\9\0036.raw,4,9,0,0,0,1117,1.921541452407837,53248,291620,754,OK,2026-03-19 19:05:15
754,D:\6S2\Thesis\7 dataset\hama3_split_raw\test\0\0045.raw,0,0,0,0,1,1118,1.9210638999938965,53248,291620,755,OK,2026-03-19 19:05:19
755,D:\6S2\Thesis\7 dataset\hama3_split_raw\test\9\0074.raw,4,9,0,0,0,1117,1.9208154678344727,53248,291620,756,OK,2026-03-19 19:05:23
756,D:\6S2\Thesis\7 dataset\hama3_split_raw\test\8\0166.raw,3,8,0,0,0,1117,1.9203500747680664,53248,291620,757,OK,2026-03-19 19:05:27
757,D:\6S2\Thesis\7 dataset\hama3_split_raw\test\3\0001.raw,1,3,0,0,0,1117,1.9213919639587402,53248,291620,758,OK,2026-03-19 19:05:31
758,D:\6S2\Thesis\7 dataset\hama3_split_raw\test\9\0046.raw,4,9,0,0,0,1118,1.9206106662750244,53248,291620,759,OK,2026-03-19 19:05:35
759,D:\6S2\Thesis\7 dataset\hama3_split_raw\test\3\0020.raw,1,3,0,0,0,1117,1.9201061725616455,53248,291620,760,OK,2026-03-19 19:05:39
760,D:\6S2\Thesis\7 dataset\hama3_split_raw\test\0\0076.raw,0,0,0,0,1,1117,1.9216651916503906,53248,291620,761,OK,2026-03-19 19:05:43
761,D:\6S2\Thesis\7 dataset\hama3_split_raw\test\3\0092.raw,1,3,0,0,0,1118,1.920365333557129,53248,291620,762,OK,2026-03-19 19:05:47
762,D:\6S2\Thesis\7 dataset\hama3_split_raw\test\3\0111.raw,1,3,0,0,0,1117,1.9200570583343506,53248,291620,763,OK,2026-03-19 19:05:51
763,D:\6S2\Thesis\7 dataset\hama3_split_raw\test\8\0132.raw,3,8,0,0,0,1118,1.9200165271759033,53248,291620,764,OK,2026-03-19 19:05:55
764,D:\6S2\Thesis\7 dataset\hama3_split_raw\test\9\0032.raw,4,9,0,0,0,1117,1.921018362045288,53248,291620,765,OK,2026-03-19 19:05:59
765,D:\6S2\Thesis\7 dataset\hama3_split_raw\test\8\0146.raw,3,8,0,0,0,1117,1.9202375411987305,53248,291620,766,OK,2026-03-19 19:06:03
766,D:\6S2\Thesis\7 dataset\hama3_split_raw\test\3\0070.raw,1,3,0,0,0,1118,1.9209492206573486,53248,291620,767,OK,2026-03-19 19:06:06
767,D:\6S2\Thesis\7 dataset\hama3_split_raw\test\9\0014.raw,4,9,0,0,0,1118,1.918971300125122,53248,291620,768,OK,2026-03-19 19:06:10
768,D:\6S2\Thesis\7 dataset\hama3_split_raw\test\8\0148.raw,3,8,0,0,0,1117,1.9200265407562256,53248,291620,769,OK,2026-03-19 19:06:14
769,D:\6S2\Thesis\7 dataset\hama3_split_raw\test\3\0061.raw,1,3,0,0,0,1118,1.9191608428955078,53248,291620,770,OK,2026-03-19 19:06:18
770,D:\6S2\Thesis\7 dataset\hama3_split_raw\test\5\0025.raw,2,5,0,0,0,1118,1.9192655086517334,53248,291620,771,OK,2026-03-19 19:06:22
771,D:\6S2\Thesis\7 dataset\hama3_split_raw\test\8\0085.raw,3,8,0,0,0,1117,1.9210736751556396,53248,291620,772,OK,2026-03-19 19:06:26
772,D:\6S2\Thesis\7 dataset\hama3_split_raw\test\8\0025.raw,3,8,0,0,0,1117,1.9207348823547363,53248,291620,773,OK,2026-03-19 19:06:30
773,D:\6S2\Thesis\7 dataset\hama3_split_raw\test\9\0019.raw,4,9,0,0,0,1117,1.9207396507263184,53248,291620,774,OK,2026-03-19 19:06:34
774,D:\6S2\Thesis\7 dataset\hama3_split_raw\test\0\0045.raw,0,0,0,0,1,1118,1.9204626083374023,53248,291620,775,OK,2026-03-19 19:06:38
775,D:\6S2\Thesis\7 dataset\hama3_split_raw\test\8\0055.raw,3,8,0,0,0,1117,1.921567678451538,53248,291620,776,OK,2026-03-19 19:06:42
776,D:\6S2\Thesis\7 dataset\hama3_split_raw\test\3\0101.raw,1,3,0,0,0,1118,1.9220049381256104,53248,291620,777,OK,2026-03-19 19:06:46
777,D:\6S2\Thesis\7 dataset\hama3_split_raw\test\9\0006.raw,4,9,0,0,0,1117,1.9180076122283936,53248,291620,778,OK,2026-03-19 19:06:50
778,D:\6S2\Thesis\7 dataset\hama3_split_raw\test\8\0104.raw,3,8,0,0,0,1117,1.921046257019043,53248,291620,779,OK,2026-03-19 19:06:54
779,D:\6S2\Thesis\7 dataset\hama3_split_raw\test\3\0053.raw,1,3,0,0,0,1117,1.9229736328125,53248,291620,780,OK,2026-03-19 19:06:58
780,D:\6S2\Thesis\7 dataset\hama3_split_raw\test\3\0098.raw,1,3,0,0,0,1118,1.9206838607788086,53248,291620,781,OK,2026-03-19 19:07:02
781,D:\6S2\Thesis\7 dataset\hama3_split_raw\test\5\0061.raw,2,5,0,0,0,1117,1.9182684421539307,53248,291620,782,OK,2026-03-19 19:07:06
782,D:\6S2\Thesis\7 dataset\hama3_split_raw\test\3\0008.raw,1,3,0,0,0,1117,1.9191348552703857,53248,291620,783,OK,2026-03-19 19:07:10
783,D:\6S2\Thesis\7 dataset\hama3_split_raw\test\0\0028.raw,0,0,0,0,1,1117,1.920600414276123,53248,291620,784,OK,2026-03-19 19:07:13
784,D:\6S2\Thesis\7 dataset\hama3_split_raw\test\0\0047.raw,0,0,0,0,1,1118,1.9202086925506592,53248,291620,785,OK,2026-03-19 19:07:17
785,D:\6S2\Thesis\7 dataset\hama3_split_raw\test\5\0105.raw,2,5,0,0,0,1117,1.920616865158081,53248,291620,786,OK,2026-03-19 19:07:21
786,D:\6S2\Thesis\7 dataset\hama3_split_raw\test\3\0062.raw,1,3,0,0,0,1118,1.9206366539001465,53248,291620,787,OK,2026-03-19 19:07:25
787,D:\6S2\Thesis\7 dataset\hama3_split_raw\test\8\0103.raw,3,8,0,0,0,1117,1.919658899307251,53248,291620,788,OK,2026-03-19 19:07:29
788,D:\6S2\Thesis\7 dataset\hama3_split_raw\test\8\0042.raw,3,8,0,0,0,1118,1.9207539558410645,53248,291620,789,OK,2026-03-19 19:07:33
789,D:\6S2\Thesis\7 dataset\hama3_split_raw\test\9\0043.raw,4,9,0,0,0,1117,1.9202234745025635,53248,291620,790,OK,2026-03-19 19:07:37
790,D:\6S2\Thesis\7 dataset\hama3_split_raw\test\5\0034.raw,2,5,0,0,0,1117,1.9187443256378174,53248,291620,791,OK,2026-03-19 19:07:41
791,D:\6S2\Thesis\7 dataset\hama3_split_raw\test\8\0092.raw,3,8,0,0,0,1118,1.9219114780426025,53248,291620,792,OK,2026-03-19 19:07:45
792,D:\6S2\Thesis\7 dataset\hama3_split_raw\test\8\0081.raw,3,8,0,0,0,1117,1.9206511974334717,53248,291620,793,OK,2026-03-19 19:07:49
793,D:\6S2\Thesis\7 dataset\hama3_split_raw\test\5\0031.raw,2,5,0,0,0,1117,1.9196460247039795,53248,291620,794,OK,2026-03-19 19:07:53
794,D:\6S2\Thesis\7 dataset\hama3_split_raw\test\3\0023.raw,1,3,0,0,0,1117,1.9188289642333984,53248,291620,795,OK,2026-03-19 19:07:57
795,D:\6S2\Thesis\7 dataset\hama3_split_raw\test\8\0097.raw,3,8,0,0,0,1118,1.919945240020752,53248,291620,796,OK,2026-03-19 19:08:01
796,D:\6S2\Thesis\7 dataset\hama3_split_raw\test\8\0179.raw,3,8,0,0,0,1118,1.9200496673583984,53248,291620,797,OK,2026-03-19 19:08:04
797,D:\6S2\Thesis\7 dataset\hama3_split_raw\test\5\0119.raw,2,5,0,0,0,1118,1.920668363571167,53248,291620,798,OK,2026-03-19 19:08:08
798,D:\6S2\Thesis\7 dataset\hama3_split_raw\test\8\0092.raw,3,8,0,0,0,1117,1.9185104370117188,53248,291620,799,OK,2026-03-19 19:08:12
799,D:\6S2\Thesis\7 dataset\hama3_split_raw\test\8\0123.raw,3,8,0,0,0,1117,1.9211134910583496,53248,291620,800,OK,2026-03-19 19:08:16
800,D:\6S2\Thesis\7 dataset\hama3_split_raw\test\9\0052.raw,4,9,0,0,0,1117,1.9199833869934082,53248,291620,801,OK,2026-03-19 19:08:20
801,D:\6S2\Thesis\7 dataset\hama3_split_raw\test\0\0060.raw,0,0,0,0,1,1117,1.9203460216522217,53248,291620,802,OK,2026-03-19 19:08:24
802,D:\6S2\Thesis\7 dataset\hama3_split_raw\test\5\0118.raw,2,5,0,0,0,1117,1.921762466430664,53248,291620,803,OK,2026-03-19 19:08:28
803,D:\6S2\Thesis\7 dataset\hama3_split_raw\test\3\0033.raw,1,3,0,0,0,1117,1.9217643737792969,53248,291620,804,OK,2026-03-19 19:08:32
804,D:\6S2\Thesis\7 dataset\hama3_split_raw\test\3\0094.raw,1,3,0,0,0,1117,1.9210617542266846,53248,291620,805,OK,2026-03-19 19:08:36
805,D:\6S2\Thesis\7 dataset\hama3_split_raw\test\0\0080.raw,0,0,0,0,1,1117,1.9202516078948975,53248,291620,806,OK,2026-03-19 19:08:40
806,D:\6S2\Thesis\7 dataset\hama3_split_raw\test\3\0090.raw,1,3,0,0,0,1117,1.9205148220062256,53248,291620,807,OK,2026-03-19 19:08:44
807,D:\6S2\Thesis\7 dataset\hama3_split_raw\test\3\0106.raw,1,3,0,0,0,1117,1.920717477798462,53248,291620,808,OK,2026-03-19 19:08:48
808,D:\6S2\Thesis\7 dataset\hama3_split_raw\test\3\0046.raw,1,3,0,0,0,1117,1.920431137084961,53248,291620,809,OK,2026-03-19 19:08:52
809,D:\6S2\Thesis\7 dataset\hama3_split_raw\test\5\0088.raw,2,5,0,0,0,1117,1.920445442199707,53248,291620,810,OK,2026-03-19 19:08:55
810,D:\6S2\Thesis\7 dataset\hama3_split_raw\test\0\0047.raw,0,0,0,0,1,1117,1.9213380813598633,53248,291620,811,OK,2026-03-19 19:08:59
811,D:\6S2\Thesis\7 dataset\hama3_split_raw\test\5\0119.raw,2,5,0,0,0,1117,1.9207019805908203,53248,291620,812,OK,2026-03-19 19:09:03
812,D:\6S2\Thesis\7 dataset\hama3_split_raw\test\8\0130.raw,3,8,0,0,0,1117,1.9199965000152588,53248,291620,813,OK,2026-03-19 19:09:07
813,D:\6S2\Thesis\7 dataset\hama3_split_raw\test\0\0068.raw,0,0,0,0,1,1117,1.920422077178955,53248,291620,814,OK,2026-03-19 19:09:11
814,D:\6S2\Thesis\7 dataset\hama3_split_raw\test\0\0007.raw,0,0,0,0,1,1118,1.9205408096313477,53248,291620,815,OK,2026-03-19 19:09:15
815,D:\6S2\Thesis\7 dataset\hama3_split_raw\test\3\0088.raw,1,3,0,0,0,1117,1.9207046031951904,53248,291620,816,OK,2026-03-19 19:09:19
816,D:\6S2\Thesis\7 dataset\hama3_split_raw\test\3\0093.raw,1,3,0,0,0,1117,1.9199244976043701,53248,291620,817,OK,2026-03-19 19:09:23
817,D:\6S2\Thesis\7 dataset\hama3_split_raw\test\5\0035.raw,2,5,0,0,0,1117,1.920567512512207,53248,291620,818,OK,2026-03-19 19:09:27
818,D:\6S2\Thesis\7 dataset\hama3_split_raw\test\0\0018.raw,0,0,0,0,1,1118,1.9203367233276367,53248,291620,819,OK,2026-03-19 19:09:31
819,D:\6S2\Thesis\7 dataset\hama3_split_raw\test\3\0025.raw,1,3,0,0,0,1118,1.9203112125396729,53248,291620,820,OK,2026-03-19 19:09:35
820,D:\6S2\Thesis\7 dataset\hama3_split_raw\test\9\0081.raw,4,9,0,0,0,1118,1.9205093383789062,53248,291620,821,OK,2026-03-19 19:09:39
821,D:\6S2\Thesis\7 dataset\hama3_split_raw\test\8\0107.raw,3,8,0,0,0,1117,1.9222323894500732,53248,291620,822,OK,2026-03-19 19:09:43
822,D:\6S2\Thesis\7 dataset\hama3_split_raw\test\8\0103.raw,3,8,0,0,0,1117,1.920351505279541,53248,291620,823,OK,2026-03-19 19:09:47
823,D:\6S2\Thesis\7 dataset\hama3_split_raw\test\0\0083.raw,0,0,0,0,1,1117,1.920860767364502,53248,291620,824,OK,2026-03-19 19:09:50
824,D:\6S2\Thesis\7 dataset\hama3_split_raw\test\3\0038.raw,1,3,0,0,0,1118,1.9203455448150635,53248,291620,825,OK,2026-03-19 19:09:54
825,D:\6S2\Thesis\7 dataset\hama3_split_raw\test\0\0023.raw,0,0,0,0,1,1118,1.9204647541046143,53248,291620,826,OK,2026-03-19 19:09:58
826,D:\6S2\Thesis\7 dataset\hama3_split_raw\test\3\0007.raw,1,3,0,0,0,1118,1.9202194213867188,53248,291620,827,OK,2026-03-19 19:10:02
827,D:\6S2\Thesis\7 dataset\hama3_split_raw\test\3\0014.raw,1,3,0,0,0,1117,1.9179320335388184,53248,291620,828,OK,2026-03-19 19:10:06
828,D:\6S2\Thesis\7 dataset\hama3_split_raw\test\0\0032.raw,0,0,0,0,1,1117,1.9209227561950684,53248,291620,829,OK,2026-03-19 19:10:10
829,D:\6S2\Thesis\7 dataset\hama3_split_raw\test\5\0106.raw,2,5,0,0,0,1117,1.9208173751831055,53248,291620,830,OK,2026-03-19 19:10:14
830,D:\6S2\Thesis\7 dataset\hama3_split_raw\test\5\0084.raw,2,5,0,0,0,1118,1.9204659461975098,53248,291620,831,OK,2026-03-19 19:10:18
831,D:\6S2\Thesis\7 dataset\hama3_split_raw\test\3\0080.raw,1,3,0,0,0,1117,1.920342206954956,53248,291620,832,OK,2026-03-19 19:10:22
832,D:\6S2\Thesis\7 dataset\hama3_split_raw\test\5\0045.raw,2,5,0,0,0,1117,1.9209816455841064,53248,291620,833,OK,2026-03-19 19:10:26
833,D:\6S2\Thesis\7 dataset\hama3_split_raw\test\3\0091.raw,1,3,0,0,0,1118,1.9203119277954102,53248,291620,834,OK,2026-03-19 19:10:30
834,D:\6S2\Thesis\7 dataset\hama3_split_raw\test\0\0048.raw,0,0,0,0,1,1117,1.921186923980713,53248,291620,835,OK,2026-03-19 19:10:34
835,D:\6S2\Thesis\7 dataset\hama3_split_raw\test\8\0074.raw,3,8,0,0,0,1117,1.9185240268707275,53248,291620,836,OK,2026-03-19 19:10:38
836,D:\6S2\Thesis\7 dataset\hama3_split_raw\test\9\0020.raw,4,9,0,0,0,1118,1.9201116561889648,53248,291620,837,OK,2026-03-19 19:10:41
837,D:\6S2\Thesis\7 dataset\hama3_split_raw\test\3\0081.raw,1,3,0,0,0,1118,1.9206104278564453,53248,291620,838,OK,2026-03-19 19:10:45
838,D:\6S2\Thesis\7 dataset\hama3_split_raw\test\5\0057.raw,2,5,0,0,0,1117,1.9185552597045898,53248,291620,839,OK,2026-03-19 19:10:49
839,D:\6S2\Thesis\7 dataset\hama3_split_raw\test\3\0057.raw,1,3,0,0,0,1118,1.9210240840911865,53248,291620,840,OK,2026-03-19 19:10:53
840,D:\6S2\Thesis\7 dataset\hama3_split_raw\test\5\0039.raw,2,5,0,0,0,1117,1.9201910495758057,53248,291620,841,OK,2026-03-19 19:10:57
841,D:\6S2\Thesis\7 dataset\hama3_split_raw\test\0\0026.raw,0,0,0,0,1,1117,1.9206104278564453,53248,291620,842,OK,2026-03-19 19:11:01
842,D:\6S2\Thesis\7 dataset\hama3_split_raw\test\9\0025.raw,4,9,0,0,0,1118,1.9203660488128662,53248,291620,843,OK,2026-03-19 19:11:05
843,D:\6S2\Thesis\7 dataset\hama3_split_raw\test\8\0027.raw,3,8,0,0,0,1118,1.9202673435211182,53248,291620,844,OK,2026-03-19 19:11:09
844,D:\6S2\Thesis\7 dataset\hama3_split_raw\test\3\0078.raw,1,3,0,0,0,1117,1.920186996459961,53248,291620,845,OK,2026-03-19 19:11:13
845,D:\6S2\Thesis\7 dataset\hama3_split_raw\test\0\0054.raw,0,0,0,0,1,1117,1.921919345855713,53248,291620,846,OK,2026-03-19 19:11:17
846,D:\6S2\Thesis\7 dataset\hama3_split_raw\test\5\0024.raw,2,5,0,0,0,1118,1.921001672744751,53248,291620,847,OK,2026-03-19 19:11:21
847,D:\6S2\Thesis\7 dataset\hama3_split_raw\test\3\0051.raw,1,3,0,0,0,1117,1.9209485054016113,53248,291620,848,OK,2026-03-19 19:11:25
848,D:\6S2\Thesis\7 dataset\hama3_split_raw\test\3\0038.raw,1,3,0,0,0,1117,1.9207720756530762,53248,291620,849,OK,2026-03-19 19:11:29
849,D:\6S2\Thesis\7 dataset\hama3_split_raw\test\3\0085.raw,1,3,0,0,0,1117,1.9208579063415527,53248,291620,850,OK,2026-03-19 19:11:33
850,D:\6S2\Thesis\7 dataset\hama3_split_raw\test\9\0013.raw,4,9,0,0,0,1118,1.9198105335235596,53248,291620,851,OK,2026-03-19 19:11:36
851,D:\6S2\Thesis\7 dataset\hama3_split_raw\test\9\0059.raw,4,9,0,0,0,1117,1.9211947917938232,53248,291620,852,OK,2026-03-19 19:11:40
852,D:\6S2\Thesis\7 dataset\hama3_split_raw\test\9\0004.raw,4,9,0,0,0,1118,1.9207854270935059,53248,291620,853,OK,2026-03-19 19:11:44
853,D:\6S2\Thesis\7 dataset\hama3_split_raw\test\8\0157.raw,3,8,0,0,0,1117,1.920856237411499,53248,291620,854,OK,2026-03-19 19:11:48
854,D:\6S2\Thesis\7 dataset\hama3_split_raw\test\0\0084.raw,0,0,0,0,1,1118,1.9205420017242432,53248,291620,855,OK,2026-03-19 19:11:52
855,D:\6S2\Thesis\7 dataset\hama3_split_raw\test\5\0055.raw,2,5,0,0,0,1117,1.9206798076629639,53248,291620,856,OK,2026-03-19 19:11:56
856,D:\6S2\Thesis\7 dataset\hama3_split_raw\test\3\0040.raw,1,3,0,0,0,1118,1.9204063415527344,53248,291620,857,OK,2026-03-19 19:12:00
857,D:\6S2\Thesis\7 dataset\hama3_split_raw\test\9\0066.raw,4,9,0,0,0,1118,1.9217534065246582,53248,291620,858,OK,2026-03-19 19:12:04
858,D:\6S2\Thesis\7 dataset\hama3_split_raw\test\8\0096.raw,3,8,0,0,0,1118,1.921696424484253,53248,291620,859,OK,2026-03-19 19:12:08
859,D:\6S2\Thesis\7 dataset\hama3_split_raw\test\8\0133.raw,3,8,0,0,0,1118,1.9206228256225586,53248,291620,860,OK,2026-03-19 19:12:12
860,D:\6S2\Thesis\7 dataset\hama3_split_raw\test\5\0044.raw,2,5,0,0,0,1118,1.9203312397003174,53248,291620,861,OK,2026-03-19 19:12:16
861,D:\6S2\Thesis\7 dataset\hama3_split_raw\test\8\0130.raw,3,8,0,0,0,1118,1.9197983741760254,53248,291620,862,OK,2026-03-19 19:12:20
862,D:\6S2\Thesis\7 dataset\hama3_split_raw\test\5\0017.raw,2,5,0,0,0,1118,1.9203414916992188,53248,291620,863,OK,2026-03-19 19:12:24
863,D:\6S2\Thesis\7 dataset\hama3_split_raw\test\9\0009.raw,4,9,0,0,0,1118,1.9202730655670166,53248,291620,864,OK,2026-03-19 19:12:28
864,D:\6S2\Thesis\7 dataset\hama3_split_raw\test\0\0043.raw,0,0,0,0,1,1117,1.9210460186004639,53248,291620,865,OK,2026-03-19 19:12:31
865,D:\6S2\Thesis\7 dataset\hama3_split_raw\test\9\0100.raw,4,9,0,0,0,1117,1.919691562652588,53248,291620,866,OK,2026-03-19 19:12:35
866,D:\6S2\Thesis\7 dataset\hama3_split_raw\test\9\0042.raw,4,9,0,0,0,1117,1.9205904006958008,53248,291620,867,OK,2026-03-19 19:12:39
867,D:\6S2\Thesis\7 dataset\hama3_split_raw\test\5\0109.raw,2,5,0,0,0,1118,1.9210329055786133,53248,291620,868,OK,2026-03-19 19:12:43
868,D:\6S2\Thesis\7 dataset\hama3_split_raw\test\3\0021.raw,1,3,0,0,0,1117,1.9214656352996826,53248,291620,869,OK,2026-03-19 19:12:47
869,D:\6S2\Thesis\7 dataset\hama3_split_raw\test\3\0056.raw,1,3,0,0,0,1118,1.921220064163208,53248,291620,870,OK,2026-03-19 19:12:51
870,D:\6S2\Thesis\7 dataset\hama3_split_raw\test\3\0069.raw,1,3,0,0,0,1118,1.920564889907837,53248,291620,871,OK,2026-03-19 19:12:55
871,D:\6S2\Thesis\7 dataset\hama3_split_raw\test\9\0074.raw,4,9,0,0,0,1118,1.9193742275238037,53248,291620,872,OK,2026-03-19 19:12:59
872,D:\6S2\Thesis\7 dataset\hama3_split_raw\test\3\0005.raw,1,3,0,0,0,1117,1.9198956489562988,53248,291620,873,OK,2026-03-19 19:13:03
873,D:\6S2\Thesis\7 dataset\hama3_split_raw\test\8\0153.raw,3,8,0,0,0,1117,1.921220064163208,53248,291620,874,OK,2026-03-19 19:13:07
874,D:\6S2\Thesis\7 dataset\hama3_split_raw\test\9\0000.raw,4,9,0,0,0,1117,1.920468807220459,53248,291620,875,OK,2026-03-19 19:13:11
875,D:\6S2\Thesis\7 dataset\hama3_split_raw\test\0\0072.raw,0,0,0,0,1,1117,1.917954683303833,53248,291620,876,OK,2026-03-19 19:13:15
876,D:\6S2\Thesis\7 dataset\hama3_split_raw\test\9\0081.raw,4,9,0,0,0,1117,1.9202024936676025,53248,291620,877,OK,2026-03-19 19:13:19
877,D:\6S2\Thesis\7 dataset\hama3_split_raw\test\9\0064.raw,4,9,0,0,0,1117,1.9201574325561523,53248,291620,878,OK,2026-03-19 19:13:23
878,D:\6S2\Thesis\7 dataset\hama3_split_raw\test\8\0027.raw,3,8,0,0,0,1117,1.920816421508789,53248,291620,879,OK,2026-03-19 19:13:27
879,D:\6S2\Thesis\7 dataset\hama3_split_raw\test\8\0019.raw,3,8,0,0,0,1118,1.920438528060913,53248,291620,880,OK,2026-03-19 19:13:30
880,D:\6S2\Thesis\7 dataset\hama3_split_raw\test\3\0003.raw,1,3,0,0,0,1118,1.9208984375,53248,291620,881,OK,2026-03-19 19:13:34
881,D:\6S2\Thesis\7 dataset\hama3_split_raw\test\5\0040.raw,2,5,0,0,0,1117,1.9204864501953125,53248,291620,882,OK,2026-03-19 19:13:38
882,D:\6S2\Thesis\7 dataset\hama3_split_raw\test\3\0079.raw,1,3,0,0,0,1117,1.9200317859649658,53248,291620,883,OK,2026-03-19 19:13:42
883,D:\6S2\Thesis\7 dataset\hama3_split_raw\test\8\0142.raw,3,8,0,0,0,1117,1.9201700687408447,53248,291620,884,OK,2026-03-19 19:13:46
884,D:\6S2\Thesis\7 dataset\hama3_split_raw\test\0\0038.raw,0,0,0,0,1,1118,1.9217455387115479,53248,291620,885,OK,2026-03-19 19:13:50
885,D:\6S2\Thesis\7 dataset\hama3_split_raw\test\3\0041.raw,1,3,0,0,0,1117,1.9200870990753174,53248,291620,886,OK,2026-03-19 19:13:54
886,D:\6S2\Thesis\7 dataset\hama3_split_raw\test\9\0034.raw,4,9,0,0,0,1118,1.920762300491333,53248,291620,887,OK,2026-03-19 19:13:58
887,D:\6S2\Thesis\7 dataset\hama3_split_raw\test\3\0034.raw,1,3,0,0,0,1117,1.920675277709961,53248,291620,888,OK,2026-03-19 19:14:02
888,D:\6S2\Thesis\7 dataset\hama3_split_raw\test\0\0018.raw,0,0,0,0,1,1118,1.921020269393921,53248,291620,889,OK,2026-03-19 19:14:06
889,D:\6S2\Thesis\7 dataset\hama3_split_raw\test\3\0078.raw,1,3,0,0,0,1117,1.9199604988098145,53248,291620,890,OK,2026-03-19 19:14:10
890,D:\6S2\Thesis\7 dataset\hama3_split_raw\test\5\0095.raw,2,5,0,0,0,1118,1.9218268394470215,53248,291620,891,OK,2026-03-19 19:14:14
891,D:\6S2\Thesis\7 dataset\hama3_split_raw\test\5\0067.raw,2,5,0,0,0,1118,1.9205501079559326,53248,291620,892,OK,2026-03-19 19:14:18
892,D:\6S2\Thesis\7 dataset\hama3_split_raw\test\3\0028.raw,1,3,0,0,0,1118,1.922093391418457,53248,291620,893,OK,2026-03-19 19:14:22
893,D:\6S2\Thesis\7 dataset\hama3_split_raw\test\0\0039.raw,0,0,0,0,1,1117,1.9206957817077637,53248,291620,894,OK,2026-03-19 19:14:26
894,D:\6S2\Thesis\7 dataset\hama3_split_raw\test\8\0062.raw,3,8,0,0,0,1117,1.921065092086792,53248,291620,895,OK,2026-03-19 19:14:30
895,D:\6S2\Thesis\7 dataset\hama3_split_raw\test\0\0072.raw,0,0,0,0,1,1118,1.920865535736084,53248,291620,896,OK,2026-03-19 19:14:33
896,D:\6S2\Thesis\7 dataset\hama3_split_raw\test\5\0011.raw,2,5,0,0,0,1117,1.9203777313232422,53248,291620,897,OK,2026-03-19 19:14:37
897,D:\6S2\Thesis\7 dataset\hama3_split_raw\test\3\0062.raw,1,3,0,0,0,1117,1.922107458114624,53248,291620,898,OK,2026-03-19 19:14:41
898,D:\6S2\Thesis\7 dataset\hama3_split_raw\test\8\0027.raw,3,8,0,0,0,1117,1.9182376861572266,53248,291620,899,OK,2026-03-19 19:14:45
899,D:\6S2\Thesis\7 dataset\hama3_split_raw\test\9\0061.raw,4,9,0,0,0,1117,1.9208993911743164,53248,291620,900,OK,2026-03-19 19:14:49
900,D:\6S2\Thesis\7 dataset\hama3_split_raw\test\5\0102.raw,2,5,0,0,0,1118,1.9202117919921875,53248,291620,901,OK,2026-03-19 19:14:53
901,D:\6S2\Thesis\7 dataset\hama3_split_raw\test\9\0044.raw,4,9,0,0,0,1117,1.9205634593963623,53248,291620,902,OK,2026-03-19 19:14:57
902,D:\6S2\Thesis\7 dataset\hama3_split_raw\test\9\0098.raw,4,9,0,0,0,1117,1.9195678234100342,53248,291620,903,OK,2026-03-19 19:15:01
903,D:\6S2\Thesis\7 dataset\hama3_split_raw\test\3\0012.raw,1,3,0,0,0,1117,1.921170711517334,53248,291620,904,OK,2026-03-19 19:15:05
904,D:\6S2\Thesis\7 dataset\hama3_split_raw\test\3\0112.raw,1,3,0,0,0,1117,1.9201545715332031,53248,291620,905,OK,2026-03-19 19:15:09
905,D:\6S2\Thesis\7 dataset\hama3_split_raw\test\0\0026.raw,0,0,0,0,1,1117,1.9210419654846191,53248,291620,906,OK,2026-03-19 19:15:13
906,D:\6S2\Thesis\7 dataset\hama3_split_raw\test\8\0071.raw,3,8,0,0,0,1117,1.9227089881896973,53248,291620,907,OK,2026-03-19 19:15:17
907,D:\6S2\Thesis\7 dataset\hama3_split_raw\test\3\0087.raw,1,3,0,0,0,1117,1.9204716682434082,53248,291620,908,OK,2026-03-19 19:15:21
908,D:\6S2\Thesis\7 dataset\hama3_split_raw\test\9\0072.raw,4,9,0,0,0,1118,1.921177864074707,53248,291620,909,OK,2026-03-19 19:15:25
909,D:\6S2\Thesis\7 dataset\hama3_split_raw\test\0\0020.raw,0,0,0,0,1,1118,1.9204516410827637,53248,291620,910,OK,2026-03-19 19:15:28
910,D:\6S2\Thesis\7 dataset\hama3_split_raw\test\3\0044.raw,1,3,0,0,0,1117,1.9207830429077148,53248,291620,911,OK,2026-03-19 19:15:32
911,D:\6S2\Thesis\7 dataset\hama3_split_raw\test\8\0007.raw,3,8,0,0,0,1117,1.9206411838531494,53248,291620,912,OK,2026-03-19 19:15:36
912,D:\6S2\Thesis\7 dataset\hama3_split_raw\test\8\0010.raw,3,8,0,0,0,1118,1.9207324981689453,53248,291620,913,OK,2026-03-19 19:15:40
913,D:\6S2\Thesis\7 dataset\hama3_split_raw\test\8\0170.raw,3,8,0,0,0,1117,1.9206900596618652,53248,291620,914,OK,2026-03-19 19:15:44
914,D:\6S2\Thesis\7 dataset\hama3_split_raw\test\8\0043.raw,3,8,0,0,0,1118,1.9192655086517334,53248,291620,915,OK,2026-03-19 19:15:48
915,D:\6S2\Thesis\7 dataset\hama3_split_raw\test\0\0000.raw,0,0,0,0,1,1117,1.9210782051086426,53248,291620,916,OK,2026-03-19 19:15:52
916,D:\6S2\Thesis\7 dataset\hama3_split_raw\test\3\0072.raw,1,3,0,0,0,1118,1.9215729236602783,53248,291620,917,OK,2026-03-19 19:15:56
917,D:\6S2\Thesis\7 dataset\hama3_split_raw\test\8\0015.raw,3,8,0,0,0,1117,1.9221153259277344,53248,291620,918,OK,2026-03-19 19:16:00
918,D:\6S2\Thesis\7 dataset\hama3_split_raw\test\8\0100.raw,3,8,0,0,0,1117,1.9208488464355469,53248,291620,919,OK,2026-03-19 19:16:04
919,D:\6S2\Thesis\7 dataset\hama3_split_raw\test\5\0117.raw,2,5,0,0,0,1117,1.9218065738677979,53248,291620,920,OK,2026-03-19 19:16:08
920,D:\6S2\Thesis\7 dataset\hama3_split_raw\test\5\0022.raw,2,5,0,0,0,1117,1.9204704761505127,53248,291620,921,OK,2026-03-19 19:16:12
921,D:\6S2\Thesis\7 dataset\hama3_split_raw\test\8\0139.raw,3,8,0,0,0,1117,1.920231580734253,53248,291620,922,OK,2026-03-19 19:16:16
922,D:\6S2\Thesis\7 dataset\hama3_split_raw\test\3\0040.raw,1,3,0,0,0,1117,1.9209060668945312,53248,291620,923,OK,2026-03-19 19:16:19
923,D:\6S2\Thesis\7 dataset\hama3_split_raw\test\5\0033.raw,2,5,0,0,0,1117,1.920259714126587,53248,291620,924,OK,2026-03-19 19:16:23
924,D:\6S2\Thesis\7 dataset\hama3_split_raw\test\5\0062.raw,2,5,0,0,0,1117,1.9204020500183105,53248,291620,925,OK,2026-03-19 19:16:27
925,D:\6S2\Thesis\7 dataset\hama3_split_raw\test\9\0092.raw,4,9,0,0,0,1117,1.920255184173584,53248,291620,926,OK,2026-03-19 19:16:31
926,D:\6S2\Thesis\7 dataset\hama3_split_raw\test\5\0088.raw,2,5,0,0,0,1118,1.9202423095703125,53248,291620,927,OK,2026-03-19 19:16:35
927,D:\6S2\Thesis\7 dataset\hama3_split_raw\test\8\0019.raw,3,8,0,0,0,1117,1.9202356338500977,53248,291620,928,OK,2026-03-19 19:16:39
928,D:\6S2\Thesis\7 dataset\hama3_split_raw\test\3\0035.raw,1,3,0,0,0,1117,1.9211795330047607,53248,291620,929,OK,2026-03-19 19:16:43
929,D:\6S2\Thesis\7 dataset\hama3_split_raw\test\8\0002.raw,3,8,0,0,0,1117,1.9199519157409668,53248,291620,930,OK,2026-03-19 19:16:47
930,D:\6S2\Thesis\7 dataset\hama3_split_raw\test\5\0112.raw,2,5,0,0,0,1117,1.9208202362060547,53248,291620,931,OK,2026-03-19 19:16:51
931,D:\6S2\Thesis\7 dataset\hama3_split_raw\test\0\0057.raw,0,0,0,0,1,1117,1.9205634593963623,53248,291620,932,OK,2026-03-19 19:16:55
932,D:\6S2\Thesis\7 dataset\hama3_split_raw\test\0\0070.raw,0,0,0,0,1,1117,1.9197161197662354,53248,291620,933,OK,2026-03-19 19:16:59
933,D:\6S2\Thesis\7 dataset\hama3_split_raw\test\3\0042.raw,1,3,0,0,0,1117,1.9210269451141357,53248,291620,934,OK,2026-03-19 19:17:03
934,D:\6S2\Thesis\7 dataset\hama3_split_raw\test\0\0000.raw,0,0,0,0,1,1117,1.919973373413086,53248,291620,935,OK,2026-03-19 19:17:07
935,D:\6S2\Thesis\7 dataset\hama3_split_raw\test\8\0174.raw,3,8,0,0,0,1117,1.9205718040466309,53248,291620,936,OK,2026-03-19 19:17:10
936,D:\6S2\Thesis\7 dataset\hama3_split_raw\test\0\0035.raw,0,0,0,0,1,1117,1.920224666595459,53248,291620,937,OK,2026-03-19 19:17:14
937,D:\6S2\Thesis\7 dataset\hama3_split_raw\test\9\0027.raw,4,9,0,0,0,1118,1.9203417301177979,53248,291620,938,OK,2026-03-19 19:17:18
938,D:\6S2\Thesis\7 dataset\hama3_split_raw\test\3\0083.raw,1,3,0,0,0,1117,1.9211127758026123,53248,291620,939,OK,2026-03-19 19:17:22
939,D:\6S2\Thesis\7 dataset\hama3_split_raw\test\8\0056.raw,3,8,0,0,0,1117,1.9204506874084473,53248,291620,940,OK,2026-03-19 19:17:26
940,D:\6S2\Thesis\7 dataset\hama3_split_raw\test\3\0080.raw,1,3,0,0,0,1117,1.9207003116607666,53248,291620,941,OK,2026-03-19 19:17:30
941,D:\6S2\Thesis\7 dataset\hama3_split_raw\test\3\0012.raw,1,3,0,0,0,1118,1.9202396869659424,53248,291620,942,OK,2026-03-19 19:17:34
942,D:\6S2\Thesis\7 dataset\hama3_split_raw\test\3\0066.raw,1,3,0,0,0,1118,1.9202020168304443,53248,291620,943,OK,2026-03-19 19:17:38
943,D:\6S2\Thesis\7 dataset\hama3_split_raw\test\8\0122.raw,3,8,0,0,0,1118,1.9197628498077393,53248,291620,944,OK,2026-03-19 19:17:42
944,D:\6S2\Thesis\7 dataset\hama3_split_raw\test\5\0075.raw,2,5,0,0,0,1117,1.920562744140625,53248,291620,945,OK,2026-03-19 19:17:46
945,D:\6S2\Thesis\7 dataset\hama3_split_raw\test\8\0166.raw,3,8,0,0,0,1117,1.91841459274292,53248,291620,946,OK,2026-03-19 19:17:50
946,D:\6S2\Thesis\7 dataset\hama3_split_raw\test\5\0118.raw,2,5,0,0,0,1118,1.9207336902618408,53248,291620,947,OK,2026-03-19 19:17:54
947,D:\6S2\Thesis\7 dataset\hama3_split_raw\test\0\0073.raw,0,0,0,0,1,1117,1.9180142879486084,53248,291620,948,OK,2026-03-19 19:17:58
948,D:\6S2\Thesis\7 dataset\hama3_split_raw\test\5\0107.raw,2,5,0,0,0,1117,1.9206852912902832,53248,291620,949,OK,2026-03-19 19:18:01
949,D:\6S2\Thesis\7 dataset\hama3_split_raw\test\3\0091.raw,1,3,0,0,0,1118,1.920351505279541,53248,291620,950,OK,2026-03-19 19:18:05
950,D:\6S2\Thesis\7 dataset\hama3_split_raw\test\3\0043.raw,1,3,0,0,0,1118,1.9205811023712158,53248,291620,951,OK,2026-03-19 19:18:09
951,D:\6S2\Thesis\7 dataset\hama3_split_raw\test\3\0011.raw,1,3,0,0,0,1117,1.9186925888061523,53248,291620,952,OK,2026-03-19 19:18:13
952,D:\6S2\Thesis\7 dataset\hama3_split_raw\test\8\0107.raw,3,8,0,0,0,1118,1.918034553527832,53248,291620,953,OK,2026-03-19 19:18:17
953,D:\6S2\Thesis\7 dataset\hama3_split_raw\test\5\0110.raw,2,5,0,0,0,1117,1.9208199977874756,53248,291620,954,OK,2026-03-19 19:18:21
954,D:\6S2\Thesis\7 dataset\hama3_split_raw\test\0\0051.raw,0,0,0,0,1,1118,1.9203665256500244,53248,291620,955,OK,2026-03-19 19:18:25
955,D:\6S2\Thesis\7 dataset\hama3_split_raw\test\0\0010.raw,0,0,0,0,1,1117,1.9200937747955322,53248,291620,956,OK,2026-03-19 19:18:29
956,D:\6S2\Thesis\7 dataset\hama3_split_raw\test\3\0108.raw,1,3,0,0,0,1117,1.920644998550415,53248,291620,957,OK,2026-03-19 19:18:33
957,D:\6S2\Thesis\7 dataset\hama3_split_raw\test\0\0020.raw,0,0,0,0,1,1118,1.918947696685791,53248,291620,958,OK,2026-03-19 19:18:37
958,D:\6S2\Thesis\7 dataset\hama3_split_raw\test\0\0056.raw,0,0,0,0,1,1118,1.9209179878234863,53248,291620,959,OK,2026-03-19 19:18:41
959,D:\6S2\Thesis\7 dataset\hama3_split_raw\test\0\0002.raw,0,0,0,0,1,1117,1.9207899570465088,53248,291620,960,OK,2026-03-19 19:18:45
960,D:\6S2\Thesis\7 dataset\hama3_split_raw\test\9\0045.raw,4,9,0,0,0,1118,1.9201240539550781,53248,291620,961,OK,2026-03-19 19:18:49
961,D:\6S2\Thesis\7 dataset\hama3_split_raw\test\9\0060.raw,4,9,0,0,0,1117,1.9198729991912842,53248,291620,962,OK,2026-03-19 19:18:53
962,D:\6S2\Thesis\7 dataset\hama3_split_raw\test\0\0087.raw,0,0,0,0,1,1118,1.9204726219177246,53248,291620,963,OK,2026-03-19 19:18:56
963,D:\6S2\Thesis\7 dataset\hama3_split_raw\test\0\0082.raw,0,0,0,0,1,1117,1.92112398147583,53248,291620,964,OK,2026-03-19 19:19:00
964,D:\6S2\Thesis\7 dataset\hama3_split_raw\test\0\0004.raw,0,0,0,0,1,1117,1.9215407371520996,53248,291620,965,OK,2026-03-19 19:19:04
965,D:\6S2\Thesis\7 dataset\hama3_split_raw\test\8\0140.raw,3,8,0,0,0,1117,1.9203579425811768,53248,291620,966,OK,2026-03-19 19:19:08
966,D:\6S2\Thesis\7 dataset\hama3_split_raw\test\8\0148.raw,3,8,0,0,0,1117,1.9207100868225098,53248,291620,967,OK,2026-03-19 19:19:12
967,D:\6S2\Thesis\7 dataset\hama3_split_raw\test\9\0002.raw,4,9,0,0,0,1117,1.9208362102508545,53248,291620,968,OK,2026-03-19 19:19:16
968,D:\6S2\Thesis\7 dataset\hama3_split_raw\test\3\0035.raw,1,3,0,0,0,1117,1.9204306602478027,53248,291620,969,OK,2026-03-19 19:19:20
969,D:\6S2\Thesis\7 dataset\hama3_split_raw\test\0\0051.raw,0,0,0,0,1,1117,1.9223086833953857,53248,291620,970,OK,2026-03-19 19:19:24
970,D:\6S2\Thesis\7 dataset\hama3_split_raw\test\5\0005.raw,2,5,0,0,0,1118,1.9204065799713135,53248,291620,971,OK,2026-03-19 19:19:28
971,D:\6S2\Thesis\7 dataset\hama3_split_raw\test\9\0086.raw,4,9,0,0,0,1117,1.917755126953125,53248,291620,972,OK,2026-03-19 19:19:32
972,D:\6S2\Thesis\7 dataset\hama3_split_raw\test\3\0049.raw,1,3,0,0,0,1118,1.9211196899414062,53248,291620,973,OK,2026-03-19 19:19:36
973,D:\6S2\Thesis\7 dataset\hama3_split_raw\test\0\0082.raw,0,0,0,0,1,1117,1.9181418418884277,53248,291620,974,OK,2026-03-19 19:19:40
974,D:\6S2\Thesis\7 dataset\hama3_split_raw\test\9\0081.raw,4,9,0,0,0,1117,1.9207110404968262,53248,291620,975,OK,2026-03-19 19:19:44
975,D:\6S2\Thesis\7 dataset\hama3_split_raw\test\9\0057.raw,4,9,0,0,0,1117,1.9202642440795898,53248,291620,976,OK,2026-03-19 19:19:47
976,D:\6S2\Thesis\7 dataset\hama3_split_raw\test\3\0089.raw,1,3,0,0,0,1118,1.9208312034606934,53248,291620,977,OK,2026-03-19 19:19:51
977,D:\6S2\Thesis\7 dataset\hama3_split_raw\test\0\0010.raw,0,0,0,0,1,1117,1.920588493347168,53248,291620,978,OK,2026-03-19 19:19:55
978,D:\6S2\Thesis\7 dataset\hama3_split_raw\test\3\0012.raw,1,3,0,0,0,1117,1.920379400253296,53248,291620,979,OK,2026-03-19 19:19:59
979,D:\6S2\Thesis\7 dataset\hama3_split_raw\test\0\0014.raw,0,0,0,0,1,1117,1.9199297428131104,53248,291620,980,OK,2026-03-19 19:20:03
980,D:\6S2\Thesis\7 dataset\hama3_split_raw\test\3\0110.raw,1,3,0,0,0,1117,1.9194972515106201,53248,291620,981,OK,2026-03-19 19:20:07
981,D:\6S2\Thesis\7 dataset\hama3_split_raw\test\9\0042.raw,4,9,0,0,0,1118,1.9202537536621094,53248,291620,982,OK,2026-03-19 19:20:11
982,D:\6S2\Thesis\7 dataset\hama3_split_raw\test\0\0050.raw,0,0,0,0,1,1118,1.9205975532531738,53248,291620,983,OK,2026-03-19 19:20:15
983,D:\6S2\Thesis\7 dataset\hama3_split_raw\test\0\0001.raw,0,0,0,0,1,1118,1.9204421043395996,53248,291620,984,OK,2026-03-19 19:20:19
984,D:\6S2\Thesis\7 dataset\hama3_split_raw\test\5\0066.raw,2,5,0,0,0,1117,1.9205446243286133,53248,291620,985,OK,2026-03-19 19:20:23
985,D:\6S2\Thesis\7 dataset\hama3_split_raw\test\8\0011.raw,3,8,0,0,0,1117,1.9202611446380615,53248,291620,986,OK,2026-03-19 19:20:27
986,D:\6S2\Thesis\7 dataset\hama3_split_raw\test\5\0036.raw,2,5,0,0,0,1118,1.9203426837921143,53248,291620,987,OK,2026-03-19 19:20:31
987,D:\6S2\Thesis\7 dataset\hama3_split_raw\test\8\0124.raw,3,8,0,0,0,1118,1.9224750995635986,53248,291620,988,OK,2026-03-19 19:20:35
988,D:\6S2\Thesis\7 dataset\hama3_split_raw\test\5\0107.raw,2,5,0,0,0,1117,1.9181218147277832,53248,291620,989,OK,2026-03-19 19:20:38
989,D:\6S2\Thesis\7 dataset\hama3_split_raw\test\5\0084.raw,2,5,0,0,0,1118,1.9207923412322998,53248,291620,990,OK,2026-03-19 19:20:42
990,D:\6S2\Thesis\7 dataset\hama3_split_raw\test\9\0100.raw,4,9,0,0,0,1117,1.9204609394073486,53248,291620,991,OK,2026-03-19 19:20:46
991,D:\6S2\Thesis\7 dataset\hama3_split_raw\test\5\0006.raw,2,5,0,0,0,1118,1.9209582805633545,53248,291620,992,OK,2026-03-19 19:20:50
992,D:\6S2\Thesis\7 dataset\hama3_split_raw\test\9\0097.raw,4,9,0,0,0,1118,1.9197850227355957,53248,291620,993,OK,2026-03-19 19:20:54
993,D:\6S2\Thesis\7 dataset\hama3_split_raw\test\3\0040.raw,1,3,0,0,0,1117,1.9199185371398926,53248,291620,994,OK,2026-03-19 19:20:58
994,D:\6S2\Thesis\7 dataset\hama3_split_raw\test\5\0101.raw,2,5,0,0,0,1117,1.9204301834106445,53248,291620,995,OK,2026-03-19 19:21:02
995,D:\6S2\Thesis\7 dataset\hama3_split_raw\test\3\0010.raw,1,3,0,0,0,1118,1.9189841747283936,53248,291620,996,OK,2026-03-19 19:21:06
996,D:\6S2\Thesis\7 dataset\hama3_split_raw\test\8\0068.raw,3,8,0,0,0,1117,1.9208340644836426,53248,291620,997,OK,2026-03-19 19:21:10
997,D:\6S2\Thesis\7 dataset\hama3_split_raw\test\0\0084.raw,0,0,0,0,1,1117,1.920393705368042,53248,291620,998,OK,2026-03-19 19:21:14
998,D:\6S2\Thesis\7 dataset\hama3_split_raw\test\8\0063.raw,3,8,0,0,0,1117,1.9204556941986084,53248,291620,999,OK,2026-03-19 19:21:18
999,D:\6S2\Thesis\7 dataset\hama3_split_raw\test\3\0048.raw,1,3,0,0,0,1117,1.9203591346740723,53248,291620,1000,OK,2026-03-19 19:21:22
