test,file,gt_index,gt_label,pred_index,pred_label,correct,latency_mcu_ms,latency_pc_s,tensor_arena,free_ram,iteration,status,timestamp
0,D:\6S2\Thesis\7 dataset\hama3_split_raw\test\9\0016.raw,4,9,4,9,1,870,1.671781301498413,54272,290596,1,OK,2026-03-19 06:27:57
1,D:\6S2\Thesis\7 dataset\hama3_split_raw\test\5\0054.raw,2,5,4,9,0,870,1.6724028587341309,54272,290596,2,OK,2026-03-19 06:28:01
2,D:\6S2\Thesis\7 dataset\hama3_split_raw\test\5\0046.raw,2,5,4,9,0,869,1.6716644763946533,54272,290596,3,OK,2026-03-19 06:28:05
3,D:\6S2\Thesis\7 dataset\hama3_split_raw\test\8\0112.raw,3,8,2,5,0,869,1.6718788146972656,54272,290596,4,OK,2026-03-19 06:28:09
4,D:\6S2\Thesis\7 dataset\hama3_split_raw\test\0\0062.raw,0,0,3,8,0,870,1.6723697185516357,54272,290596,5,OK,2026-03-19 06:28:12
5,D:\6S2\Thesis\7 dataset\hama3_split_raw\test\0\0082.raw,0,0,0,0,1,869,1.672220230102539,54272,290596,6,OK,2026-03-19 06:28:16
6,D:\6S2\Thesis\7 dataset\hama3_split_raw\test\5\0076.raw,2,5,3,8,0,869,1.6715621948242188,54272,290596,7,OK,2026-03-19 06:28:20
7,D:\6S2\Thesis\7 dataset\hama3_split_raw\test\0\0058.raw,0,0,0,0,1,869,1.672142744064331,54272,290596,8,OK,2026-03-19 06:28:23
8,D:\6S2\Thesis\7 dataset\hama3_split_raw\test\8\0107.raw,3,8,3,8,1,869,1.6709785461425781,54272,290596,9,OK,2026-03-19 06:28:27
9,D:\6S2\Thesis\7 dataset\hama3_split_raw\test\8\0155.raw,3,8,3,8,1,870,1.6714067459106445,54272,290596,10,OK,2026-03-19 06:28:31
10,D:\6S2\Thesis\7 dataset\hama3_split_raw\test\0\0072.raw,0,0,0,0,1,870,1.6728107929229736,54272,290596,11,OK,2026-03-19 06:28:35
11,D:\6S2\Thesis\7 dataset\hama3_split_raw\test\5\0112.raw,2,5,2,5,1,869,1.6728596687316895,54272,290596,12,OK,2026-03-19 06:28:38
12,D:\6S2\Thesis\7 dataset\hama3_split_raw\test\3\0040.raw,1,3,1,3,1,869,1.6716082096099854,54272,290596,13,OK,2026-03-19 06:28:42
13,D:\6S2\Thesis\7 dataset\hama3_split_raw\test\5\0064.raw,2,5,3,8,0,870,1.6722896099090576,54272,290596,14,OK,2026-03-19 06:28:46
14,D:\6S2\Thesis\7 dataset\hama3_split_raw\test\9\0076.raw,4,9,4,9,1,869,1.6715450286865234,54272,290596,15,OK,2026-03-19 06:28:49
15,D:\6S2\Thesis\7 dataset\hama3_split_raw\test\8\0062.raw,3,8,3,8,1,869,1.6718907356262207,54272,290596,16,OK,2026-03-19 06:28:53
16,D:\6S2\Thesis\7 dataset\hama3_split_raw\test\0\0053.raw,0,0,0,0,1,869,1.6718251705169678,54272,290596,17,OK,2026-03-19 06:28:57
17,D:\6S2\Thesis\7 dataset\hama3_split_raw\test\3\0063.raw,1,3,1,3,1,869,1.6706593036651611,54272,290596,18,OK,2026-03-19 06:29:00
18,D:\6S2\Thesis\7 dataset\hama3_split_raw\test\5\0084.raw,2,5,2,5,1,870,1.672145128250122,54272,290596,19,OK,2026-03-19 06:29:04
19,D:\6S2\Thesis\7 dataset\hama3_split_raw\test\9\0080.raw,4,9,4,9,1,869,1.6712992191314697,54272,290596,20,OK,2026-03-19 06:29:08
20,D:\6S2\Thesis\7 dataset\hama3_split_raw\test\3\0017.raw,1,3,1,3,1,870,1.6716053485870361,54272,290596,21,OK,2026-03-19 06:29:12
21,D:\6S2\Thesis\7 dataset\hama3_split_raw\test\9\0100.raw,4,9,4,9,1,869,1.6718487739562988,54272,290596,22,OK,2026-03-19 06:29:15
22,D:\6S2\Thesis\7 dataset\hama3_split_raw\test\9\0012.raw,4,9,4,9,1,869,1.671776533126831,54272,290596,23,OK,2026-03-19 06:29:19
23,D:\6S2\Thesis\7 dataset\hama3_split_raw\test\5\0112.raw,2,5,2,5,1,869,1.6713075637817383,54272,290596,24,OK,2026-03-19 06:29:23
24,D:\6S2\Thesis\7 dataset\hama3_split_raw\test\3\0007.raw,1,3,1,3,1,869,1.6720235347747803,54272,290596,25,OK,2026-03-19 06:29:26
25,D:\6S2\Thesis\7 dataset\hama3_split_raw\test\9\0074.raw,4,9,4,9,1,870,1.6723213195800781,54272,290596,26,OK,2026-03-19 06:29:30
26,D:\6S2\Thesis\7 dataset\hama3_split_raw\test\0\0021.raw,0,0,1,3,0,869,1.67250394821167,54272,290596,27,OK,2026-03-19 06:29:34
27,D:\6S2\Thesis\7 dataset\hama3_split_raw\test\3\0000.raw,1,3,1,3,1,869,1.6724293231964111,54272,290596,28,OK,2026-03-19 06:29:37
28,D:\6S2\Thesis\7 dataset\hama3_split_raw\test\5\0110.raw,2,5,2,5,1,869,1.6727352142333984,54272,290596,29,OK,2026-03-19 06:29:41
29,D:\6S2\Thesis\7 dataset\hama3_split_raw\test\0\0048.raw,0,0,0,0,1,869,1.6719169616699219,54272,290596,30,OK,2026-03-19 06:29:45
30,D:\6S2\Thesis\7 dataset\hama3_split_raw\test\9\0016.raw,4,9,4,9,1,869,1.6719269752502441,54272,290596,31,OK,2026-03-19 06:29:49
31,D:\6S2\Thesis\7 dataset\hama3_split_raw\test\8\0061.raw,3,8,0,0,0,869,1.6720023155212402,54272,290596,32,OK,2026-03-19 06:29:52
32,D:\6S2\Thesis\7 dataset\hama3_split_raw\test\9\0023.raw,4,9,4,9,1,869,1.6727166175842285,54272,290596,33,OK,2026-03-19 06:29:56
33,D:\6S2\Thesis\7 dataset\hama3_split_raw\test\9\0024.raw,4,9,4,9,1,870,1.672412395477295,54272,290596,34,OK,2026-03-19 06:30:00
34,D:\6S2\Thesis\7 dataset\hama3_split_raw\test\5\0107.raw,2,5,1,3,0,869,1.6724283695220947,54272,290596,35,OK,2026-03-19 06:30:03
35,D:\6S2\Thesis\7 dataset\hama3_split_raw\test\0\0062.raw,0,0,3,8,0,869,1.6715948581695557,54272,290596,36,OK,2026-03-19 06:30:07
36,D:\6S2\Thesis\7 dataset\hama3_split_raw\test\5\0049.raw,2,5,2,5,1,869,1.672283411026001,54272,290596,37,OK,2026-03-19 06:30:11
37,D:\6S2\Thesis\7 dataset\hama3_split_raw\test\8\0120.raw,3,8,3,8,1,869,1.671940565109253,54272,290596,38,OK,2026-03-19 06:30:14
38,D:\6S2\Thesis\7 dataset\hama3_split_raw\test\9\0001.raw,4,9,4,9,1,870,1.669630765914917,54272,290596,39,OK,2026-03-19 06:30:18
39,D:\6S2\Thesis\7 dataset\hama3_split_raw\test\5\0077.raw,2,5,2,5,1,870,1.6710662841796875,54272,290596,40,OK,2026-03-19 06:30:22
40,D:\6S2\Thesis\7 dataset\hama3_split_raw\test\5\0015.raw,2,5,2,5,1,869,1.670078992843628,54272,290596,41,OK,2026-03-19 06:30:25
41,D:\6S2\Thesis\7 dataset\hama3_split_raw\test\0\0075.raw,0,0,0,0,1,869,1.67195463180542,54272,290596,42,OK,2026-03-19 06:30:29
42,D:\6S2\Thesis\7 dataset\hama3_split_raw\test\5\0026.raw,2,5,2,5,1,870,1.6727631092071533,54272,290596,43,OK,2026-03-19 06:30:33
43,D:\6S2\Thesis\7 dataset\hama3_split_raw\test\0\0027.raw,0,0,2,5,0,869,1.6721642017364502,54272,290596,44,OK,2026-03-19 06:30:37
44,D:\6S2\Thesis\7 dataset\hama3_split_raw\test\3\0083.raw,1,3,4,9,0,869,1.6725471019744873,54272,290596,45,OK,2026-03-19 06:30:40
45,D:\6S2\Thesis\7 dataset\hama3_split_raw\test\0\0076.raw,0,0,0,0,1,870,1.6715388298034668,54272,290596,46,OK,2026-03-19 06:30:44
46,D:\6S2\Thesis\7 dataset\hama3_split_raw\test\3\0040.raw,1,3,1,3,1,870,1.6715407371520996,54272,290596,47,OK,2026-03-19 06:30:48
47,D:\6S2\Thesis\7 dataset\hama3_split_raw\test\3\0048.raw,1,3,1,3,1,869,1.671938180923462,54272,290596,48,OK,2026-03-19 06:30:51
48,D:\6S2\Thesis\7 dataset\hama3_split_raw\test\3\0074.raw,1,3,1,3,1,870,1.6714906692504883,54272,290596,49,OK,2026-03-19 06:30:55
49,D:\6S2\Thesis\7 dataset\hama3_split_raw\test\3\0002.raw,1,3,2,5,0,869,1.6698975563049316,54272,290596,50,OK,2026-03-19 06:30:59
50,D:\6S2\Thesis\7 dataset\hama3_split_raw\test\9\0070.raw,4,9,4,9,1,870,1.67216157913208,54272,290596,51,OK,2026-03-19 06:31:03
51,D:\6S2\Thesis\7 dataset\hama3_split_raw\test\5\0044.raw,2,5,2,5,1,870,1.6723973751068115,54272,290596,52,OK,2026-03-19 06:31:06
52,D:\6S2\Thesis\7 dataset\hama3_split_raw\test\5\0009.raw,2,5,3,8,0,869,1.672475814819336,54272,290596,53,OK,2026-03-19 06:31:10
53,D:\6S2\Thesis\7 dataset\hama3_split_raw\test\5\0056.raw,2,5,2,5,1,869,1.6719067096710205,54272,290596,54,OK,2026-03-19 06:31:14
54,D:\6S2\Thesis\7 dataset\hama3_split_raw\test\9\0075.raw,4,9,4,9,1,869,1.6716179847717285,54272,290596,55,OK,2026-03-19 06:31:17
55,D:\6S2\Thesis\7 dataset\hama3_split_raw\test\8\0128.raw,3,8,3,8,1,869,1.671844482421875,54272,290596,56,OK,2026-03-19 06:31:21
56,D:\6S2\Thesis\7 dataset\hama3_split_raw\test\5\0071.raw,2,5,2,5,1,870,1.671741247177124,54272,290596,57,OK,2026-03-19 06:31:25
57,D:\6S2\Thesis\7 dataset\hama3_split_raw\test\9\0055.raw,4,9,3,8,0,869,1.6708252429962158,54272,290596,58,OK,2026-03-19 06:31:28
58,D:\6S2\Thesis\7 dataset\hama3_split_raw\test\9\0060.raw,4,9,4,9,1,869,1.6715021133422852,54272,290596,59,OK,2026-03-19 06:31:32
59,D:\6S2\Thesis\7 dataset\hama3_split_raw\test\8\0144.raw,3,8,3,8,1,869,1.6725831031799316,54272,290596,60,OK,2026-03-19 06:31:36
60,D:\6S2\Thesis\7 dataset\hama3_split_raw\test\8\0089.raw,3,8,3,8,1,870,1.6717910766601562,54272,290596,61,OK,2026-03-19 06:31:40
61,D:\6S2\Thesis\7 dataset\hama3_split_raw\test\5\0075.raw,2,5,2,5,1,870,1.6717603206634521,54272,290596,62,OK,2026-03-19 06:31:43
62,D:\6S2\Thesis\7 dataset\hama3_split_raw\test\8\0158.raw,3,8,2,5,0,869,1.6724531650543213,54272,290596,63,OK,2026-03-19 06:31:47
63,D:\6S2\Thesis\7 dataset\hama3_split_raw\test\0\0053.raw,0,0,0,0,1,869,1.6723783016204834,54272,290596,64,OK,2026-03-19 06:31:51
64,D:\6S2\Thesis\7 dataset\hama3_split_raw\test\8\0051.raw,3,8,3,8,1,869,1.6720466613769531,54272,290596,65,OK,2026-03-19 06:31:54
65,D:\6S2\Thesis\7 dataset\hama3_split_raw\test\0\0039.raw,0,0,0,0,1,869,1.669252634048462,54272,290596,66,OK,2026-03-19 06:31:58
66,D:\6S2\Thesis\7 dataset\hama3_split_raw\test\5\0114.raw,2,5,2,5,1,869,1.672795295715332,54272,290596,67,OK,2026-03-19 06:32:02
67,D:\6S2\Thesis\7 dataset\hama3_split_raw\test\9\0100.raw,4,9,4,9,1,869,1.6703941822052002,54272,290596,68,OK,2026-03-19 06:32:05
68,D:\6S2\Thesis\7 dataset\hama3_split_raw\test\5\0027.raw,2,5,0,0,0,869,1.671584129333496,54272,290596,69,OK,2026-03-19 06:32:09
69,D:\6S2\Thesis\7 dataset\hama3_split_raw\test\9\0007.raw,4,9,0,0,0,870,1.6724395751953125,54272,290596,70,OK,2026-03-19 06:32:13
70,D:\6S2\Thesis\7 dataset\hama3_split_raw\test\8\0121.raw,3,8,0,0,0,870,1.6714260578155518,54272,290596,71,OK,2026-03-19 06:32:17
71,D:\6S2\Thesis\7 dataset\hama3_split_raw\test\0\0067.raw,0,0,0,0,1,869,1.6713480949401855,54272,290596,72,OK,2026-03-19 06:32:20
72,D:\6S2\Thesis\7 dataset\hama3_split_raw\test\5\0002.raw,2,5,2,5,1,870,1.6719956398010254,54272,290596,73,OK,2026-03-19 06:32:24
73,D:\6S2\Thesis\7 dataset\hama3_split_raw\test\3\0055.raw,1,3,0,0,0,869,1.6714870929718018,54272,290596,74,OK,2026-03-19 06:32:28
74,D:\6S2\Thesis\7 dataset\hama3_split_raw\test\9\0066.raw,4,9,4,9,1,870,1.6720361709594727,54272,290596,75,OK,2026-03-19 06:32:31
75,D:\6S2\Thesis\7 dataset\hama3_split_raw\test\8\0125.raw,3,8,3,8,1,869,1.6721243858337402,54272,290596,76,OK,2026-03-19 06:32:35
76,D:\6S2\Thesis\7 dataset\hama3_split_raw\test\3\0063.raw,1,3,1,3,1,869,1.671698808670044,54272,290596,77,OK,2026-03-19 06:32:39
77,D:\6S2\Thesis\7 dataset\hama3_split_raw\test\9\0100.raw,4,9,4,9,1,869,1.672769546508789,54272,290596,78,OK,2026-03-19 06:32:42
78,D:\6S2\Thesis\7 dataset\hama3_split_raw\test\5\0012.raw,2,5,0,0,0,869,1.6718246936798096,54272,290596,79,OK,2026-03-19 06:32:46
79,D:\6S2\Thesis\7 dataset\hama3_split_raw\test\9\0002.raw,4,9,4,9,1,870,1.6720490455627441,54272,290596,80,OK,2026-03-19 06:32:50
80,D:\6S2\Thesis\7 dataset\hama3_split_raw\test\3\0098.raw,1,3,0,0,0,869,1.6720335483551025,54272,290596,81,OK,2026-03-19 06:32:53
81,D:\6S2\Thesis\7 dataset\hama3_split_raw\test\8\0036.raw,3,8,3,8,1,869,1.6694362163543701,54272,290596,82,OK,2026-03-19 06:32:57
82,D:\6S2\Thesis\7 dataset\hama3_split_raw\test\8\0112.raw,3,8,2,5,0,869,1.6716749668121338,54272,290596,83,OK,2026-03-19 06:33:01
83,D:\6S2\Thesis\7 dataset\hama3_split_raw\test\3\0000.raw,1,3,1,3,1,870,1.6728527545928955,54272,290596,84,OK,2026-03-19 06:33:05
84,D:\6S2\Thesis\7 dataset\hama3_split_raw\test\3\0055.raw,1,3,0,0,0,870,1.6734774112701416,54272,290596,85,OK,2026-03-19 06:33:08
85,D:\6S2\Thesis\7 dataset\hama3_split_raw\test\8\0165.raw,3,8,0,0,0,870,1.6720292568206787,54272,290596,86,OK,2026-03-19 06:33:12
86,D:\6S2\Thesis\7 dataset\hama3_split_raw\test\5\0105.raw,2,5,2,5,1,869,1.6696336269378662,54272,290596,87,OK,2026-03-19 06:33:16
87,D:\6S2\Thesis\7 dataset\hama3_split_raw\test\0\0074.raw,0,0,3,8,0,869,1.672264814376831,54272,290596,88,OK,2026-03-19 06:33:19
88,D:\6S2\Thesis\7 dataset\hama3_split_raw\test\8\0036.raw,3,8,3,8,1,869,1.671983242034912,54272,290596,89,OK,2026-03-19 06:33:23
89,D:\6S2\Thesis\7 dataset\hama3_split_raw\test\9\0082.raw,4,9,3,8,0,869,1.672194242477417,54272,290596,90,OK,2026-03-19 06:33:27
90,D:\6S2\Thesis\7 dataset\hama3_split_raw\test\5\0049.raw,2,5,2,5,1,869,1.6722705364227295,54272,290596,91,OK,2026-03-19 06:33:30
91,D:\6S2\Thesis\7 dataset\hama3_split_raw\test\9\0099.raw,4,9,1,3,0,869,1.6711859703063965,54272,290596,92,OK,2026-03-19 06:33:34
92,D:\6S2\Thesis\7 dataset\hama3_split_raw\test\5\0094.raw,2,5,2,5,1,870,1.6725435256958008,54272,290596,93,OK,2026-03-19 06:33:38
93,D:\6S2\Thesis\7 dataset\hama3_split_raw\test\3\0043.raw,1,3,1,3,1,870,1.67225980758667,54272,290596,94,OK,2026-03-19 06:33:41
94,D:\6S2\Thesis\7 dataset\hama3_split_raw\test\5\0068.raw,2,5,2,5,1,869,1.672349452972412,54272,290596,95,OK,2026-03-19 06:33:45
95,D:\6S2\Thesis\7 dataset\hama3_split_raw\test\5\0016.raw,2,5,2,5,1,869,1.672227144241333,54272,290596,96,OK,2026-03-19 06:33:49
96,D:\6S2\Thesis\7 dataset\hama3_split_raw\test\5\0072.raw,2,5,2,5,1,869,1.670841932296753,54272,290596,97,OK,2026-03-19 06:33:53
97,D:\6S2\Thesis\7 dataset\hama3_split_raw\test\8\0107.raw,3,8,3,8,1,870,1.6727142333984375,54272,290596,98,OK,2026-03-19 06:33:56
98,D:\6S2\Thesis\7 dataset\hama3_split_raw\test\8\0011.raw,3,8,3,8,1,869,1.6725642681121826,54272,290596,99,OK,2026-03-19 06:34:00
99,D:\6S2\Thesis\7 dataset\hama3_split_raw\test\0\0044.raw,0,0,3,8,0,869,1.6734802722930908,54272,290596,100,OK,2026-03-19 06:34:04
100,D:\6S2\Thesis\7 dataset\hama3_split_raw\test\3\0005.raw,1,3,1,3,1,869,1.6727545261383057,54272,290596,101,OK,2026-03-19 06:34:07
101,D:\6S2\Thesis\7 dataset\hama3_split_raw\test\0\0056.raw,0,0,4,9,0,870,1.67220139503479,54272,290596,102,OK,2026-03-19 06:34:11
102,D:\6S2\Thesis\7 dataset\hama3_split_raw\test\5\0104.raw,2,5,2,5,1,869,1.6725225448608398,54272,290596,103,OK,2026-03-19 06:34:15
103,D:\6S2\Thesis\7 dataset\hama3_split_raw\test\8\0086.raw,3,8,0,0,0,869,1.6723368167877197,54272,290596,104,OK,2026-03-19 06:34:18
104,D:\6S2\Thesis\7 dataset\hama3_split_raw\test\3\0054.raw,1,3,1,3,1,869,1.6747348308563232,54272,290596,105,OK,2026-03-19 06:34:22
105,D:\6S2\Thesis\7 dataset\hama3_split_raw\test\9\0056.raw,4,9,4,9,1,869,1.6728870868682861,54272,290596,106,OK,2026-03-19 06:34:26
106,D:\6S2\Thesis\7 dataset\hama3_split_raw\test\5\0104.raw,2,5,2,5,1,870,1.6723389625549316,54272,290596,107,OK,2026-03-19 06:34:30
107,D:\6S2\Thesis\7 dataset\hama3_split_raw\test\0\0084.raw,0,0,0,0,1,869,1.6724298000335693,54272,290596,108,OK,2026-03-19 06:34:33
108,D:\6S2\Thesis\7 dataset\hama3_split_raw\test\8\0133.raw,3,8,3,8,1,869,1.6726059913635254,54272,290596,109,OK,2026-03-19 06:34:37
109,D:\6S2\Thesis\7 dataset\hama3_split_raw\test\5\0065.raw,2,5,2,5,1,869,1.6747322082519531,54272,290596,110,OK,2026-03-19 06:34:41
110,D:\6S2\Thesis\7 dataset\hama3_split_raw\test\0\0071.raw,0,0,0,0,1,870,1.6696069240570068,54272,290596,111,OK,2026-03-19 06:34:44
111,D:\6S2\Thesis\7 dataset\hama3_split_raw\test\0\0063.raw,0,0,0,0,1,869,1.6693851947784424,54272,290596,112,OK,2026-03-19 06:34:48
112,D:\6S2\Thesis\7 dataset\hama3_split_raw\test\0\0089.raw,0,0,0,0,1,869,1.6728484630584717,54272,290596,113,OK,2026-03-19 06:34:52
113,D:\6S2\Thesis\7 dataset\hama3_split_raw\test\8\0173.raw,3,8,3,8,1,870,1.6721911430358887,54272,290596,114,OK,2026-03-19 06:34:56
114,D:\6S2\Thesis\7 dataset\hama3_split_raw\test\9\0006.raw,4,9,0,0,0,870,1.6721785068511963,54272,290596,115,OK,2026-03-19 06:34:59
115,D:\6S2\Thesis\7 dataset\hama3_split_raw\test\8\0050.raw,3,8,3,8,1,869,1.672525405883789,54272,290596,116,OK,2026-03-19 06:35:03
116,D:\6S2\Thesis\7 dataset\hama3_split_raw\test\9\0037.raw,4,9,4,9,1,869,1.672398328781128,54272,290596,117,OK,2026-03-19 06:35:07
117,D:\6S2\Thesis\7 dataset\hama3_split_raw\test\8\0032.raw,3,8,2,5,0,870,1.6723954677581787,54272,290596,118,OK,2026-03-19 06:35:10
118,D:\6S2\Thesis\7 dataset\hama3_split_raw\test\9\0069.raw,4,9,4,9,1,869,1.6697537899017334,54272,290596,119,OK,2026-03-19 06:35:14
119,D:\6S2\Thesis\7 dataset\hama3_split_raw\test\8\0020.raw,3,8,3,8,1,869,1.6737568378448486,54272,290596,120,OK,2026-03-19 06:35:18
120,D:\6S2\Thesis\7 dataset\hama3_split_raw\test\3\0011.raw,1,3,0,0,0,869,1.6721131801605225,54272,290596,121,OK,2026-03-19 06:35:21
121,D:\6S2\Thesis\7 dataset\hama3_split_raw\test\9\0103.raw,4,9,4,9,1,870,1.6720867156982422,54272,290596,122,OK,2026-03-19 06:35:25
122,D:\6S2\Thesis\7 dataset\hama3_split_raw\test\3\0047.raw,1,3,0,0,0,869,1.6726429462432861,54272,290596,123,OK,2026-03-19 06:35:29
123,D:\6S2\Thesis\7 dataset\hama3_split_raw\test\8\0050.raw,3,8,3,8,1,869,1.6712274551391602,54272,290596,124,OK,2026-03-19 06:35:33
124,D:\6S2\Thesis\7 dataset\hama3_split_raw\test\3\0102.raw,1,3,1,3,1,869,1.671854019165039,54272,290596,125,OK,2026-03-19 06:35:36
125,D:\6S2\Thesis\7 dataset\hama3_split_raw\test\0\0063.raw,0,0,0,0,1,869,1.6734004020690918,54272,290596,126,OK,2026-03-19 06:35:40
126,D:\6S2\Thesis\7 dataset\hama3_split_raw\test\9\0032.raw,4,9,0,0,0,869,1.6727485656738281,54272,290596,127,OK,2026-03-19 06:35:44
127,D:\6S2\Thesis\7 dataset\hama3_split_raw\test\0\0022.raw,0,0,0,0,1,870,1.6726553440093994,54272,290596,128,OK,2026-03-19 06:35:47
128,D:\6S2\Thesis\7 dataset\hama3_split_raw\test\8\0137.raw,3,8,3,8,1,869,1.671928882598877,54272,290596,129,OK,2026-03-19 06:35:51
129,D:\6S2\Thesis\7 dataset\hama3_split_raw\test\9\0086.raw,4,9,4,9,1,869,1.6724987030029297,54272,290596,130,OK,2026-03-19 06:35:55
130,D:\6S2\Thesis\7 dataset\hama3_split_raw\test\0\0021.raw,0,0,1,3,0,869,1.6727991104125977,54272,290596,131,OK,2026-03-19 06:35:58
131,D:\6S2\Thesis\7 dataset\hama3_split_raw\test\0\0037.raw,0,0,3,8,0,870,1.6723341941833496,54272,290596,132,OK,2026-03-19 06:36:02
132,D:\6S2\Thesis\7 dataset\hama3_split_raw\test\3\0048.raw,1,3,1,3,1,870,1.673624038696289,54272,290596,133,OK,2026-03-19 06:36:06
133,D:\6S2\Thesis\7 dataset\hama3_split_raw\test\3\0049.raw,1,3,3,8,0,870,1.672574758529663,54272,290596,134,OK,2026-03-19 06:36:10
134,D:\6S2\Thesis\7 dataset\hama3_split_raw\test\0\0090.raw,0,0,0,0,1,869,1.6721036434173584,54272,290596,135,OK,2026-03-19 06:36:13
135,D:\6S2\Thesis\7 dataset\hama3_split_raw\test\5\0071.raw,2,5,2,5,1,869,1.6724457740783691,54272,290596,136,OK,2026-03-19 06:36:17
136,D:\6S2\Thesis\7 dataset\hama3_split_raw\test\3\0009.raw,1,3,0,0,0,869,1.6726093292236328,54272,290596,137,OK,2026-03-19 06:36:21
137,D:\6S2\Thesis\7 dataset\hama3_split_raw\test\3\0029.raw,1,3,0,0,0,870,1.6731898784637451,54272,290596,138,OK,2026-03-19 06:36:24
138,D:\6S2\Thesis\7 dataset\hama3_split_raw\test\9\0004.raw,4,9,2,5,0,870,1.6733381748199463,54272,290596,139,OK,2026-03-19 06:36:28
139,D:\6S2\Thesis\7 dataset\hama3_split_raw\test\8\0010.raw,3,8,3,8,1,869,1.672661542892456,54272,290596,140,OK,2026-03-19 06:36:32
140,D:\6S2\Thesis\7 dataset\hama3_split_raw\test\5\0036.raw,2,5,0,0,0,869,1.6726603507995605,54272,290596,141,OK,2026-03-19 06:36:35
141,D:\6S2\Thesis\7 dataset\hama3_split_raw\test\3\0044.raw,1,3,3,8,0,869,1.672734022140503,54272,290596,142,OK,2026-03-19 06:36:39
142,D:\6S2\Thesis\7 dataset\hama3_split_raw\test\0\0033.raw,0,0,0,0,1,870,1.6726038455963135,54272,290596,143,OK,2026-03-19 06:36:43
143,D:\6S2\Thesis\7 dataset\hama3_split_raw\test\0\0064.raw,0,0,0,0,1,869,1.6730809211730957,54272,290596,144,OK,2026-03-19 06:36:46
144,D:\6S2\Thesis\7 dataset\hama3_split_raw\test\0\0008.raw,0,0,0,0,1,869,1.6731157302856445,54272,290596,145,OK,2026-03-19 06:36:50
145,D:\6S2\Thesis\7 dataset\hama3_split_raw\test\3\0080.raw,1,3,0,0,0,870,1.669830322265625,54272,290596,146,OK,2026-03-19 06:36:54
146,D:\6S2\Thesis\7 dataset\hama3_split_raw\test\3\0031.raw,1,3,1,3,1,870,1.6695506572723389,54272,290596,147,OK,2026-03-19 06:36:58
147,D:\6S2\Thesis\7 dataset\hama3_split_raw\test\5\0040.raw,2,5,2,5,1,869,1.6721947193145752,54272,290596,148,OK,2026-03-19 06:37:01
148,D:\6S2\Thesis\7 dataset\hama3_split_raw\test\3\0074.raw,1,3,1,3,1,870,1.6715648174285889,54272,290596,149,OK,2026-03-19 06:37:05
149,D:\6S2\Thesis\7 dataset\hama3_split_raw\test\9\0025.raw,4,9,0,0,0,869,1.6725046634674072,54272,290596,150,OK,2026-03-19 06:37:09
150,D:\6S2\Thesis\7 dataset\hama3_split_raw\test\9\0048.raw,4,9,4,9,1,870,1.671327829360962,54272,290596,151,OK,2026-03-19 06:37:12
151,D:\6S2\Thesis\7 dataset\hama3_split_raw\test\0\0055.raw,0,0,0,0,1,869,1.670300006866455,54272,290596,152,OK,2026-03-19 06:37:16
152,D:\6S2\Thesis\7 dataset\hama3_split_raw\test\9\0055.raw,4,9,3,8,0,869,1.672518253326416,54272,290596,153,OK,2026-03-19 06:37:20
153,D:\6S2\Thesis\7 dataset\hama3_split_raw\test\0\0061.raw,0,0,0,0,1,869,1.6722636222839355,54272,290596,154,OK,2026-03-19 06:37:23
154,D:\6S2\Thesis\7 dataset\hama3_split_raw\test\3\0053.raw,1,3,2,5,0,869,1.6724486351013184,54272,290596,155,OK,2026-03-19 06:37:27
155,D:\6S2\Thesis\7 dataset\hama3_split_raw\test\5\0071.raw,2,5,2,5,1,869,1.6721301078796387,54272,290596,156,OK,2026-03-19 06:37:31
156,D:\6S2\Thesis\7 dataset\hama3_split_raw\test\3\0004.raw,1,3,1,3,1,869,1.6724894046783447,54272,290596,157,OK,2026-03-19 06:37:34
157,D:\6S2\Thesis\7 dataset\hama3_split_raw\test\8\0156.raw,3,8,3,8,1,870,1.6690728664398193,54272,290596,158,OK,2026-03-19 06:37:38
158,D:\6S2\Thesis\7 dataset\hama3_split_raw\test\0\0084.raw,0,0,0,0,1,869,1.6726164817810059,54272,290596,159,OK,2026-03-19 06:37:42
159,D:\6S2\Thesis\7 dataset\hama3_split_raw\test\3\0064.raw,1,3,1,3,1,870,1.6724860668182373,54272,290596,160,OK,2026-03-19 06:37:45
160,D:\6S2\Thesis\7 dataset\hama3_split_raw\test\0\0002.raw,0,0,1,3,0,869,1.6736373901367188,54272,290596,161,OK,2026-03-19 06:37:49
161,D:\6S2\Thesis\7 dataset\hama3_split_raw\test\0\0051.raw,0,0,0,0,1,869,1.672579288482666,54272,290596,162,OK,2026-03-19 06:37:53
162,D:\6S2\Thesis\7 dataset\hama3_split_raw\test\0\0036.raw,0,0,0,0,1,869,1.6736879348754883,54272,290596,163,OK,2026-03-19 06:37:57
163,D:\6S2\Thesis\7 dataset\hama3_split_raw\test\9\0071.raw,4,9,4,9,1,869,1.6723599433898926,54272,290596,164,OK,2026-03-19 06:38:00
164,D:\6S2\Thesis\7 dataset\hama3_split_raw\test\3\0020.raw,1,3,0,0,0,869,1.6721155643463135,54272,290596,165,OK,2026-03-19 06:38:04
165,D:\6S2\Thesis\7 dataset\hama3_split_raw\test\5\0060.raw,2,5,2,5,1,869,1.6722254753112793,54272,290596,166,OK,2026-03-19 06:38:08
166,D:\6S2\Thesis\7 dataset\hama3_split_raw\test\3\0032.raw,1,3,2,5,0,869,1.6726124286651611,54272,290596,167,OK,2026-03-19 06:38:11
167,D:\6S2\Thesis\7 dataset\hama3_split_raw\test\5\0089.raw,2,5,2,5,1,869,1.6722426414489746,54272,290596,168,OK,2026-03-19 06:38:15
168,D:\6S2\Thesis\7 dataset\hama3_split_raw\test\9\0019.raw,4,9,0,0,0,870,1.6728243827819824,54272,290596,169,OK,2026-03-19 06:38:19
169,D:\6S2\Thesis\7 dataset\hama3_split_raw\test\5\0084.raw,2,5,2,5,1,869,1.6728155612945557,54272,290596,170,OK,2026-03-19 06:38:23
170,D:\6S2\Thesis\7 dataset\hama3_split_raw\test\8\0134.raw,3,8,2,5,0,869,1.6719319820404053,54272,290596,171,OK,2026-03-19 06:38:26
171,D:\6S2\Thesis\7 dataset\hama3_split_raw\test\5\0113.raw,2,5,2,5,1,869,1.672271966934204,54272,290596,172,OK,2026-03-19 06:38:30
172,D:\6S2\Thesis\7 dataset\hama3_split_raw\test\5\0036.raw,2,5,0,0,0,869,1.6722617149353027,54272,290596,173,OK,2026-03-19 06:38:34
173,D:\6S2\Thesis\7 dataset\hama3_split_raw\test\3\0036.raw,1,3,1,3,1,870,1.6728184223175049,54272,290596,174,OK,2026-03-19 06:38:37
174,D:\6S2\Thesis\7 dataset\hama3_split_raw\test\9\0089.raw,4,9,4,9,1,870,1.6717133522033691,54272,290596,175,OK,2026-03-19 06:38:41
175,D:\6S2\Thesis\7 dataset\hama3_split_raw\test\3\0080.raw,1,3,0,0,0,869,1.6722471714019775,54272,290596,176,OK,2026-03-19 06:38:45
176,D:\6S2\Thesis\7 dataset\hama3_split_raw\test\0\0037.raw,0,0,3,8,0,870,1.6725008487701416,54272,290596,177,OK,2026-03-19 06:38:48
177,D:\6S2\Thesis\7 dataset\hama3_split_raw\test\8\0157.raw,3,8,3,8,1,870,1.6728439331054688,54272,290596,178,OK,2026-03-19 06:38:52
178,D:\6S2\Thesis\7 dataset\hama3_split_raw\test\0\0061.raw,0,0,0,0,1,870,1.6722488403320312,54272,290596,179,OK,2026-03-19 06:38:56
179,D:\6S2\Thesis\7 dataset\hama3_split_raw\test\8\0069.raw,3,8,3,8,1,869,1.6714649200439453,54272,290596,180,OK,2026-03-19 06:39:00
180,D:\6S2\Thesis\7 dataset\hama3_split_raw\test\5\0007.raw,2,5,2,5,1,869,1.6719183921813965,54272,290596,181,OK,2026-03-19 06:39:03
181,D:\6S2\Thesis\7 dataset\hama3_split_raw\test\8\0119.raw,3,8,3,8,1,869,1.6726882457733154,54272,290596,182,OK,2026-03-19 06:39:07
182,D:\6S2\Thesis\7 dataset\hama3_split_raw\test\9\0025.raw,4,9,0,0,0,869,1.6726772785186768,54272,290596,183,OK,2026-03-19 06:39:11
183,D:\6S2\Thesis\7 dataset\hama3_split_raw\test\5\0062.raw,2,5,2,5,1,869,1.671746015548706,54272,290596,184,OK,2026-03-19 06:39:14
184,D:\6S2\Thesis\7 dataset\hama3_split_raw\test\8\0175.raw,3,8,3,8,1,870,1.6728243827819824,54272,290596,185,OK,2026-03-19 06:39:18
185,D:\6S2\Thesis\7 dataset\hama3_split_raw\test\9\0006.raw,4,9,0,0,0,869,1.6722204685211182,54272,290596,186,OK,2026-03-19 06:39:22
186,D:\6S2\Thesis\7 dataset\hama3_split_raw\test\3\0103.raw,1,3,1,3,1,870,1.6729772090911865,54272,290596,187,OK,2026-03-19 06:39:25
187,D:\6S2\Thesis\7 dataset\hama3_split_raw\test\9\0096.raw,4,9,4,9,1,870,1.6722807884216309,54272,290596,188,OK,2026-03-19 06:39:29
188,D:\6S2\Thesis\7 dataset\hama3_split_raw\test\8\0001.raw,3,8,2,5,0,869,1.6725080013275146,54272,290596,189,OK,2026-03-19 06:39:33
189,D:\6S2\Thesis\7 dataset\hama3_split_raw\test\5\0075.raw,2,5,2,5,1,869,1.6721892356872559,54272,290596,190,OK,2026-03-19 06:39:37
190,D:\6S2\Thesis\7 dataset\hama3_split_raw\test\5\0107.raw,2,5,1,3,0,869,1.6722304821014404,54272,290596,191,OK,2026-03-19 06:39:40
191,D:\6S2\Thesis\7 dataset\hama3_split_raw\test\5\0111.raw,2,5,2,5,1,870,1.6725680828094482,54272,290596,192,OK,2026-03-19 06:39:44
192,D:\6S2\Thesis\7 dataset\hama3_split_raw\test\5\0052.raw,2,5,3,8,0,870,1.6708619594573975,54272,290596,193,OK,2026-03-19 06:39:48
193,D:\6S2\Thesis\7 dataset\hama3_split_raw\test\9\0083.raw,4,9,4,9,1,870,1.6724846363067627,54272,290596,194,OK,2026-03-19 06:39:51
194,D:\6S2\Thesis\7 dataset\hama3_split_raw\test\8\0016.raw,3,8,3,8,1,869,1.672431230545044,54272,290596,195,OK,2026-03-19 06:39:55
195,D:\6S2\Thesis\7 dataset\hama3_split_raw\test\3\0067.raw,1,3,1,3,1,869,1.6723885536193848,54272,290596,196,OK,2026-03-19 06:39:59
196,D:\6S2\Thesis\7 dataset\hama3_split_raw\test\5\0058.raw,2,5,4,9,0,869,1.6725192070007324,54272,290596,197,OK,2026-03-19 06:40:02
197,D:\6S2\Thesis\7 dataset\hama3_split_raw\test\8\0105.raw,3,8,3,8,1,870,1.670421838760376,54272,290596,198,OK,2026-03-19 06:40:06
198,D:\6S2\Thesis\7 dataset\hama3_split_raw\test\3\0056.raw,1,3,2,5,0,869,1.6730101108551025,54272,290596,199,OK,2026-03-19 06:40:10
199,D:\6S2\Thesis\7 dataset\hama3_split_raw\test\5\0010.raw,2,5,2,5,1,869,1.6729152202606201,54272,290596,200,OK,2026-03-19 06:40:14
200,D:\6S2\Thesis\7 dataset\hama3_split_raw\test\3\0034.raw,1,3,3,8,0,869,1.6731367111206055,54272,290596,201,OK,2026-03-19 06:40:17
201,D:\6S2\Thesis\7 dataset\hama3_split_raw\test\9\0024.raw,4,9,4,9,1,870,1.6724433898925781,54272,290596,202,OK,2026-03-19 06:40:21
202,D:\6S2\Thesis\7 dataset\hama3_split_raw\test\0\0065.raw,0,0,0,0,1,869,1.672623872756958,54272,290596,203,OK,2026-03-19 06:40:25
203,D:\6S2\Thesis\7 dataset\hama3_split_raw\test\5\0112.raw,2,5,2,5,1,869,1.6725378036499023,54272,290596,204,OK,2026-03-19 06:40:28
204,D:\6S2\Thesis\7 dataset\hama3_split_raw\test\8\0045.raw,3,8,3,8,1,870,1.6720409393310547,54272,290596,205,OK,2026-03-19 06:40:32
205,D:\6S2\Thesis\7 dataset\hama3_split_raw\test\3\0104.raw,1,3,4,9,0,870,1.6710174083709717,54272,290596,206,OK,2026-03-19 06:40:36
206,D:\6S2\Thesis\7 dataset\hama3_split_raw\test\0\0072.raw,0,0,0,0,1,869,1.672248363494873,54272,290596,207,OK,2026-03-19 06:40:39
207,D:\6S2\Thesis\7 dataset\hama3_split_raw\test\8\0070.raw,3,8,3,8,1,870,1.6728453636169434,54272,290596,208,OK,2026-03-19 06:40:43
208,D:\6S2\Thesis\7 dataset\hama3_split_raw\test\5\0068.raw,2,5,2,5,1,869,1.6730282306671143,54272,290596,209,OK,2026-03-19 06:40:47
209,D:\6S2\Thesis\7 dataset\hama3_split_raw\test\8\0158.raw,3,8,2,5,0,869,1.6689739227294922,54272,290596,210,OK,2026-03-19 06:40:51
210,D:\6S2\Thesis\7 dataset\hama3_split_raw\test\9\0036.raw,4,9,4,9,1,869,1.6717162132263184,54272,290596,211,OK,2026-03-19 06:40:54
211,D:\6S2\Thesis\7 dataset\hama3_split_raw\test\0\0075.raw,0,0,0,0,1,869,1.6725142002105713,54272,290596,212,OK,2026-03-19 06:40:58
212,D:\6S2\Thesis\7 dataset\hama3_split_raw\test\0\0033.raw,0,0,0,0,1,870,1.6715936660766602,54272,290596,213,OK,2026-03-19 06:41:02
213,D:\6S2\Thesis\7 dataset\hama3_split_raw\test\8\0041.raw,3,8,3,8,1,870,1.6719534397125244,54272,290596,214,OK,2026-03-19 06:41:05
214,D:\6S2\Thesis\7 dataset\hama3_split_raw\test\3\0051.raw,1,3,1,3,1,869,1.6725707054138184,54272,290596,215,OK,2026-03-19 06:41:09
215,D:\6S2\Thesis\7 dataset\hama3_split_raw\test\5\0067.raw,2,5,2,5,1,869,1.6721539497375488,54272,290596,216,OK,2026-03-19 06:41:13
216,D:\6S2\Thesis\7 dataset\hama3_split_raw\test\9\0048.raw,4,9,4,9,1,869,1.669633150100708,54272,290596,217,OK,2026-03-19 06:41:16
217,D:\6S2\Thesis\7 dataset\hama3_split_raw\test\5\0092.raw,2,5,2,5,1,870,1.6725029945373535,54272,290596,218,OK,2026-03-19 06:41:20
218,D:\6S2\Thesis\7 dataset\hama3_split_raw\test\0\0036.raw,0,0,0,0,1,869,1.6712350845336914,54272,290596,219,OK,2026-03-19 06:41:24
219,D:\6S2\Thesis\7 dataset\hama3_split_raw\test\3\0058.raw,1,3,4,9,0,869,1.6719179153442383,54272,290596,220,OK,2026-03-19 06:41:27
220,D:\6S2\Thesis\7 dataset\hama3_split_raw\test\8\0084.raw,3,8,0,0,0,869,1.6720726490020752,54272,290596,221,OK,2026-03-19 06:41:31
221,D:\6S2\Thesis\7 dataset\hama3_split_raw\test\8\0154.raw,3,8,3,8,1,870,1.672508716583252,54272,290596,222,OK,2026-03-19 06:41:35
222,D:\6S2\Thesis\7 dataset\hama3_split_raw\test\8\0129.raw,3,8,3,8,1,869,1.6723484992980957,54272,290596,223,OK,2026-03-19 06:41:38
223,D:\6S2\Thesis\7 dataset\hama3_split_raw\test\5\0070.raw,2,5,0,0,0,869,1.6698098182678223,54272,290596,224,OK,2026-03-19 06:41:42
224,D:\6S2\Thesis\7 dataset\hama3_split_raw\test\9\0098.raw,4,9,4,9,1,869,1.672607421875,54272,290596,225,OK,2026-03-19 06:41:46
225,D:\6S2\Thesis\7 dataset\hama3_split_raw\test\9\0082.raw,4,9,3,8,0,870,1.673987627029419,54272,290596,226,OK,2026-03-19 06:41:50
226,D:\6S2\Thesis\7 dataset\hama3_split_raw\test\9\0051.raw,4,9,4,9,1,869,1.6725058555603027,54272,290596,227,OK,2026-03-19 06:41:53
227,D:\6S2\Thesis\7 dataset\hama3_split_raw\test\5\0008.raw,2,5,2,5,1,870,1.6726257801055908,54272,290596,228,OK,2026-03-19 06:41:57
228,D:\6S2\Thesis\7 dataset\hama3_split_raw\test\5\0104.raw,2,5,2,5,1,870,1.6721134185791016,54272,290596,229,OK,2026-03-19 06:42:01
229,D:\6S2\Thesis\7 dataset\hama3_split_raw\test\3\0103.raw,1,3,1,3,1,869,1.6725502014160156,54272,290596,230,OK,2026-03-19 06:42:04
230,D:\6S2\Thesis\7 dataset\hama3_split_raw\test\8\0163.raw,3,8,3,8,1,870,1.672694444656372,54272,290596,231,OK,2026-03-19 06:42:08
231,D:\6S2\Thesis\7 dataset\hama3_split_raw\test\9\0078.raw,4,9,0,0,0,869,1.6721866130828857,54272,290596,232,OK,2026-03-19 06:42:12
232,D:\6S2\Thesis\7 dataset\hama3_split_raw\test\3\0073.raw,1,3,1,3,1,870,1.6725926399230957,54272,290596,233,OK,2026-03-19 06:42:15
233,D:\6S2\Thesis\7 dataset\hama3_split_raw\test\5\0057.raw,2,5,2,5,1,870,1.6723239421844482,54272,290596,234,OK,2026-03-19 06:42:19
234,D:\6S2\Thesis\7 dataset\hama3_split_raw\test\0\0063.raw,0,0,0,0,1,870,1.6706018447875977,54272,290596,235,OK,2026-03-19 06:42:23
235,D:\6S2\Thesis\7 dataset\hama3_split_raw\test\9\0082.raw,4,9,3,8,0,869,1.673252820968628,54272,290596,236,OK,2026-03-19 06:42:26
236,D:\6S2\Thesis\7 dataset\hama3_split_raw\test\8\0035.raw,3,8,2,5,0,869,1.672347068786621,54272,290596,237,OK,2026-03-19 06:42:30
237,D:\6S2\Thesis\7 dataset\hama3_split_raw\test\0\0073.raw,0,0,0,0,1,870,1.6697478294372559,54272,290596,238,OK,2026-03-19 06:42:34
238,D:\6S2\Thesis\7 dataset\hama3_split_raw\test\8\0023.raw,3,8,3,8,1,869,1.6735739707946777,54272,290596,239,OK,2026-03-19 06:42:38
239,D:\6S2\Thesis\7 dataset\hama3_split_raw\test\3\0002.raw,1,3,2,5,0,869,1.6721975803375244,54272,290596,240,OK,2026-03-19 06:42:41
240,D:\6S2\Thesis\7 dataset\hama3_split_raw\test\0\0047.raw,0,0,0,0,1,869,1.672440767288208,54272,290596,241,OK,2026-03-19 06:42:45
241,D:\6S2\Thesis\7 dataset\hama3_split_raw\test\5\0010.raw,2,5,2,5,1,869,1.6728265285491943,54272,290596,242,OK,2026-03-19 06:42:49
242,D:\6S2\Thesis\7 dataset\hama3_split_raw\test\9\0003.raw,4,9,4,9,1,870,1.672238826751709,54272,290596,243,OK,2026-03-19 06:42:52
243,D:\6S2\Thesis\7 dataset\hama3_split_raw\test\0\0008.raw,0,0,0,0,1,870,1.6730198860168457,54272,290596,244,OK,2026-03-19 06:42:56
244,D:\6S2\Thesis\7 dataset\hama3_split_raw\test\9\0020.raw,4,9,4,9,1,870,1.6705207824707031,54272,290596,245,OK,2026-03-19 06:43:00
245,D:\6S2\Thesis\7 dataset\hama3_split_raw\test\0\0018.raw,0,0,0,0,1,869,1.6721630096435547,54272,290596,246,OK,2026-03-19 06:43:03
246,D:\6S2\Thesis\7 dataset\hama3_split_raw\test\3\0083.raw,1,3,4,9,0,869,1.6726341247558594,54272,290596,247,OK,2026-03-19 06:43:07
247,D:\6S2\Thesis\7 dataset\hama3_split_raw\test\5\0107.raw,2,5,1,3,0,869,1.6726317405700684,54272,290596,248,OK,2026-03-19 06:43:11
248,D:\6S2\Thesis\7 dataset\hama3_split_raw\test\3\0089.raw,1,3,2,5,0,869,1.6724002361297607,54272,290596,249,OK,2026-03-19 06:43:14
249,D:\6S2\Thesis\7 dataset\hama3_split_raw\test\3\0025.raw,1,3,1,3,1,869,1.6730892658233643,54272,290596,250,OK,2026-03-19 06:43:18
250,D:\6S2\Thesis\7 dataset\hama3_split_raw\test\8\0121.raw,3,8,0,0,0,869,1.672560453414917,54272,290596,251,OK,2026-03-19 06:43:22
251,D:\6S2\Thesis\7 dataset\hama3_split_raw\test\9\0029.raw,4,9,4,9,1,869,1.673006534576416,54272,290596,252,OK,2026-03-19 06:43:26
252,D:\6S2\Thesis\7 dataset\hama3_split_raw\test\5\0113.raw,2,5,2,5,1,870,1.6725444793701172,54272,290596,253,OK,2026-03-19 06:43:29
253,D:\6S2\Thesis\7 dataset\hama3_split_raw\test\8\0014.raw,3,8,3,8,1,869,1.6733787059783936,54272,290596,254,OK,2026-03-19 06:43:33
254,D:\6S2\Thesis\7 dataset\hama3_split_raw\test\8\0054.raw,3,8,3,8,1,869,1.6697750091552734,54272,290596,255,OK,2026-03-19 06:43:37
255,D:\6S2\Thesis\7 dataset\hama3_split_raw\test\8\0035.raw,3,8,2,5,0,869,1.6722078323364258,54272,290596,256,OK,2026-03-19 06:43:40
256,D:\6S2\Thesis\7 dataset\hama3_split_raw\test\0\0078.raw,0,0,0,0,1,869,1.6714813709259033,54272,290596,257,OK,2026-03-19 06:43:44
257,D:\6S2\Thesis\7 dataset\hama3_split_raw\test\5\0047.raw,2,5,2,5,1,869,1.672065258026123,54272,290596,258,OK,2026-03-19 06:43:48
258,D:\6S2\Thesis\7 dataset\hama3_split_raw\test\9\0101.raw,4,9,4,9,1,870,1.671201229095459,54272,290596,259,OK,2026-03-19 06:43:51
259,D:\6S2\Thesis\7 dataset\hama3_split_raw\test\0\0003.raw,0,0,0,0,1,870,1.671781301498413,54272,290596,260,OK,2026-03-19 06:43:55
260,D:\6S2\Thesis\7 dataset\hama3_split_raw\test\9\0045.raw,4,9,1,3,0,870,1.6737091541290283,54272,290596,261,OK,2026-03-19 06:43:59
261,D:\6S2\Thesis\7 dataset\hama3_split_raw\test\5\0043.raw,2,5,2,5,1,869,1.6730866432189941,54272,290596,262,OK,2026-03-19 06:44:03
262,D:\6S2\Thesis\7 dataset\hama3_split_raw\test\5\0047.raw,2,5,2,5,1,870,1.6733131408691406,54272,290596,263,OK,2026-03-19 06:44:06
263,D:\6S2\Thesis\7 dataset\hama3_split_raw\test\3\0085.raw,1,3,1,3,1,869,1.6722736358642578,54272,290596,264,OK,2026-03-19 06:44:10
264,D:\6S2\Thesis\7 dataset\hama3_split_raw\test\3\0056.raw,1,3,2,5,0,870,1.6731243133544922,54272,290596,265,OK,2026-03-19 06:44:14
265,D:\6S2\Thesis\7 dataset\hama3_split_raw\test\9\0014.raw,4,9,4,9,1,869,1.6734778881072998,54272,290596,266,OK,2026-03-19 06:44:17
266,D:\6S2\Thesis\7 dataset\hama3_split_raw\test\8\0148.raw,3,8,3,8,1,870,1.6740398406982422,54272,290596,267,OK,2026-03-19 06:44:21
267,D:\6S2\Thesis\7 dataset\hama3_split_raw\test\3\0107.raw,1,3,1,3,1,869,1.6728456020355225,54272,290596,268,OK,2026-03-19 06:44:25
268,D:\6S2\Thesis\7 dataset\hama3_split_raw\test\5\0059.raw,2,5,3,8,0,870,1.6727900505065918,54272,290596,269,OK,2026-03-19 06:44:28
269,D:\6S2\Thesis\7 dataset\hama3_split_raw\test\3\0044.raw,1,3,3,8,0,869,1.6727685928344727,54272,290596,270,OK,2026-03-19 06:44:32
270,D:\6S2\Thesis\7 dataset\hama3_split_raw\test\0\0080.raw,0,0,1,3,0,870,1.673114538192749,54272,290596,271,OK,2026-03-19 06:44:36
271,D:\6S2\Thesis\7 dataset\hama3_split_raw\test\9\0094.raw,4,9,4,9,1,869,1.6729815006256104,54272,290596,272,OK,2026-03-19 06:44:40
272,D:\6S2\Thesis\7 dataset\hama3_split_raw\test\3\0097.raw,1,3,1,3,1,869,1.6729099750518799,54272,290596,273,OK,2026-03-19 06:44:43
273,D:\6S2\Thesis\7 dataset\hama3_split_raw\test\8\0168.raw,3,8,3,8,1,869,1.6730623245239258,54272,290596,274,OK,2026-03-19 06:44:47
274,D:\6S2\Thesis\7 dataset\hama3_split_raw\test\8\0088.raw,3,8,3,8,1,870,1.6733181476593018,54272,290596,275,OK,2026-03-19 06:44:51
275,D:\6S2\Thesis\7 dataset\hama3_split_raw\test\9\0034.raw,4,9,0,0,0,869,1.6728534698486328,54272,290596,276,OK,2026-03-19 06:44:54
276,D:\6S2\Thesis\7 dataset\hama3_split_raw\test\3\0075.raw,1,3,1,3,1,869,1.672332763671875,54272,290596,277,OK,2026-03-19 06:44:58
277,D:\6S2\Thesis\7 dataset\hama3_split_raw\test\5\0118.raw,2,5,0,0,0,869,1.6704692840576172,54272,290596,278,OK,2026-03-19 06:45:02
278,D:\6S2\Thesis\7 dataset\hama3_split_raw\test\5\0083.raw,2,5,0,0,0,870,1.6722629070281982,54272,290596,279,OK,2026-03-19 06:45:05
279,D:\6S2\Thesis\7 dataset\hama3_split_raw\test\0\0076.raw,0,0,0,0,1,870,1.6729259490966797,54272,290596,280,OK,2026-03-19 06:45:09
280,D:\6S2\Thesis\7 dataset\hama3_split_raw\test\9\0028.raw,4,9,4,9,1,869,1.6739420890808105,54272,290596,281,OK,2026-03-19 06:45:13
281,D:\6S2\Thesis\7 dataset\hama3_split_raw\test\5\0021.raw,2,5,2,5,1,869,1.672266960144043,54272,290596,282,OK,2026-03-19 06:45:17
282,D:\6S2\Thesis\7 dataset\hama3_split_raw\test\0\0088.raw,0,0,0,0,1,869,1.6724169254302979,54272,290596,283,OK,2026-03-19 06:45:20
283,D:\6S2\Thesis\7 dataset\hama3_split_raw\test\0\0087.raw,0,0,0,0,1,870,1.6720976829528809,54272,290596,284,OK,2026-03-19 06:45:24
284,D:\6S2\Thesis\7 dataset\hama3_split_raw\test\0\0035.raw,0,0,0,0,1,870,1.67293119430542,54272,290596,285,OK,2026-03-19 06:45:28
285,D:\6S2\Thesis\7 dataset\hama3_split_raw\test\9\0086.raw,4,9,4,9,1,869,1.6727893352508545,54272,290596,286,OK,2026-03-19 06:45:31
286,D:\6S2\Thesis\7 dataset\hama3_split_raw\test\0\0068.raw,0,0,0,0,1,870,1.6722214221954346,54272,290596,287,OK,2026-03-19 06:45:35
287,D:\6S2\Thesis\7 dataset\hama3_split_raw\test\8\0013.raw,3,8,3,8,1,870,1.6712536811828613,54272,290596,288,OK,2026-03-19 06:45:39
288,D:\6S2\Thesis\7 dataset\hama3_split_raw\test\0\0041.raw,0,0,0,0,1,869,1.6736719608306885,54272,290596,289,OK,2026-03-19 06:45:42
289,D:\6S2\Thesis\7 dataset\hama3_split_raw\test\3\0094.raw,1,3,4,9,0,869,1.6728734970092773,54272,290596,290,OK,2026-03-19 06:45:46
290,D:\6S2\Thesis\7 dataset\hama3_split_raw\test\5\0108.raw,2,5,2,5,1,869,1.67289137840271,54272,290596,291,OK,2026-03-19 06:45:50
291,D:\6S2\Thesis\7 dataset\hama3_split_raw\test\3\0001.raw,1,3,1,3,1,869,1.6705312728881836,54272,290596,292,OK,2026-03-19 06:45:54
292,D:\6S2\Thesis\7 dataset\hama3_split_raw\test\8\0006.raw,3,8,3,8,1,869,1.6718671321868896,54272,290596,293,OK,2026-03-19 06:45:57
293,D:\6S2\Thesis\7 dataset\hama3_split_raw\test\9\0065.raw,4,9,2,5,0,869,1.672361135482788,54272,290596,294,OK,2026-03-19 06:46:01
294,D:\6S2\Thesis\7 dataset\hama3_split_raw\test\3\0064.raw,1,3,1,3,1,869,1.672788143157959,54272,290596,295,OK,2026-03-19 06:46:05
295,D:\6S2\Thesis\7 dataset\hama3_split_raw\test\8\0115.raw,3,8,3,8,1,870,1.6724300384521484,54272,290596,296,OK,2026-03-19 06:46:08
296,D:\6S2\Thesis\7 dataset\hama3_split_raw\test\8\0153.raw,3,8,3,8,1,870,1.672257900238037,54272,290596,297,OK,2026-03-19 06:46:12
297,D:\6S2\Thesis\7 dataset\hama3_split_raw\test\3\0066.raw,1,3,4,9,0,869,1.672961950302124,54272,290596,298,OK,2026-03-19 06:46:16
298,D:\6S2\Thesis\7 dataset\hama3_split_raw\test\9\0057.raw,4,9,4,9,1,869,1.6723816394805908,54272,290596,299,OK,2026-03-19 06:46:19
299,D:\6S2\Thesis\7 dataset\hama3_split_raw\test\5\0025.raw,2,5,2,5,1,869,1.6727957725524902,54272,290596,300,OK,2026-03-19 06:46:23
300,D:\6S2\Thesis\7 dataset\hama3_split_raw\test\9\0015.raw,4,9,0,0,0,869,1.6696927547454834,54272,290596,301,OK,2026-03-19 06:46:27
301,D:\6S2\Thesis\7 dataset\hama3_split_raw\test\9\0090.raw,4,9,4,9,1,869,1.672734260559082,54272,290596,302,OK,2026-03-19 06:46:31
302,D:\6S2\Thesis\7 dataset\hama3_split_raw\test\8\0025.raw,3,8,3,8,1,869,1.6726336479187012,54272,290596,303,OK,2026-03-19 06:46:34
303,D:\6S2\Thesis\7 dataset\hama3_split_raw\test\8\0158.raw,3,8,2,5,0,870,1.6731345653533936,54272,290596,304,OK,2026-03-19 06:46:38
304,D:\6S2\Thesis\7 dataset\hama3_split_raw\test\5\0086.raw,2,5,3,8,0,869,1.6722939014434814,54272,290596,305,OK,2026-03-19 06:46:42
305,D:\6S2\Thesis\7 dataset\hama3_split_raw\test\8\0010.raw,3,8,3,8,1,869,1.673037052154541,54272,290596,306,OK,2026-03-19 06:46:45
306,D:\6S2\Thesis\7 dataset\hama3_split_raw\test\3\0068.raw,1,3,1,3,1,870,1.674354076385498,54272,290596,307,OK,2026-03-19 06:46:49
307,D:\6S2\Thesis\7 dataset\hama3_split_raw\test\3\0064.raw,1,3,1,3,1,870,1.6725966930389404,54272,290596,308,OK,2026-03-19 06:46:53
308,D:\6S2\Thesis\7 dataset\hama3_split_raw\test\3\0023.raw,1,3,1,3,1,869,1.6733100414276123,54272,290596,309,OK,2026-03-19 06:46:56
309,D:\6S2\Thesis\7 dataset\hama3_split_raw\test\8\0081.raw,3,8,3,8,1,869,1.6736769676208496,54272,290596,310,OK,2026-03-19 06:47:00
310,D:\6S2\Thesis\7 dataset\hama3_split_raw\test\8\0045.raw,3,8,3,8,1,870,1.6727614402770996,54272,290596,311,OK,2026-03-19 06:47:04
311,D:\6S2\Thesis\7 dataset\hama3_split_raw\test\3\0107.raw,1,3,1,3,1,870,1.6715095043182373,54272,290596,312,OK,2026-03-19 06:47:07
312,D:\6S2\Thesis\7 dataset\hama3_split_raw\test\8\0096.raw,3,8,3,8,1,870,1.6723823547363281,54272,290596,313,OK,2026-03-19 06:47:11
313,D:\6S2\Thesis\7 dataset\hama3_split_raw\test\5\0109.raw,2,5,1,3,0,869,1.673464298248291,54272,290596,314,OK,2026-03-19 06:47:15
314,D:\6S2\Thesis\7 dataset\hama3_split_raw\test\0\0010.raw,0,0,0,0,1,869,1.6707603931427002,54272,290596,315,OK,2026-03-19 06:47:19
315,D:\6S2\Thesis\7 dataset\hama3_split_raw\test\3\0086.raw,1,3,1,3,1,870,1.6722359657287598,54272,290596,316,OK,2026-03-19 06:47:22
316,D:\6S2\Thesis\7 dataset\hama3_split_raw\test\0\0064.raw,0,0,0,0,1,870,1.6723642349243164,54272,290596,317,OK,2026-03-19 06:47:26
317,D:\6S2\Thesis\7 dataset\hama3_split_raw\test\9\0010.raw,4,9,0,0,0,869,1.6728203296661377,54272,290596,318,OK,2026-03-19 06:47:30
318,D:\6S2\Thesis\7 dataset\hama3_split_raw\test\8\0092.raw,3,8,3,8,1,869,1.6723778247833252,54272,290596,319,OK,2026-03-19 06:47:33
319,D:\6S2\Thesis\7 dataset\hama3_split_raw\test\5\0034.raw,2,5,0,0,0,869,1.6728625297546387,54272,290596,320,OK,2026-03-19 06:47:37
320,D:\6S2\Thesis\7 dataset\hama3_split_raw\test\9\0069.raw,4,9,4,9,1,870,1.6728758811950684,54272,290596,321,OK,2026-03-19 06:47:41
321,D:\6S2\Thesis\7 dataset\hama3_split_raw\test\8\0058.raw,3,8,3,8,1,869,1.6731681823730469,54272,290596,322,OK,2026-03-19 06:47:44
322,D:\6S2\Thesis\7 dataset\hama3_split_raw\test\9\0023.raw,4,9,4,9,1,869,1.6725482940673828,54272,290596,323,OK,2026-03-19 06:47:48
323,D:\6S2\Thesis\7 dataset\hama3_split_raw\test\9\0066.raw,4,9,4,9,1,869,1.6723217964172363,54272,290596,324,OK,2026-03-19 06:47:52
324,D:\6S2\Thesis\7 dataset\hama3_split_raw\test\3\0053.raw,1,3,2,5,0,869,1.6726734638214111,54272,290596,325,OK,2026-03-19 06:47:56
325,D:\6S2\Thesis\7 dataset\hama3_split_raw\test\9\0054.raw,4,9,4,9,1,869,1.6728568077087402,54272,290596,326,OK,2026-03-19 06:47:59
326,D:\6S2\Thesis\7 dataset\hama3_split_raw\test\5\0020.raw,2,5,2,5,1,869,1.672302484512329,54272,290596,327,OK,2026-03-19 06:48:03
327,D:\6S2\Thesis\7 dataset\hama3_split_raw\test\3\0037.raw,1,3,1,3,1,870,1.6732723712921143,54272,290596,328,OK,2026-03-19 06:48:07
328,D:\6S2\Thesis\7 dataset\hama3_split_raw\test\5\0000.raw,2,5,2,5,1,869,1.6726024150848389,54272,290596,329,OK,2026-03-19 06:48:10
329,D:\6S2\Thesis\7 dataset\hama3_split_raw\test\8\0043.raw,3,8,3,8,1,869,1.672417402267456,54272,290596,330,OK,2026-03-19 06:48:14
330,D:\6S2\Thesis\7 dataset\hama3_split_raw\test\5\0108.raw,2,5,2,5,1,869,1.672098159790039,54272,290596,331,OK,2026-03-19 06:48:18
331,D:\6S2\Thesis\7 dataset\hama3_split_raw\test\9\0012.raw,4,9,4,9,1,869,1.6742939949035645,54272,290596,332,OK,2026-03-19 06:48:21
332,D:\6S2\Thesis\7 dataset\hama3_split_raw\test\3\0008.raw,1,3,4,9,0,869,1.6726951599121094,54272,290596,333,OK,2026-03-19 06:48:25
333,D:\6S2\Thesis\7 dataset\hama3_split_raw\test\8\0094.raw,3,8,3,8,1,869,1.672715663909912,54272,290596,334,OK,2026-03-19 06:48:29
334,D:\6S2\Thesis\7 dataset\hama3_split_raw\test\9\0058.raw,4,9,0,0,0,870,1.6738708019256592,54272,290596,335,OK,2026-03-19 06:48:32
335,D:\6S2\Thesis\7 dataset\hama3_split_raw\test\5\0098.raw,2,5,2,5,1,870,1.6725692749023438,54272,290596,336,OK,2026-03-19 06:48:36
336,D:\6S2\Thesis\7 dataset\hama3_split_raw\test\3\0060.raw,1,3,1,3,1,869,1.6704497337341309,54272,290596,337,OK,2026-03-19 06:48:40
337,D:\6S2\Thesis\7 dataset\hama3_split_raw\test\9\0047.raw,4,9,4,9,1,869,1.6720163822174072,54272,290596,338,OK,2026-03-19 06:48:44
338,D:\6S2\Thesis\7 dataset\hama3_split_raw\test\8\0077.raw,3,8,3,8,1,870,1.6728711128234863,54272,290596,339,OK,2026-03-19 06:48:47
339,D:\6S2\Thesis\7 dataset\hama3_split_raw\test\3\0075.raw,1,3,1,3,1,870,1.6734819412231445,54272,290596,340,OK,2026-03-19 06:48:51
340,D:\6S2\Thesis\7 dataset\hama3_split_raw\test\8\0072.raw,3,8,3,8,1,869,1.6728827953338623,54272,290596,341,OK,2026-03-19 06:48:55
341,D:\6S2\Thesis\7 dataset\hama3_split_raw\test\5\0026.raw,2,5,2,5,1,869,1.6730198860168457,54272,290596,342,OK,2026-03-19 06:48:58
342,D:\6S2\Thesis\7 dataset\hama3_split_raw\test\3\0069.raw,1,3,1,3,1,869,1.6702933311462402,54272,290596,343,OK,2026-03-19 06:49:02
343,D:\6S2\Thesis\7 dataset\hama3_split_raw\test\8\0132.raw,3,8,3,8,1,870,1.6730515956878662,54272,290596,344,OK,2026-03-19 06:49:06
344,D:\6S2\Thesis\7 dataset\hama3_split_raw\test\9\0065.raw,4,9,2,5,0,869,1.6727781295776367,54272,290596,345,OK,2026-03-19 06:49:09
345,D:\6S2\Thesis\7 dataset\hama3_split_raw\test\0\0024.raw,0,0,0,0,1,870,1.6722702980041504,54272,290596,346,OK,2026-03-19 06:49:13
346,D:\6S2\Thesis\7 dataset\hama3_split_raw\test\9\0093.raw,4,9,4,9,1,869,1.672196388244629,54272,290596,347,OK,2026-03-19 06:49:17
347,D:\6S2\Thesis\7 dataset\hama3_split_raw\test\8\0153.raw,3,8,3,8,1,870,1.6738908290863037,54272,290596,348,OK,2026-03-19 06:49:21
348,D:\6S2\Thesis\7 dataset\hama3_split_raw\test\9\0005.raw,4,9,0,0,0,870,1.6727919578552246,54272,290596,349,OK,2026-03-19 06:49:24
349,D:\6S2\Thesis\7 dataset\hama3_split_raw\test\3\0105.raw,1,3,1,3,1,870,1.6727626323699951,54272,290596,350,OK,2026-03-19 06:49:28
350,D:\6S2\Thesis\7 dataset\hama3_split_raw\test\5\0087.raw,2,5,2,5,1,870,1.6727526187896729,54272,290596,351,OK,2026-03-19 06:49:32
351,D:\6S2\Thesis\7 dataset\hama3_split_raw\test\5\0081.raw,2,5,1,3,0,870,1.6729731559753418,54272,290596,352,OK,2026-03-19 06:49:35
352,D:\6S2\Thesis\7 dataset\hama3_split_raw\test\8\0083.raw,3,8,3,8,1,869,1.6727831363677979,54272,290596,353,OK,2026-03-19 06:49:39
353,D:\6S2\Thesis\7 dataset\hama3_split_raw\test\5\0069.raw,2,5,2,5,1,869,1.6697361469268799,54272,290596,354,OK,2026-03-19 06:49:43
354,D:\6S2\Thesis\7 dataset\hama3_split_raw\test\5\0028.raw,2,5,2,5,1,869,1.6713764667510986,54272,290596,355,OK,2026-03-19 06:49:46
355,D:\6S2\Thesis\7 dataset\hama3_split_raw\test\5\0051.raw,2,5,2,5,1,869,1.6723835468292236,54272,290596,356,OK,2026-03-19 06:49:50
356,D:\6S2\Thesis\7 dataset\hama3_split_raw\test\8\0112.raw,3,8,2,5,0,869,1.672558307647705,54272,290596,357,OK,2026-03-19 06:49:54
357,D:\6S2\Thesis\7 dataset\hama3_split_raw\test\0\0027.raw,0,0,2,5,0,870,1.6725797653198242,54272,290596,358,OK,2026-03-19 06:49:57
358,D:\6S2\Thesis\7 dataset\hama3_split_raw\test\0\0009.raw,0,0,0,0,1,869,1.6727516651153564,54272,290596,359,OK,2026-03-19 06:50:01
359,D:\6S2\Thesis\7 dataset\hama3_split_raw\test\8\0097.raw,3,8,3,8,1,869,1.6723532676696777,54272,290596,360,OK,2026-03-19 06:50:05
360,D:\6S2\Thesis\7 dataset\hama3_split_raw\test\0\0090.raw,0,0,0,0,1,870,1.6707112789154053,54272,290596,361,OK,2026-03-19 06:50:08
361,D:\6S2\Thesis\7 dataset\hama3_split_raw\test\5\0097.raw,2,5,2,5,1,869,1.6723623275756836,54272,290596,362,OK,2026-03-19 06:50:12
362,D:\6S2\Thesis\7 dataset\hama3_split_raw\test\8\0127.raw,3,8,3,8,1,870,1.672832727432251,54272,290596,363,OK,2026-03-19 06:50:16
363,D:\6S2\Thesis\7 dataset\hama3_split_raw\test\8\0115.raw,3,8,3,8,1,870,1.6726984977722168,54272,290596,364,OK,2026-03-19 06:50:19
364,D:\6S2\Thesis\7 dataset\hama3_split_raw\test\9\0091.raw,4,9,0,0,0,869,1.6725525856018066,54272,290596,365,OK,2026-03-19 06:50:23
365,D:\6S2\Thesis\7 dataset\hama3_split_raw\test\8\0151.raw,3,8,0,0,0,870,1.67252779006958,54272,290596,366,OK,2026-03-19 06:50:27
366,D:\6S2\Thesis\7 dataset\hama3_split_raw\test\0\0079.raw,0,0,0,0,1,870,1.6723227500915527,54272,290596,367,OK,2026-03-19 06:50:31
367,D:\6S2\Thesis\7 dataset\hama3_split_raw\test\3\0006.raw,1,3,1,3,1,869,1.6709904670715332,54272,290596,368,OK,2026-03-19 06:50:34
368,D:\6S2\Thesis\7 dataset\hama3_split_raw\test\5\0067.raw,2,5,2,5,1,870,1.6729423999786377,54272,290596,369,OK,2026-03-19 06:50:38
369,D:\6S2\Thesis\7 dataset\hama3_split_raw\test\5\0005.raw,2,5,2,5,1,869,1.673652172088623,54272,290596,370,OK,2026-03-19 06:50:42
370,D:\6S2\Thesis\7 dataset\hama3_split_raw\test\8\0008.raw,3,8,3,8,1,869,1.6719565391540527,54272,290596,371,OK,2026-03-19 06:50:45
371,D:\6S2\Thesis\7 dataset\hama3_split_raw\test\5\0087.raw,2,5,2,5,1,869,1.6724302768707275,54272,290596,372,OK,2026-03-19 06:50:49
372,D:\6S2\Thesis\7 dataset\hama3_split_raw\test\3\0014.raw,1,3,1,3,1,869,1.673722267150879,54272,290596,373,OK,2026-03-19 06:50:53
373,D:\6S2\Thesis\7 dataset\hama3_split_raw\test\8\0158.raw,3,8,2,5,0,870,1.6728010177612305,54272,290596,374,OK,2026-03-19 06:50:57
374,D:\6S2\Thesis\7 dataset\hama3_split_raw\test\9\0001.raw,4,9,4,9,1,869,1.6725578308105469,54272,290596,375,OK,2026-03-19 06:51:00
375,D:\6S2\Thesis\7 dataset\hama3_split_raw\test\9\0062.raw,4,9,0,0,0,870,1.6725757122039795,54272,290596,376,OK,2026-03-19 06:51:04
376,D:\6S2\Thesis\7 dataset\hama3_split_raw\test\0\0079.raw,0,0,0,0,1,869,1.6726441383361816,54272,290596,377,OK,2026-03-19 06:51:08
377,D:\6S2\Thesis\7 dataset\hama3_split_raw\test\0\0062.raw,0,0,3,8,0,870,1.6713919639587402,54272,290596,378,OK,2026-03-19 06:51:11
378,D:\6S2\Thesis\7 dataset\hama3_split_raw\test\0\0042.raw,0,0,0,0,1,870,1.6724257469177246,54272,290596,379,OK,2026-03-19 06:51:15
379,D:\6S2\Thesis\7 dataset\hama3_split_raw\test\5\0078.raw,2,5,2,5,1,869,1.6735081672668457,54272,290596,380,OK,2026-03-19 06:51:19
380,D:\6S2\Thesis\7 dataset\hama3_split_raw\test\9\0038.raw,4,9,2,5,0,869,1.6719958782196045,54272,290596,381,OK,2026-03-19 06:51:22
381,D:\6S2\Thesis\7 dataset\hama3_split_raw\test\3\0045.raw,1,3,4,9,0,869,1.6726305484771729,54272,290596,382,OK,2026-03-19 06:51:26
382,D:\6S2\Thesis\7 dataset\hama3_split_raw\test\8\0138.raw,3,8,3,8,1,870,1.6731975078582764,54272,290596,383,OK,2026-03-19 06:51:30
383,D:\6S2\Thesis\7 dataset\hama3_split_raw\test\3\0071.raw,1,3,3,8,0,869,1.67262601852417,54272,290596,384,OK,2026-03-19 06:51:34
384,D:\6S2\Thesis\7 dataset\hama3_split_raw\test\5\0054.raw,2,5,4,9,0,869,1.6724216938018799,54272,290596,385,OK,2026-03-19 06:51:37
385,D:\6S2\Thesis\7 dataset\hama3_split_raw\test\8\0155.raw,3,8,3,8,1,870,1.6725244522094727,54272,290596,386,OK,2026-03-19 06:51:41
386,D:\6S2\Thesis\7 dataset\hama3_split_raw\test\9\0005.raw,4,9,0,0,0,870,1.672800064086914,54272,290596,387,OK,2026-03-19 06:51:45
387,D:\6S2\Thesis\7 dataset\hama3_split_raw\test\3\0015.raw,1,3,3,8,0,870,1.670546531677246,54272,290596,388,OK,2026-03-19 06:51:48
388,D:\6S2\Thesis\7 dataset\hama3_split_raw\test\8\0172.raw,3,8,4,9,0,869,1.6724436283111572,54272,290596,389,OK,2026-03-19 06:51:52
389,D:\6S2\Thesis\7 dataset\hama3_split_raw\test\0\0091.raw,0,0,0,0,1,869,1.672459363937378,54272,290596,390,OK,2026-03-19 06:51:56
390,D:\6S2\Thesis\7 dataset\hama3_split_raw\test\9\0003.raw,4,9,4,9,1,870,1.6719751358032227,54272,290596,391,OK,2026-03-19 06:51:59
391,D:\6S2\Thesis\7 dataset\hama3_split_raw\test\0\0005.raw,0,0,0,0,1,870,1.6718807220458984,54272,290596,392,OK,2026-03-19 06:52:03
392,D:\6S2\Thesis\7 dataset\hama3_split_raw\test\3\0013.raw,1,3,2,5,0,870,1.6731727123260498,54272,290596,393,OK,2026-03-19 06:52:07
393,D:\6S2\Thesis\7 dataset\hama3_split_raw\test\5\0070.raw,2,5,0,0,0,869,1.6727523803710938,54272,290596,394,OK,2026-03-19 06:52:11
394,D:\6S2\Thesis\7 dataset\hama3_split_raw\test\3\0096.raw,1,3,1,3,1,870,1.672806978225708,54272,290596,395,OK,2026-03-19 06:52:14
395,D:\6S2\Thesis\7 dataset\hama3_split_raw\test\5\0065.raw,2,5,2,5,1,870,1.672330617904663,54272,290596,396,OK,2026-03-19 06:52:18
396,D:\6S2\Thesis\7 dataset\hama3_split_raw\test\9\0014.raw,4,9,4,9,1,870,1.6725852489471436,54272,290596,397,OK,2026-03-19 06:52:22
397,D:\6S2\Thesis\7 dataset\hama3_split_raw\test\5\0004.raw,2,5,2,5,1,870,1.672529935836792,54272,290596,398,OK,2026-03-19 06:52:25
398,D:\6S2\Thesis\7 dataset\hama3_split_raw\test\8\0034.raw,3,8,3,8,1,870,1.6734421253204346,54272,290596,399,OK,2026-03-19 06:52:29
399,D:\6S2\Thesis\7 dataset\hama3_split_raw\test\5\0022.raw,2,5,2,5,1,869,1.6724684238433838,54272,290596,400,OK,2026-03-19 06:52:33
400,D:\6S2\Thesis\7 dataset\hama3_split_raw\test\3\0009.raw,1,3,0,0,0,869,1.6727619171142578,54272,290596,401,OK,2026-03-19 06:52:36
401,D:\6S2\Thesis\7 dataset\hama3_split_raw\test\8\0051.raw,3,8,3,8,1,870,1.6710491180419922,54272,290596,402,OK,2026-03-19 06:52:40
402,D:\6S2\Thesis\7 dataset\hama3_split_raw\test\5\0093.raw,2,5,2,5,1,869,1.6731722354888916,54272,290596,403,OK,2026-03-19 06:52:44
403,D:\6S2\Thesis\7 dataset\hama3_split_raw\test\9\0040.raw,4,9,1,3,0,869,1.672407627105713,54272,290596,404,OK,2026-03-19 06:52:47
404,D:\6S2\Thesis\7 dataset\hama3_split_raw\test\3\0045.raw,1,3,4,9,0,869,1.6743066310882568,54272,290596,405,OK,2026-03-19 06:52:51
405,D:\6S2\Thesis\7 dataset\hama3_split_raw\test\9\0049.raw,4,9,4,9,1,870,1.6733932495117188,54272,290596,406,OK,2026-03-19 06:52:55
406,D:\6S2\Thesis\7 dataset\hama3_split_raw\test\5\0117.raw,2,5,3,8,0,869,1.6725382804870605,54272,290596,407,OK,2026-03-19 06:52:59
407,D:\6S2\Thesis\7 dataset\hama3_split_raw\test\3\0051.raw,1,3,1,3,1,870,1.6729040145874023,54272,290596,408,OK,2026-03-19 06:53:02
408,D:\6S2\Thesis\7 dataset\hama3_split_raw\test\3\0060.raw,1,3,1,3,1,870,1.6725542545318604,54272,290596,409,OK,2026-03-19 06:53:06
409,D:\6S2\Thesis\7 dataset\hama3_split_raw\test\5\0008.raw,2,5,2,5,1,869,1.6728510856628418,54272,290596,410,OK,2026-03-19 06:53:10
410,D:\6S2\Thesis\7 dataset\hama3_split_raw\test\5\0100.raw,2,5,2,5,1,869,1.6725120544433594,54272,290596,411,OK,2026-03-19 06:53:13
411,D:\6S2\Thesis\7 dataset\hama3_split_raw\test\5\0072.raw,2,5,2,5,1,869,1.6722683906555176,54272,290596,412,OK,2026-03-19 06:53:17
412,D:\6S2\Thesis\7 dataset\hama3_split_raw\test\0\0070.raw,0,0,0,0,1,869,1.6729035377502441,54272,290596,413,OK,2026-03-19 06:53:21
413,D:\6S2\Thesis\7 dataset\hama3_split_raw\test\0\0057.raw,0,0,0,0,1,869,1.6725938320159912,54272,290596,414,OK,2026-03-19 06:53:24
414,D:\6S2\Thesis\7 dataset\hama3_split_raw\test\9\0061.raw,4,9,4,9,1,870,1.672452688217163,54272,290596,415,OK,2026-03-19 06:53:28
415,D:\6S2\Thesis\7 dataset\hama3_split_raw\test\5\0023.raw,2,5,3,8,0,870,1.6725943088531494,54272,290596,416,OK,2026-03-19 06:53:32
416,D:\6S2\Thesis\7 dataset\hama3_split_raw\test\5\0046.raw,2,5,4,9,0,869,1.670978307723999,54272,290596,417,OK,2026-03-19 06:53:35
417,D:\6S2\Thesis\7 dataset\hama3_split_raw\test\8\0113.raw,3,8,0,0,0,869,1.6729240417480469,54272,290596,418,OK,2026-03-19 06:53:39
418,D:\6S2\Thesis\7 dataset\hama3_split_raw\test\5\0048.raw,2,5,2,5,1,870,1.6725831031799316,54272,290596,419,OK,2026-03-19 06:53:43
419,D:\6S2\Thesis\7 dataset\hama3_split_raw\test\5\0042.raw,2,5,2,5,1,870,1.672863245010376,54272,290596,420,OK,2026-03-19 06:53:47
420,D:\6S2\Thesis\7 dataset\hama3_split_raw\test\5\0023.raw,2,5,3,8,0,869,1.6728482246398926,54272,290596,421,OK,2026-03-19 06:53:50
421,D:\6S2\Thesis\7 dataset\hama3_split_raw\test\0\0012.raw,0,0,0,0,1,869,1.6712617874145508,54272,290596,422,OK,2026-03-19 06:53:54
422,D:\6S2\Thesis\7 dataset\hama3_split_raw\test\8\0111.raw,3,8,3,8,1,869,1.6725623607635498,54272,290596,423,OK,2026-03-19 06:53:58
423,D:\6S2\Thesis\7 dataset\hama3_split_raw\test\9\0095.raw,4,9,4,9,1,869,1.6729483604431152,54272,290596,424,OK,2026-03-19 06:54:01
424,D:\6S2\Thesis\7 dataset\hama3_split_raw\test\3\0062.raw,1,3,1,3,1,870,1.6730268001556396,54272,290596,425,OK,2026-03-19 06:54:05
425,D:\6S2\Thesis\7 dataset\hama3_split_raw\test\0\0039.raw,0,0,0,0,1,870,1.672102928161621,54272,290596,426,OK,2026-03-19 06:54:09
426,D:\6S2\Thesis\7 dataset\hama3_split_raw\test\3\0062.raw,1,3,1,3,1,869,1.6724839210510254,54272,290596,427,OK,2026-03-19 06:54:12
427,D:\6S2\Thesis\7 dataset\hama3_split_raw\test\9\0019.raw,4,9,0,0,0,869,1.6724889278411865,54272,290596,428,OK,2026-03-19 06:54:16
428,D:\6S2\Thesis\7 dataset\hama3_split_raw\test\9\0011.raw,4,9,4,9,1,869,1.6730411052703857,54272,290596,429,OK,2026-03-19 06:54:20
429,D:\6S2\Thesis\7 dataset\hama3_split_raw\test\8\0174.raw,3,8,3,8,1,870,1.6724016666412354,54272,290596,430,OK,2026-03-19 06:54:23
430,D:\6S2\Thesis\7 dataset\hama3_split_raw\test\5\0047.raw,2,5,2,5,1,869,1.6728804111480713,54272,290596,431,OK,2026-03-19 06:54:27
431,D:\6S2\Thesis\7 dataset\hama3_split_raw\test\9\0021.raw,4,9,4,9,1,870,1.6724159717559814,54272,290596,432,OK,2026-03-19 06:54:31
432,D:\6S2\Thesis\7 dataset\hama3_split_raw\test\9\0100.raw,4,9,4,9,1,869,1.6727797985076904,54272,290596,433,OK,2026-03-19 06:54:35
433,D:\6S2\Thesis\7 dataset\hama3_split_raw\test\5\0085.raw,2,5,2,5,1,869,1.6737313270568848,54272,290596,434,OK,2026-03-19 06:54:38
434,D:\6S2\Thesis\7 dataset\hama3_split_raw\test\0\0061.raw,0,0,0,0,1,870,1.6699199676513672,54272,290596,435,OK,2026-03-19 06:54:42
435,D:\6S2\Thesis\7 dataset\hama3_split_raw\test\9\0092.raw,4,9,0,0,0,870,1.672358751296997,54272,290596,436,OK,2026-03-19 06:54:46
436,D:\6S2\Thesis\7 dataset\hama3_split_raw\test\8\0132.raw,3,8,3,8,1,869,1.6728253364562988,54272,290596,437,OK,2026-03-19 06:54:49
437,D:\6S2\Thesis\7 dataset\hama3_split_raw\test\5\0070.raw,2,5,0,0,0,870,1.6728081703186035,54272,290596,438,OK,2026-03-19 06:54:53
438,D:\6S2\Thesis\7 dataset\hama3_split_raw\test\3\0065.raw,1,3,1,3,1,870,1.6725578308105469,54272,290596,439,OK,2026-03-19 06:54:57
439,D:\6S2\Thesis\7 dataset\hama3_split_raw\test\8\0003.raw,3,8,3,8,1,869,1.6724283695220947,54272,290596,440,OK,2026-03-19 06:55:00
440,D:\6S2\Thesis\7 dataset\hama3_split_raw\test\9\0027.raw,4,9,3,8,0,869,1.6725363731384277,54272,290596,441,OK,2026-03-19 06:55:04
441,D:\6S2\Thesis\7 dataset\hama3_split_raw\test\3\0049.raw,1,3,3,8,0,869,1.672290325164795,54272,290596,442,OK,2026-03-19 06:55:08
442,D:\6S2\Thesis\7 dataset\hama3_split_raw\test\3\0011.raw,1,3,0,0,0,869,1.672424077987671,54272,290596,443,OK,2026-03-19 06:55:11
443,D:\6S2\Thesis\7 dataset\hama3_split_raw\test\3\0067.raw,1,3,1,3,1,869,1.672532320022583,54272,290596,444,OK,2026-03-19 06:55:15
444,D:\6S2\Thesis\7 dataset\hama3_split_raw\test\8\0091.raw,3,8,0,0,0,869,1.673187494277954,54272,290596,445,OK,2026-03-19 06:55:19
445,D:\6S2\Thesis\7 dataset\hama3_split_raw\test\3\0019.raw,1,3,4,9,0,870,1.672623872756958,54272,290596,446,OK,2026-03-19 06:55:23
446,D:\6S2\Thesis\7 dataset\hama3_split_raw\test\3\0027.raw,1,3,1,3,1,870,1.6738646030426025,54272,290596,447,OK,2026-03-19 06:55:26
447,D:\6S2\Thesis\7 dataset\hama3_split_raw\test\3\0082.raw,1,3,0,0,0,869,1.6725430488586426,54272,290596,448,OK,2026-03-19 06:55:30
448,D:\6S2\Thesis\7 dataset\hama3_split_raw\test\8\0164.raw,3,8,3,8,1,869,1.6720566749572754,54272,290596,449,OK,2026-03-19 06:55:34
449,D:\6S2\Thesis\7 dataset\hama3_split_raw\test\8\0139.raw,3,8,3,8,1,869,1.6727681159973145,54272,290596,450,OK,2026-03-19 06:55:37
450,D:\6S2\Thesis\7 dataset\hama3_split_raw\test\5\0074.raw,2,5,2,5,1,869,1.67262601852417,54272,290596,451,OK,2026-03-19 06:55:41
451,D:\6S2\Thesis\7 dataset\hama3_split_raw\test\3\0111.raw,1,3,1,3,1,869,1.672412395477295,54272,290596,452,OK,2026-03-19 06:55:45
452,D:\6S2\Thesis\7 dataset\hama3_split_raw\test\3\0110.raw,1,3,0,0,0,870,1.6731202602386475,54272,290596,453,OK,2026-03-19 06:55:48
453,D:\6S2\Thesis\7 dataset\hama3_split_raw\test\8\0055.raw,3,8,3,8,1,869,1.6723432540893555,54272,290596,454,OK,2026-03-19 06:55:52
454,D:\6S2\Thesis\7 dataset\hama3_split_raw\test\0\0062.raw,0,0,3,8,0,870,1.673022985458374,54272,290596,455,OK,2026-03-19 06:55:56
455,D:\6S2\Thesis\7 dataset\hama3_split_raw\test\0\0021.raw,0,0,1,3,0,870,1.6726329326629639,54272,290596,456,OK,2026-03-19 06:55:59
456,D:\6S2\Thesis\7 dataset\hama3_split_raw\test\0\0088.raw,0,0,0,0,1,870,1.672450065612793,54272,290596,457,OK,2026-03-19 06:56:03
457,D:\6S2\Thesis\7 dataset\hama3_split_raw\test\8\0108.raw,3,8,0,0,0,870,1.6724131107330322,54272,290596,458,OK,2026-03-19 06:56:07
458,D:\6S2\Thesis\7 dataset\hama3_split_raw\test\9\0060.raw,4,9,4,9,1,870,1.6720812320709229,54272,290596,459,OK,2026-03-19 06:56:11
459,D:\6S2\Thesis\7 dataset\hama3_split_raw\test\9\0002.raw,4,9,4,9,1,870,1.672654151916504,54272,290596,460,OK,2026-03-19 06:56:14
460,D:\6S2\Thesis\7 dataset\hama3_split_raw\test\0\0035.raw,0,0,0,0,1,870,1.6729669570922852,54272,290596,461,OK,2026-03-19 06:56:18
461,D:\6S2\Thesis\7 dataset\hama3_split_raw\test\5\0095.raw,2,5,2,5,1,869,1.672739028930664,54272,290596,462,OK,2026-03-19 06:56:22
462,D:\6S2\Thesis\7 dataset\hama3_split_raw\test\9\0040.raw,4,9,1,3,0,870,1.6724207401275635,54272,290596,463,OK,2026-03-19 06:56:25
463,D:\6S2\Thesis\7 dataset\hama3_split_raw\test\9\0058.raw,4,9,0,0,0,870,1.6720771789550781,54272,290596,464,OK,2026-03-19 06:56:29
464,D:\6S2\Thesis\7 dataset\hama3_split_raw\test\0\0065.raw,0,0,0,0,1,869,1.6732053756713867,54272,290596,465,OK,2026-03-19 06:56:33
465,D:\6S2\Thesis\7 dataset\hama3_split_raw\test\9\0033.raw,4,9,4,9,1,870,1.672668218612671,54272,290596,466,OK,2026-03-19 06:56:36
466,D:\6S2\Thesis\7 dataset\hama3_split_raw\test\9\0021.raw,4,9,4,9,1,869,1.6725876331329346,54272,290596,467,OK,2026-03-19 06:56:40
467,D:\6S2\Thesis\7 dataset\hama3_split_raw\test\3\0054.raw,1,3,1,3,1,869,1.6722428798675537,54272,290596,468,OK,2026-03-19 06:56:44
468,D:\6S2\Thesis\7 dataset\hama3_split_raw\test\3\0021.raw,1,3,0,0,0,870,1.6721978187561035,54272,290596,469,OK,2026-03-19 06:56:47
469,D:\6S2\Thesis\7 dataset\hama3_split_raw\test\0\0005.raw,0,0,0,0,1,869,1.6722352504730225,54272,290596,470,OK,2026-03-19 06:56:51
470,D:\6S2\Thesis\7 dataset\hama3_split_raw\test\0\0079.raw,0,0,0,0,1,870,1.672682762145996,54272,290596,471,OK,2026-03-19 06:56:55
471,D:\6S2\Thesis\7 dataset\hama3_split_raw\test\5\0041.raw,2,5,2,5,1,869,1.6715960502624512,54272,290596,472,OK,2026-03-19 06:56:58
472,D:\6S2\Thesis\7 dataset\hama3_split_raw\test\8\0131.raw,3,8,0,0,0,870,1.6728670597076416,54272,290596,473,OK,2026-03-19 06:57:02
473,D:\6S2\Thesis\7 dataset\hama3_split_raw\test\3\0096.raw,1,3,1,3,1,870,1.6721265316009521,54272,290596,474,OK,2026-03-19 06:57:06
474,D:\6S2\Thesis\7 dataset\hama3_split_raw\test\9\0073.raw,4,9,2,5,0,870,1.6723902225494385,54272,290596,475,OK,2026-03-19 06:57:09
475,D:\6S2\Thesis\7 dataset\hama3_split_raw\test\0\0049.raw,0,0,1,3,0,869,1.6726722717285156,54272,290596,476,OK,2026-03-19 06:57:13
476,D:\6S2\Thesis\7 dataset\hama3_split_raw\test\9\0043.raw,4,9,4,9,1,869,1.672281265258789,54272,290596,477,OK,2026-03-19 06:57:17
477,D:\6S2\Thesis\7 dataset\hama3_split_raw\test\3\0110.raw,1,3,0,0,0,870,1.6725282669067383,54272,290596,478,OK,2026-03-19 06:57:21
478,D:\6S2\Thesis\7 dataset\hama3_split_raw\test\0\0030.raw,0,0,0,0,1,869,1.6736187934875488,54272,290596,479,OK,2026-03-19 06:57:24
479,D:\6S2\Thesis\7 dataset\hama3_split_raw\test\3\0045.raw,1,3,4,9,0,869,1.6723084449768066,54272,290596,480,OK,2026-03-19 06:57:28
480,D:\6S2\Thesis\7 dataset\hama3_split_raw\test\8\0050.raw,3,8,3,8,1,869,1.67185640335083,54272,290596,481,OK,2026-03-19 06:57:32
481,D:\6S2\Thesis\7 dataset\hama3_split_raw\test\0\0051.raw,0,0,0,0,1,869,1.6731765270233154,54272,290596,482,OK,2026-03-19 06:57:35
482,D:\6S2\Thesis\7 dataset\hama3_split_raw\test\8\0070.raw,3,8,3,8,1,869,1.6745257377624512,54272,290596,483,OK,2026-03-19 06:57:39
483,D:\6S2\Thesis\7 dataset\hama3_split_raw\test\9\0015.raw,4,9,0,0,0,869,1.671004295349121,54272,290596,484,OK,2026-03-19 06:57:43
484,D:\6S2\Thesis\7 dataset\hama3_split_raw\test\3\0008.raw,1,3,4,9,0,869,1.6717064380645752,54272,290596,485,OK,2026-03-19 06:57:46
485,D:\6S2\Thesis\7 dataset\hama3_split_raw\test\5\0026.raw,2,5,2,5,1,870,1.6730678081512451,54272,290596,486,OK,2026-03-19 06:57:50
486,D:\6S2\Thesis\7 dataset\hama3_split_raw\test\3\0033.raw,1,3,1,3,1,869,1.6723995208740234,54272,290596,487,OK,2026-03-19 06:57:54
487,D:\6S2\Thesis\7 dataset\hama3_split_raw\test\8\0103.raw,3,8,3,8,1,869,1.672027349472046,54272,290596,488,OK,2026-03-19 06:57:57
488,D:\6S2\Thesis\7 dataset\hama3_split_raw\test\5\0056.raw,2,5,2,5,1,869,1.670518398284912,54272,290596,489,OK,2026-03-19 06:58:01
489,D:\6S2\Thesis\7 dataset\hama3_split_raw\test\0\0023.raw,0,0,0,0,1,869,1.6724817752838135,54272,290596,490,OK,2026-03-19 06:58:05
490,D:\6S2\Thesis\7 dataset\hama3_split_raw\test\3\0054.raw,1,3,1,3,1,869,1.6727304458618164,54272,290596,491,OK,2026-03-19 06:58:08
491,D:\6S2\Thesis\7 dataset\hama3_split_raw\test\5\0099.raw,2,5,2,5,1,869,1.6725234985351562,54272,290596,492,OK,2026-03-19 06:58:12
492,D:\6S2\Thesis\7 dataset\hama3_split_raw\test\5\0062.raw,2,5,2,5,1,870,1.673511028289795,54272,290596,493,OK,2026-03-19 06:58:16
493,D:\6S2\Thesis\7 dataset\hama3_split_raw\test\9\0016.raw,4,9,4,9,1,870,1.672865629196167,54272,290596,494,OK,2026-03-19 06:58:20
494,D:\6S2\Thesis\7 dataset\hama3_split_raw\test\0\0054.raw,0,0,0,0,1,869,1.672426462173462,54272,290596,495,OK,2026-03-19 06:58:23
495,D:\6S2\Thesis\7 dataset\hama3_split_raw\test\8\0144.raw,3,8,3,8,1,869,1.6709494590759277,54272,290596,496,OK,2026-03-19 06:58:27
496,D:\6S2\Thesis\7 dataset\hama3_split_raw\test\8\0065.raw,3,8,3,8,1,869,1.6728413105010986,54272,290596,497,OK,2026-03-19 06:58:31
497,D:\6S2\Thesis\7 dataset\hama3_split_raw\test\3\0029.raw,1,3,0,0,0,869,1.6728217601776123,54272,290596,498,OK,2026-03-19 06:58:34
498,D:\6S2\Thesis\7 dataset\hama3_split_raw\test\8\0146.raw,3,8,3,8,1,869,1.6702384948730469,54272,290596,499,OK,2026-03-19 06:58:38
499,D:\6S2\Thesis\7 dataset\hama3_split_raw\test\8\0052.raw,3,8,3,8,1,869,1.6729848384857178,54272,290596,500,OK,2026-03-19 06:58:42
500,D:\6S2\Thesis\7 dataset\hama3_split_raw\test\9\0046.raw,4,9,2,5,0,869,1.6721501350402832,54272,290596,501,OK,2026-03-19 06:58:45
501,D:\6S2\Thesis\7 dataset\hama3_split_raw\test\0\0047.raw,0,0,0,0,1,869,1.6725544929504395,54272,290596,502,OK,2026-03-19 06:58:49
502,D:\6S2\Thesis\7 dataset\hama3_split_raw\test\8\0091.raw,3,8,0,0,0,869,1.672131061553955,54272,290596,503,OK,2026-03-19 06:58:53
503,D:\6S2\Thesis\7 dataset\hama3_split_raw\test\3\0040.raw,1,3,1,3,1,869,1.6729328632354736,54272,290596,504,OK,2026-03-19 06:58:56
504,D:\6S2\Thesis\7 dataset\hama3_split_raw\test\5\0119.raw,2,5,2,5,1,870,1.6728050708770752,54272,290596,505,OK,2026-03-19 06:59:00
505,D:\6S2\Thesis\7 dataset\hama3_split_raw\test\3\0022.raw,1,3,1,3,1,870,1.6721341609954834,54272,290596,506,OK,2026-03-19 06:59:04
506,D:\6S2\Thesis\7 dataset\hama3_split_raw\test\9\0077.raw,4,9,0,0,0,869,1.6720588207244873,54272,290596,507,OK,2026-03-19 06:59:08
507,D:\6S2\Thesis\7 dataset\hama3_split_raw\test\8\0028.raw,3,8,3,8,1,870,1.672825574874878,54272,290596,508,OK,2026-03-19 06:59:11
508,D:\6S2\Thesis\7 dataset\hama3_split_raw\test\5\0069.raw,2,5,2,5,1,869,1.6733167171478271,54272,290596,509,OK,2026-03-19 06:59:15
509,D:\6S2\Thesis\7 dataset\hama3_split_raw\test\8\0112.raw,3,8,2,5,0,869,1.6727566719055176,54272,290596,510,OK,2026-03-19 06:59:19
510,D:\6S2\Thesis\7 dataset\hama3_split_raw\test\0\0013.raw,0,0,0,0,1,869,1.672154188156128,54272,290596,511,OK,2026-03-19 06:59:22
511,D:\6S2\Thesis\7 dataset\hama3_split_raw\test\5\0027.raw,2,5,0,0,0,870,1.6731672286987305,54272,290596,512,OK,2026-03-19 06:59:26
512,D:\6S2\Thesis\7 dataset\hama3_split_raw\test\0\0051.raw,0,0,0,0,1,869,1.6725754737854004,54272,290596,513,OK,2026-03-19 06:59:30
513,D:\6S2\Thesis\7 dataset\hama3_split_raw\test\5\0008.raw,2,5,2,5,1,870,1.6725249290466309,54272,290596,514,OK,2026-03-19 06:59:33
514,D:\6S2\Thesis\7 dataset\hama3_split_raw\test\8\0077.raw,3,8,3,8,1,869,1.672363519668579,54272,290596,515,OK,2026-03-19 06:59:37
515,D:\6S2\Thesis\7 dataset\hama3_split_raw\test\3\0064.raw,1,3,1,3,1,869,1.6725718975067139,54272,290596,516,OK,2026-03-19 06:59:41
516,D:\6S2\Thesis\7 dataset\hama3_split_raw\test\3\0023.raw,1,3,1,3,1,869,1.6728315353393555,54272,290596,517,OK,2026-03-19 06:59:44
517,D:\6S2\Thesis\7 dataset\hama3_split_raw\test\8\0010.raw,3,8,3,8,1,869,1.672792911529541,54272,290596,518,OK,2026-03-19 06:59:48
518,D:\6S2\Thesis\7 dataset\hama3_split_raw\test\3\0046.raw,1,3,1,3,1,869,1.67325758934021,54272,290596,519,OK,2026-03-19 06:59:52
519,D:\6S2\Thesis\7 dataset\hama3_split_raw\test\8\0170.raw,3,8,3,8,1,869,1.6736388206481934,54272,290596,520,OK,2026-03-19 06:59:55
520,D:\6S2\Thesis\7 dataset\hama3_split_raw\test\0\0091.raw,0,0,0,0,1,870,1.6719789505004883,54272,290596,521,OK,2026-03-19 06:59:59
521,D:\6S2\Thesis\7 dataset\hama3_split_raw\test\5\0014.raw,2,5,2,5,1,869,1.6724562644958496,54272,290596,522,OK,2026-03-19 07:00:03
522,D:\6S2\Thesis\7 dataset\hama3_split_raw\test\0\0061.raw,0,0,0,0,1,870,1.6739115715026855,54272,290596,523,OK,2026-03-19 07:00:07
523,D:\6S2\Thesis\7 dataset\hama3_split_raw\test\8\0165.raw,3,8,0,0,0,869,1.6729912757873535,54272,290596,524,OK,2026-03-19 07:00:10
524,D:\6S2\Thesis\7 dataset\hama3_split_raw\test\0\0084.raw,0,0,0,0,1,870,1.6727464199066162,54272,290596,525,OK,2026-03-19 07:00:14
525,D:\6S2\Thesis\7 dataset\hama3_split_raw\test\9\0016.raw,4,9,4,9,1,869,1.671276569366455,54272,290596,526,OK,2026-03-19 07:00:18
526,D:\6S2\Thesis\7 dataset\hama3_split_raw\test\3\0073.raw,1,3,1,3,1,870,1.6728050708770752,54272,290596,527,OK,2026-03-19 07:00:21
527,D:\6S2\Thesis\7 dataset\hama3_split_raw\test\9\0028.raw,4,9,4,9,1,870,1.6721856594085693,54272,290596,528,OK,2026-03-19 07:00:25
528,D:\6S2\Thesis\7 dataset\hama3_split_raw\test\8\0149.raw,3,8,3,8,1,869,1.6733174324035645,54272,290596,529,OK,2026-03-19 07:00:29
529,D:\6S2\Thesis\7 dataset\hama3_split_raw\test\0\0008.raw,0,0,0,0,1,869,1.6711535453796387,54272,290596,530,OK,2026-03-19 07:00:32
530,D:\6S2\Thesis\7 dataset\hama3_split_raw\test\9\0049.raw,4,9,4,9,1,869,1.6724443435668945,54272,290596,531,OK,2026-03-19 07:00:36
531,D:\6S2\Thesis\7 dataset\hama3_split_raw\test\9\0054.raw,4,9,4,9,1,870,1.6737966537475586,54272,290596,532,OK,2026-03-19 07:00:40
532,D:\6S2\Thesis\7 dataset\hama3_split_raw\test\0\0023.raw,0,0,0,0,1,869,1.6720232963562012,54272,290596,533,OK,2026-03-19 07:00:43
533,D:\6S2\Thesis\7 dataset\hama3_split_raw\test\8\0102.raw,3,8,3,8,1,870,1.673893928527832,54272,290596,534,OK,2026-03-19 07:00:47
534,D:\6S2\Thesis\7 dataset\hama3_split_raw\test\9\0075.raw,4,9,4,9,1,870,1.6727561950683594,54272,290596,535,OK,2026-03-19 07:00:51
535,D:\6S2\Thesis\7 dataset\hama3_split_raw\test\0\0016.raw,0,0,0,0,1,869,1.6733977794647217,54272,290596,536,OK,2026-03-19 07:00:54
536,D:\6S2\Thesis\7 dataset\hama3_split_raw\test\8\0033.raw,3,8,3,8,1,870,1.6716620922088623,54272,290596,537,OK,2026-03-19 07:00:58
537,D:\6S2\Thesis\7 dataset\hama3_split_raw\test\5\0115.raw,2,5,2,5,1,869,1.6733345985412598,54272,290596,538,OK,2026-03-19 07:01:02
538,D:\6S2\Thesis\7 dataset\hama3_split_raw\test\9\0067.raw,4,9,4,9,1,870,1.6722877025604248,54272,290596,539,OK,2026-03-19 07:01:05
539,D:\6S2\Thesis\7 dataset\hama3_split_raw\test\8\0166.raw,3,8,3,8,1,869,1.672349452972412,54272,290596,540,OK,2026-03-19 07:01:09
540,D:\6S2\Thesis\7 dataset\hama3_split_raw\test\8\0125.raw,3,8,3,8,1,869,1.67319917678833,54272,290596,541,OK,2026-03-19 07:01:13
541,D:\6S2\Thesis\7 dataset\hama3_split_raw\test\8\0141.raw,3,8,3,8,1,870,1.67158842086792,54272,290596,542,OK,2026-03-19 07:01:17
542,D:\6S2\Thesis\7 dataset\hama3_split_raw\test\9\0009.raw,4,9,0,0,0,870,1.6729068756103516,54272,290596,543,OK,2026-03-19 07:01:20
543,D:\6S2\Thesis\7 dataset\hama3_split_raw\test\3\0044.raw,1,3,3,8,0,869,1.6722865104675293,54272,290596,544,OK,2026-03-19 07:01:24
544,D:\6S2\Thesis\7 dataset\hama3_split_raw\test\0\0017.raw,0,0,0,0,1,870,1.6724638938903809,54272,290596,545,OK,2026-03-19 07:01:28
545,D:\6S2\Thesis\7 dataset\hama3_split_raw\test\5\0087.raw,2,5,2,5,1,869,1.6730682849884033,54272,290596,546,OK,2026-03-19 07:01:31
546,D:\6S2\Thesis\7 dataset\hama3_split_raw\test\8\0172.raw,3,8,4,9,0,869,1.672541618347168,54272,290596,547,OK,2026-03-19 07:01:35
547,D:\6S2\Thesis\7 dataset\hama3_split_raw\test\5\0112.raw,2,5,2,5,1,869,1.6721808910369873,54272,290596,548,OK,2026-03-19 07:01:39
548,D:\6S2\Thesis\7 dataset\hama3_split_raw\test\9\0052.raw,4,9,4,9,1,869,1.6726598739624023,54272,290596,549,OK,2026-03-19 07:01:42
549,D:\6S2\Thesis\7 dataset\hama3_split_raw\test\8\0139.raw,3,8,3,8,1,869,1.6733458042144775,54272,290596,550,OK,2026-03-19 07:01:46
550,D:\6S2\Thesis\7 dataset\hama3_split_raw\test\3\0049.raw,1,3,3,8,0,869,1.6733975410461426,54272,290596,551,OK,2026-03-19 07:01:50
551,D:\6S2\Thesis\7 dataset\hama3_split_raw\test\8\0115.raw,3,8,3,8,1,870,1.6722376346588135,54272,290596,552,OK,2026-03-19 07:01:53
552,D:\6S2\Thesis\7 dataset\hama3_split_raw\test\0\0003.raw,0,0,0,0,1,869,1.673494577407837,54272,290596,553,OK,2026-03-19 07:01:57
553,D:\6S2\Thesis\7 dataset\hama3_split_raw\test\9\0040.raw,4,9,1,3,0,869,1.6720914840698242,54272,290596,554,OK,2026-03-19 07:02:01
554,D:\6S2\Thesis\7 dataset\hama3_split_raw\test\8\0060.raw,3,8,3,8,1,869,1.6738810539245605,54272,290596,555,OK,2026-03-19 07:02:04
555,D:\6S2\Thesis\7 dataset\hama3_split_raw\test\5\0101.raw,2,5,2,5,1,869,1.672121524810791,54272,290596,556,OK,2026-03-19 07:02:08
556,D:\6S2\Thesis\7 dataset\hama3_split_raw\test\3\0029.raw,1,3,0,0,0,870,1.6720151901245117,54272,290596,557,OK,2026-03-19 07:02:12
557,D:\6S2\Thesis\7 dataset\hama3_split_raw\test\8\0028.raw,3,8,3,8,1,869,1.6727478504180908,54272,290596,558,OK,2026-03-19 07:02:16
558,D:\6S2\Thesis\7 dataset\hama3_split_raw\test\8\0023.raw,3,8,3,8,1,870,1.6723310947418213,54272,290596,559,OK,2026-03-19 07:02:19
559,D:\6S2\Thesis\7 dataset\hama3_split_raw\test\0\0041.raw,0,0,0,0,1,870,1.6727757453918457,54272,290596,560,OK,2026-03-19 07:02:23
560,D:\6S2\Thesis\7 dataset\hama3_split_raw\test\0\0021.raw,0,0,1,3,0,869,1.6752872467041016,54272,290596,561,OK,2026-03-19 07:02:27
561,D:\6S2\Thesis\7 dataset\hama3_split_raw\test\3\0032.raw,1,3,2,5,0,869,1.6728198528289795,54272,290596,562,OK,2026-03-19 07:02:30
562,D:\6S2\Thesis\7 dataset\hama3_split_raw\test\9\0098.raw,4,9,4,9,1,870,1.6731805801391602,54272,290596,563,OK,2026-03-19 07:02:34
563,D:\6S2\Thesis\7 dataset\hama3_split_raw\test\9\0072.raw,4,9,4,9,1,870,1.6703450679779053,54272,290596,564,OK,2026-03-19 07:02:38
564,D:\6S2\Thesis\7 dataset\hama3_split_raw\test\5\0020.raw,2,5,2,5,1,870,1.6731410026550293,54272,290596,565,OK,2026-03-19 07:02:41
565,D:\6S2\Thesis\7 dataset\hama3_split_raw\test\9\0051.raw,4,9,4,9,1,869,1.6723909378051758,54272,290596,566,OK,2026-03-19 07:02:45
566,D:\6S2\Thesis\7 dataset\hama3_split_raw\test\3\0097.raw,1,3,1,3,1,869,1.6727039813995361,54272,290596,567,OK,2026-03-19 07:02:49
567,D:\6S2\Thesis\7 dataset\hama3_split_raw\test\3\0016.raw,1,3,1,3,1,870,1.6724393367767334,54272,290596,568,OK,2026-03-19 07:02:52
568,D:\6S2\Thesis\7 dataset\hama3_split_raw\test\9\0077.raw,4,9,0,0,0,869,1.6720798015594482,54272,290596,569,OK,2026-03-19 07:02:56
569,D:\6S2\Thesis\7 dataset\hama3_split_raw\test\0\0052.raw,0,0,0,0,1,869,1.6701762676239014,54272,290596,570,OK,2026-03-19 07:03:00
570,D:\6S2\Thesis\7 dataset\hama3_split_raw\test\8\0158.raw,3,8,2,5,0,870,1.6697349548339844,54272,290596,571,OK,2026-03-19 07:03:03
571,D:\6S2\Thesis\7 dataset\hama3_split_raw\test\5\0085.raw,2,5,2,5,1,869,1.672515869140625,54272,290596,572,OK,2026-03-19 07:03:07
572,D:\6S2\Thesis\7 dataset\hama3_split_raw\test\9\0100.raw,4,9,4,9,1,870,1.6724982261657715,54272,290596,573,OK,2026-03-19 07:03:11
573,D:\6S2\Thesis\7 dataset\hama3_split_raw\test\8\0044.raw,3,8,3,8,1,869,1.6729943752288818,54272,290596,574,OK,2026-03-19 07:03:14
574,D:\6S2\Thesis\7 dataset\hama3_split_raw\test\0\0032.raw,0,0,0,0,1,869,1.6720573902130127,54272,290596,575,OK,2026-03-19 07:03:18
575,D:\6S2\Thesis\7 dataset\hama3_split_raw\test\5\0024.raw,2,5,2,5,1,870,1.6725690364837646,54272,290596,576,OK,2026-03-19 07:03:22
576,D:\6S2\Thesis\7 dataset\hama3_split_raw\test\3\0028.raw,1,3,1,3,1,870,1.670896291732788,54272,290596,577,OK,2026-03-19 07:03:25
577,D:\6S2\Thesis\7 dataset\hama3_split_raw\test\3\0017.raw,1,3,1,3,1,870,1.6748301982879639,54272,290596,578,OK,2026-03-19 07:03:29
578,D:\6S2\Thesis\7 dataset\hama3_split_raw\test\3\0108.raw,1,3,0,0,0,869,1.6732478141784668,54272,290596,579,OK,2026-03-19 07:03:33
579,D:\6S2\Thesis\7 dataset\hama3_split_raw\test\8\0176.raw,3,8,3,8,1,870,1.6730554103851318,54272,290596,580,OK,2026-03-19 07:03:37
580,D:\6S2\Thesis\7 dataset\hama3_split_raw\test\9\0070.raw,4,9,4,9,1,869,1.6726346015930176,54272,290596,581,OK,2026-03-19 07:03:40
581,D:\6S2\Thesis\7 dataset\hama3_split_raw\test\0\0024.raw,0,0,0,0,1,869,1.6727614402770996,54272,290596,582,OK,2026-03-19 07:03:44
582,D:\6S2\Thesis\7 dataset\hama3_split_raw\test\5\0080.raw,2,5,2,5,1,869,1.6721830368041992,54272,290596,583,OK,2026-03-19 07:03:48
583,D:\6S2\Thesis\7 dataset\hama3_split_raw\test\5\0039.raw,2,5,2,5,1,870,1.672973871231079,54272,290596,584,OK,2026-03-19 07:03:51
584,D:\6S2\Thesis\7 dataset\hama3_split_raw\test\9\0070.raw,4,9,4,9,1,870,1.6728129386901855,54272,290596,585,OK,2026-03-19 07:03:55
585,D:\6S2\Thesis\7 dataset\hama3_split_raw\test\9\0101.raw,4,9,4,9,1,869,1.6728010177612305,54272,290596,586,OK,2026-03-19 07:03:59
586,D:\6S2\Thesis\7 dataset\hama3_split_raw\test\5\0060.raw,2,5,2,5,1,869,1.6730942726135254,54272,290596,587,OK,2026-03-19 07:04:02
587,D:\6S2\Thesis\7 dataset\hama3_split_raw\test\9\0096.raw,4,9,4,9,1,870,1.6731433868408203,54272,290596,588,OK,2026-03-19 07:04:06
588,D:\6S2\Thesis\7 dataset\hama3_split_raw\test\9\0039.raw,4,9,4,9,1,870,1.6740574836730957,54272,290596,589,OK,2026-03-19 07:04:10
589,D:\6S2\Thesis\7 dataset\hama3_split_raw\test\8\0033.raw,3,8,3,8,1,869,1.6706278324127197,54272,290596,590,OK,2026-03-19 07:04:14
590,D:\6S2\Thesis\7 dataset\hama3_split_raw\test\9\0065.raw,4,9,2,5,0,869,1.6731090545654297,54272,290596,591,OK,2026-03-19 07:04:17
591,D:\6S2\Thesis\7 dataset\hama3_split_raw\test\0\0045.raw,0,0,0,0,1,869,1.67098069190979,54272,290596,592,OK,2026-03-19 07:04:21
592,D:\6S2\Thesis\7 dataset\hama3_split_raw\test\8\0032.raw,3,8,2,5,0,869,1.669355869293213,54272,290596,593,OK,2026-03-19 07:04:25
593,D:\6S2\Thesis\7 dataset\hama3_split_raw\test\5\0046.raw,2,5,4,9,0,869,1.6721863746643066,54272,290596,594,OK,2026-03-19 07:04:28
594,D:\6S2\Thesis\7 dataset\hama3_split_raw\test\9\0009.raw,4,9,0,0,0,870,1.6729762554168701,54272,290596,595,OK,2026-03-19 07:04:32
595,D:\6S2\Thesis\7 dataset\hama3_split_raw\test\5\0112.raw,2,5,2,5,1,869,1.673314094543457,54272,290596,596,OK,2026-03-19 07:04:36
596,D:\6S2\Thesis\7 dataset\hama3_split_raw\test\5\0099.raw,2,5,2,5,1,869,1.6717371940612793,54272,290596,597,OK,2026-03-19 07:04:39
597,D:\6S2\Thesis\7 dataset\hama3_split_raw\test\5\0087.raw,2,5,2,5,1,869,1.6729836463928223,54272,290596,598,OK,2026-03-19 07:04:43
598,D:\6S2\Thesis\7 dataset\hama3_split_raw\test\3\0006.raw,1,3,1,3,1,869,1.6722195148468018,54272,290596,599,OK,2026-03-19 07:04:47
599,D:\6S2\Thesis\7 dataset\hama3_split_raw\test\9\0087.raw,4,9,4,9,1,870,1.6726303100585938,54272,290596,600,OK,2026-03-19 07:04:50
600,D:\6S2\Thesis\7 dataset\hama3_split_raw\test\9\0038.raw,4,9,2,5,0,869,1.6728596687316895,54272,290596,601,OK,2026-03-19 07:04:54
601,D:\6S2\Thesis\7 dataset\hama3_split_raw\test\8\0094.raw,3,8,3,8,1,869,1.6734282970428467,54272,290596,602,OK,2026-03-19 07:04:58
602,D:\6S2\Thesis\7 dataset\hama3_split_raw\test\5\0103.raw,2,5,2,5,1,870,1.6722853183746338,54272,290596,603,OK,2026-03-19 07:05:01
603,D:\6S2\Thesis\7 dataset\hama3_split_raw\test\3\0032.raw,1,3,2,5,0,870,1.6726551055908203,54272,290596,604,OK,2026-03-19 07:05:05
604,D:\6S2\Thesis\7 dataset\hama3_split_raw\test\9\0088.raw,4,9,4,9,1,870,1.6719300746917725,54272,290596,605,OK,2026-03-19 07:05:09
605,D:\6S2\Thesis\7 dataset\hama3_split_raw\test\3\0105.raw,1,3,1,3,1,869,1.6728670597076416,54272,290596,606,OK,2026-03-19 07:05:12
606,D:\6S2\Thesis\7 dataset\hama3_split_raw\test\5\0097.raw,2,5,2,5,1,869,1.6722757816314697,54272,290596,607,OK,2026-03-19 07:05:16
607,D:\6S2\Thesis\7 dataset\hama3_split_raw\test\0\0017.raw,0,0,0,0,1,869,1.6725091934204102,54272,290596,608,OK,2026-03-19 07:05:20
608,D:\6S2\Thesis\7 dataset\hama3_split_raw\test\9\0049.raw,4,9,4,9,1,869,1.6723535060882568,54272,290596,609,OK,2026-03-19 07:05:23
609,D:\6S2\Thesis\7 dataset\hama3_split_raw\test\9\0100.raw,4,9,4,9,1,870,1.6718597412109375,54272,290596,610,OK,2026-03-19 07:05:27
610,D:\6S2\Thesis\7 dataset\hama3_split_raw\test\8\0153.raw,3,8,3,8,1,869,1.6727068424224854,54272,290596,611,OK,2026-03-19 07:05:31
611,D:\6S2\Thesis\7 dataset\hama3_split_raw\test\5\0107.raw,2,5,1,3,0,869,1.6723778247833252,54272,290596,612,OK,2026-03-19 07:05:34
612,D:\6S2\Thesis\7 dataset\hama3_split_raw\test\5\0113.raw,2,5,2,5,1,869,1.672764778137207,54272,290596,613,OK,2026-03-19 07:05:38
613,D:\6S2\Thesis\7 dataset\hama3_split_raw\test\8\0057.raw,3,8,3,8,1,870,1.6708698272705078,54272,290596,614,OK,2026-03-19 07:05:42
614,D:\6S2\Thesis\7 dataset\hama3_split_raw\test\3\0042.raw,1,3,1,3,1,869,1.6732008457183838,54272,290596,615,OK,2026-03-19 07:05:46
615,D:\6S2\Thesis\7 dataset\hama3_split_raw\test\9\0065.raw,4,9,2,5,0,870,1.6727123260498047,54272,290596,616,OK,2026-03-19 07:05:49
616,D:\6S2\Thesis\7 dataset\hama3_split_raw\test\5\0013.raw,2,5,2,5,1,869,1.6722867488861084,54272,290596,617,OK,2026-03-19 07:05:53
617,D:\6S2\Thesis\7 dataset\hama3_split_raw\test\3\0013.raw,1,3,2,5,0,870,1.6727542877197266,54272,290596,618,OK,2026-03-19 07:05:57
618,D:\6S2\Thesis\7 dataset\hama3_split_raw\test\9\0092.raw,4,9,0,0,0,870,1.6721680164337158,54272,290596,619,OK,2026-03-19 07:06:00
619,D:\6S2\Thesis\7 dataset\hama3_split_raw\test\3\0087.raw,1,3,0,0,0,869,1.6743605136871338,54272,290596,620,OK,2026-03-19 07:06:04
620,D:\6S2\Thesis\7 dataset\hama3_split_raw\test\9\0054.raw,4,9,4,9,1,869,1.672461986541748,54272,290596,621,OK,2026-03-19 07:06:08
621,D:\6S2\Thesis\7 dataset\hama3_split_raw\test\5\0047.raw,2,5,2,5,1,869,1.6728200912475586,54272,290596,622,OK,2026-03-19 07:06:11
622,D:\6S2\Thesis\7 dataset\hama3_split_raw\test\9\0000.raw,4,9,0,0,0,870,1.672825813293457,54272,290596,623,OK,2026-03-19 07:06:15
623,D:\6S2\Thesis\7 dataset\hama3_split_raw\test\8\0099.raw,3,8,3,8,1,870,1.6706821918487549,54272,290596,624,OK,2026-03-19 07:06:19
624,D:\6S2\Thesis\7 dataset\hama3_split_raw\test\0\0018.raw,0,0,0,0,1,869,1.6722242832183838,54272,290596,625,OK,2026-03-19 07:06:22
625,D:\6S2\Thesis\7 dataset\hama3_split_raw\test\5\0102.raw,2,5,4,9,0,870,1.6727550029754639,54272,290596,626,OK,2026-03-19 07:06:26
626,D:\6S2\Thesis\7 dataset\hama3_split_raw\test\3\0048.raw,1,3,1,3,1,869,1.6711945533752441,54272,290596,627,OK,2026-03-19 07:06:30
627,D:\6S2\Thesis\7 dataset\hama3_split_raw\test\9\0034.raw,4,9,0,0,0,869,1.6726748943328857,54272,290596,628,OK,2026-03-19 07:06:33
628,D:\6S2\Thesis\7 dataset\hama3_split_raw\test\9\0023.raw,4,9,4,9,1,869,1.672696590423584,54272,290596,629,OK,2026-03-19 07:06:37
629,D:\6S2\Thesis\7 dataset\hama3_split_raw\test\9\0103.raw,4,9,4,9,1,869,1.6717896461486816,54272,290596,630,OK,2026-03-19 07:06:41
630,D:\6S2\Thesis\7 dataset\hama3_split_raw\test\3\0017.raw,1,3,1,3,1,870,1.672255516052246,54272,290596,631,OK,2026-03-19 07:06:45
631,D:\6S2\Thesis\7 dataset\hama3_split_raw\test\9\0036.raw,4,9,4,9,1,869,1.672196388244629,54272,290596,632,OK,2026-03-19 07:06:48
632,D:\6S2\Thesis\7 dataset\hama3_split_raw\test\5\0106.raw,2,5,2,5,1,869,1.671701192855835,54272,290596,633,OK,2026-03-19 07:06:52
633,D:\6S2\Thesis\7 dataset\hama3_split_raw\test\8\0174.raw,3,8,3,8,1,869,1.672179937362671,54272,290596,634,OK,2026-03-19 07:06:56
634,D:\6S2\Thesis\7 dataset\hama3_split_raw\test\0\0060.raw,0,0,0,0,1,869,1.671973466873169,54272,290596,635,OK,2026-03-19 07:06:59
635,D:\6S2\Thesis\7 dataset\hama3_split_raw\test\9\0086.raw,4,9,4,9,1,869,1.6723299026489258,54272,290596,636,OK,2026-03-19 07:07:03
636,D:\6S2\Thesis\7 dataset\hama3_split_raw\test\5\0031.raw,2,5,2,5,1,869,1.672325849533081,54272,290596,637,OK,2026-03-19 07:07:07
637,D:\6S2\Thesis\7 dataset\hama3_split_raw\test\9\0076.raw,4,9,4,9,1,869,1.6723217964172363,54272,290596,638,OK,2026-03-19 07:07:10
638,D:\6S2\Thesis\7 dataset\hama3_split_raw\test\8\0174.raw,3,8,3,8,1,869,1.6727025508880615,54272,290596,639,OK,2026-03-19 07:07:14
639,D:\6S2\Thesis\7 dataset\hama3_split_raw\test\5\0058.raw,2,5,4,9,0,870,1.673872709274292,54272,290596,640,OK,2026-03-19 07:07:18
640,D:\6S2\Thesis\7 dataset\hama3_split_raw\test\0\0088.raw,0,0,0,0,1,869,1.6721925735473633,54272,290596,641,OK,2026-03-19 07:07:21
641,D:\6S2\Thesis\7 dataset\hama3_split_raw\test\3\0108.raw,1,3,0,0,0,869,1.6736576557159424,54272,290596,642,OK,2026-03-19 07:07:25
642,D:\6S2\Thesis\7 dataset\hama3_split_raw\test\0\0045.raw,0,0,0,0,1,869,1.670863389968872,54272,290596,643,OK,2026-03-19 07:07:29
643,D:\6S2\Thesis\7 dataset\hama3_split_raw\test\3\0028.raw,1,3,1,3,1,869,1.6722826957702637,54272,290596,644,OK,2026-03-19 07:07:32
644,D:\6S2\Thesis\7 dataset\hama3_split_raw\test\8\0143.raw,3,8,3,8,1,870,1.6731030941009521,54272,290596,645,OK,2026-03-19 07:07:36
645,D:\6S2\Thesis\7 dataset\hama3_split_raw\test\3\0012.raw,1,3,0,0,0,869,1.6722278594970703,54272,290596,646,OK,2026-03-19 07:07:40
646,D:\6S2\Thesis\7 dataset\hama3_split_raw\test\9\0052.raw,4,9,4,9,1,870,1.6726810932159424,54272,290596,647,OK,2026-03-19 07:07:43
647,D:\6S2\Thesis\7 dataset\hama3_split_raw\test\5\0083.raw,2,5,0,0,0,869,1.6723544597625732,54272,290596,648,OK,2026-03-19 07:07:47
648,D:\6S2\Thesis\7 dataset\hama3_split_raw\test\3\0109.raw,1,3,1,3,1,870,1.6711184978485107,54272,290596,649,OK,2026-03-19 07:07:51
649,D:\6S2\Thesis\7 dataset\hama3_split_raw\test\3\0106.raw,1,3,0,0,0,870,1.672374963760376,54272,290596,650,OK,2026-03-19 07:07:55
650,D:\6S2\Thesis\7 dataset\hama3_split_raw\test\0\0018.raw,0,0,0,0,1,870,1.670849084854126,54272,290596,651,OK,2026-03-19 07:07:58
651,D:\6S2\Thesis\7 dataset\hama3_split_raw\test\5\0021.raw,2,5,2,5,1,869,1.6733989715576172,54272,290596,652,OK,2026-03-19 07:08:02
652,D:\6S2\Thesis\7 dataset\hama3_split_raw\test\9\0092.raw,4,9,0,0,0,869,1.6714146137237549,54272,290596,653,OK,2026-03-19 07:08:06
653,D:\6S2\Thesis\7 dataset\hama3_split_raw\test\3\0012.raw,1,3,0,0,0,870,1.672964334487915,54272,290596,654,OK,2026-03-19 07:08:09
654,D:\6S2\Thesis\7 dataset\hama3_split_raw\test\3\0006.raw,1,3,1,3,1,869,1.6719427108764648,54272,290596,655,OK,2026-03-19 07:08:13
655,D:\6S2\Thesis\7 dataset\hama3_split_raw\test\9\0004.raw,4,9,2,5,0,869,1.6729023456573486,54272,290596,656,OK,2026-03-19 07:08:17
656,D:\6S2\Thesis\7 dataset\hama3_split_raw\test\9\0052.raw,4,9,4,9,1,870,1.6718323230743408,54272,290596,657,OK,2026-03-19 07:08:20
657,D:\6S2\Thesis\7 dataset\hama3_split_raw\test\8\0087.raw,3,8,3,8,1,869,1.6701982021331787,54272,290596,658,OK,2026-03-19 07:08:24
658,D:\6S2\Thesis\7 dataset\hama3_split_raw\test\5\0095.raw,2,5,2,5,1,870,1.673506498336792,54272,290596,659,OK,2026-03-19 07:08:28
659,D:\6S2\Thesis\7 dataset\hama3_split_raw\test\9\0087.raw,4,9,4,9,1,870,1.6721174716949463,54272,290596,660,OK,2026-03-19 07:08:31
660,D:\6S2\Thesis\7 dataset\hama3_split_raw\test\8\0101.raw,3,8,3,8,1,870,1.6726791858673096,54272,290596,661,OK,2026-03-19 07:08:35
661,D:\6S2\Thesis\7 dataset\hama3_split_raw\test\5\0053.raw,2,5,2,5,1,870,1.6739256381988525,54272,290596,662,OK,2026-03-19 07:08:39
662,D:\6S2\Thesis\7 dataset\hama3_split_raw\test\5\0039.raw,2,5,2,5,1,869,1.6723883152008057,54272,290596,663,OK,2026-03-19 07:08:42
663,D:\6S2\Thesis\7 dataset\hama3_split_raw\test\0\0055.raw,0,0,0,0,1,869,1.6720948219299316,54272,290596,664,OK,2026-03-19 07:08:46
664,D:\6S2\Thesis\7 dataset\hama3_split_raw\test\9\0040.raw,4,9,1,3,0,869,1.672579050064087,54272,290596,665,OK,2026-03-19 07:08:50
665,D:\6S2\Thesis\7 dataset\hama3_split_raw\test\0\0038.raw,0,0,3,8,0,869,1.671617031097412,54272,290596,666,OK,2026-03-19 07:08:53
666,D:\6S2\Thesis\7 dataset\hama3_split_raw\test\0\0086.raw,0,0,0,0,1,869,1.672015905380249,54272,290596,667,OK,2026-03-19 07:08:57
667,D:\6S2\Thesis\7 dataset\hama3_split_raw\test\5\0102.raw,2,5,4,9,0,869,1.6716604232788086,54272,290596,668,OK,2026-03-19 07:09:01
668,D:\6S2\Thesis\7 dataset\hama3_split_raw\test\9\0040.raw,4,9,1,3,0,869,1.6723766326904297,54272,290596,669,OK,2026-03-19 07:09:05
669,D:\6S2\Thesis\7 dataset\hama3_split_raw\test\0\0062.raw,0,0,3,8,0,869,1.672400712966919,54272,290596,670,OK,2026-03-19 07:09:08
670,D:\6S2\Thesis\7 dataset\hama3_split_raw\test\5\0026.raw,2,5,2,5,1,869,1.6719269752502441,54272,290596,671,OK,2026-03-19 07:09:12
671,D:\6S2\Thesis\7 dataset\hama3_split_raw\test\9\0005.raw,4,9,0,0,0,870,1.6720433235168457,54272,290596,672,OK,2026-03-19 07:09:16
672,D:\6S2\Thesis\7 dataset\hama3_split_raw\test\3\0018.raw,1,3,1,3,1,869,1.6720366477966309,54272,290596,673,OK,2026-03-19 07:09:19
673,D:\6S2\Thesis\7 dataset\hama3_split_raw\test\0\0047.raw,0,0,0,0,1,869,1.6728689670562744,54272,290596,674,OK,2026-03-19 07:09:23
674,D:\6S2\Thesis\7 dataset\hama3_split_raw\test\5\0118.raw,2,5,0,0,0,869,1.6728529930114746,54272,290596,675,OK,2026-03-19 07:09:27
675,D:\6S2\Thesis\7 dataset\hama3_split_raw\test\0\0002.raw,0,0,1,3,0,869,1.6726677417755127,54272,290596,676,OK,2026-03-19 07:09:30
676,D:\6S2\Thesis\7 dataset\hama3_split_raw\test\0\0034.raw,0,0,0,0,1,870,1.6734673976898193,54272,290596,677,OK,2026-03-19 07:09:34
677,D:\6S2\Thesis\7 dataset\hama3_split_raw\test\9\0069.raw,4,9,4,9,1,869,1.6722760200500488,54272,290596,678,OK,2026-03-19 07:09:38
678,D:\6S2\Thesis\7 dataset\hama3_split_raw\test\0\0031.raw,0,0,0,0,1,869,1.673814058303833,54272,290596,679,OK,2026-03-19 07:09:41
679,D:\6S2\Thesis\7 dataset\hama3_split_raw\test\0\0038.raw,0,0,3,8,0,869,1.66990065574646,54272,290596,680,OK,2026-03-19 07:09:45
680,D:\6S2\Thesis\7 dataset\hama3_split_raw\test\5\0094.raw,2,5,2,5,1,870,1.672572135925293,54272,290596,681,OK,2026-03-19 07:09:49
681,D:\6S2\Thesis\7 dataset\hama3_split_raw\test\0\0017.raw,0,0,0,0,1,869,1.6728408336639404,54272,290596,682,OK,2026-03-19 07:09:52
682,D:\6S2\Thesis\7 dataset\hama3_split_raw\test\8\0153.raw,3,8,3,8,1,869,1.6717102527618408,54272,290596,683,OK,2026-03-19 07:09:56
683,D:\6S2\Thesis\7 dataset\hama3_split_raw\test\3\0098.raw,1,3,0,0,0,869,1.6723699569702148,54272,290596,684,OK,2026-03-19 07:10:00
684,D:\6S2\Thesis\7 dataset\hama3_split_raw\test\0\0063.raw,0,0,0,0,1,869,1.6719675064086914,54272,290596,685,OK,2026-03-19 07:10:03
685,D:\6S2\Thesis\7 dataset\hama3_split_raw\test\9\0019.raw,4,9,0,0,0,869,1.672365427017212,54272,290596,686,OK,2026-03-19 07:10:07
686,D:\6S2\Thesis\7 dataset\hama3_split_raw\test\8\0176.raw,3,8,3,8,1,869,1.6720964908599854,54272,290596,687,OK,2026-03-19 07:10:11
687,D:\6S2\Thesis\7 dataset\hama3_split_raw\test\3\0042.raw,1,3,1,3,1,869,1.6745877265930176,54272,290596,688,OK,2026-03-19 07:10:14
688,D:\6S2\Thesis\7 dataset\hama3_split_raw\test\0\0039.raw,0,0,0,0,1,870,1.6723768711090088,54272,290596,689,OK,2026-03-19 07:10:18
689,D:\6S2\Thesis\7 dataset\hama3_split_raw\test\0\0004.raw,0,0,0,0,1,869,1.672309160232544,54272,290596,690,OK,2026-03-19 07:10:22
690,D:\6S2\Thesis\7 dataset\hama3_split_raw\test\3\0099.raw,1,3,1,3,1,869,1.6735479831695557,54272,290596,691,OK,2026-03-19 07:10:25
691,D:\6S2\Thesis\7 dataset\hama3_split_raw\test\9\0014.raw,4,9,4,9,1,870,1.6723840236663818,54272,290596,692,OK,2026-03-19 07:10:29
692,D:\6S2\Thesis\7 dataset\hama3_split_raw\test\9\0068.raw,4,9,4,9,1,869,1.6725704669952393,54272,290596,693,OK,2026-03-19 07:10:33
693,D:\6S2\Thesis\7 dataset\hama3_split_raw\test\8\0080.raw,3,8,3,8,1,870,1.672137975692749,54272,290596,694,OK,2026-03-19 07:10:37
694,D:\6S2\Thesis\7 dataset\hama3_split_raw\test\3\0007.raw,1,3,1,3,1,870,1.6722991466522217,54272,290596,695,OK,2026-03-19 07:10:40
695,D:\6S2\Thesis\7 dataset\hama3_split_raw\test\3\0024.raw,1,3,1,3,1,869,1.6725850105285645,54272,290596,696,OK,2026-03-19 07:10:44
696,D:\6S2\Thesis\7 dataset\hama3_split_raw\test\8\0123.raw,3,8,3,8,1,870,1.6739513874053955,54272,290596,697,OK,2026-03-19 07:10:48
697,D:\6S2\Thesis\7 dataset\hama3_split_raw\test\3\0097.raw,1,3,1,3,1,870,1.6719398498535156,54272,290596,698,OK,2026-03-19 07:10:51
698,D:\6S2\Thesis\7 dataset\hama3_split_raw\test\9\0075.raw,4,9,4,9,1,870,1.6745185852050781,54272,290596,699,OK,2026-03-19 07:10:55
699,D:\6S2\Thesis\7 dataset\hama3_split_raw\test\8\0105.raw,3,8,3,8,1,870,1.6728336811065674,54272,290596,700,OK,2026-03-19 07:10:59
700,D:\6S2\Thesis\7 dataset\hama3_split_raw\test\5\0078.raw,2,5,2,5,1,869,1.6731674671173096,54272,290596,701,OK,2026-03-19 07:11:02
701,D:\6S2\Thesis\7 dataset\hama3_split_raw\test\9\0041.raw,4,9,4,9,1,870,1.6738841533660889,54272,290596,702,OK,2026-03-19 07:11:06
702,D:\6S2\Thesis\7 dataset\hama3_split_raw\test\8\0140.raw,3,8,3,8,1,870,1.6726136207580566,54272,290596,703,OK,2026-03-19 07:11:10
703,D:\6S2\Thesis\7 dataset\hama3_split_raw\test\3\0084.raw,1,3,1,3,1,869,1.6726794242858887,54272,290596,704,OK,2026-03-19 07:11:14
704,D:\6S2\Thesis\7 dataset\hama3_split_raw\test\9\0064.raw,4,9,4,9,1,869,1.6726384162902832,54272,290596,705,OK,2026-03-19 07:11:17
705,D:\6S2\Thesis\7 dataset\hama3_split_raw\test\3\0047.raw,1,3,0,0,0,869,1.6723318099975586,54272,290596,706,OK,2026-03-19 07:11:21
706,D:\6S2\Thesis\7 dataset\hama3_split_raw\test\9\0069.raw,4,9,4,9,1,869,1.672842264175415,54272,290596,707,OK,2026-03-19 07:11:25
707,D:\6S2\Thesis\7 dataset\hama3_split_raw\test\8\0173.raw,3,8,3,8,1,869,1.6722586154937744,54272,290596,708,OK,2026-03-19 07:11:28
708,D:\6S2\Thesis\7 dataset\hama3_split_raw\test\8\0150.raw,3,8,0,0,0,869,1.6726200580596924,54272,290596,709,OK,2026-03-19 07:11:32
709,D:\6S2\Thesis\7 dataset\hama3_split_raw\test\8\0020.raw,3,8,3,8,1,869,1.672692060470581,54272,290596,710,OK,2026-03-19 07:11:36
710,D:\6S2\Thesis\7 dataset\hama3_split_raw\test\0\0012.raw,0,0,0,0,1,869,1.672487497329712,54272,290596,711,OK,2026-03-19 07:11:39
711,D:\6S2\Thesis\7 dataset\hama3_split_raw\test\0\0038.raw,0,0,3,8,0,869,1.672849178314209,54272,290596,712,OK,2026-03-19 07:11:43
712,D:\6S2\Thesis\7 dataset\hama3_split_raw\test\8\0012.raw,3,8,3,8,1,869,1.6727941036224365,54272,290596,713,OK,2026-03-19 07:11:47
713,D:\6S2\Thesis\7 dataset\hama3_split_raw\test\5\0059.raw,2,5,3,8,0,869,1.672550916671753,54272,290596,714,OK,2026-03-19 07:11:50
714,D:\6S2\Thesis\7 dataset\hama3_split_raw\test\9\0025.raw,4,9,0,0,0,869,1.6736090183258057,54272,290596,715,OK,2026-03-19 07:11:54
715,D:\6S2\Thesis\7 dataset\hama3_split_raw\test\0\0058.raw,0,0,0,0,1,869,1.672814130783081,54272,290596,716,OK,2026-03-19 07:11:58
716,D:\6S2\Thesis\7 dataset\hama3_split_raw\test\0\0015.raw,0,0,0,0,1,869,1.6726288795471191,54272,290596,717,OK,2026-03-19 07:12:01
717,D:\6S2\Thesis\7 dataset\hama3_split_raw\test\8\0086.raw,3,8,0,0,0,869,1.6726415157318115,54272,290596,718,OK,2026-03-19 07:12:05
718,D:\6S2\Thesis\7 dataset\hama3_split_raw\test\0\0066.raw,0,0,1,3,0,870,1.671767234802246,54272,290596,719,OK,2026-03-19 07:12:09
719,D:\6S2\Thesis\7 dataset\hama3_split_raw\test\9\0069.raw,4,9,4,9,1,870,1.6730027198791504,54272,290596,720,OK,2026-03-19 07:12:12
720,D:\6S2\Thesis\7 dataset\hama3_split_raw\test\3\0088.raw,1,3,1,3,1,869,1.6721611022949219,54272,290596,721,OK,2026-03-19 07:12:16
721,D:\6S2\Thesis\7 dataset\hama3_split_raw\test\9\0064.raw,4,9,4,9,1,869,1.6720800399780273,54272,290596,722,OK,2026-03-19 07:12:20
722,D:\6S2\Thesis\7 dataset\hama3_split_raw\test\9\0033.raw,4,9,4,9,1,869,1.670738697052002,54272,290596,723,OK,2026-03-19 07:12:24
723,D:\6S2\Thesis\7 dataset\hama3_split_raw\test\0\0073.raw,0,0,0,0,1,869,1.6731767654418945,54272,290596,724,OK,2026-03-19 07:12:27
724,D:\6S2\Thesis\7 dataset\hama3_split_raw\test\9\0039.raw,4,9,4,9,1,869,1.6709010601043701,54272,290596,725,OK,2026-03-19 07:12:31
725,D:\6S2\Thesis\7 dataset\hama3_split_raw\test\3\0032.raw,1,3,2,5,0,870,1.6719121932983398,54272,290596,726,OK,2026-03-19 07:12:35
726,D:\6S2\Thesis\7 dataset\hama3_split_raw\test\9\0078.raw,4,9,0,0,0,869,1.6720516681671143,54272,290596,727,OK,2026-03-19 07:12:38
727,D:\6S2\Thesis\7 dataset\hama3_split_raw\test\0\0025.raw,0,0,3,8,0,870,1.6726622581481934,54272,290596,728,OK,2026-03-19 07:12:42
728,D:\6S2\Thesis\7 dataset\hama3_split_raw\test\3\0101.raw,1,3,0,0,0,870,1.6722583770751953,54272,290596,729,OK,2026-03-19 07:12:46
729,D:\6S2\Thesis\7 dataset\hama3_split_raw\test\8\0045.raw,3,8,3,8,1,869,1.6716580390930176,54272,290596,730,OK,2026-03-19 07:12:49
730,D:\6S2\Thesis\7 dataset\hama3_split_raw\test\0\0074.raw,0,0,3,8,0,869,1.6725733280181885,54272,290596,731,OK,2026-03-19 07:12:53
731,D:\6S2\Thesis\7 dataset\hama3_split_raw\test\3\0066.raw,1,3,4,9,0,870,1.6725280284881592,54272,290596,732,OK,2026-03-19 07:12:57
732,D:\6S2\Thesis\7 dataset\hama3_split_raw\test\8\0083.raw,3,8,3,8,1,869,1.6728332042694092,54272,290596,733,OK,2026-03-19 07:13:00
733,D:\6S2\Thesis\7 dataset\hama3_split_raw\test\9\0065.raw,4,9,2,5,0,870,1.670574426651001,54272,290596,734,OK,2026-03-19 07:13:04
734,D:\6S2\Thesis\7 dataset\hama3_split_raw\test\8\0109.raw,3,8,3,8,1,870,1.6731722354888916,54272,290596,735,OK,2026-03-19 07:13:08
735,D:\6S2\Thesis\7 dataset\hama3_split_raw\test\9\0095.raw,4,9,4,9,1,869,1.6709582805633545,54272,290596,736,OK,2026-03-19 07:13:11
736,D:\6S2\Thesis\7 dataset\hama3_split_raw\test\0\0052.raw,0,0,0,0,1,869,1.6721198558807373,54272,290596,737,OK,2026-03-19 07:13:15
737,D:\6S2\Thesis\7 dataset\hama3_split_raw\test\0\0080.raw,0,0,1,3,0,870,1.6730449199676514,54272,290596,738,OK,2026-03-19 07:13:19
738,D:\6S2\Thesis\7 dataset\hama3_split_raw\test\9\0006.raw,4,9,0,0,0,870,1.674414873123169,54272,290596,739,OK,2026-03-19 07:13:22
739,D:\6S2\Thesis\7 dataset\hama3_split_raw\test\3\0017.raw,1,3,1,3,1,869,1.6722559928894043,54272,290596,740,OK,2026-03-19 07:13:26
740,D:\6S2\Thesis\7 dataset\hama3_split_raw\test\9\0016.raw,4,9,4,9,1,870,1.6722922325134277,54272,290596,741,OK,2026-03-19 07:13:30
741,D:\6S2\Thesis\7 dataset\hama3_split_raw\test\0\0048.raw,0,0,0,0,1,869,1.6742630004882812,54272,290596,742,OK,2026-03-19 07:13:33
742,D:\6S2\Thesis\7 dataset\hama3_split_raw\test\0\0080.raw,0,0,1,3,0,869,1.6727933883666992,54272,290596,743,OK,2026-03-19 07:13:37
743,D:\6S2\Thesis\7 dataset\hama3_split_raw\test\3\0009.raw,1,3,0,0,0,869,1.6730332374572754,54272,290596,744,OK,2026-03-19 07:13:41
744,D:\6S2\Thesis\7 dataset\hama3_split_raw\test\3\0001.raw,1,3,1,3,1,869,1.6722302436828613,54272,290596,745,OK,2026-03-19 07:13:45
745,D:\6S2\Thesis\7 dataset\hama3_split_raw\test\9\0078.raw,4,9,0,0,0,870,1.6727771759033203,54272,290596,746,OK,2026-03-19 07:13:48
746,D:\6S2\Thesis\7 dataset\hama3_split_raw\test\5\0046.raw,2,5,4,9,0,869,1.6726040840148926,54272,290596,747,OK,2026-03-19 07:13:52
747,D:\6S2\Thesis\7 dataset\hama3_split_raw\test\8\0036.raw,3,8,3,8,1,870,1.6729040145874023,54272,290596,748,OK,2026-03-19 07:13:56
748,D:\6S2\Thesis\7 dataset\hama3_split_raw\test\9\0024.raw,4,9,4,9,1,869,1.6732509136199951,54272,290596,749,OK,2026-03-19 07:13:59
749,D:\6S2\Thesis\7 dataset\hama3_split_raw\test\8\0125.raw,3,8,3,8,1,869,1.672342300415039,54272,290596,750,OK,2026-03-19 07:14:03
750,D:\6S2\Thesis\7 dataset\hama3_split_raw\test\5\0075.raw,2,5,2,5,1,869,1.672361135482788,54272,290596,751,OK,2026-03-19 07:14:07
751,D:\6S2\Thesis\7 dataset\hama3_split_raw\test\9\0019.raw,4,9,0,0,0,870,1.672621488571167,54272,290596,752,OK,2026-03-19 07:14:10
752,D:\6S2\Thesis\7 dataset\hama3_split_raw\test\0\0055.raw,0,0,0,0,1,869,1.6731257438659668,54272,290596,753,OK,2026-03-19 07:14:14
753,D:\6S2\Thesis\7 dataset\hama3_split_raw\test\8\0140.raw,3,8,3,8,1,870,1.671731948852539,54272,290596,754,OK,2026-03-19 07:14:18
754,D:\6S2\Thesis\7 dataset\hama3_split_raw\test\8\0062.raw,3,8,3,8,1,869,1.6726930141448975,54272,290596,755,OK,2026-03-19 07:14:21
755,D:\6S2\Thesis\7 dataset\hama3_split_raw\test\3\0087.raw,1,3,0,0,0,870,1.672290325164795,54272,290596,756,OK,2026-03-19 07:14:25
756,D:\6S2\Thesis\7 dataset\hama3_split_raw\test\0\0027.raw,0,0,2,5,0,870,1.6727938652038574,54272,290596,757,OK,2026-03-19 07:14:29
757,D:\6S2\Thesis\7 dataset\hama3_split_raw\test\3\0038.raw,1,3,0,0,0,869,1.672759771347046,54272,290596,758,OK,2026-03-19 07:14:32
758,D:\6S2\Thesis\7 dataset\hama3_split_raw\test\0\0019.raw,0,0,0,0,1,870,1.672886848449707,54272,290596,759,OK,2026-03-19 07:14:36
759,D:\6S2\Thesis\7 dataset\hama3_split_raw\test\5\0113.raw,2,5,2,5,1,869,1.6738667488098145,54272,290596,760,OK,2026-03-19 07:14:40
760,D:\6S2\Thesis\7 dataset\hama3_split_raw\test\0\0023.raw,0,0,0,0,1,870,1.6725070476531982,54272,290596,761,OK,2026-03-19 07:14:43
761,D:\6S2\Thesis\7 dataset\hama3_split_raw\test\3\0094.raw,1,3,4,9,0,870,1.6731317043304443,54272,290596,762,OK,2026-03-19 07:14:47
762,D:\6S2\Thesis\7 dataset\hama3_split_raw\test\3\0058.raw,1,3,4,9,0,870,1.67384672164917,54272,290596,763,OK,2026-03-19 07:14:51
763,D:\6S2\Thesis\7 dataset\hama3_split_raw\test\5\0028.raw,2,5,2,5,1,869,1.6733417510986328,54272,290596,764,OK,2026-03-19 07:14:54
764,D:\6S2\Thesis\7 dataset\hama3_split_raw\test\9\0050.raw,4,9,4,9,1,870,1.672333002090454,54272,290596,765,OK,2026-03-19 07:14:58
765,D:\6S2\Thesis\7 dataset\hama3_split_raw\test\3\0051.raw,1,3,1,3,1,869,1.6728484630584717,54272,290596,766,OK,2026-03-19 07:15:02
766,D:\6S2\Thesis\7 dataset\hama3_split_raw\test\9\0013.raw,4,9,3,8,0,869,1.670609951019287,54272,290596,767,OK,2026-03-19 07:15:05
767,D:\6S2\Thesis\7 dataset\hama3_split_raw\test\8\0164.raw,3,8,3,8,1,869,1.6730403900146484,54272,290596,768,OK,2026-03-19 07:15:09
768,D:\6S2\Thesis\7 dataset\hama3_split_raw\test\3\0036.raw,1,3,1,3,1,869,1.6734111309051514,54272,290596,769,OK,2026-03-19 07:15:13
769,D:\6S2\Thesis\7 dataset\hama3_split_raw\test\0\0040.raw,0,0,3,8,0,870,1.6730034351348877,54272,290596,770,OK,2026-03-19 07:15:17
770,D:\6S2\Thesis\7 dataset\hama3_split_raw\test\5\0100.raw,2,5,2,5,1,870,1.6692004203796387,54272,290596,771,OK,2026-03-19 07:15:20
771,D:\6S2\Thesis\7 dataset\hama3_split_raw\test\5\0085.raw,2,5,2,5,1,870,1.6721556186676025,54272,290596,772,OK,2026-03-19 07:15:24
772,D:\6S2\Thesis\7 dataset\hama3_split_raw\test\5\0090.raw,2,5,2,5,1,869,1.6729001998901367,54272,290596,773,OK,2026-03-19 07:15:28
773,D:\6S2\Thesis\7 dataset\hama3_split_raw\test\9\0069.raw,4,9,4,9,1,870,1.6724796295166016,54272,290596,774,OK,2026-03-19 07:15:31
774,D:\6S2\Thesis\7 dataset\hama3_split_raw\test\0\0072.raw,0,0,0,0,1,869,1.672630786895752,54272,290596,775,OK,2026-03-19 07:15:35
775,D:\6S2\Thesis\7 dataset\hama3_split_raw\test\0\0058.raw,0,0,0,0,1,869,1.6726195812225342,54272,290596,776,OK,2026-03-19 07:15:39
776,D:\6S2\Thesis\7 dataset\hama3_split_raw\test\0\0065.raw,0,0,0,0,1,870,1.6729905605316162,54272,290596,777,OK,2026-03-19 07:15:42
777,D:\6S2\Thesis\7 dataset\hama3_split_raw\test\0\0028.raw,0,0,0,0,1,869,1.6729066371917725,54272,290596,778,OK,2026-03-19 07:15:46
778,D:\6S2\Thesis\7 dataset\hama3_split_raw\test\0\0037.raw,0,0,3,8,0,869,1.6735148429870605,54272,290596,779,OK,2026-03-19 07:15:50
779,D:\6S2\Thesis\7 dataset\hama3_split_raw\test\3\0019.raw,1,3,4,9,0,869,1.6725122928619385,54272,290596,780,OK,2026-03-19 07:15:53
780,D:\6S2\Thesis\7 dataset\hama3_split_raw\test\8\0152.raw,3,8,3,8,1,869,1.6725735664367676,54272,290596,781,OK,2026-03-19 07:15:57
781,D:\6S2\Thesis\7 dataset\hama3_split_raw\test\5\0042.raw,2,5,2,5,1,869,1.67317533493042,54272,290596,782,OK,2026-03-19 07:16:01
782,D:\6S2\Thesis\7 dataset\hama3_split_raw\test\9\0055.raw,4,9,3,8,0,870,1.6718039512634277,54272,290596,783,OK,2026-03-19 07:16:04
783,D:\6S2\Thesis\7 dataset\hama3_split_raw\test\8\0141.raw,3,8,3,8,1,869,1.6723361015319824,54272,290596,784,OK,2026-03-19 07:16:08
784,D:\6S2\Thesis\7 dataset\hama3_split_raw\test\3\0091.raw,1,3,3,8,0,869,1.6719169616699219,54272,290596,785,OK,2026-03-19 07:16:12
785,D:\6S2\Thesis\7 dataset\hama3_split_raw\test\5\0073.raw,2,5,2,5,1,869,1.6726841926574707,54272,290596,786,OK,2026-03-19 07:16:16
786,D:\6S2\Thesis\7 dataset\hama3_split_raw\test\5\0006.raw,2,5,2,5,1,869,1.6729378700256348,54272,290596,787,OK,2026-03-19 07:16:19
787,D:\6S2\Thesis\7 dataset\hama3_split_raw\test\5\0096.raw,2,5,2,5,1,870,1.6723029613494873,54272,290596,788,OK,2026-03-19 07:16:23
788,D:\6S2\Thesis\7 dataset\hama3_split_raw\test\9\0001.raw,4,9,4,9,1,869,1.6725006103515625,54272,290596,789,OK,2026-03-19 07:16:27
789,D:\6S2\Thesis\7 dataset\hama3_split_raw\test\5\0009.raw,2,5,3,8,0,869,1.6729240417480469,54272,290596,790,OK,2026-03-19 07:16:30
790,D:\6S2\Thesis\7 dataset\hama3_split_raw\test\5\0033.raw,2,5,2,5,1,870,1.670180320739746,54272,290596,791,OK,2026-03-19 07:16:34
791,D:\6S2\Thesis\7 dataset\hama3_split_raw\test\9\0070.raw,4,9,4,9,1,870,1.6731884479522705,54272,290596,792,OK,2026-03-19 07:16:38
792,D:\6S2\Thesis\7 dataset\hama3_split_raw\test\8\0072.raw,3,8,3,8,1,869,1.6735260486602783,54272,290596,793,OK,2026-03-19 07:16:41
793,D:\6S2\Thesis\7 dataset\hama3_split_raw\test\5\0060.raw,2,5,2,5,1,870,1.6719212532043457,54272,290596,794,OK,2026-03-19 07:16:45
794,D:\6S2\Thesis\7 dataset\hama3_split_raw\test\9\0032.raw,4,9,0,0,0,870,1.6734075546264648,54272,290596,795,OK,2026-03-19 07:16:49
795,D:\6S2\Thesis\7 dataset\hama3_split_raw\test\0\0069.raw,0,0,0,0,1,869,1.6718740463256836,54272,290596,796,OK,2026-03-19 07:16:52
796,D:\6S2\Thesis\7 dataset\hama3_split_raw\test\3\0110.raw,1,3,0,0,0,870,1.672548532485962,54272,290596,797,OK,2026-03-19 07:16:56
797,D:\6S2\Thesis\7 dataset\hama3_split_raw\test\9\0075.raw,4,9,4,9,1,870,1.672546148300171,54272,290596,798,OK,2026-03-19 07:17:00
798,D:\6S2\Thesis\7 dataset\hama3_split_raw\test\3\0108.raw,1,3,0,0,0,869,1.6731176376342773,54272,290596,799,OK,2026-03-19 07:17:03
799,D:\6S2\Thesis\7 dataset\hama3_split_raw\test\8\0172.raw,3,8,4,9,0,869,1.672410488128662,54272,290596,800,OK,2026-03-19 07:17:07
800,D:\6S2\Thesis\7 dataset\hama3_split_raw\test\3\0002.raw,1,3,2,5,0,870,1.6725387573242188,54272,290596,801,OK,2026-03-19 07:17:11
801,D:\6S2\Thesis\7 dataset\hama3_split_raw\test\8\0057.raw,3,8,3,8,1,869,1.672893762588501,54272,290596,802,OK,2026-03-19 07:17:14
802,D:\6S2\Thesis\7 dataset\hama3_split_raw\test\8\0055.raw,3,8,3,8,1,869,1.6730635166168213,54272,290596,803,OK,2026-03-19 07:17:18
803,D:\6S2\Thesis\7 dataset\hama3_split_raw\test\3\0020.raw,1,3,0,0,0,869,1.6722500324249268,54272,290596,804,OK,2026-03-19 07:17:22
804,D:\6S2\Thesis\7 dataset\hama3_split_raw\test\8\0090.raw,3,8,3,8,1,870,1.6718194484710693,54272,290596,805,OK,2026-03-19 07:17:25
805,D:\6S2\Thesis\7 dataset\hama3_split_raw\test\3\0100.raw,1,3,3,8,0,870,1.6722338199615479,54272,290596,806,OK,2026-03-19 07:17:29
806,D:\6S2\Thesis\7 dataset\hama3_split_raw\test\9\0092.raw,4,9,0,0,0,870,1.6729445457458496,54272,290596,807,OK,2026-03-19 07:17:33
807,D:\6S2\Thesis\7 dataset\hama3_split_raw\test\5\0055.raw,2,5,2,5,1,870,1.672367811203003,54272,290596,808,OK,2026-03-19 07:17:37
808,D:\6S2\Thesis\7 dataset\hama3_split_raw\test\9\0036.raw,4,9,4,9,1,869,1.6723802089691162,54272,290596,809,OK,2026-03-19 07:17:40
809,D:\6S2\Thesis\7 dataset\hama3_split_raw\test\8\0066.raw,3,8,3,8,1,869,1.6720645427703857,54272,290596,810,OK,2026-03-19 07:17:44
810,D:\6S2\Thesis\7 dataset\hama3_split_raw\test\5\0033.raw,2,5,2,5,1,869,1.6722216606140137,54272,290596,811,OK,2026-03-19 07:17:48
811,D:\6S2\Thesis\7 dataset\hama3_split_raw\test\9\0069.raw,4,9,4,9,1,870,1.672778844833374,54272,290596,812,OK,2026-03-19 07:17:51
812,D:\6S2\Thesis\7 dataset\hama3_split_raw\test\0\0050.raw,0,0,0,0,1,869,1.6725666522979736,54272,290596,813,OK,2026-03-19 07:17:55
813,D:\6S2\Thesis\7 dataset\hama3_split_raw\test\8\0104.raw,3,8,0,0,0,870,1.6734590530395508,54272,290596,814,OK,2026-03-19 07:17:59
814,D:\6S2\Thesis\7 dataset\hama3_split_raw\test\0\0052.raw,0,0,0,0,1,869,1.670593500137329,54272,290596,815,OK,2026-03-19 07:18:02
815,D:\6S2\Thesis\7 dataset\hama3_split_raw\test\3\0057.raw,1,3,4,9,0,870,1.6723289489746094,54272,290596,816,OK,2026-03-19 07:18:06
816,D:\6S2\Thesis\7 dataset\hama3_split_raw\test\5\0049.raw,2,5,2,5,1,869,1.6719856262207031,54272,290596,817,OK,2026-03-19 07:18:10
817,D:\6S2\Thesis\7 dataset\hama3_split_raw\test\5\0020.raw,2,5,2,5,1,870,1.6718616485595703,54272,290596,818,OK,2026-03-19 07:18:13
818,D:\6S2\Thesis\7 dataset\hama3_split_raw\test\3\0092.raw,1,3,1,3,1,870,1.671950340270996,54272,290596,819,OK,2026-03-19 07:18:17
819,D:\6S2\Thesis\7 dataset\hama3_split_raw\test\8\0114.raw,3,8,3,8,1,870,1.6723401546478271,54272,290596,820,OK,2026-03-19 07:18:21
820,D:\6S2\Thesis\7 dataset\hama3_split_raw\test\3\0020.raw,1,3,0,0,0,869,1.6727852821350098,54272,290596,821,OK,2026-03-19 07:18:25
821,D:\6S2\Thesis\7 dataset\hama3_split_raw\test\8\0009.raw,3,8,3,8,1,870,1.672283411026001,54272,290596,822,OK,2026-03-19 07:18:28
822,D:\6S2\Thesis\7 dataset\hama3_split_raw\test\3\0091.raw,1,3,3,8,0,870,1.6722898483276367,54272,290596,823,OK,2026-03-19 07:18:32
823,D:\6S2\Thesis\7 dataset\hama3_split_raw\test\3\0053.raw,1,3,2,5,0,869,1.670997142791748,54272,290596,824,OK,2026-03-19 07:18:36
824,D:\6S2\Thesis\7 dataset\hama3_split_raw\test\3\0109.raw,1,3,1,3,1,869,1.6720306873321533,54272,290596,825,OK,2026-03-19 07:18:39
825,D:\6S2\Thesis\7 dataset\hama3_split_raw\test\0\0087.raw,0,0,0,0,1,870,1.6742475032806396,54272,290596,826,OK,2026-03-19 07:18:43
826,D:\6S2\Thesis\7 dataset\hama3_split_raw\test\3\0043.raw,1,3,1,3,1,869,1.6720805168151855,54272,290596,827,OK,2026-03-19 07:18:47
827,D:\6S2\Thesis\7 dataset\hama3_split_raw\test\8\0110.raw,3,8,3,8,1,869,1.6722376346588135,54272,290596,828,OK,2026-03-19 07:18:50
828,D:\6S2\Thesis\7 dataset\hama3_split_raw\test\5\0049.raw,2,5,2,5,1,869,1.6718053817749023,54272,290596,829,OK,2026-03-19 07:18:54
829,D:\6S2\Thesis\7 dataset\hama3_split_raw\test\3\0067.raw,1,3,1,3,1,870,1.672269344329834,54272,290596,830,OK,2026-03-19 07:18:58
830,D:\6S2\Thesis\7 dataset\hama3_split_raw\test\0\0075.raw,0,0,0,0,1,869,1.6723570823669434,54272,290596,831,OK,2026-03-19 07:19:01
831,D:\6S2\Thesis\7 dataset\hama3_split_raw\test\8\0087.raw,3,8,3,8,1,869,1.6725730895996094,54272,290596,832,OK,2026-03-19 07:19:05
832,D:\6S2\Thesis\7 dataset\hama3_split_raw\test\9\0011.raw,4,9,4,9,1,870,1.6744592189788818,54272,290596,833,OK,2026-03-19 07:19:09
833,D:\6S2\Thesis\7 dataset\hama3_split_raw\test\0\0057.raw,0,0,0,0,1,870,1.6726596355438232,54272,290596,834,OK,2026-03-19 07:19:12
834,D:\6S2\Thesis\7 dataset\hama3_split_raw\test\5\0011.raw,2,5,2,5,1,869,1.6718528270721436,54272,290596,835,OK,2026-03-19 07:19:16
835,D:\6S2\Thesis\7 dataset\hama3_split_raw\test\0\0019.raw,0,0,0,0,1,870,1.6722710132598877,54272,290596,836,OK,2026-03-19 07:19:20
836,D:\6S2\Thesis\7 dataset\hama3_split_raw\test\5\0066.raw,2,5,2,5,1,870,1.6723248958587646,54272,290596,837,OK,2026-03-19 07:19:23
837,D:\6S2\Thesis\7 dataset\hama3_split_raw\test\8\0050.raw,3,8,3,8,1,869,1.6725432872772217,54272,290596,838,OK,2026-03-19 07:19:27
838,D:\6S2\Thesis\7 dataset\hama3_split_raw\test\3\0013.raw,1,3,2,5,0,869,1.6720008850097656,54272,290596,839,OK,2026-03-19 07:19:31
839,D:\6S2\Thesis\7 dataset\hama3_split_raw\test\0\0029.raw,0,0,0,0,1,870,1.6729295253753662,54272,290596,840,OK,2026-03-19 07:19:34
840,D:\6S2\Thesis\7 dataset\hama3_split_raw\test\8\0080.raw,3,8,3,8,1,869,1.6707453727722168,54272,290596,841,OK,2026-03-19 07:19:38
841,D:\6S2\Thesis\7 dataset\hama3_split_raw\test\0\0087.raw,0,0,0,0,1,869,1.6735877990722656,54272,290596,842,OK,2026-03-19 07:19:42
842,D:\6S2\Thesis\7 dataset\hama3_split_raw\test\5\0094.raw,2,5,2,5,1,869,1.67215895652771,54272,290596,843,OK,2026-03-19 07:19:46
843,D:\6S2\Thesis\7 dataset\hama3_split_raw\test\0\0081.raw,0,0,0,0,1,870,1.6716852188110352,54272,290596,844,OK,2026-03-19 07:19:49
844,D:\6S2\Thesis\7 dataset\hama3_split_raw\test\5\0117.raw,2,5,3,8,0,869,1.6720781326293945,54272,290596,845,OK,2026-03-19 07:19:53
845,D:\6S2\Thesis\7 dataset\hama3_split_raw\test\5\0057.raw,2,5,2,5,1,869,1.673020601272583,54272,290596,846,OK,2026-03-19 07:19:57
846,D:\6S2\Thesis\7 dataset\hama3_split_raw\test\0\0024.raw,0,0,0,0,1,869,1.671952486038208,54272,290596,847,OK,2026-03-19 07:20:00
847,D:\6S2\Thesis\7 dataset\hama3_split_raw\test\5\0082.raw,2,5,2,5,1,869,1.6718688011169434,54272,290596,848,OK,2026-03-19 07:20:04
848,D:\6S2\Thesis\7 dataset\hama3_split_raw\test\8\0029.raw,3,8,0,0,0,869,1.671804428100586,54272,290596,849,OK,2026-03-19 07:20:08
849,D:\6S2\Thesis\7 dataset\hama3_split_raw\test\9\0043.raw,4,9,4,9,1,870,1.6737592220306396,54272,290596,850,OK,2026-03-19 07:20:11
850,D:\6S2\Thesis\7 dataset\hama3_split_raw\test\0\0031.raw,0,0,0,0,1,869,1.6712892055511475,54272,290596,851,OK,2026-03-19 07:20:15
851,D:\6S2\Thesis\7 dataset\hama3_split_raw\test\8\0159.raw,3,8,3,8,1,870,1.6702837944030762,54272,290596,852,OK,2026-03-19 07:20:19
852,D:\6S2\Thesis\7 dataset\hama3_split_raw\test\9\0013.raw,4,9,3,8,0,869,1.6733109951019287,54272,290596,853,OK,2026-03-19 07:20:22
853,D:\6S2\Thesis\7 dataset\hama3_split_raw\test\8\0077.raw,3,8,3,8,1,869,1.6728014945983887,54272,290596,854,OK,2026-03-19 07:20:26
854,D:\6S2\Thesis\7 dataset\hama3_split_raw\test\9\0022.raw,4,9,4,9,1,869,1.6714305877685547,54272,290596,855,OK,2026-03-19 07:20:30
855,D:\6S2\Thesis\7 dataset\hama3_split_raw\test\8\0174.raw,3,8,3,8,1,870,1.6735894680023193,54272,290596,856,OK,2026-03-19 07:20:33
856,D:\6S2\Thesis\7 dataset\hama3_split_raw\test\8\0066.raw,3,8,3,8,1,869,1.6726329326629639,54272,290596,857,OK,2026-03-19 07:20:37
857,D:\6S2\Thesis\7 dataset\hama3_split_raw\test\3\0090.raw,1,3,1,3,1,869,1.6719439029693604,54272,290596,858,OK,2026-03-19 07:20:41
858,D:\6S2\Thesis\7 dataset\hama3_split_raw\test\9\0079.raw,4,9,4,9,1,869,1.6717891693115234,54272,290596,859,OK,2026-03-19 07:20:44
859,D:\6S2\Thesis\7 dataset\hama3_split_raw\test\5\0059.raw,2,5,3,8,0,869,1.6716673374176025,54272,290596,860,OK,2026-03-19 07:20:48
860,D:\6S2\Thesis\7 dataset\hama3_split_raw\test\0\0049.raw,0,0,1,3,0,869,1.6718759536743164,54272,290596,861,OK,2026-03-19 07:20:52
861,D:\6S2\Thesis\7 dataset\hama3_split_raw\test\9\0030.raw,4,9,3,8,0,869,1.6718766689300537,54272,290596,862,OK,2026-03-19 07:20:56
862,D:\6S2\Thesis\7 dataset\hama3_split_raw\test\5\0033.raw,2,5,2,5,1,869,1.6724178791046143,54272,290596,863,OK,2026-03-19 07:20:59
863,D:\6S2\Thesis\7 dataset\hama3_split_raw\test\3\0062.raw,1,3,1,3,1,870,1.6724562644958496,54272,290596,864,OK,2026-03-19 07:21:03
864,D:\6S2\Thesis\7 dataset\hama3_split_raw\test\5\0060.raw,2,5,2,5,1,870,1.6719872951507568,54272,290596,865,OK,2026-03-19 07:21:07
865,D:\6S2\Thesis\7 dataset\hama3_split_raw\test\0\0086.raw,0,0,0,0,1,869,1.6720426082611084,54272,290596,866,OK,2026-03-19 07:21:10
866,D:\6S2\Thesis\7 dataset\hama3_split_raw\test\5\0082.raw,2,5,2,5,1,869,1.6724085807800293,54272,290596,867,OK,2026-03-19 07:21:14
867,D:\6S2\Thesis\7 dataset\hama3_split_raw\test\3\0097.raw,1,3,1,3,1,869,1.6715779304504395,54272,290596,868,OK,2026-03-19 07:21:18
868,D:\6S2\Thesis\7 dataset\hama3_split_raw\test\9\0066.raw,4,9,4,9,1,870,1.672339677810669,54272,290596,869,OK,2026-03-19 07:21:21
869,D:\6S2\Thesis\7 dataset\hama3_split_raw\test\3\0069.raw,1,3,1,3,1,869,1.6720356941223145,54272,290596,870,OK,2026-03-19 07:21:25
870,D:\6S2\Thesis\7 dataset\hama3_split_raw\test\0\0026.raw,0,0,0,0,1,870,1.6721179485321045,54272,290596,871,OK,2026-03-19 07:21:29
871,D:\6S2\Thesis\7 dataset\hama3_split_raw\test\3\0017.raw,1,3,1,3,1,870,1.6730155944824219,54272,290596,872,OK,2026-03-19 07:21:32
872,D:\6S2\Thesis\7 dataset\hama3_split_raw\test\5\0115.raw,2,5,2,5,1,869,1.6709771156311035,54272,290596,873,OK,2026-03-19 07:21:36
873,D:\6S2\Thesis\7 dataset\hama3_split_raw\test\8\0071.raw,3,8,3,8,1,869,1.672351598739624,54272,290596,874,OK,2026-03-19 07:21:40
874,D:\6S2\Thesis\7 dataset\hama3_split_raw\test\3\0023.raw,1,3,1,3,1,869,1.669325590133667,54272,290596,875,OK,2026-03-19 07:21:43
875,D:\6S2\Thesis\7 dataset\hama3_split_raw\test\5\0015.raw,2,5,2,5,1,869,1.6693801879882812,54272,290596,876,OK,2026-03-19 07:21:47
876,D:\6S2\Thesis\7 dataset\hama3_split_raw\test\3\0073.raw,1,3,1,3,1,869,1.6720499992370605,54272,290596,877,OK,2026-03-19 07:21:51
877,D:\6S2\Thesis\7 dataset\hama3_split_raw\test\3\0018.raw,1,3,1,3,1,870,1.6718740463256836,54272,290596,878,OK,2026-03-19 07:21:54
878,D:\6S2\Thesis\7 dataset\hama3_split_raw\test\5\0061.raw,2,5,2,5,1,869,1.6713004112243652,54272,290596,879,OK,2026-03-19 07:21:58
879,D:\6S2\Thesis\7 dataset\hama3_split_raw\test\0\0002.raw,0,0,1,3,0,869,1.671593189239502,54272,290596,880,OK,2026-03-19 07:22:02
880,D:\6S2\Thesis\7 dataset\hama3_split_raw\test\9\0099.raw,4,9,1,3,0,869,1.6722261905670166,54272,290596,881,OK,2026-03-19 07:22:05
881,D:\6S2\Thesis\7 dataset\hama3_split_raw\test\9\0009.raw,4,9,0,0,0,869,1.6724858283996582,54272,290596,882,OK,2026-03-19 07:22:09
882,D:\6S2\Thesis\7 dataset\hama3_split_raw\test\0\0038.raw,0,0,3,8,0,870,1.6714856624603271,54272,290596,883,OK,2026-03-19 07:22:13
883,D:\6S2\Thesis\7 dataset\hama3_split_raw\test\0\0049.raw,0,0,1,3,0,869,1.6715312004089355,54272,290596,884,OK,2026-03-19 07:22:16
884,D:\6S2\Thesis\7 dataset\hama3_split_raw\test\3\0016.raw,1,3,1,3,1,869,1.67215895652771,54272,290596,885,OK,2026-03-19 07:22:20
885,D:\6S2\Thesis\7 dataset\hama3_split_raw\test\3\0051.raw,1,3,1,3,1,869,1.6720573902130127,54272,290596,886,OK,2026-03-19 07:22:24
886,D:\6S2\Thesis\7 dataset\hama3_split_raw\test\5\0031.raw,2,5,2,5,1,869,1.6718990802764893,54272,290596,887,OK,2026-03-19 07:22:28
887,D:\6S2\Thesis\7 dataset\hama3_split_raw\test\5\0055.raw,2,5,2,5,1,870,1.672349214553833,54272,290596,888,OK,2026-03-19 07:22:31
888,D:\6S2\Thesis\7 dataset\hama3_split_raw\test\3\0009.raw,1,3,0,0,0,869,1.672083854675293,54272,290596,889,OK,2026-03-19 07:22:35
889,D:\6S2\Thesis\7 dataset\hama3_split_raw\test\0\0050.raw,0,0,0,0,1,870,1.672550916671753,54272,290596,890,OK,2026-03-19 07:22:39
890,D:\6S2\Thesis\7 dataset\hama3_split_raw\test\0\0082.raw,0,0,0,0,1,869,1.6722686290740967,54272,290596,891,OK,2026-03-19 07:22:42
891,D:\6S2\Thesis\7 dataset\hama3_split_raw\test\0\0012.raw,0,0,0,0,1,869,1.6714935302734375,54272,290596,892,OK,2026-03-19 07:22:46
892,D:\6S2\Thesis\7 dataset\hama3_split_raw\test\9\0044.raw,4,9,4,9,1,869,1.6713988780975342,54272,290596,893,OK,2026-03-19 07:22:50
893,D:\6S2\Thesis\7 dataset\hama3_split_raw\test\3\0074.raw,1,3,1,3,1,869,1.6718053817749023,54272,290596,894,OK,2026-03-19 07:22:53
894,D:\6S2\Thesis\7 dataset\hama3_split_raw\test\3\0034.raw,1,3,3,8,0,869,1.672025442123413,54272,290596,895,OK,2026-03-19 07:22:57
895,D:\6S2\Thesis\7 dataset\hama3_split_raw\test\0\0033.raw,0,0,0,0,1,870,1.6717028617858887,54272,290596,896,OK,2026-03-19 07:23:01
896,D:\6S2\Thesis\7 dataset\hama3_split_raw\test\5\0045.raw,2,5,3,8,0,869,1.6715152263641357,54272,290596,897,OK,2026-03-19 07:23:04
897,D:\6S2\Thesis\7 dataset\hama3_split_raw\test\5\0109.raw,2,5,1,3,0,869,1.6699943542480469,54272,290596,898,OK,2026-03-19 07:23:08
898,D:\6S2\Thesis\7 dataset\hama3_split_raw\test\0\0011.raw,0,0,0,0,1,869,1.672135829925537,54272,290596,899,OK,2026-03-19 07:23:12
899,D:\6S2\Thesis\7 dataset\hama3_split_raw\test\8\0120.raw,3,8,3,8,1,869,1.671476125717163,54272,290596,900,OK,2026-03-19 07:23:15
900,D:\6S2\Thesis\7 dataset\hama3_split_raw\test\9\0049.raw,4,9,4,9,1,869,1.672302007675171,54272,290596,901,OK,2026-03-19 07:23:19
901,D:\6S2\Thesis\7 dataset\hama3_split_raw\test\8\0176.raw,3,8,3,8,1,869,1.6716976165771484,54272,290596,902,OK,2026-03-19 07:23:23
902,D:\6S2\Thesis\7 dataset\hama3_split_raw\test\9\0019.raw,4,9,0,0,0,870,1.67228102684021,54272,290596,903,OK,2026-03-19 07:23:26
903,D:\6S2\Thesis\7 dataset\hama3_split_raw\test\0\0041.raw,0,0,0,0,1,870,1.672337293624878,54272,290596,904,OK,2026-03-19 07:23:30
904,D:\6S2\Thesis\7 dataset\hama3_split_raw\test\8\0167.raw,3,8,3,8,1,869,1.6722946166992188,54272,290596,905,OK,2026-03-19 07:23:34
905,D:\6S2\Thesis\7 dataset\hama3_split_raw\test\3\0099.raw,1,3,1,3,1,870,1.672286033630371,54272,290596,906,OK,2026-03-19 07:23:37
906,D:\6S2\Thesis\7 dataset\hama3_split_raw\test\5\0017.raw,2,5,2,5,1,870,1.672083854675293,54272,290596,907,OK,2026-03-19 07:23:41
907,D:\6S2\Thesis\7 dataset\hama3_split_raw\test\0\0048.raw,0,0,0,0,1,869,1.6721620559692383,54272,290596,908,OK,2026-03-19 07:23:45
908,D:\6S2\Thesis\7 dataset\hama3_split_raw\test\8\0059.raw,3,8,0,0,0,869,1.672119140625,54272,290596,909,OK,2026-03-19 07:23:48
909,D:\6S2\Thesis\7 dataset\hama3_split_raw\test\8\0102.raw,3,8,3,8,1,869,1.6720051765441895,54272,290596,910,OK,2026-03-19 07:23:52
910,D:\6S2\Thesis\7 dataset\hama3_split_raw\test\5\0027.raw,2,5,0,0,0,870,1.6724674701690674,54272,290596,911,OK,2026-03-19 07:23:56
911,D:\6S2\Thesis\7 dataset\hama3_split_raw\test\8\0011.raw,3,8,3,8,1,870,1.6721360683441162,54272,290596,912,OK,2026-03-19 07:24:00
912,D:\6S2\Thesis\7 dataset\hama3_split_raw\test\8\0063.raw,3,8,0,0,0,869,1.6716368198394775,54272,290596,913,OK,2026-03-19 07:24:03
913,D:\6S2\Thesis\7 dataset\hama3_split_raw\test\3\0091.raw,1,3,3,8,0,869,1.672419548034668,54272,290596,914,OK,2026-03-19 07:24:07
914,D:\6S2\Thesis\7 dataset\hama3_split_raw\test\9\0103.raw,4,9,4,9,1,870,1.6722986698150635,54272,290596,915,OK,2026-03-19 07:24:11
915,D:\6S2\Thesis\7 dataset\hama3_split_raw\test\9\0093.raw,4,9,4,9,1,869,1.6720302104949951,54272,290596,916,OK,2026-03-19 07:24:14
916,D:\6S2\Thesis\7 dataset\hama3_split_raw\test\3\0091.raw,1,3,3,8,0,870,1.6721136569976807,54272,290596,917,OK,2026-03-19 07:24:18
917,D:\6S2\Thesis\7 dataset\hama3_split_raw\test\3\0075.raw,1,3,1,3,1,869,1.6724708080291748,54272,290596,918,OK,2026-03-19 07:24:22
918,D:\6S2\Thesis\7 dataset\hama3_split_raw\test\0\0061.raw,0,0,0,0,1,869,1.671945333480835,54272,290596,919,OK,2026-03-19 07:24:25
919,D:\6S2\Thesis\7 dataset\hama3_split_raw\test\8\0005.raw,3,8,0,0,0,870,1.6721665859222412,54272,290596,920,OK,2026-03-19 07:24:29
920,D:\6S2\Thesis\7 dataset\hama3_split_raw\test\5\0113.raw,2,5,2,5,1,870,1.6716880798339844,54272,290596,921,OK,2026-03-19 07:24:33
921,D:\6S2\Thesis\7 dataset\hama3_split_raw\test\5\0075.raw,2,5,2,5,1,870,1.672100305557251,54272,290596,922,OK,2026-03-19 07:24:36
922,D:\6S2\Thesis\7 dataset\hama3_split_raw\test\5\0023.raw,2,5,3,8,0,869,1.6721320152282715,54272,290596,923,OK,2026-03-19 07:24:40
923,D:\6S2\Thesis\7 dataset\hama3_split_raw\test\5\0005.raw,2,5,2,5,1,869,1.6724982261657715,54272,290596,924,OK,2026-03-19 07:24:44
924,D:\6S2\Thesis\7 dataset\hama3_split_raw\test\0\0050.raw,0,0,0,0,1,869,1.672260046005249,54272,290596,925,OK,2026-03-19 07:24:47
925,D:\6S2\Thesis\7 dataset\hama3_split_raw\test\0\0030.raw,0,0,0,0,1,869,1.6722164154052734,54272,290596,926,OK,2026-03-19 07:24:51
926,D:\6S2\Thesis\7 dataset\hama3_split_raw\test\8\0131.raw,3,8,0,0,0,869,1.6723945140838623,54272,290596,927,OK,2026-03-19 07:24:55
927,D:\6S2\Thesis\7 dataset\hama3_split_raw\test\9\0035.raw,4,9,4,9,1,870,1.6719536781311035,54272,290596,928,OK,2026-03-19 07:24:58
928,D:\6S2\Thesis\7 dataset\hama3_split_raw\test\5\0024.raw,2,5,2,5,1,869,1.6718835830688477,54272,290596,929,OK,2026-03-19 07:25:02
929,D:\6S2\Thesis\7 dataset\hama3_split_raw\test\8\0101.raw,3,8,3,8,1,869,1.6720314025878906,54272,290596,930,OK,2026-03-19 07:25:06
930,D:\6S2\Thesis\7 dataset\hama3_split_raw\test\5\0027.raw,2,5,0,0,0,869,1.6726982593536377,54272,290596,931,OK,2026-03-19 07:25:09
931,D:\6S2\Thesis\7 dataset\hama3_split_raw\test\8\0055.raw,3,8,3,8,1,869,1.6718525886535645,54272,290596,932,OK,2026-03-19 07:25:13
932,D:\6S2\Thesis\7 dataset\hama3_split_raw\test\8\0109.raw,3,8,3,8,1,869,1.672306776046753,54272,290596,933,OK,2026-03-19 07:25:17
933,D:\6S2\Thesis\7 dataset\hama3_split_raw\test\9\0054.raw,4,9,4,9,1,870,1.672335147857666,54272,290596,934,OK,2026-03-19 07:25:20
934,D:\6S2\Thesis\7 dataset\hama3_split_raw\test\5\0115.raw,2,5,2,5,1,870,1.6720213890075684,54272,290596,935,OK,2026-03-19 07:25:24
935,D:\6S2\Thesis\7 dataset\hama3_split_raw\test\0\0055.raw,0,0,0,0,1,869,1.6718990802764893,54272,290596,936,OK,2026-03-19 07:25:28
936,D:\6S2\Thesis\7 dataset\hama3_split_raw\test\5\0000.raw,2,5,2,5,1,870,1.6719763278961182,54272,290596,937,OK,2026-03-19 07:25:32
937,D:\6S2\Thesis\7 dataset\hama3_split_raw\test\0\0030.raw,0,0,0,0,1,869,1.6718764305114746,54272,290596,938,OK,2026-03-19 07:25:35
938,D:\6S2\Thesis\7 dataset\hama3_split_raw\test\0\0016.raw,0,0,0,0,1,869,1.6724016666412354,54272,290596,939,OK,2026-03-19 07:25:39
939,D:\6S2\Thesis\7 dataset\hama3_split_raw\test\9\0015.raw,4,9,0,0,0,869,1.672408103942871,54272,290596,940,OK,2026-03-19 07:25:43
940,D:\6S2\Thesis\7 dataset\hama3_split_raw\test\5\0085.raw,2,5,2,5,1,869,1.6719422340393066,54272,290596,941,OK,2026-03-19 07:25:46
941,D:\6S2\Thesis\7 dataset\hama3_split_raw\test\5\0070.raw,2,5,0,0,0,869,1.67193603515625,54272,290596,942,OK,2026-03-19 07:25:50
942,D:\6S2\Thesis\7 dataset\hama3_split_raw\test\5\0073.raw,2,5,2,5,1,870,1.6722073554992676,54272,290596,943,OK,2026-03-19 07:25:54
943,D:\6S2\Thesis\7 dataset\hama3_split_raw\test\9\0062.raw,4,9,0,0,0,869,1.6720073223114014,54272,290596,944,OK,2026-03-19 07:25:57
944,D:\6S2\Thesis\7 dataset\hama3_split_raw\test\5\0004.raw,2,5,2,5,1,869,1.6718063354492188,54272,290596,945,OK,2026-03-19 07:26:01
945,D:\6S2\Thesis\7 dataset\hama3_split_raw\test\0\0034.raw,0,0,0,0,1,869,1.6719176769256592,54272,290596,946,OK,2026-03-19 07:26:05
946,D:\6S2\Thesis\7 dataset\hama3_split_raw\test\3\0094.raw,1,3,4,9,0,870,1.6724708080291748,54272,290596,947,OK,2026-03-19 07:26:08
947,D:\6S2\Thesis\7 dataset\hama3_split_raw\test\0\0028.raw,0,0,0,0,1,870,1.6719286441802979,54272,290596,948,OK,2026-03-19 07:26:12
948,D:\6S2\Thesis\7 dataset\hama3_split_raw\test\0\0030.raw,0,0,0,0,1,869,1.671933889389038,54272,290596,949,OK,2026-03-19 07:26:16
949,D:\6S2\Thesis\7 dataset\hama3_split_raw\test\3\0079.raw,1,3,1,3,1,870,1.6722898483276367,54272,290596,950,OK,2026-03-19 07:26:19
950,D:\6S2\Thesis\7 dataset\hama3_split_raw\test\8\0002.raw,3,8,3,8,1,869,1.6713151931762695,54272,290596,951,OK,2026-03-19 07:26:23
951,D:\6S2\Thesis\7 dataset\hama3_split_raw\test\3\0004.raw,1,3,1,3,1,870,1.6717545986175537,54272,290596,952,OK,2026-03-19 07:26:27
952,D:\6S2\Thesis\7 dataset\hama3_split_raw\test\3\0051.raw,1,3,1,3,1,869,1.6703345775604248,54272,290596,953,OK,2026-03-19 07:26:30
953,D:\6S2\Thesis\7 dataset\hama3_split_raw\test\5\0008.raw,2,5,2,5,1,869,1.6719043254852295,54272,290596,954,OK,2026-03-19 07:26:34
954,D:\6S2\Thesis\7 dataset\hama3_split_raw\test\3\0101.raw,1,3,0,0,0,869,1.6714954376220703,54272,290596,955,OK,2026-03-19 07:26:38
955,D:\6S2\Thesis\7 dataset\hama3_split_raw\test\0\0066.raw,0,0,1,3,0,869,1.6729421615600586,54272,290596,956,OK,2026-03-19 07:26:41
956,D:\6S2\Thesis\7 dataset\hama3_split_raw\test\8\0048.raw,3,8,3,8,1,869,1.6717479228973389,54272,290596,957,OK,2026-03-19 07:26:45
957,D:\6S2\Thesis\7 dataset\hama3_split_raw\test\9\0065.raw,4,9,2,5,0,869,1.6721124649047852,54272,290596,958,OK,2026-03-19 07:26:49
958,D:\6S2\Thesis\7 dataset\hama3_split_raw\test\3\0058.raw,1,3,4,9,0,869,1.6705913543701172,54272,290596,959,OK,2026-03-19 07:26:52
959,D:\6S2\Thesis\7 dataset\hama3_split_raw\test\9\0039.raw,4,9,4,9,1,870,1.6695797443389893,54272,290596,960,OK,2026-03-19 07:26:56
960,D:\6S2\Thesis\7 dataset\hama3_split_raw\test\3\0018.raw,1,3,1,3,1,869,1.6704132556915283,54272,290596,961,OK,2026-03-19 07:27:00
961,D:\6S2\Thesis\7 dataset\hama3_split_raw\test\0\0082.raw,0,0,0,0,1,870,1.6717183589935303,54272,290596,962,OK,2026-03-19 07:27:03
962,D:\6S2\Thesis\7 dataset\hama3_split_raw\test\5\0010.raw,2,5,2,5,1,870,1.6718487739562988,54272,290596,963,OK,2026-03-19 07:27:07
963,D:\6S2\Thesis\7 dataset\hama3_split_raw\test\3\0036.raw,1,3,1,3,1,869,1.6719534397125244,54272,290596,964,OK,2026-03-19 07:27:11
964,D:\6S2\Thesis\7 dataset\hama3_split_raw\test\0\0044.raw,0,0,3,8,0,870,1.6719470024108887,54272,290596,965,OK,2026-03-19 07:27:14
965,D:\6S2\Thesis\7 dataset\hama3_split_raw\test\0\0003.raw,0,0,0,0,1,869,1.6725280284881592,54272,290596,966,OK,2026-03-19 07:27:18
966,D:\6S2\Thesis\7 dataset\hama3_split_raw\test\5\0039.raw,2,5,2,5,1,870,1.6720430850982666,54272,290596,967,OK,2026-03-19 07:27:22
967,D:\6S2\Thesis\7 dataset\hama3_split_raw\test\8\0172.raw,3,8,4,9,0,869,1.6705005168914795,54272,290596,968,OK,2026-03-19 07:27:25
968,D:\6S2\Thesis\7 dataset\hama3_split_raw\test\5\0034.raw,2,5,0,0,0,869,1.6720178127288818,54272,290596,969,OK,2026-03-19 07:27:29
969,D:\6S2\Thesis\7 dataset\hama3_split_raw\test\8\0002.raw,3,8,3,8,1,869,1.6720259189605713,54272,290596,970,OK,2026-03-19 07:27:33
970,D:\6S2\Thesis\7 dataset\hama3_split_raw\test\8\0175.raw,3,8,3,8,1,870,1.671924352645874,54272,290596,971,OK,2026-03-19 07:27:36
971,D:\6S2\Thesis\7 dataset\hama3_split_raw\test\5\0061.raw,2,5,2,5,1,869,1.6722071170806885,54272,290596,972,OK,2026-03-19 07:27:40
972,D:\6S2\Thesis\7 dataset\hama3_split_raw\test\3\0015.raw,1,3,3,8,0,869,1.672339916229248,54272,290596,973,OK,2026-03-19 07:27:44
973,D:\6S2\Thesis\7 dataset\hama3_split_raw\test\8\0027.raw,3,8,0,0,0,870,1.672332763671875,54272,290596,974,OK,2026-03-19 07:27:47
974,D:\6S2\Thesis\7 dataset\hama3_split_raw\test\5\0037.raw,2,5,2,5,1,869,1.6714069843292236,54272,290596,975,OK,2026-03-19 07:27:51
975,D:\6S2\Thesis\7 dataset\hama3_split_raw\test\0\0073.raw,0,0,0,0,1,869,1.6722071170806885,54272,290596,976,OK,2026-03-19 07:27:55
976,D:\6S2\Thesis\7 dataset\hama3_split_raw\test\9\0073.raw,4,9,2,5,0,870,1.672309398651123,54272,290596,977,OK,2026-03-19 07:27:59
977,D:\6S2\Thesis\7 dataset\hama3_split_raw\test\5\0095.raw,2,5,2,5,1,869,1.670619010925293,54272,290596,978,OK,2026-03-19 07:28:02
978,D:\6S2\Thesis\7 dataset\hama3_split_raw\test\3\0089.raw,1,3,2,5,0,869,1.6716065406799316,54272,290596,979,OK,2026-03-19 07:28:06
979,D:\6S2\Thesis\7 dataset\hama3_split_raw\test\5\0082.raw,2,5,2,5,1,870,1.6732513904571533,54272,290596,980,OK,2026-03-19 07:28:10
980,D:\6S2\Thesis\7 dataset\hama3_split_raw\test\5\0067.raw,2,5,2,5,1,870,1.6717395782470703,54272,290596,981,OK,2026-03-19 07:28:13
981,D:\6S2\Thesis\7 dataset\hama3_split_raw\test\8\0115.raw,3,8,3,8,1,869,1.6723692417144775,54272,290596,982,OK,2026-03-19 07:28:17
982,D:\6S2\Thesis\7 dataset\hama3_split_raw\test\5\0077.raw,2,5,2,5,1,869,1.6720530986785889,54272,290596,983,OK,2026-03-19 07:28:21
983,D:\6S2\Thesis\7 dataset\hama3_split_raw\test\3\0058.raw,1,3,4,9,0,869,1.6720221042633057,54272,290596,984,OK,2026-03-19 07:28:24
984,D:\6S2\Thesis\7 dataset\hama3_split_raw\test\9\0009.raw,4,9,0,0,0,870,1.6716017723083496,54272,290596,985,OK,2026-03-19 07:28:28
985,D:\6S2\Thesis\7 dataset\hama3_split_raw\test\0\0052.raw,0,0,0,0,1,869,1.6722285747528076,54272,290596,986,OK,2026-03-19 07:28:32
986,D:\6S2\Thesis\7 dataset\hama3_split_raw\test\5\0108.raw,2,5,2,5,1,870,1.6712639331817627,54272,290596,987,OK,2026-03-19 07:28:35
987,D:\6S2\Thesis\7 dataset\hama3_split_raw\test\8\0138.raw,3,8,3,8,1,870,1.6718084812164307,54272,290596,988,OK,2026-03-19 07:28:39
988,D:\6S2\Thesis\7 dataset\hama3_split_raw\test\9\0046.raw,4,9,2,5,0,869,1.672196865081787,54272,290596,989,OK,2026-03-19 07:28:43
989,D:\6S2\Thesis\7 dataset\hama3_split_raw\test\0\0029.raw,0,0,0,0,1,869,1.6718175411224365,54272,290596,990,OK,2026-03-19 07:28:46
990,D:\6S2\Thesis\7 dataset\hama3_split_raw\test\8\0043.raw,3,8,3,8,1,870,1.6714599132537842,54272,290596,991,OK,2026-03-19 07:28:50
991,D:\6S2\Thesis\7 dataset\hama3_split_raw\test\0\0069.raw,0,0,0,0,1,870,1.672558307647705,54272,290596,992,OK,2026-03-19 07:28:54
992,D:\6S2\Thesis\7 dataset\hama3_split_raw\test\9\0044.raw,4,9,4,9,1,869,1.6722691059112549,54272,290596,993,OK,2026-03-19 07:28:57
993,D:\6S2\Thesis\7 dataset\hama3_split_raw\test\9\0013.raw,4,9,3,8,0,869,1.6712398529052734,54272,290596,994,OK,2026-03-19 07:29:01
994,D:\6S2\Thesis\7 dataset\hama3_split_raw\test\0\0067.raw,0,0,0,0,1,869,1.672715425491333,54272,290596,995,OK,2026-03-19 07:29:05
995,D:\6S2\Thesis\7 dataset\hama3_split_raw\test\5\0097.raw,2,5,2,5,1,869,1.6721892356872559,54272,290596,996,OK,2026-03-19 07:29:08
996,D:\6S2\Thesis\7 dataset\hama3_split_raw\test\8\0076.raw,3,8,3,8,1,870,1.6726405620574951,54272,290596,997,OK,2026-03-19 07:29:12
997,D:\6S2\Thesis\7 dataset\hama3_split_raw\test\8\0102.raw,3,8,3,8,1,869,1.6720733642578125,54272,290596,998,OK,2026-03-19 07:29:16
998,D:\6S2\Thesis\7 dataset\hama3_split_raw\test\5\0040.raw,2,5,2,5,1,870,1.6724958419799805,54272,290596,999,OK,2026-03-19 07:29:19
999,D:\6S2\Thesis\7 dataset\hama3_split_raw\test\0\0038.raw,0,0,3,8,0,870,1.6727309226989746,54272,290596,1000,OK,2026-03-19 07:29:23
