test,file,gt_index,gt_label,pred_index,pred_label,correct,latency_mcu_ms,latency_pc_s,tensor_arena,free_ram,iteration,status,timestamp
0,D:\6S2\Thesis\7 dataset\hama3_split_raw\test\0\0064.raw,0,0,0,0,1,1906,2.709608793258667,93184,252516,1,OK,2026-03-19 19:28:15
1,D:\6S2\Thesis\7 dataset\hama3_split_raw\test\9\0033.raw,4,9,1,3,0,1907,2.7059121131896973,93184,252516,2,OK,2026-03-19 19:28:20
2,D:\6S2\Thesis\7 dataset\hama3_split_raw\test\0\0050.raw,0,0,0,0,1,1906,2.7085623741149902,93184,252516,3,OK,2026-03-19 19:28:24
3,D:\6S2\Thesis\7 dataset\hama3_split_raw\test\5\0004.raw,2,5,2,5,1,1906,2.7082905769348145,93184,252516,4,OK,2026-03-19 19:28:29
4,D:\6S2\Thesis\7 dataset\hama3_split_raw\test\0\0066.raw,0,0,3,8,0,1906,2.7086586952209473,93184,252516,5,OK,2026-03-19 19:28:34
5,D:\6S2\Thesis\7 dataset\hama3_split_raw\test\3\0055.raw,1,3,1,3,1,1906,2.7083866596221924,93184,252516,6,OK,2026-03-19 19:28:39
6,D:\6S2\Thesis\7 dataset\hama3_split_raw\test\5\0051.raw,2,5,3,8,0,1906,2.7088570594787598,93184,252516,7,OK,2026-03-19 19:28:43
7,D:\6S2\Thesis\7 dataset\hama3_split_raw\test\0\0084.raw,0,0,3,8,0,1906,2.7084262371063232,93184,252516,8,OK,2026-03-19 19:28:48
8,D:\6S2\Thesis\7 dataset\hama3_split_raw\test\8\0140.raw,3,8,3,8,1,1906,2.709524631500244,93184,252516,9,OK,2026-03-19 19:28:53
9,D:\6S2\Thesis\7 dataset\hama3_split_raw\test\3\0003.raw,1,3,1,3,1,1906,2.708956241607666,93184,252516,10,OK,2026-03-19 19:28:57
10,D:\6S2\Thesis\7 dataset\hama3_split_raw\test\5\0076.raw,2,5,2,5,1,1906,2.7095556259155273,93184,252516,11,OK,2026-03-19 19:29:02
11,D:\6S2\Thesis\7 dataset\hama3_split_raw\test\0\0047.raw,0,0,0,0,1,1906,2.708804130554199,93184,252516,12,OK,2026-03-19 19:29:07
12,D:\6S2\Thesis\7 dataset\hama3_split_raw\test\9\0073.raw,4,9,2,5,0,1906,2.708172082901001,93184,252516,13,OK,2026-03-19 19:29:12
13,D:\6S2\Thesis\7 dataset\hama3_split_raw\test\3\0103.raw,1,3,1,3,1,1906,2.70890736579895,93184,252516,14,OK,2026-03-19 19:29:16
14,D:\6S2\Thesis\7 dataset\hama3_split_raw\test\8\0099.raw,3,8,3,8,1,1906,2.708562135696411,93184,252516,15,OK,2026-03-19 19:29:21
15,D:\6S2\Thesis\7 dataset\hama3_split_raw\test\5\0015.raw,2,5,2,5,1,1906,2.7093346118927,93184,252516,16,OK,2026-03-19 19:29:26
16,D:\6S2\Thesis\7 dataset\hama3_split_raw\test\8\0066.raw,3,8,4,9,0,1907,2.7093851566314697,93184,252516,17,OK,2026-03-19 19:29:30
17,D:\6S2\Thesis\7 dataset\hama3_split_raw\test\5\0118.raw,2,5,1,3,0,1906,2.7085914611816406,93184,252516,18,OK,2026-03-19 19:29:35
18,D:\6S2\Thesis\7 dataset\hama3_split_raw\test\8\0158.raw,3,8,2,5,0,1906,2.7097904682159424,93184,252516,19,OK,2026-03-19 19:29:40
19,D:\6S2\Thesis\7 dataset\hama3_split_raw\test\0\0082.raw,0,0,0,0,1,1906,2.7081077098846436,93184,252516,20,OK,2026-03-19 19:29:45
20,D:\6S2\Thesis\7 dataset\hama3_split_raw\test\8\0001.raw,3,8,3,8,1,1906,2.708587408065796,93184,252516,21,OK,2026-03-19 19:29:49
21,D:\6S2\Thesis\7 dataset\hama3_split_raw\test\0\0066.raw,0,0,3,8,0,1906,2.7086570262908936,93184,252516,22,OK,2026-03-19 19:29:54
22,D:\6S2\Thesis\7 dataset\hama3_split_raw\test\3\0084.raw,1,3,2,5,0,1906,2.7088418006896973,93184,252516,23,OK,2026-03-19 19:29:59
23,D:\6S2\Thesis\7 dataset\hama3_split_raw\test\8\0085.raw,3,8,3,8,1,1906,2.709336280822754,93184,252516,24,OK,2026-03-19 19:30:03
24,D:\6S2\Thesis\7 dataset\hama3_split_raw\test\9\0090.raw,4,9,2,5,0,1906,2.710655689239502,93184,252516,25,OK,2026-03-19 19:30:08
25,D:\6S2\Thesis\7 dataset\hama3_split_raw\test\3\0077.raw,1,3,1,3,1,1907,2.7070508003234863,93184,252516,26,OK,2026-03-19 19:30:13
26,D:\6S2\Thesis\7 dataset\hama3_split_raw\test\5\0002.raw,2,5,2,5,1,1906,2.7091007232666016,93184,252516,27,OK,2026-03-19 19:30:18
27,D:\6S2\Thesis\7 dataset\hama3_split_raw\test\8\0077.raw,3,8,3,8,1,1906,2.7074944972991943,93184,252516,28,OK,2026-03-19 19:30:22
28,D:\6S2\Thesis\7 dataset\hama3_split_raw\test\9\0098.raw,4,9,1,3,0,1906,2.708993911743164,93184,252516,29,OK,2026-03-19 19:30:27
29,D:\6S2\Thesis\7 dataset\hama3_split_raw\test\0\0071.raw,0,0,0,0,1,1906,2.7089128494262695,93184,252516,30,OK,2026-03-19 19:30:32
30,D:\6S2\Thesis\7 dataset\hama3_split_raw\test\9\0046.raw,4,9,1,3,0,1906,2.7093653678894043,93184,252516,31,OK,2026-03-19 19:30:36
31,D:\6S2\Thesis\7 dataset\hama3_split_raw\test\0\0009.raw,0,0,0,0,1,1906,2.709423303604126,93184,252516,32,OK,2026-03-19 19:30:41
32,D:\6S2\Thesis\7 dataset\hama3_split_raw\test\0\0070.raw,0,0,1,3,0,1906,2.7095134258270264,93184,252516,33,OK,2026-03-19 19:30:46
33,D:\6S2\Thesis\7 dataset\hama3_split_raw\test\0\0034.raw,0,0,0,0,1,1907,2.709529399871826,93184,252516,34,OK,2026-03-19 19:30:51
34,D:\6S2\Thesis\7 dataset\hama3_split_raw\test\8\0093.raw,3,8,1,3,0,1906,2.7092530727386475,93184,252516,35,OK,2026-03-19 19:30:55
35,D:\6S2\Thesis\7 dataset\hama3_split_raw\test\9\0094.raw,4,9,1,3,0,1906,2.7090325355529785,93184,252516,36,OK,2026-03-19 19:31:00
36,D:\6S2\Thesis\7 dataset\hama3_split_raw\test\3\0050.raw,1,3,4,9,0,1906,2.7091124057769775,93184,252516,37,OK,2026-03-19 19:31:05
37,D:\6S2\Thesis\7 dataset\hama3_split_raw\test\5\0092.raw,2,5,2,5,1,1906,2.7094411849975586,93184,252516,38,OK,2026-03-19 19:31:09
38,D:\6S2\Thesis\7 dataset\hama3_split_raw\test\0\0005.raw,0,0,0,0,1,1906,2.7090492248535156,93184,252516,39,OK,2026-03-19 19:31:14
39,D:\6S2\Thesis\7 dataset\hama3_split_raw\test\5\0061.raw,2,5,2,5,1,1906,2.7092294692993164,93184,252516,40,OK,2026-03-19 19:31:19
40,D:\6S2\Thesis\7 dataset\hama3_split_raw\test\3\0026.raw,1,3,1,3,1,1906,2.70904541015625,93184,252516,41,OK,2026-03-19 19:31:24
41,D:\6S2\Thesis\7 dataset\hama3_split_raw\test\5\0087.raw,2,5,2,5,1,1906,2.7089595794677734,93184,252516,42,OK,2026-03-19 19:31:28
42,D:\6S2\Thesis\7 dataset\hama3_split_raw\test\9\0058.raw,4,9,4,9,1,1906,2.7084732055664062,93184,252516,43,OK,2026-03-19 19:31:33
43,D:\6S2\Thesis\7 dataset\hama3_split_raw\test\8\0139.raw,3,8,3,8,1,1906,2.7080397605895996,93184,252516,44,OK,2026-03-19 19:31:38
44,D:\6S2\Thesis\7 dataset\hama3_split_raw\test\5\0012.raw,2,5,3,8,0,1906,2.7092859745025635,93184,252516,45,OK,2026-03-19 19:31:43
45,D:\6S2\Thesis\7 dataset\hama3_split_raw\test\3\0017.raw,1,3,1,3,1,1906,2.7072579860687256,93184,252516,46,OK,2026-03-19 19:31:47
46,D:\6S2\Thesis\7 dataset\hama3_split_raw\test\0\0023.raw,0,0,0,0,1,1906,2.7094366550445557,93184,252516,47,OK,2026-03-19 19:31:52
47,D:\6S2\Thesis\7 dataset\hama3_split_raw\test\8\0171.raw,3,8,3,8,1,1906,2.708528518676758,93184,252516,48,OK,2026-03-19 19:31:57
48,D:\6S2\Thesis\7 dataset\hama3_split_raw\test\9\0095.raw,4,9,4,9,1,1906,2.708883047103882,93184,252516,49,OK,2026-03-19 19:32:01
49,D:\6S2\Thesis\7 dataset\hama3_split_raw\test\3\0103.raw,1,3,1,3,1,1906,2.7094533443450928,93184,252516,50,OK,2026-03-19 19:32:06
50,D:\6S2\Thesis\7 dataset\hama3_split_raw\test\9\0016.raw,4,9,4,9,1,1906,2.7071821689605713,93184,252516,51,OK,2026-03-19 19:32:11
51,D:\6S2\Thesis\7 dataset\hama3_split_raw\test\9\0084.raw,4,9,3,8,0,1907,2.7084403038024902,93184,252516,52,OK,2026-03-19 19:32:16
52,D:\6S2\Thesis\7 dataset\hama3_split_raw\test\5\0116.raw,2,5,2,5,1,1906,2.708787679672241,93184,252516,53,OK,2026-03-19 19:32:20
53,D:\6S2\Thesis\7 dataset\hama3_split_raw\test\0\0071.raw,0,0,0,0,1,1906,2.708218812942505,93184,252516,54,OK,2026-03-19 19:32:25
54,D:\6S2\Thesis\7 dataset\hama3_split_raw\test\5\0029.raw,2,5,1,3,0,1907,2.70876145362854,93184,252516,55,OK,2026-03-19 19:32:30
55,D:\6S2\Thesis\7 dataset\hama3_split_raw\test\9\0042.raw,4,9,3,8,0,1906,2.7081005573272705,93184,252516,56,OK,2026-03-19 19:32:34
56,D:\6S2\Thesis\7 dataset\hama3_split_raw\test\0\0037.raw,0,0,1,3,0,1906,2.709019899368286,93184,252516,57,OK,2026-03-19 19:32:39
57,D:\6S2\Thesis\7 dataset\hama3_split_raw\test\8\0149.raw,3,8,3,8,1,1906,2.7085318565368652,93184,252516,58,OK,2026-03-19 19:32:44
58,D:\6S2\Thesis\7 dataset\hama3_split_raw\test\0\0007.raw,0,0,1,3,0,1906,2.7099313735961914,93184,252516,59,OK,2026-03-19 19:32:49
59,D:\6S2\Thesis\7 dataset\hama3_split_raw\test\0\0091.raw,0,0,2,5,0,1906,2.709199905395508,93184,252516,60,OK,2026-03-19 19:32:53
60,D:\6S2\Thesis\7 dataset\hama3_split_raw\test\0\0002.raw,0,0,0,0,1,1906,2.7084453105926514,93184,252516,61,OK,2026-03-19 19:32:58
61,D:\6S2\Thesis\7 dataset\hama3_split_raw\test\9\0032.raw,4,9,3,8,0,1906,2.709397077560425,93184,252516,62,OK,2026-03-19 19:33:03
62,D:\6S2\Thesis\7 dataset\hama3_split_raw\test\8\0070.raw,3,8,3,8,1,1906,2.7095038890838623,93184,252516,63,OK,2026-03-19 19:33:07
63,D:\6S2\Thesis\7 dataset\hama3_split_raw\test\5\0032.raw,2,5,2,5,1,1906,2.708961009979248,93184,252516,64,OK,2026-03-19 19:33:12
64,D:\6S2\Thesis\7 dataset\hama3_split_raw\test\5\0047.raw,2,5,1,3,0,1906,2.7101707458496094,93184,252516,65,OK,2026-03-19 19:33:17
65,D:\6S2\Thesis\7 dataset\hama3_split_raw\test\8\0071.raw,3,8,3,8,1,1906,2.7081358432769775,93184,252516,66,OK,2026-03-19 19:33:22
66,D:\6S2\Thesis\7 dataset\hama3_split_raw\test\3\0066.raw,1,3,3,8,0,1906,2.7095000743865967,93184,252516,67,OK,2026-03-19 19:33:26
67,D:\6S2\Thesis\7 dataset\hama3_split_raw\test\0\0066.raw,0,0,3,8,0,1906,2.710075855255127,93184,252516,68,OK,2026-03-19 19:33:31
68,D:\6S2\Thesis\7 dataset\hama3_split_raw\test\8\0075.raw,3,8,2,5,0,1906,2.709622859954834,93184,252516,69,OK,2026-03-19 19:33:36
69,D:\6S2\Thesis\7 dataset\hama3_split_raw\test\9\0087.raw,4,9,4,9,1,1906,2.709841012954712,93184,252516,70,OK,2026-03-19 19:33:41
70,D:\6S2\Thesis\7 dataset\hama3_split_raw\test\3\0052.raw,1,3,1,3,1,1906,2.709329843521118,93184,252516,71,OK,2026-03-19 19:33:45
71,D:\6S2\Thesis\7 dataset\hama3_split_raw\test\3\0065.raw,1,3,1,3,1,1906,2.7093405723571777,93184,252516,72,OK,2026-03-19 19:33:50
72,D:\6S2\Thesis\7 dataset\hama3_split_raw\test\0\0049.raw,0,0,1,3,0,1906,2.7093379497528076,93184,252516,73,OK,2026-03-19 19:33:55
73,D:\6S2\Thesis\7 dataset\hama3_split_raw\test\8\0080.raw,3,8,2,5,0,1906,2.709285259246826,93184,252516,74,OK,2026-03-19 19:33:59
74,D:\6S2\Thesis\7 dataset\hama3_split_raw\test\0\0029.raw,0,0,4,9,0,1906,2.7107338905334473,93184,252516,75,OK,2026-03-19 19:34:04
75,D:\6S2\Thesis\7 dataset\hama3_split_raw\test\9\0059.raw,4,9,4,9,1,1906,2.7073166370391846,93184,252516,76,OK,2026-03-19 19:34:09
76,D:\6S2\Thesis\7 dataset\hama3_split_raw\test\8\0050.raw,3,8,3,8,1,1906,2.7090275287628174,93184,252516,77,OK,2026-03-19 19:34:13
77,D:\6S2\Thesis\7 dataset\hama3_split_raw\test\0\0003.raw,0,0,4,9,0,1907,2.7088146209716797,93184,252516,78,OK,2026-03-19 19:34:18
78,D:\6S2\Thesis\7 dataset\hama3_split_raw\test\3\0009.raw,1,3,1,3,1,1906,2.7088708877563477,93184,252516,79,OK,2026-03-19 19:34:23
79,D:\6S2\Thesis\7 dataset\hama3_split_raw\test\9\0005.raw,4,9,4,9,1,1906,2.707646608352661,93184,252516,80,OK,2026-03-19 19:34:28
80,D:\6S2\Thesis\7 dataset\hama3_split_raw\test\8\0102.raw,3,8,4,9,0,1906,2.708810806274414,93184,252516,81,OK,2026-03-19 19:34:32
81,D:\6S2\Thesis\7 dataset\hama3_split_raw\test\9\0089.raw,4,9,2,5,0,1906,2.7095258235931396,93184,252516,82,OK,2026-03-19 19:34:37
82,D:\6S2\Thesis\7 dataset\hama3_split_raw\test\3\0099.raw,1,3,4,9,0,1906,2.709791898727417,93184,252516,83,OK,2026-03-19 19:34:42
83,D:\6S2\Thesis\7 dataset\hama3_split_raw\test\3\0077.raw,1,3,1,3,1,1907,2.7091588973999023,93184,252516,84,OK,2026-03-19 19:34:46
84,D:\6S2\Thesis\7 dataset\hama3_split_raw\test\5\0030.raw,2,5,2,5,1,1906,2.709364652633667,93184,252516,85,OK,2026-03-19 19:34:51
85,D:\6S2\Thesis\7 dataset\hama3_split_raw\test\3\0021.raw,1,3,1,3,1,1906,2.709554433822632,93184,252516,86,OK,2026-03-19 19:34:56
86,D:\6S2\Thesis\7 dataset\hama3_split_raw\test\9\0081.raw,4,9,1,3,0,1906,2.709815740585327,93184,252516,87,OK,2026-03-19 19:35:01
87,D:\6S2\Thesis\7 dataset\hama3_split_raw\test\8\0100.raw,3,8,3,8,1,1906,2.7104992866516113,93184,252516,88,OK,2026-03-19 19:35:05
88,D:\6S2\Thesis\7 dataset\hama3_split_raw\test\9\0028.raw,4,9,3,8,0,1906,2.709104299545288,93184,252516,89,OK,2026-03-19 19:35:10
89,D:\6S2\Thesis\7 dataset\hama3_split_raw\test\0\0042.raw,0,0,0,0,1,1906,2.709768056869507,93184,252516,90,OK,2026-03-19 19:35:15
90,D:\6S2\Thesis\7 dataset\hama3_split_raw\test\8\0133.raw,3,8,3,8,1,1906,2.709913730621338,93184,252516,91,OK,2026-03-19 19:35:19
91,D:\6S2\Thesis\7 dataset\hama3_split_raw\test\8\0048.raw,3,8,3,8,1,1906,2.7094292640686035,93184,252516,92,OK,2026-03-19 19:35:24
92,D:\6S2\Thesis\7 dataset\hama3_split_raw\test\5\0033.raw,2,5,2,5,1,1906,2.7110111713409424,93184,252516,93,OK,2026-03-19 19:35:29
93,D:\6S2\Thesis\7 dataset\hama3_split_raw\test\3\0028.raw,1,3,1,3,1,1906,2.708723306655884,93184,252516,94,OK,2026-03-19 19:35:34
94,D:\6S2\Thesis\7 dataset\hama3_split_raw\test\0\0080.raw,0,0,1,3,0,1906,2.7089946269989014,93184,252516,95,OK,2026-03-19 19:35:38
95,D:\6S2\Thesis\7 dataset\hama3_split_raw\test\3\0011.raw,1,3,1,3,1,1906,2.7095205783843994,93184,252516,96,OK,2026-03-19 19:35:43
96,D:\6S2\Thesis\7 dataset\hama3_split_raw\test\3\0004.raw,1,3,4,9,0,1906,2.7089784145355225,93184,252516,97,OK,2026-03-19 19:35:48
97,D:\6S2\Thesis\7 dataset\hama3_split_raw\test\5\0058.raw,2,5,1,3,0,1906,2.7088773250579834,93184,252516,98,OK,2026-03-19 19:35:53
98,D:\6S2\Thesis\7 dataset\hama3_split_raw\test\5\0109.raw,2,5,2,5,1,1906,2.7097864151000977,93184,252516,99,OK,2026-03-19 19:35:57
99,D:\6S2\Thesis\7 dataset\hama3_split_raw\test\8\0175.raw,3,8,4,9,0,1906,2.7088396549224854,93184,252516,100,OK,2026-03-19 19:36:02
100,D:\6S2\Thesis\7 dataset\hama3_split_raw\test\3\0089.raw,1,3,3,8,0,1906,2.7091822624206543,93184,252516,101,OK,2026-03-19 19:36:07
101,D:\6S2\Thesis\7 dataset\hama3_split_raw\test\5\0090.raw,2,5,2,5,1,1906,2.7075276374816895,93184,252516,102,OK,2026-03-19 19:36:11
102,D:\6S2\Thesis\7 dataset\hama3_split_raw\test\0\0053.raw,0,0,0,0,1,1906,2.7097573280334473,93184,252516,103,OK,2026-03-19 19:36:16
103,D:\6S2\Thesis\7 dataset\hama3_split_raw\test\3\0070.raw,1,3,1,3,1,1906,2.7099006175994873,93184,252516,104,OK,2026-03-19 19:36:21
104,D:\6S2\Thesis\7 dataset\hama3_split_raw\test\5\0097.raw,2,5,1,3,0,1906,2.7090258598327637,93184,252516,105,OK,2026-03-19 19:36:26
105,D:\6S2\Thesis\7 dataset\hama3_split_raw\test\3\0005.raw,1,3,1,3,1,1906,2.709564208984375,93184,252516,106,OK,2026-03-19 19:36:30
106,D:\6S2\Thesis\7 dataset\hama3_split_raw\test\5\0068.raw,2,5,1,3,0,1906,2.7084407806396484,93184,252516,107,OK,2026-03-19 19:36:35
107,D:\6S2\Thesis\7 dataset\hama3_split_raw\test\9\0016.raw,4,9,4,9,1,1907,2.7094101905822754,93184,252516,108,OK,2026-03-19 19:36:40
108,D:\6S2\Thesis\7 dataset\hama3_split_raw\test\9\0011.raw,4,9,4,9,1,1907,2.7096004486083984,93184,252516,109,OK,2026-03-19 19:36:44
109,D:\6S2\Thesis\7 dataset\hama3_split_raw\test\5\0095.raw,2,5,2,5,1,1906,2.7092039585113525,93184,252516,110,OK,2026-03-19 19:36:49
110,D:\6S2\Thesis\7 dataset\hama3_split_raw\test\8\0159.raw,3,8,3,8,1,1906,2.709270477294922,93184,252516,111,OK,2026-03-19 19:36:54
111,D:\6S2\Thesis\7 dataset\hama3_split_raw\test\9\0070.raw,4,9,4,9,1,1906,2.7082862854003906,93184,252516,112,OK,2026-03-19 19:36:59
112,D:\6S2\Thesis\7 dataset\hama3_split_raw\test\3\0031.raw,1,3,3,8,0,1906,2.7105884552001953,93184,252516,113,OK,2026-03-19 19:37:03
113,D:\6S2\Thesis\7 dataset\hama3_split_raw\test\0\0088.raw,0,0,4,9,0,1906,2.709782838821411,93184,252516,114,OK,2026-03-19 19:37:08
114,D:\6S2\Thesis\7 dataset\hama3_split_raw\test\8\0053.raw,3,8,3,8,1,1906,2.709357738494873,93184,252516,115,OK,2026-03-19 19:37:13
115,D:\6S2\Thesis\7 dataset\hama3_split_raw\test\9\0074.raw,4,9,4,9,1,1906,2.707188844680786,93184,252516,116,OK,2026-03-19 19:37:18
116,D:\6S2\Thesis\7 dataset\hama3_split_raw\test\5\0010.raw,2,5,2,5,1,1906,2.7093191146850586,93184,252516,117,OK,2026-03-19 19:37:22
117,D:\6S2\Thesis\7 dataset\hama3_split_raw\test\8\0128.raw,3,8,3,8,1,1906,2.709688425064087,93184,252516,118,OK,2026-03-19 19:37:27
118,D:\6S2\Thesis\7 dataset\hama3_split_raw\test\9\0100.raw,4,9,3,8,0,1906,2.7094950675964355,93184,252516,119,OK,2026-03-19 19:37:32
119,D:\6S2\Thesis\7 dataset\hama3_split_raw\test\0\0001.raw,0,0,3,8,0,1906,2.707096815109253,93184,252516,120,OK,2026-03-19 19:37:36
120,D:\6S2\Thesis\7 dataset\hama3_split_raw\test\3\0018.raw,1,3,1,3,1,1906,2.7091355323791504,93184,252516,121,OK,2026-03-19 19:37:41
121,D:\6S2\Thesis\7 dataset\hama3_split_raw\test\5\0033.raw,2,5,2,5,1,1906,2.7097573280334473,93184,252516,122,OK,2026-03-19 19:37:46
122,D:\6S2\Thesis\7 dataset\hama3_split_raw\test\8\0149.raw,3,8,3,8,1,1906,2.7091448307037354,93184,252516,123,OK,2026-03-19 19:37:51
123,D:\6S2\Thesis\7 dataset\hama3_split_raw\test\8\0169.raw,3,8,1,3,0,1906,2.709240674972534,93184,252516,124,OK,2026-03-19 19:37:55
124,D:\6S2\Thesis\7 dataset\hama3_split_raw\test\9\0032.raw,4,9,3,8,0,1906,2.7081220149993896,93184,252516,125,OK,2026-03-19 19:38:00
125,D:\6S2\Thesis\7 dataset\hama3_split_raw\test\5\0001.raw,2,5,2,5,1,1906,2.7085258960723877,93184,252516,126,OK,2026-03-19 19:38:05
126,D:\6S2\Thesis\7 dataset\hama3_split_raw\test\0\0075.raw,0,0,3,8,0,1906,2.7095892429351807,93184,252516,127,OK,2026-03-19 19:38:09
127,D:\6S2\Thesis\7 dataset\hama3_split_raw\test\5\0030.raw,2,5,2,5,1,1907,2.7090096473693848,93184,252516,128,OK,2026-03-19 19:38:14
128,D:\6S2\Thesis\7 dataset\hama3_split_raw\test\5\0034.raw,2,5,4,9,0,1906,2.709141731262207,93184,252516,129,OK,2026-03-19 19:38:19
129,D:\6S2\Thesis\7 dataset\hama3_split_raw\test\5\0065.raw,2,5,2,5,1,1906,2.7064805030822754,93184,252516,130,OK,2026-03-19 19:38:24
130,D:\6S2\Thesis\7 dataset\hama3_split_raw\test\5\0037.raw,2,5,2,5,1,1906,2.70934796333313,93184,252516,131,OK,2026-03-19 19:38:28
131,D:\6S2\Thesis\7 dataset\hama3_split_raw\test\5\0093.raw,2,5,2,5,1,1906,2.7109193801879883,93184,252516,132,OK,2026-03-19 19:38:33
132,D:\6S2\Thesis\7 dataset\hama3_split_raw\test\9\0010.raw,4,9,3,8,0,1906,2.7096688747406006,93184,252516,133,OK,2026-03-19 19:38:38
133,D:\6S2\Thesis\7 dataset\hama3_split_raw\test\0\0081.raw,0,0,3,8,0,1906,2.709366798400879,93184,252516,134,OK,2026-03-19 19:38:42
134,D:\6S2\Thesis\7 dataset\hama3_split_raw\test\9\0085.raw,4,9,4,9,1,1906,2.7086739540100098,93184,252516,135,OK,2026-03-19 19:38:47
135,D:\6S2\Thesis\7 dataset\hama3_split_raw\test\3\0045.raw,1,3,4,9,0,1906,2.7105088233947754,93184,252516,136,OK,2026-03-19 19:38:52
136,D:\6S2\Thesis\7 dataset\hama3_split_raw\test\8\0055.raw,3,8,1,3,0,1906,2.7099609375,93184,252516,137,OK,2026-03-19 19:38:57
137,D:\6S2\Thesis\7 dataset\hama3_split_raw\test\0\0062.raw,0,0,0,0,1,1906,2.7095911502838135,93184,252516,138,OK,2026-03-19 19:39:01
138,D:\6S2\Thesis\7 dataset\hama3_split_raw\test\0\0000.raw,0,0,0,0,1,1906,2.7093098163604736,93184,252516,139,OK,2026-03-19 19:39:06
139,D:\6S2\Thesis\7 dataset\hama3_split_raw\test\9\0081.raw,4,9,1,3,0,1906,2.7093913555145264,93184,252516,140,OK,2026-03-19 19:39:11
140,D:\6S2\Thesis\7 dataset\hama3_split_raw\test\9\0080.raw,4,9,4,9,1,1906,2.710170030593872,93184,252516,141,OK,2026-03-19 19:39:15
141,D:\6S2\Thesis\7 dataset\hama3_split_raw\test\5\0049.raw,2,5,2,5,1,1906,2.7089550495147705,93184,252516,142,OK,2026-03-19 19:39:20
142,D:\6S2\Thesis\7 dataset\hama3_split_raw\test\8\0100.raw,3,8,3,8,1,1906,2.7091927528381348,93184,252516,143,OK,2026-03-19 19:39:25
143,D:\6S2\Thesis\7 dataset\hama3_split_raw\test\8\0139.raw,3,8,3,8,1,1907,2.709378719329834,93184,252516,144,OK,2026-03-19 19:39:30
144,D:\6S2\Thesis\7 dataset\hama3_split_raw\test\3\0102.raw,1,3,1,3,1,1906,2.7093310356140137,93184,252516,145,OK,2026-03-19 19:39:34
145,D:\6S2\Thesis\7 dataset\hama3_split_raw\test\0\0016.raw,0,0,2,5,0,1906,2.7099080085754395,93184,252516,146,OK,2026-03-19 19:39:39
146,D:\6S2\Thesis\7 dataset\hama3_split_raw\test\3\0080.raw,1,3,2,5,0,1906,2.7093567848205566,93184,252516,147,OK,2026-03-19 19:39:44
147,D:\6S2\Thesis\7 dataset\hama3_split_raw\test\0\0089.raw,0,0,4,9,0,1906,2.708820104598999,93184,252516,148,OK,2026-03-19 19:39:48
148,D:\6S2\Thesis\7 dataset\hama3_split_raw\test\8\0134.raw,3,8,2,5,0,1906,2.7089648246765137,93184,252516,149,OK,2026-03-19 19:39:53
149,D:\6S2\Thesis\7 dataset\hama3_split_raw\test\8\0073.raw,3,8,0,0,0,1906,2.708733081817627,93184,252516,150,OK,2026-03-19 19:39:58
150,D:\6S2\Thesis\7 dataset\hama3_split_raw\test\9\0027.raw,4,9,3,8,0,1907,2.70894718170166,93184,252516,151,OK,2026-03-19 19:40:03
151,D:\6S2\Thesis\7 dataset\hama3_split_raw\test\9\0012.raw,4,9,4,9,1,1906,2.7095627784729004,93184,252516,152,OK,2026-03-19 19:40:07
152,D:\6S2\Thesis\7 dataset\hama3_split_raw\test\0\0021.raw,0,0,3,8,0,1906,2.7079992294311523,93184,252516,153,OK,2026-03-19 19:40:12
153,D:\6S2\Thesis\7 dataset\hama3_split_raw\test\5\0034.raw,2,5,4,9,0,1907,2.7099273204803467,93184,252516,154,OK,2026-03-19 19:40:17
154,D:\6S2\Thesis\7 dataset\hama3_split_raw\test\8\0156.raw,3,8,3,8,1,1906,2.7093851566314697,93184,252516,155,OK,2026-03-19 19:40:21
155,D:\6S2\Thesis\7 dataset\hama3_split_raw\test\0\0008.raw,0,0,0,0,1,1906,2.708787441253662,93184,252516,156,OK,2026-03-19 19:40:26
156,D:\6S2\Thesis\7 dataset\hama3_split_raw\test\8\0030.raw,3,8,3,8,1,1906,2.709209680557251,93184,252516,157,OK,2026-03-19 19:40:31
157,D:\6S2\Thesis\7 dataset\hama3_split_raw\test\9\0065.raw,4,9,4,9,1,1906,2.709406852722168,93184,252516,158,OK,2026-03-19 19:40:36
158,D:\6S2\Thesis\7 dataset\hama3_split_raw\test\3\0112.raw,1,3,1,3,1,1906,2.709294557571411,93184,252516,159,OK,2026-03-19 19:40:40
159,D:\6S2\Thesis\7 dataset\hama3_split_raw\test\8\0055.raw,3,8,1,3,0,1906,2.709517240524292,93184,252516,160,OK,2026-03-19 19:40:45
160,D:\6S2\Thesis\7 dataset\hama3_split_raw\test\9\0067.raw,4,9,3,8,0,1907,2.7091450691223145,93184,252516,161,OK,2026-03-19 19:40:50
161,D:\6S2\Thesis\7 dataset\hama3_split_raw\test\0\0005.raw,0,0,0,0,1,1906,2.708847761154175,93184,252516,162,OK,2026-03-19 19:40:54
162,D:\6S2\Thesis\7 dataset\hama3_split_raw\test\3\0041.raw,1,3,1,3,1,1906,2.7095649242401123,93184,252516,163,OK,2026-03-19 19:40:59
163,D:\6S2\Thesis\7 dataset\hama3_split_raw\test\9\0031.raw,4,9,3,8,0,1906,2.7099106311798096,93184,252516,164,OK,2026-03-19 19:41:04
164,D:\6S2\Thesis\7 dataset\hama3_split_raw\test\9\0015.raw,4,9,3,8,0,1906,2.7068099975585938,93184,252516,165,OK,2026-03-19 19:41:09
165,D:\6S2\Thesis\7 dataset\hama3_split_raw\test\5\0028.raw,2,5,2,5,1,1907,2.7098872661590576,93184,252516,166,OK,2026-03-19 19:41:13
166,D:\6S2\Thesis\7 dataset\hama3_split_raw\test\5\0058.raw,2,5,1,3,0,1906,2.7093567848205566,93184,252516,167,OK,2026-03-19 19:41:18
167,D:\6S2\Thesis\7 dataset\hama3_split_raw\test\3\0035.raw,1,3,2,5,0,1906,2.7091469764709473,93184,252516,168,OK,2026-03-19 19:41:23
168,D:\6S2\Thesis\7 dataset\hama3_split_raw\test\8\0123.raw,3,8,3,8,1,1906,2.7092888355255127,93184,252516,169,OK,2026-03-19 19:41:27
169,D:\6S2\Thesis\7 dataset\hama3_split_raw\test\9\0013.raw,4,9,3,8,0,1906,2.709665536880493,93184,252516,170,OK,2026-03-19 19:41:32
170,D:\6S2\Thesis\7 dataset\hama3_split_raw\test\0\0032.raw,0,0,0,0,1,1906,2.709505319595337,93184,252516,171,OK,2026-03-19 19:41:37
171,D:\6S2\Thesis\7 dataset\hama3_split_raw\test\3\0010.raw,1,3,3,8,0,1906,2.710085868835449,93184,252516,172,OK,2026-03-19 19:41:42
172,D:\6S2\Thesis\7 dataset\hama3_split_raw\test\5\0022.raw,2,5,2,5,1,1906,2.7093188762664795,93184,252516,173,OK,2026-03-19 19:41:46
173,D:\6S2\Thesis\7 dataset\hama3_split_raw\test\8\0131.raw,3,8,2,5,0,1906,2.7097854614257812,93184,252516,174,OK,2026-03-19 19:41:51
174,D:\6S2\Thesis\7 dataset\hama3_split_raw\test\9\0061.raw,4,9,4,9,1,1906,2.7095253467559814,93184,252516,175,OK,2026-03-19 19:41:56
175,D:\6S2\Thesis\7 dataset\hama3_split_raw\test\9\0013.raw,4,9,3,8,0,1906,2.7089884281158447,93184,252516,176,OK,2026-03-19 19:42:00
176,D:\6S2\Thesis\7 dataset\hama3_split_raw\test\9\0090.raw,4,9,2,5,0,1907,2.7098774909973145,93184,252516,177,OK,2026-03-19 19:42:05
177,D:\6S2\Thesis\7 dataset\hama3_split_raw\test\3\0034.raw,1,3,3,8,0,1906,2.7095885276794434,93184,252516,178,OK,2026-03-19 19:42:10
178,D:\6S2\Thesis\7 dataset\hama3_split_raw\test\3\0014.raw,1,3,1,3,1,1906,2.709535598754883,93184,252516,179,OK,2026-03-19 19:42:15
179,D:\6S2\Thesis\7 dataset\hama3_split_raw\test\3\0053.raw,1,3,4,9,0,1906,2.7103724479675293,93184,252516,180,OK,2026-03-19 19:42:19
180,D:\6S2\Thesis\7 dataset\hama3_split_raw\test\8\0028.raw,3,8,3,8,1,1906,2.7098276615142822,93184,252516,181,OK,2026-03-19 19:42:24
181,D:\6S2\Thesis\7 dataset\hama3_split_raw\test\5\0025.raw,2,5,2,5,1,1906,2.707228660583496,93184,252516,182,OK,2026-03-19 19:42:29
182,D:\6S2\Thesis\7 dataset\hama3_split_raw\test\9\0000.raw,4,9,3,8,0,1907,2.7098681926727295,93184,252516,183,OK,2026-03-19 19:42:33
183,D:\6S2\Thesis\7 dataset\hama3_split_raw\test\3\0036.raw,1,3,1,3,1,1906,2.7100226879119873,93184,252516,184,OK,2026-03-19 19:42:38
184,D:\6S2\Thesis\7 dataset\hama3_split_raw\test\3\0068.raw,1,3,1,3,1,1906,2.710294723510742,93184,252516,185,OK,2026-03-19 19:42:43
185,D:\6S2\Thesis\7 dataset\hama3_split_raw\test\9\0077.raw,4,9,3,8,0,1906,2.7102925777435303,93184,252516,186,OK,2026-03-19 19:42:48
186,D:\6S2\Thesis\7 dataset\hama3_split_raw\test\5\0055.raw,2,5,2,5,1,1906,2.7103500366210938,93184,252516,187,OK,2026-03-19 19:42:52
187,D:\6S2\Thesis\7 dataset\hama3_split_raw\test\3\0095.raw,1,3,2,5,0,1906,2.7093288898468018,93184,252516,188,OK,2026-03-19 19:42:57
188,D:\6S2\Thesis\7 dataset\hama3_split_raw\test\5\0114.raw,2,5,2,5,1,1906,2.709609270095825,93184,252516,189,OK,2026-03-19 19:43:02
189,D:\6S2\Thesis\7 dataset\hama3_split_raw\test\3\0012.raw,1,3,4,9,0,1907,2.7090203762054443,93184,252516,190,OK,2026-03-19 19:43:06
190,D:\6S2\Thesis\7 dataset\hama3_split_raw\test\5\0119.raw,2,5,2,5,1,1906,2.7100183963775635,93184,252516,191,OK,2026-03-19 19:43:11
191,D:\6S2\Thesis\7 dataset\hama3_split_raw\test\5\0050.raw,2,5,2,5,1,1907,2.711073398590088,93184,252516,192,OK,2026-03-19 19:43:16
192,D:\6S2\Thesis\7 dataset\hama3_split_raw\test\0\0071.raw,0,0,0,0,1,1907,2.709972381591797,93184,252516,193,OK,2026-03-19 19:43:21
193,D:\6S2\Thesis\7 dataset\hama3_split_raw\test\0\0030.raw,0,0,0,0,1,1906,2.7094056606292725,93184,252516,194,OK,2026-03-19 19:43:25
194,D:\6S2\Thesis\7 dataset\hama3_split_raw\test\9\0021.raw,4,9,4,9,1,1906,2.70937180519104,93184,252516,195,OK,2026-03-19 19:43:30
195,D:\6S2\Thesis\7 dataset\hama3_split_raw\test\5\0017.raw,2,5,2,5,1,1906,2.709192991256714,93184,252516,196,OK,2026-03-19 19:43:35
196,D:\6S2\Thesis\7 dataset\hama3_split_raw\test\3\0076.raw,1,3,1,3,1,1906,2.7096846103668213,93184,252516,197,OK,2026-03-19 19:43:39
197,D:\6S2\Thesis\7 dataset\hama3_split_raw\test\9\0000.raw,4,9,3,8,0,1906,2.7091386318206787,93184,252516,198,OK,2026-03-19 19:43:44
198,D:\6S2\Thesis\7 dataset\hama3_split_raw\test\8\0093.raw,3,8,1,3,0,1906,2.707775592803955,93184,252516,199,OK,2026-03-19 19:43:49
199,D:\6S2\Thesis\7 dataset\hama3_split_raw\test\8\0158.raw,3,8,2,5,0,1906,2.709643602371216,93184,252516,200,OK,2026-03-19 19:43:54
200,D:\6S2\Thesis\7 dataset\hama3_split_raw\test\0\0057.raw,0,0,0,0,1,1906,2.7100605964660645,93184,252516,201,OK,2026-03-19 19:43:58
201,D:\6S2\Thesis\7 dataset\hama3_split_raw\test\5\0109.raw,2,5,2,5,1,1906,2.7094483375549316,93184,252516,202,OK,2026-03-19 19:44:03
202,D:\6S2\Thesis\7 dataset\hama3_split_raw\test\9\0053.raw,4,9,4,9,1,1906,2.7093794345855713,93184,252516,203,OK,2026-03-19 19:44:08
203,D:\6S2\Thesis\7 dataset\hama3_split_raw\test\5\0087.raw,2,5,2,5,1,1906,2.709336996078491,93184,252516,204,OK,2026-03-19 19:44:12
204,D:\6S2\Thesis\7 dataset\hama3_split_raw\test\8\0047.raw,3,8,3,8,1,1906,2.709331750869751,93184,252516,205,OK,2026-03-19 19:44:17
205,D:\6S2\Thesis\7 dataset\hama3_split_raw\test\5\0032.raw,2,5,2,5,1,1906,2.709871292114258,93184,252516,206,OK,2026-03-19 19:44:22
206,D:\6S2\Thesis\7 dataset\hama3_split_raw\test\9\0087.raw,4,9,4,9,1,1906,2.7093164920806885,93184,252516,207,OK,2026-03-19 19:44:27
207,D:\6S2\Thesis\7 dataset\hama3_split_raw\test\5\0076.raw,2,5,2,5,1,1906,2.7094008922576904,93184,252516,208,OK,2026-03-19 19:44:31
208,D:\6S2\Thesis\7 dataset\hama3_split_raw\test\9\0019.raw,4,9,2,5,0,1906,2.7103867530822754,93184,252516,209,OK,2026-03-19 19:44:36
209,D:\6S2\Thesis\7 dataset\hama3_split_raw\test\3\0097.raw,1,3,3,8,0,1906,2.7089881896972656,93184,252516,210,OK,2026-03-19 19:44:41
210,D:\6S2\Thesis\7 dataset\hama3_split_raw\test\5\0096.raw,2,5,4,9,0,1906,2.7102038860321045,93184,252516,211,OK,2026-03-19 19:44:45
211,D:\6S2\Thesis\7 dataset\hama3_split_raw\test\3\0002.raw,1,3,3,8,0,1906,2.7087273597717285,93184,252516,212,OK,2026-03-19 19:44:50
212,D:\6S2\Thesis\7 dataset\hama3_split_raw\test\9\0090.raw,4,9,2,5,0,1907,2.7089130878448486,93184,252516,213,OK,2026-03-19 19:44:55
213,D:\6S2\Thesis\7 dataset\hama3_split_raw\test\9\0096.raw,4,9,4,9,1,1906,2.70987606048584,93184,252516,214,OK,2026-03-19 19:45:00
214,D:\6S2\Thesis\7 dataset\hama3_split_raw\test\9\0048.raw,4,9,4,9,1,1906,2.7097394466400146,93184,252516,215,OK,2026-03-19 19:45:04
215,D:\6S2\Thesis\7 dataset\hama3_split_raw\test\3\0090.raw,1,3,1,3,1,1906,2.7079837322235107,93184,252516,216,OK,2026-03-19 19:45:09
216,D:\6S2\Thesis\7 dataset\hama3_split_raw\test\9\0042.raw,4,9,3,8,0,1906,2.7092952728271484,93184,252516,217,OK,2026-03-19 19:45:14
217,D:\6S2\Thesis\7 dataset\hama3_split_raw\test\3\0002.raw,1,3,3,8,0,1907,2.709376096725464,93184,252516,218,OK,2026-03-19 19:45:18
218,D:\6S2\Thesis\7 dataset\hama3_split_raw\test\0\0038.raw,0,0,3,8,0,1906,2.708998203277588,93184,252516,219,OK,2026-03-19 19:45:23
219,D:\6S2\Thesis\7 dataset\hama3_split_raw\test\0\0007.raw,0,0,1,3,0,1906,2.7089922428131104,93184,252516,220,OK,2026-03-19 19:45:28
220,D:\6S2\Thesis\7 dataset\hama3_split_raw\test\0\0009.raw,0,0,0,0,1,1906,2.709738254547119,93184,252516,221,OK,2026-03-19 19:45:33
221,D:\6S2\Thesis\7 dataset\hama3_split_raw\test\5\0100.raw,2,5,2,5,1,1906,2.7096409797668457,93184,252516,222,OK,2026-03-19 19:45:37
222,D:\6S2\Thesis\7 dataset\hama3_split_raw\test\8\0081.raw,3,8,3,8,1,1906,2.7093889713287354,93184,252516,223,OK,2026-03-19 19:45:42
223,D:\6S2\Thesis\7 dataset\hama3_split_raw\test\3\0060.raw,1,3,1,3,1,1907,2.70853590965271,93184,252516,224,OK,2026-03-19 19:45:47
224,D:\6S2\Thesis\7 dataset\hama3_split_raw\test\8\0047.raw,3,8,3,8,1,1906,2.7095887660980225,93184,252516,225,OK,2026-03-19 19:45:51
225,D:\6S2\Thesis\7 dataset\hama3_split_raw\test\9\0034.raw,4,9,3,8,0,1906,2.709487199783325,93184,252516,226,OK,2026-03-19 19:45:56
226,D:\6S2\Thesis\7 dataset\hama3_split_raw\test\3\0020.raw,1,3,1,3,1,1906,2.709345579147339,93184,252516,227,OK,2026-03-19 19:46:01
227,D:\6S2\Thesis\7 dataset\hama3_split_raw\test\0\0083.raw,0,0,4,9,0,1906,2.7095820903778076,93184,252516,228,OK,2026-03-19 19:46:06
228,D:\6S2\Thesis\7 dataset\hama3_split_raw\test\8\0098.raw,3,8,2,5,0,1906,2.70936918258667,93184,252516,229,OK,2026-03-19 19:46:10
229,D:\6S2\Thesis\7 dataset\hama3_split_raw\test\3\0060.raw,1,3,1,3,1,1906,2.7096543312072754,93184,252516,230,OK,2026-03-19 19:46:15
230,D:\6S2\Thesis\7 dataset\hama3_split_raw\test\5\0042.raw,2,5,3,8,0,1907,2.7097408771514893,93184,252516,231,OK,2026-03-19 19:46:20
231,D:\6S2\Thesis\7 dataset\hama3_split_raw\test\9\0096.raw,4,9,4,9,1,1906,2.708933115005493,93184,252516,232,OK,2026-03-19 19:46:24
232,D:\6S2\Thesis\7 dataset\hama3_split_raw\test\5\0089.raw,2,5,2,5,1,1906,2.7073752880096436,93184,252516,233,OK,2026-03-19 19:46:29
233,D:\6S2\Thesis\7 dataset\hama3_split_raw\test\5\0069.raw,2,5,2,5,1,1906,2.710007667541504,93184,252516,234,OK,2026-03-19 19:46:34
234,D:\6S2\Thesis\7 dataset\hama3_split_raw\test\0\0065.raw,0,0,0,0,1,1906,2.709608793258667,93184,252516,235,OK,2026-03-19 19:46:39
235,D:\6S2\Thesis\7 dataset\hama3_split_raw\test\9\0052.raw,4,9,3,8,0,1906,2.710327625274658,93184,252516,236,OK,2026-03-19 19:46:43
236,D:\6S2\Thesis\7 dataset\hama3_split_raw\test\8\0030.raw,3,8,3,8,1,1907,2.7095961570739746,93184,252516,237,OK,2026-03-19 19:46:48
237,D:\6S2\Thesis\7 dataset\hama3_split_raw\test\0\0045.raw,0,0,1,3,0,1906,2.7098171710968018,93184,252516,238,OK,2026-03-19 19:46:53
238,D:\6S2\Thesis\7 dataset\hama3_split_raw\test\9\0090.raw,4,9,2,5,0,1906,2.709552526473999,93184,252516,239,OK,2026-03-19 19:46:57
239,D:\6S2\Thesis\7 dataset\hama3_split_raw\test\9\0029.raw,4,9,4,9,1,1906,2.708435297012329,93184,252516,240,OK,2026-03-19 19:47:02
240,D:\6S2\Thesis\7 dataset\hama3_split_raw\test\8\0063.raw,3,8,3,8,1,1906,2.7082338333129883,93184,252516,241,OK,2026-03-19 19:47:07
241,D:\6S2\Thesis\7 dataset\hama3_split_raw\test\8\0110.raw,3,8,3,8,1,1906,2.709411382675171,93184,252516,242,OK,2026-03-19 19:47:12
242,D:\6S2\Thesis\7 dataset\hama3_split_raw\test\9\0057.raw,4,9,1,3,0,1906,2.7095532417297363,93184,252516,243,OK,2026-03-19 19:47:16
243,D:\6S2\Thesis\7 dataset\hama3_split_raw\test\5\0017.raw,2,5,2,5,1,1906,2.709287643432617,93184,252516,244,OK,2026-03-19 19:47:21
244,D:\6S2\Thesis\7 dataset\hama3_split_raw\test\0\0021.raw,0,0,3,8,0,1906,2.7106587886810303,93184,252516,245,OK,2026-03-19 19:47:26
245,D:\6S2\Thesis\7 dataset\hama3_split_raw\test\8\0062.raw,3,8,2,5,0,1907,2.709261655807495,93184,252516,246,OK,2026-03-19 19:47:30
246,D:\6S2\Thesis\7 dataset\hama3_split_raw\test\8\0077.raw,3,8,3,8,1,1907,2.7090871334075928,93184,252516,247,OK,2026-03-19 19:47:35
247,D:\6S2\Thesis\7 dataset\hama3_split_raw\test\3\0032.raw,1,3,1,3,1,1906,2.7112185955047607,93184,252516,248,OK,2026-03-19 19:47:40
248,D:\6S2\Thesis\7 dataset\hama3_split_raw\test\9\0069.raw,4,9,2,5,0,1906,2.7102441787719727,93184,252516,249,OK,2026-03-19 19:47:45
249,D:\6S2\Thesis\7 dataset\hama3_split_raw\test\5\0074.raw,2,5,2,5,1,1907,2.707195520401001,93184,252516,250,OK,2026-03-19 19:47:49
250,D:\6S2\Thesis\7 dataset\hama3_split_raw\test\9\0100.raw,4,9,3,8,0,1906,2.7090365886688232,93184,252516,251,OK,2026-03-19 19:47:54
251,D:\6S2\Thesis\7 dataset\hama3_split_raw\test\0\0061.raw,0,0,1,3,0,1906,2.709615707397461,93184,252516,252,OK,2026-03-19 19:47:59
252,D:\6S2\Thesis\7 dataset\hama3_split_raw\test\3\0041.raw,1,3,1,3,1,1906,2.708730697631836,93184,252516,253,OK,2026-03-19 19:48:03
253,D:\6S2\Thesis\7 dataset\hama3_split_raw\test\3\0000.raw,1,3,3,8,0,1906,2.708982467651367,93184,252516,254,OK,2026-03-19 19:48:08
254,D:\6S2\Thesis\7 dataset\hama3_split_raw\test\0\0066.raw,0,0,3,8,0,1906,2.709865093231201,93184,252516,255,OK,2026-03-19 19:48:13
255,D:\6S2\Thesis\7 dataset\hama3_split_raw\test\0\0091.raw,0,0,2,5,0,1906,2.7095510959625244,93184,252516,256,OK,2026-03-19 19:48:17
256,D:\6S2\Thesis\7 dataset\hama3_split_raw\test\3\0037.raw,1,3,1,3,1,1906,2.7090466022491455,93184,252516,257,OK,2026-03-19 19:48:22
257,D:\6S2\Thesis\7 dataset\hama3_split_raw\test\8\0058.raw,3,8,3,8,1,1906,2.709473133087158,93184,252516,258,OK,2026-03-19 19:48:27
258,D:\6S2\Thesis\7 dataset\hama3_split_raw\test\3\0105.raw,1,3,1,3,1,1906,2.7093000411987305,93184,252516,259,OK,2026-03-19 19:48:32
259,D:\6S2\Thesis\7 dataset\hama3_split_raw\test\3\0083.raw,1,3,4,9,0,1906,2.7103919982910156,93184,252516,260,OK,2026-03-19 19:48:36
260,D:\6S2\Thesis\7 dataset\hama3_split_raw\test\9\0069.raw,4,9,2,5,0,1906,2.7088241577148438,93184,252516,261,OK,2026-03-19 19:48:41
261,D:\6S2\Thesis\7 dataset\hama3_split_raw\test\3\0046.raw,1,3,1,3,1,1906,2.7098653316497803,93184,252516,262,OK,2026-03-19 19:48:46
262,D:\6S2\Thesis\7 dataset\hama3_split_raw\test\9\0088.raw,4,9,2,5,0,1906,2.708932876586914,93184,252516,263,OK,2026-03-19 19:48:50
263,D:\6S2\Thesis\7 dataset\hama3_split_raw\test\0\0068.raw,0,0,0,0,1,1906,2.709474563598633,93184,252516,264,OK,2026-03-19 19:48:55
264,D:\6S2\Thesis\7 dataset\hama3_split_raw\test\3\0024.raw,1,3,1,3,1,1906,2.711024284362793,93184,252516,265,OK,2026-03-19 19:49:00
265,D:\6S2\Thesis\7 dataset\hama3_split_raw\test\9\0039.raw,4,9,2,5,0,1907,2.7093236446380615,93184,252516,266,OK,2026-03-19 19:49:05
266,D:\6S2\Thesis\7 dataset\hama3_split_raw\test\0\0032.raw,0,0,0,0,1,1906,2.7074103355407715,93184,252516,267,OK,2026-03-19 19:49:09
267,D:\6S2\Thesis\7 dataset\hama3_split_raw\test\0\0050.raw,0,0,0,0,1,1906,2.709275960922241,93184,252516,268,OK,2026-03-19 19:49:14
268,D:\6S2\Thesis\7 dataset\hama3_split_raw\test\9\0093.raw,4,9,4,9,1,1906,2.7095422744750977,93184,252516,269,OK,2026-03-19 19:49:19
269,D:\6S2\Thesis\7 dataset\hama3_split_raw\test\5\0011.raw,2,5,2,5,1,1906,2.7082297801971436,93184,252516,270,OK,2026-03-19 19:49:24
270,D:\6S2\Thesis\7 dataset\hama3_split_raw\test\8\0055.raw,3,8,1,3,0,1906,2.7094526290893555,93184,252516,271,OK,2026-03-19 19:49:28
271,D:\6S2\Thesis\7 dataset\hama3_split_raw\test\0\0029.raw,0,0,4,9,0,1906,2.7107813358306885,93184,252516,272,OK,2026-03-19 19:49:33
272,D:\6S2\Thesis\7 dataset\hama3_split_raw\test\3\0097.raw,1,3,3,8,0,1906,2.709217071533203,93184,252516,273,OK,2026-03-19 19:49:38
273,D:\6S2\Thesis\7 dataset\hama3_split_raw\test\5\0119.raw,2,5,2,5,1,1906,2.7092700004577637,93184,252516,274,OK,2026-03-19 19:49:42
274,D:\6S2\Thesis\7 dataset\hama3_split_raw\test\3\0078.raw,1,3,1,3,1,1906,2.7088770866394043,93184,252516,275,OK,2026-03-19 19:49:47
275,D:\6S2\Thesis\7 dataset\hama3_split_raw\test\9\0020.raw,4,9,4,9,1,1906,2.709038734436035,93184,252516,276,OK,2026-03-19 19:49:52
276,D:\6S2\Thesis\7 dataset\hama3_split_raw\test\8\0130.raw,3,8,4,9,0,1906,2.7095320224761963,93184,252516,277,OK,2026-03-19 19:49:57
277,D:\6S2\Thesis\7 dataset\hama3_split_raw\test\9\0023.raw,4,9,4,9,1,1906,2.708840847015381,93184,252516,278,OK,2026-03-19 19:50:01
278,D:\6S2\Thesis\7 dataset\hama3_split_raw\test\0\0000.raw,0,0,0,0,1,1906,2.7103779315948486,93184,252516,279,OK,2026-03-19 19:50:06
279,D:\6S2\Thesis\7 dataset\hama3_split_raw\test\0\0023.raw,0,0,0,0,1,1906,2.7088725566864014,93184,252516,280,OK,2026-03-19 19:50:11
280,D:\6S2\Thesis\7 dataset\hama3_split_raw\test\8\0053.raw,3,8,3,8,1,1906,2.7096970081329346,93184,252516,281,OK,2026-03-19 19:50:15
281,D:\6S2\Thesis\7 dataset\hama3_split_raw\test\5\0063.raw,2,5,4,9,0,1906,2.709556818008423,93184,252516,282,OK,2026-03-19 19:50:20
282,D:\6S2\Thesis\7 dataset\hama3_split_raw\test\9\0073.raw,4,9,2,5,0,1906,2.709045648574829,93184,252516,283,OK,2026-03-19 19:50:25
283,D:\6S2\Thesis\7 dataset\hama3_split_raw\test\3\0029.raw,1,3,1,3,1,1906,2.707941770553589,93184,252516,284,OK,2026-03-19 19:50:30
284,D:\6S2\Thesis\7 dataset\hama3_split_raw\test\3\0029.raw,1,3,1,3,1,1906,2.710306406021118,93184,252516,285,OK,2026-03-19 19:50:34
285,D:\6S2\Thesis\7 dataset\hama3_split_raw\test\3\0062.raw,1,3,3,8,0,1907,2.7097227573394775,93184,252516,286,OK,2026-03-19 19:50:39
286,D:\6S2\Thesis\7 dataset\hama3_split_raw\test\3\0077.raw,1,3,1,3,1,1906,2.709901809692383,93184,252516,287,OK,2026-03-19 19:50:44
287,D:\6S2\Thesis\7 dataset\hama3_split_raw\test\3\0100.raw,1,3,2,5,0,1906,2.709648847579956,93184,252516,288,OK,2026-03-19 19:50:48
288,D:\6S2\Thesis\7 dataset\hama3_split_raw\test\9\0046.raw,4,9,1,3,0,1906,2.709886312484741,93184,252516,289,OK,2026-03-19 19:50:53
289,D:\6S2\Thesis\7 dataset\hama3_split_raw\test\0\0073.raw,0,0,3,8,0,1906,2.7094619274139404,93184,252516,290,OK,2026-03-19 19:50:58
290,D:\6S2\Thesis\7 dataset\hama3_split_raw\test\3\0081.raw,1,3,1,3,1,1906,2.7094621658325195,93184,252516,291,OK,2026-03-19 19:51:02
291,D:\6S2\Thesis\7 dataset\hama3_split_raw\test\0\0060.raw,0,0,0,0,1,1906,2.7097036838531494,93184,252516,292,OK,2026-03-19 19:51:07
292,D:\6S2\Thesis\7 dataset\hama3_split_raw\test\3\0097.raw,1,3,3,8,0,1906,2.709437608718872,93184,252516,293,OK,2026-03-19 19:51:12
293,D:\6S2\Thesis\7 dataset\hama3_split_raw\test\9\0073.raw,4,9,2,5,0,1906,2.71338152885437,93184,252516,294,OK,2026-03-19 19:51:17
294,D:\6S2\Thesis\7 dataset\hama3_split_raw\test\9\0007.raw,4,9,3,8,0,1906,2.7092208862304688,93184,252516,295,OK,2026-03-19 19:51:21
295,D:\6S2\Thesis\7 dataset\hama3_split_raw\test\9\0046.raw,4,9,1,3,0,1906,2.7096564769744873,93184,252516,296,OK,2026-03-19 19:51:26
296,D:\6S2\Thesis\7 dataset\hama3_split_raw\test\8\0046.raw,3,8,3,8,1,1906,2.709947347640991,93184,252516,297,OK,2026-03-19 19:51:31
297,D:\6S2\Thesis\7 dataset\hama3_split_raw\test\9\0068.raw,4,9,3,8,0,1906,2.710444688796997,93184,252516,298,OK,2026-03-19 19:51:35
298,D:\6S2\Thesis\7 dataset\hama3_split_raw\test\8\0051.raw,3,8,3,8,1,1906,2.710430860519409,93184,252516,299,OK,2026-03-19 19:51:40
299,D:\6S2\Thesis\7 dataset\hama3_split_raw\test\0\0071.raw,0,0,0,0,1,1906,2.7093374729156494,93184,252516,300,OK,2026-03-19 19:51:45
300,D:\6S2\Thesis\7 dataset\hama3_split_raw\test\3\0027.raw,1,3,1,3,1,1906,2.707711696624756,93184,252516,301,OK,2026-03-19 19:51:50
301,D:\6S2\Thesis\7 dataset\hama3_split_raw\test\8\0108.raw,3,8,3,8,1,1906,2.710557222366333,93184,252516,302,OK,2026-03-19 19:51:54
302,D:\6S2\Thesis\7 dataset\hama3_split_raw\test\3\0111.raw,1,3,1,3,1,1907,2.7106258869171143,93184,252516,303,OK,2026-03-19 19:51:59
303,D:\6S2\Thesis\7 dataset\hama3_split_raw\test\8\0051.raw,3,8,3,8,1,1906,2.7095696926116943,93184,252516,304,OK,2026-03-19 19:52:04
304,D:\6S2\Thesis\7 dataset\hama3_split_raw\test\3\0077.raw,1,3,1,3,1,1906,2.707479238510132,93184,252516,305,OK,2026-03-19 19:52:08
305,D:\6S2\Thesis\7 dataset\hama3_split_raw\test\5\0101.raw,2,5,2,5,1,1906,2.7097702026367188,93184,252516,306,OK,2026-03-19 19:52:13
306,D:\6S2\Thesis\7 dataset\hama3_split_raw\test\8\0132.raw,3,8,2,5,0,1907,2.710371255874634,93184,252516,307,OK,2026-03-19 19:52:18
307,D:\6S2\Thesis\7 dataset\hama3_split_raw\test\8\0067.raw,3,8,2,5,0,1906,2.7091763019561768,93184,252516,308,OK,2026-03-19 19:52:23
308,D:\6S2\Thesis\7 dataset\hama3_split_raw\test\0\0011.raw,0,0,1,3,0,1906,2.709871530532837,93184,252516,309,OK,2026-03-19 19:52:27
309,D:\6S2\Thesis\7 dataset\hama3_split_raw\test\8\0008.raw,3,8,3,8,1,1906,2.709479570388794,93184,252516,310,OK,2026-03-19 19:52:32
310,D:\6S2\Thesis\7 dataset\hama3_split_raw\test\8\0161.raw,3,8,1,3,0,1906,2.710193395614624,93184,252516,311,OK,2026-03-19 19:52:37
311,D:\6S2\Thesis\7 dataset\hama3_split_raw\test\9\0024.raw,4,9,4,9,1,1906,2.709695816040039,93184,252516,312,OK,2026-03-19 19:52:42
312,D:\6S2\Thesis\7 dataset\hama3_split_raw\test\0\0041.raw,0,0,2,5,0,1906,2.709465503692627,93184,252516,313,OK,2026-03-19 19:52:46
313,D:\6S2\Thesis\7 dataset\hama3_split_raw\test\3\0048.raw,1,3,4,9,0,1906,2.711557388305664,93184,252516,314,OK,2026-03-19 19:52:51
314,D:\6S2\Thesis\7 dataset\hama3_split_raw\test\8\0089.raw,3,8,3,8,1,1906,2.7096686363220215,93184,252516,315,OK,2026-03-19 19:52:56
315,D:\6S2\Thesis\7 dataset\hama3_split_raw\test\0\0012.raw,0,0,1,3,0,1906,2.709538221359253,93184,252516,316,OK,2026-03-19 19:53:00
316,D:\6S2\Thesis\7 dataset\hama3_split_raw\test\8\0082.raw,3,8,2,5,0,1906,2.7092082500457764,93184,252516,317,OK,2026-03-19 19:53:05
317,D:\6S2\Thesis\7 dataset\hama3_split_raw\test\5\0060.raw,2,5,2,5,1,1906,2.710907220840454,93184,252516,318,OK,2026-03-19 19:53:10
318,D:\6S2\Thesis\7 dataset\hama3_split_raw\test\3\0003.raw,1,3,1,3,1,1906,2.7081480026245117,93184,252516,319,OK,2026-03-19 19:53:15
319,D:\6S2\Thesis\7 dataset\hama3_split_raw\test\9\0063.raw,4,9,4,9,1,1906,2.7094223499298096,93184,252516,320,OK,2026-03-19 19:53:19
320,D:\6S2\Thesis\7 dataset\hama3_split_raw\test\3\0059.raw,1,3,1,3,1,1906,2.709002733230591,93184,252516,321,OK,2026-03-19 19:53:24
321,D:\6S2\Thesis\7 dataset\hama3_split_raw\test\5\0048.raw,2,5,2,5,1,1906,2.710009813308716,93184,252516,322,OK,2026-03-19 19:53:29
322,D:\6S2\Thesis\7 dataset\hama3_split_raw\test\3\0091.raw,1,3,1,3,1,1906,2.7086663246154785,93184,252516,323,OK,2026-03-19 19:53:34
323,D:\6S2\Thesis\7 dataset\hama3_split_raw\test\5\0011.raw,2,5,2,5,1,1906,2.7093467712402344,93184,252516,324,OK,2026-03-19 19:53:38
324,D:\6S2\Thesis\7 dataset\hama3_split_raw\test\5\0089.raw,2,5,2,5,1,1906,2.7092056274414062,93184,252516,325,OK,2026-03-19 19:53:43
325,D:\6S2\Thesis\7 dataset\hama3_split_raw\test\5\0059.raw,2,5,1,3,0,1906,2.7093870639801025,93184,252516,326,OK,2026-03-19 19:53:48
326,D:\6S2\Thesis\7 dataset\hama3_split_raw\test\8\0006.raw,3,8,2,5,0,1906,2.710477352142334,93184,252516,327,OK,2026-03-19 19:53:52
327,D:\6S2\Thesis\7 dataset\hama3_split_raw\test\5\0029.raw,2,5,1,3,0,1906,2.709131956100464,93184,252516,328,OK,2026-03-19 19:53:57
328,D:\6S2\Thesis\7 dataset\hama3_split_raw\test\8\0135.raw,3,8,3,8,1,1906,2.7095916271209717,93184,252516,329,OK,2026-03-19 19:54:02
329,D:\6S2\Thesis\7 dataset\hama3_split_raw\test\3\0069.raw,1,3,1,3,1,1907,2.7108476161956787,93184,252516,330,OK,2026-03-19 19:54:07
330,D:\6S2\Thesis\7 dataset\hama3_split_raw\test\8\0162.raw,3,8,3,8,1,1906,2.709649085998535,93184,252516,331,OK,2026-03-19 19:54:11
331,D:\6S2\Thesis\7 dataset\hama3_split_raw\test\9\0031.raw,4,9,3,8,0,1906,2.7093396186828613,93184,252516,332,OK,2026-03-19 19:54:16
332,D:\6S2\Thesis\7 dataset\hama3_split_raw\test\9\0020.raw,4,9,4,9,1,1906,2.7097880840301514,93184,252516,333,OK,2026-03-19 19:54:21
333,D:\6S2\Thesis\7 dataset\hama3_split_raw\test\0\0055.raw,0,0,0,0,1,1906,2.709723472595215,93184,252516,334,OK,2026-03-19 19:54:25
334,D:\6S2\Thesis\7 dataset\hama3_split_raw\test\3\0111.raw,1,3,1,3,1,1907,2.7081990242004395,93184,252516,335,OK,2026-03-19 19:54:30
335,D:\6S2\Thesis\7 dataset\hama3_split_raw\test\8\0042.raw,3,8,1,3,0,1906,2.7102274894714355,93184,252516,336,OK,2026-03-19 19:54:35
336,D:\6S2\Thesis\7 dataset\hama3_split_raw\test\8\0170.raw,3,8,3,8,1,1907,2.709933042526245,93184,252516,337,OK,2026-03-19 19:54:40
337,D:\6S2\Thesis\7 dataset\hama3_split_raw\test\9\0076.raw,4,9,3,8,0,1906,2.709782361984253,93184,252516,338,OK,2026-03-19 19:54:44
338,D:\6S2\Thesis\7 dataset\hama3_split_raw\test\5\0003.raw,2,5,1,3,0,1906,2.709747076034546,93184,252516,339,OK,2026-03-19 19:54:49
339,D:\6S2\Thesis\7 dataset\hama3_split_raw\test\0\0062.raw,0,0,0,0,1,1906,2.7098264694213867,93184,252516,340,OK,2026-03-19 19:54:54
340,D:\6S2\Thesis\7 dataset\hama3_split_raw\test\5\0018.raw,2,5,3,8,0,1906,2.7094173431396484,93184,252516,341,OK,2026-03-19 19:54:58
341,D:\6S2\Thesis\7 dataset\hama3_split_raw\test\0\0058.raw,0,0,3,8,0,1906,2.7098188400268555,93184,252516,342,OK,2026-03-19 19:55:03
342,D:\6S2\Thesis\7 dataset\hama3_split_raw\test\3\0082.raw,1,3,1,3,1,1906,2.7087483406066895,93184,252516,343,OK,2026-03-19 19:55:08
343,D:\6S2\Thesis\7 dataset\hama3_split_raw\test\0\0078.raw,0,0,1,3,0,1906,2.7105085849761963,93184,252516,344,OK,2026-03-19 19:55:13
344,D:\6S2\Thesis\7 dataset\hama3_split_raw\test\0\0079.raw,0,0,2,5,0,1906,2.709573745727539,93184,252516,345,OK,2026-03-19 19:55:17
345,D:\6S2\Thesis\7 dataset\hama3_split_raw\test\0\0023.raw,0,0,0,0,1,1906,2.7098615169525146,93184,252516,346,OK,2026-03-19 19:55:22
346,D:\6S2\Thesis\7 dataset\hama3_split_raw\test\8\0041.raw,3,8,2,5,0,1906,2.710620880126953,93184,252516,347,OK,2026-03-19 19:55:27
347,D:\6S2\Thesis\7 dataset\hama3_split_raw\test\5\0068.raw,2,5,1,3,0,1906,2.71024489402771,93184,252516,348,OK,2026-03-19 19:55:31
348,D:\6S2\Thesis\7 dataset\hama3_split_raw\test\9\0043.raw,4,9,4,9,1,1907,2.70969295501709,93184,252516,349,OK,2026-03-19 19:55:36
349,D:\6S2\Thesis\7 dataset\hama3_split_raw\test\3\0107.raw,1,3,1,3,1,1907,2.7099523544311523,93184,252516,350,OK,2026-03-19 19:55:41
350,D:\6S2\Thesis\7 dataset\hama3_split_raw\test\5\0114.raw,2,5,2,5,1,1906,2.7097718715667725,93184,252516,351,OK,2026-03-19 19:55:46
351,D:\6S2\Thesis\7 dataset\hama3_split_raw\test\8\0105.raw,3,8,3,8,1,1906,2.7100024223327637,93184,252516,352,OK,2026-03-19 19:55:50
352,D:\6S2\Thesis\7 dataset\hama3_split_raw\test\5\0031.raw,2,5,2,5,1,1906,2.7091054916381836,93184,252516,353,OK,2026-03-19 19:55:55
353,D:\6S2\Thesis\7 dataset\hama3_split_raw\test\5\0020.raw,2,5,3,8,0,1906,2.7092063426971436,93184,252516,354,OK,2026-03-19 19:56:00
354,D:\6S2\Thesis\7 dataset\hama3_split_raw\test\3\0057.raw,1,3,1,3,1,1906,2.709423065185547,93184,252516,355,OK,2026-03-19 19:56:04
355,D:\6S2\Thesis\7 dataset\hama3_split_raw\test\0\0063.raw,0,0,0,0,1,1906,2.7094390392303467,93184,252516,356,OK,2026-03-19 19:56:09
356,D:\6S2\Thesis\7 dataset\hama3_split_raw\test\0\0081.raw,0,0,3,8,0,1906,2.7116613388061523,93184,252516,357,OK,2026-03-19 19:56:14
357,D:\6S2\Thesis\7 dataset\hama3_split_raw\test\9\0017.raw,4,9,4,9,1,1906,2.709301710128784,93184,252516,358,OK,2026-03-19 19:56:19
358,D:\6S2\Thesis\7 dataset\hama3_split_raw\test\0\0036.raw,0,0,1,3,0,1906,2.7072110176086426,93184,252516,359,OK,2026-03-19 19:56:23
359,D:\6S2\Thesis\7 dataset\hama3_split_raw\test\3\0081.raw,1,3,1,3,1,1906,2.709305763244629,93184,252516,360,OK,2026-03-19 19:56:28
360,D:\6S2\Thesis\7 dataset\hama3_split_raw\test\3\0057.raw,1,3,1,3,1,1906,2.7109549045562744,93184,252516,361,OK,2026-03-19 19:56:33
361,D:\6S2\Thesis\7 dataset\hama3_split_raw\test\8\0092.raw,3,8,3,8,1,1906,2.709559202194214,93184,252516,362,OK,2026-03-19 19:56:37
362,D:\6S2\Thesis\7 dataset\hama3_split_raw\test\9\0039.raw,4,9,2,5,0,1906,2.709576368331909,93184,252516,363,OK,2026-03-19 19:56:42
363,D:\6S2\Thesis\7 dataset\hama3_split_raw\test\8\0018.raw,3,8,3,8,1,1906,2.710343837738037,93184,252516,364,OK,2026-03-19 19:56:47
364,D:\6S2\Thesis\7 dataset\hama3_split_raw\test\8\0138.raw,3,8,3,8,1,1906,2.7095561027526855,93184,252516,365,OK,2026-03-19 19:56:52
365,D:\6S2\Thesis\7 dataset\hama3_split_raw\test\0\0050.raw,0,0,0,0,1,1906,2.709308385848999,93184,252516,366,OK,2026-03-19 19:56:56
366,D:\6S2\Thesis\7 dataset\hama3_split_raw\test\0\0044.raw,0,0,3,8,0,1907,2.7110610008239746,93184,252516,367,OK,2026-03-19 19:57:01
367,D:\6S2\Thesis\7 dataset\hama3_split_raw\test\8\0070.raw,3,8,3,8,1,1906,2.709472894668579,93184,252516,368,OK,2026-03-19 19:57:06
368,D:\6S2\Thesis\7 dataset\hama3_split_raw\test\5\0004.raw,2,5,2,5,1,1906,2.7094497680664062,93184,252516,369,OK,2026-03-19 19:57:10
369,D:\6S2\Thesis\7 dataset\hama3_split_raw\test\8\0043.raw,3,8,3,8,1,1906,2.709792375564575,93184,252516,370,OK,2026-03-19 19:57:15
370,D:\6S2\Thesis\7 dataset\hama3_split_raw\test\3\0102.raw,1,3,1,3,1,1906,2.7093942165374756,93184,252516,371,OK,2026-03-19 19:57:20
371,D:\6S2\Thesis\7 dataset\hama3_split_raw\test\3\0081.raw,1,3,1,3,1,1906,2.710961103439331,93184,252516,372,OK,2026-03-19 19:57:25
372,D:\6S2\Thesis\7 dataset\hama3_split_raw\test\3\0098.raw,1,3,3,8,0,1906,2.708958864212036,93184,252516,373,OK,2026-03-19 19:57:29
373,D:\6S2\Thesis\7 dataset\hama3_split_raw\test\0\0067.raw,0,0,0,0,1,1907,2.7098991870880127,93184,252516,374,OK,2026-03-19 19:57:34
374,D:\6S2\Thesis\7 dataset\hama3_split_raw\test\9\0034.raw,4,9,3,8,0,1907,2.709782600402832,93184,252516,375,OK,2026-03-19 19:57:39
375,D:\6S2\Thesis\7 dataset\hama3_split_raw\test\0\0056.raw,0,0,4,9,0,1906,2.709407329559326,93184,252516,376,OK,2026-03-19 19:57:43
376,D:\6S2\Thesis\7 dataset\hama3_split_raw\test\3\0096.raw,1,3,4,9,0,1906,2.71099853515625,93184,252516,377,OK,2026-03-19 19:57:48
377,D:\6S2\Thesis\7 dataset\hama3_split_raw\test\3\0061.raw,1,3,1,3,1,1906,2.7094244956970215,93184,252516,378,OK,2026-03-19 19:57:53
378,D:\6S2\Thesis\7 dataset\hama3_split_raw\test\8\0169.raw,3,8,1,3,0,1906,2.7109782695770264,93184,252516,379,OK,2026-03-19 19:57:58
379,D:\6S2\Thesis\7 dataset\hama3_split_raw\test\0\0032.raw,0,0,0,0,1,1907,2.709411859512329,93184,252516,380,OK,2026-03-19 19:58:02
380,D:\6S2\Thesis\7 dataset\hama3_split_raw\test\5\0110.raw,2,5,2,5,1,1906,2.7089083194732666,93184,252516,381,OK,2026-03-19 19:58:07
381,D:\6S2\Thesis\7 dataset\hama3_split_raw\test\9\0037.raw,4,9,4,9,1,1906,2.7095348834991455,93184,252516,382,OK,2026-03-19 19:58:12
382,D:\6S2\Thesis\7 dataset\hama3_split_raw\test\8\0018.raw,3,8,3,8,1,1906,2.7094619274139404,93184,252516,383,OK,2026-03-19 19:58:16
383,D:\6S2\Thesis\7 dataset\hama3_split_raw\test\0\0006.raw,0,0,1,3,0,1906,2.7093088626861572,93184,252516,384,OK,2026-03-19 19:58:21
384,D:\6S2\Thesis\7 dataset\hama3_split_raw\test\8\0050.raw,3,8,3,8,1,1906,2.7097344398498535,93184,252516,385,OK,2026-03-19 19:58:26
385,D:\6S2\Thesis\7 dataset\hama3_split_raw\test\5\0079.raw,2,5,2,5,1,1906,2.709355592727661,93184,252516,386,OK,2026-03-19 19:58:31
386,D:\6S2\Thesis\7 dataset\hama3_split_raw\test\0\0007.raw,0,0,1,3,0,1906,2.7090466022491455,93184,252516,387,OK,2026-03-19 19:58:35
387,D:\6S2\Thesis\7 dataset\hama3_split_raw\test\0\0018.raw,0,0,0,0,1,1906,2.709223985671997,93184,252516,388,OK,2026-03-19 19:58:40
388,D:\6S2\Thesis\7 dataset\hama3_split_raw\test\8\0105.raw,3,8,3,8,1,1906,2.710397720336914,93184,252516,389,OK,2026-03-19 19:58:45
389,D:\6S2\Thesis\7 dataset\hama3_split_raw\test\5\0028.raw,2,5,2,5,1,1906,2.709474802017212,93184,252516,390,OK,2026-03-19 19:58:49
390,D:\6S2\Thesis\7 dataset\hama3_split_raw\test\3\0034.raw,1,3,3,8,0,1906,2.709979295730591,93184,252516,391,OK,2026-03-19 19:58:54
391,D:\6S2\Thesis\7 dataset\hama3_split_raw\test\0\0061.raw,0,0,1,3,0,1906,2.7094733715057373,93184,252516,392,OK,2026-03-19 19:58:59
392,D:\6S2\Thesis\7 dataset\hama3_split_raw\test\0\0077.raw,0,0,4,9,0,1906,2.7093393802642822,93184,252516,393,OK,2026-03-19 19:59:04
393,D:\6S2\Thesis\7 dataset\hama3_split_raw\test\0\0049.raw,0,0,1,3,0,1906,2.7097270488739014,93184,252516,394,OK,2026-03-19 19:59:08
394,D:\6S2\Thesis\7 dataset\hama3_split_raw\test\9\0030.raw,4,9,2,5,0,1906,2.7091526985168457,93184,252516,395,OK,2026-03-19 19:59:13
395,D:\6S2\Thesis\7 dataset\hama3_split_raw\test\0\0029.raw,0,0,4,9,0,1906,2.708808660507202,93184,252516,396,OK,2026-03-19 19:59:18
396,D:\6S2\Thesis\7 dataset\hama3_split_raw\test\8\0060.raw,3,8,3,8,1,1906,2.708239793777466,93184,252516,397,OK,2026-03-19 19:59:22
397,D:\6S2\Thesis\7 dataset\hama3_split_raw\test\0\0080.raw,0,0,1,3,0,1906,2.709057569503784,93184,252516,398,OK,2026-03-19 19:59:27
398,D:\6S2\Thesis\7 dataset\hama3_split_raw\test\3\0011.raw,1,3,1,3,1,1906,2.7083942890167236,93184,252516,399,OK,2026-03-19 19:59:32
399,D:\6S2\Thesis\7 dataset\hama3_split_raw\test\0\0042.raw,0,0,0,0,1,1906,2.7093005180358887,93184,252516,400,OK,2026-03-19 19:59:37
400,D:\6S2\Thesis\7 dataset\hama3_split_raw\test\9\0092.raw,4,9,2,5,0,1906,2.7107696533203125,93184,252516,401,OK,2026-03-19 19:59:41
401,D:\6S2\Thesis\7 dataset\hama3_split_raw\test\8\0164.raw,3,8,3,8,1,1906,2.709939956665039,93184,252516,402,OK,2026-03-19 19:59:46
402,D:\6S2\Thesis\7 dataset\hama3_split_raw\test\0\0052.raw,0,0,1,3,0,1906,2.7092819213867188,93184,252516,403,OK,2026-03-19 19:59:51
403,D:\6S2\Thesis\7 dataset\hama3_split_raw\test\3\0066.raw,1,3,3,8,0,1906,2.7092669010162354,93184,252516,404,OK,2026-03-19 19:59:55
404,D:\6S2\Thesis\7 dataset\hama3_split_raw\test\0\0041.raw,0,0,2,5,0,1906,2.7096056938171387,93184,252516,405,OK,2026-03-19 20:00:00
405,D:\6S2\Thesis\7 dataset\hama3_split_raw\test\8\0093.raw,3,8,1,3,0,1906,2.7095155715942383,93184,252516,406,OK,2026-03-19 20:00:05
406,D:\6S2\Thesis\7 dataset\hama3_split_raw\test\8\0088.raw,3,8,3,8,1,1907,2.7098100185394287,93184,252516,407,OK,2026-03-19 20:00:10
407,D:\6S2\Thesis\7 dataset\hama3_split_raw\test\8\0103.raw,3,8,3,8,1,1906,2.709271192550659,93184,252516,408,OK,2026-03-19 20:00:14
408,D:\6S2\Thesis\7 dataset\hama3_split_raw\test\3\0013.raw,1,3,1,3,1,1907,2.7075917720794678,93184,252516,409,OK,2026-03-19 20:00:19
409,D:\6S2\Thesis\7 dataset\hama3_split_raw\test\5\0084.raw,2,5,3,8,0,1906,2.7079153060913086,93184,252516,410,OK,2026-03-19 20:00:24
410,D:\6S2\Thesis\7 dataset\hama3_split_raw\test\0\0077.raw,0,0,4,9,0,1907,2.709521532058716,93184,252516,411,OK,2026-03-19 20:00:28
411,D:\6S2\Thesis\7 dataset\hama3_split_raw\test\5\0020.raw,2,5,3,8,0,1906,2.7096192836761475,93184,252516,412,OK,2026-03-19 20:00:33
412,D:\6S2\Thesis\7 dataset\hama3_split_raw\test\5\0013.raw,2,5,1,3,0,1906,2.7088348865509033,93184,252516,413,OK,2026-03-19 20:00:38
413,D:\6S2\Thesis\7 dataset\hama3_split_raw\test\5\0069.raw,2,5,2,5,1,1906,2.7094476222991943,93184,252516,414,OK,2026-03-19 20:00:43
414,D:\6S2\Thesis\7 dataset\hama3_split_raw\test\0\0028.raw,0,0,0,0,1,1906,2.7090988159179688,93184,252516,415,OK,2026-03-19 20:00:47
415,D:\6S2\Thesis\7 dataset\hama3_split_raw\test\3\0092.raw,1,3,1,3,1,1906,2.7096030712127686,93184,252516,416,OK,2026-03-19 20:00:52
416,D:\6S2\Thesis\7 dataset\hama3_split_raw\test\9\0099.raw,4,9,1,3,0,1906,2.709446430206299,93184,252516,417,OK,2026-03-19 20:00:57
417,D:\6S2\Thesis\7 dataset\hama3_split_raw\test\9\0011.raw,4,9,4,9,1,1906,2.709333896636963,93184,252516,418,OK,2026-03-19 20:01:01
418,D:\6S2\Thesis\7 dataset\hama3_split_raw\test\8\0076.raw,3,8,3,8,1,1906,2.7101259231567383,93184,252516,419,OK,2026-03-19 20:01:06
419,D:\6S2\Thesis\7 dataset\hama3_split_raw\test\9\0050.raw,4,9,3,8,0,1907,2.7087581157684326,93184,252516,420,OK,2026-03-19 20:01:11
420,D:\6S2\Thesis\7 dataset\hama3_split_raw\test\3\0101.raw,1,3,4,9,0,1906,2.7093935012817383,93184,252516,421,OK,2026-03-19 20:01:16
421,D:\6S2\Thesis\7 dataset\hama3_split_raw\test\5\0114.raw,2,5,2,5,1,1906,2.709287166595459,93184,252516,422,OK,2026-03-19 20:01:20
422,D:\6S2\Thesis\7 dataset\hama3_split_raw\test\5\0111.raw,2,5,3,8,0,1906,2.7097859382629395,93184,252516,423,OK,2026-03-19 20:01:25
423,D:\6S2\Thesis\7 dataset\hama3_split_raw\test\9\0078.raw,4,9,3,8,0,1906,2.7093212604522705,93184,252516,424,OK,2026-03-19 20:01:30
424,D:\6S2\Thesis\7 dataset\hama3_split_raw\test\5\0083.raw,2,5,1,3,0,1906,2.7096290588378906,93184,252516,425,OK,2026-03-19 20:01:34
425,D:\6S2\Thesis\7 dataset\hama3_split_raw\test\0\0016.raw,0,0,2,5,0,1906,2.7107136249542236,93184,252516,426,OK,2026-03-19 20:01:39
426,D:\6S2\Thesis\7 dataset\hama3_split_raw\test\3\0011.raw,1,3,1,3,1,1906,2.7093896865844727,93184,252516,427,OK,2026-03-19 20:01:44
427,D:\6S2\Thesis\7 dataset\hama3_split_raw\test\0\0063.raw,0,0,0,0,1,1907,2.709346294403076,93184,252516,428,OK,2026-03-19 20:01:49
428,D:\6S2\Thesis\7 dataset\hama3_split_raw\test\5\0025.raw,2,5,2,5,1,1906,2.7094759941101074,93184,252516,429,OK,2026-03-19 20:01:53
429,D:\6S2\Thesis\7 dataset\hama3_split_raw\test\0\0018.raw,0,0,0,0,1,1906,2.7088124752044678,93184,252516,430,OK,2026-03-19 20:01:58
430,D:\6S2\Thesis\7 dataset\hama3_split_raw\test\5\0004.raw,2,5,2,5,1,1906,2.707637310028076,93184,252516,431,OK,2026-03-19 20:02:03
431,D:\6S2\Thesis\7 dataset\hama3_split_raw\test\5\0026.raw,2,5,4,9,0,1906,2.709193468093872,93184,252516,432,OK,2026-03-19 20:02:07
432,D:\6S2\Thesis\7 dataset\hama3_split_raw\test\3\0018.raw,1,3,1,3,1,1906,2.710252523422241,93184,252516,433,OK,2026-03-19 20:02:12
433,D:\6S2\Thesis\7 dataset\hama3_split_raw\test\9\0038.raw,4,9,1,3,0,1906,2.706500768661499,93184,252516,434,OK,2026-03-19 20:02:17
434,D:\6S2\Thesis\7 dataset\hama3_split_raw\test\9\0091.raw,4,9,4,9,1,1906,2.7085421085357666,93184,252516,435,OK,2026-03-19 20:02:22
435,D:\6S2\Thesis\7 dataset\hama3_split_raw\test\8\0167.raw,3,8,4,9,0,1907,2.7091808319091797,93184,252516,436,OK,2026-03-19 20:02:26
436,D:\6S2\Thesis\7 dataset\hama3_split_raw\test\3\0033.raw,1,3,1,3,1,1906,2.709369421005249,93184,252516,437,OK,2026-03-19 20:02:31
437,D:\6S2\Thesis\7 dataset\hama3_split_raw\test\0\0012.raw,0,0,1,3,0,1907,2.7087297439575195,93184,252516,438,OK,2026-03-19 20:02:36
438,D:\6S2\Thesis\7 dataset\hama3_split_raw\test\3\0042.raw,1,3,1,3,1,1906,2.709291934967041,93184,252516,439,OK,2026-03-19 20:02:40
439,D:\6S2\Thesis\7 dataset\hama3_split_raw\test\0\0047.raw,0,0,0,0,1,1906,2.7093048095703125,93184,252516,440,OK,2026-03-19 20:02:45
440,D:\6S2\Thesis\7 dataset\hama3_split_raw\test\0\0012.raw,0,0,1,3,0,1906,2.7096457481384277,93184,252516,441,OK,2026-03-19 20:02:50
441,D:\6S2\Thesis\7 dataset\hama3_split_raw\test\3\0017.raw,1,3,1,3,1,1906,2.7097911834716797,93184,252516,442,OK,2026-03-19 20:02:55
442,D:\6S2\Thesis\7 dataset\hama3_split_raw\test\9\0032.raw,4,9,3,8,0,1907,2.710364580154419,93184,252516,443,OK,2026-03-19 20:02:59
443,D:\6S2\Thesis\7 dataset\hama3_split_raw\test\0\0060.raw,0,0,0,0,1,1906,2.709601402282715,93184,252516,444,OK,2026-03-19 20:03:04
444,D:\6S2\Thesis\7 dataset\hama3_split_raw\test\5\0035.raw,2,5,1,3,0,1906,2.7098023891448975,93184,252516,445,OK,2026-03-19 20:03:09
445,D:\6S2\Thesis\7 dataset\hama3_split_raw\test\8\0144.raw,3,8,3,8,1,1906,2.7095131874084473,93184,252516,446,OK,2026-03-19 20:03:13
446,D:\6S2\Thesis\7 dataset\hama3_split_raw\test\9\0081.raw,4,9,1,3,0,1906,2.70923113822937,93184,252516,447,OK,2026-03-19 20:03:18
447,D:\6S2\Thesis\7 dataset\hama3_split_raw\test\5\0047.raw,2,5,1,3,0,1906,2.710481643676758,93184,252516,448,OK,2026-03-19 20:03:23
448,D:\6S2\Thesis\7 dataset\hama3_split_raw\test\8\0067.raw,3,8,2,5,0,1906,2.709221363067627,93184,252516,449,OK,2026-03-19 20:03:27
449,D:\6S2\Thesis\7 dataset\hama3_split_raw\test\0\0085.raw,0,0,0,0,1,1906,2.7097020149230957,93184,252516,450,OK,2026-03-19 20:03:32
450,D:\6S2\Thesis\7 dataset\hama3_split_raw\test\5\0116.raw,2,5,2,5,1,1906,2.7092549800872803,93184,252516,451,OK,2026-03-19 20:03:37
451,D:\6S2\Thesis\7 dataset\hama3_split_raw\test\5\0011.raw,2,5,2,5,1,1906,2.709629774093628,93184,252516,452,OK,2026-03-19 20:03:42
452,D:\6S2\Thesis\7 dataset\hama3_split_raw\test\9\0079.raw,4,9,1,3,0,1906,2.7098617553710938,93184,252516,453,OK,2026-03-19 20:03:46
453,D:\6S2\Thesis\7 dataset\hama3_split_raw\test\0\0022.raw,0,0,4,9,0,1906,2.7094173431396484,93184,252516,454,OK,2026-03-19 20:03:51
454,D:\6S2\Thesis\7 dataset\hama3_split_raw\test\5\0086.raw,2,5,4,9,0,1906,2.7101659774780273,93184,252516,455,OK,2026-03-19 20:03:56
455,D:\6S2\Thesis\7 dataset\hama3_split_raw\test\8\0099.raw,3,8,3,8,1,1906,2.709564685821533,93184,252516,456,OK,2026-03-19 20:04:01
456,D:\6S2\Thesis\7 dataset\hama3_split_raw\test\5\0035.raw,2,5,1,3,0,1906,2.709665298461914,93184,252516,457,OK,2026-03-19 20:04:05
457,D:\6S2\Thesis\7 dataset\hama3_split_raw\test\8\0149.raw,3,8,3,8,1,1906,2.7091591358184814,93184,252516,458,OK,2026-03-19 20:04:10
458,D:\6S2\Thesis\7 dataset\hama3_split_raw\test\0\0080.raw,0,0,1,3,0,1906,2.707132339477539,93184,252516,459,OK,2026-03-19 20:04:15
459,D:\6S2\Thesis\7 dataset\hama3_split_raw\test\0\0032.raw,0,0,0,0,1,1906,2.7069084644317627,93184,252516,460,OK,2026-03-19 20:04:19
460,D:\6S2\Thesis\7 dataset\hama3_split_raw\test\5\0085.raw,2,5,2,5,1,1906,2.7092130184173584,93184,252516,461,OK,2026-03-19 20:04:24
461,D:\6S2\Thesis\7 dataset\hama3_split_raw\test\8\0139.raw,3,8,3,8,1,1906,2.7090461254119873,93184,252516,462,OK,2026-03-19 20:04:29
462,D:\6S2\Thesis\7 dataset\hama3_split_raw\test\5\0094.raw,2,5,2,5,1,1906,2.7096211910247803,93184,252516,463,OK,2026-03-19 20:04:34
463,D:\6S2\Thesis\7 dataset\hama3_split_raw\test\0\0018.raw,0,0,0,0,1,1906,2.709355592727661,93184,252516,464,OK,2026-03-19 20:04:38
464,D:\6S2\Thesis\7 dataset\hama3_split_raw\test\3\0044.raw,1,3,1,3,1,1906,2.710385799407959,93184,252516,465,OK,2026-03-19 20:04:43
465,D:\6S2\Thesis\7 dataset\hama3_split_raw\test\9\0003.raw,4,9,4,9,1,1906,2.7090845108032227,93184,252516,466,OK,2026-03-19 20:04:48
466,D:\6S2\Thesis\7 dataset\hama3_split_raw\test\0\0017.raw,0,0,0,0,1,1906,2.7099266052246094,93184,252516,467,OK,2026-03-19 20:04:52
467,D:\6S2\Thesis\7 dataset\hama3_split_raw\test\8\0153.raw,3,8,3,8,1,1906,2.70927095413208,93184,252516,468,OK,2026-03-19 20:04:57
468,D:\6S2\Thesis\7 dataset\hama3_split_raw\test\5\0054.raw,2,5,3,8,0,1906,2.708601474761963,93184,252516,469,OK,2026-03-19 20:05:02
469,D:\6S2\Thesis\7 dataset\hama3_split_raw\test\0\0063.raw,0,0,0,0,1,1906,2.709808588027954,93184,252516,470,OK,2026-03-19 20:05:07
470,D:\6S2\Thesis\7 dataset\hama3_split_raw\test\9\0066.raw,4,9,4,9,1,1906,2.7091238498687744,93184,252516,471,OK,2026-03-19 20:05:11
471,D:\6S2\Thesis\7 dataset\hama3_split_raw\test\9\0056.raw,4,9,2,5,0,1906,2.7098538875579834,93184,252516,472,OK,2026-03-19 20:05:16
472,D:\6S2\Thesis\7 dataset\hama3_split_raw\test\3\0084.raw,1,3,2,5,0,1906,2.709409713745117,93184,252516,473,OK,2026-03-19 20:05:21
473,D:\6S2\Thesis\7 dataset\hama3_split_raw\test\0\0042.raw,0,0,0,0,1,1906,2.7095284461975098,93184,252516,474,OK,2026-03-19 20:05:25
474,D:\6S2\Thesis\7 dataset\hama3_split_raw\test\0\0006.raw,0,0,1,3,0,1906,2.7084691524505615,93184,252516,475,OK,2026-03-19 20:05:30
475,D:\6S2\Thesis\7 dataset\hama3_split_raw\test\5\0012.raw,2,5,3,8,0,1906,2.709317445755005,93184,252516,476,OK,2026-03-19 20:05:35
476,D:\6S2\Thesis\7 dataset\hama3_split_raw\test\8\0086.raw,3,8,3,8,1,1906,2.709313154220581,93184,252516,477,OK,2026-03-19 20:05:40
477,D:\6S2\Thesis\7 dataset\hama3_split_raw\test\8\0005.raw,3,8,4,9,0,1906,2.709366798400879,93184,252516,478,OK,2026-03-19 20:05:44
478,D:\6S2\Thesis\7 dataset\hama3_split_raw\test\9\0064.raw,4,9,2,5,0,1906,2.7093448638916016,93184,252516,479,OK,2026-03-19 20:05:49
479,D:\6S2\Thesis\7 dataset\hama3_split_raw\test\8\0004.raw,3,8,4,9,0,1906,2.7105913162231445,93184,252516,480,OK,2026-03-19 20:05:54
480,D:\6S2\Thesis\7 dataset\hama3_split_raw\test\0\0022.raw,0,0,4,9,0,1906,2.7092864513397217,93184,252516,481,OK,2026-03-19 20:05:58
481,D:\6S2\Thesis\7 dataset\hama3_split_raw\test\0\0026.raw,0,0,1,3,0,1906,2.7091751098632812,93184,252516,482,OK,2026-03-19 20:06:03
482,D:\6S2\Thesis\7 dataset\hama3_split_raw\test\3\0071.raw,1,3,3,8,0,1906,2.7091829776763916,93184,252516,483,OK,2026-03-19 20:06:08
483,D:\6S2\Thesis\7 dataset\hama3_split_raw\test\9\0015.raw,4,9,3,8,0,1906,2.7092738151550293,93184,252516,484,OK,2026-03-19 20:06:13
484,D:\6S2\Thesis\7 dataset\hama3_split_raw\test\8\0039.raw,3,8,3,8,1,1906,2.709994316101074,93184,252516,485,OK,2026-03-19 20:06:17
485,D:\6S2\Thesis\7 dataset\hama3_split_raw\test\5\0076.raw,2,5,2,5,1,1906,2.7095744609832764,93184,252516,486,OK,2026-03-19 20:06:22
486,D:\6S2\Thesis\7 dataset\hama3_split_raw\test\0\0086.raw,0,0,3,8,0,1906,2.7102677822113037,93184,252516,487,OK,2026-03-19 20:06:27
487,D:\6S2\Thesis\7 dataset\hama3_split_raw\test\3\0025.raw,1,3,1,3,1,1907,2.7093067169189453,93184,252516,488,OK,2026-03-19 20:06:31
488,D:\6S2\Thesis\7 dataset\hama3_split_raw\test\3\0100.raw,1,3,2,5,0,1906,2.7102723121643066,93184,252516,489,OK,2026-03-19 20:06:36
489,D:\6S2\Thesis\7 dataset\hama3_split_raw\test\8\0041.raw,3,8,2,5,0,1906,2.7091000080108643,93184,252516,490,OK,2026-03-19 20:06:41
490,D:\6S2\Thesis\7 dataset\hama3_split_raw\test\5\0046.raw,2,5,4,9,0,1906,2.7091002464294434,93184,252516,491,OK,2026-03-19 20:06:46
491,D:\6S2\Thesis\7 dataset\hama3_split_raw\test\8\0042.raw,3,8,1,3,0,1906,2.709608316421509,93184,252516,492,OK,2026-03-19 20:06:50
492,D:\6S2\Thesis\7 dataset\hama3_split_raw\test\8\0062.raw,3,8,2,5,0,1906,2.709357261657715,93184,252516,493,OK,2026-03-19 20:06:55
493,D:\6S2\Thesis\7 dataset\hama3_split_raw\test\0\0027.raw,0,0,2,5,0,1906,2.709214210510254,93184,252516,494,OK,2026-03-19 20:07:00
494,D:\6S2\Thesis\7 dataset\hama3_split_raw\test\5\0000.raw,2,5,1,3,0,1906,2.709523916244507,93184,252516,495,OK,2026-03-19 20:07:04
495,D:\6S2\Thesis\7 dataset\hama3_split_raw\test\8\0005.raw,3,8,4,9,0,1906,2.7090795040130615,93184,252516,496,OK,2026-03-19 20:07:09
496,D:\6S2\Thesis\7 dataset\hama3_split_raw\test\0\0044.raw,0,0,3,8,0,1906,2.709641933441162,93184,252516,497,OK,2026-03-19 20:07:14
497,D:\6S2\Thesis\7 dataset\hama3_split_raw\test\3\0039.raw,1,3,3,8,0,1906,2.7104856967926025,93184,252516,498,OK,2026-03-19 20:07:19
498,D:\6S2\Thesis\7 dataset\hama3_split_raw\test\5\0078.raw,2,5,4,9,0,1906,2.707676410675049,93184,252516,499,OK,2026-03-19 20:07:23
499,D:\6S2\Thesis\7 dataset\hama3_split_raw\test\0\0014.raw,0,0,4,9,0,1906,2.7087626457214355,93184,252516,500,OK,2026-03-19 20:07:28
500,D:\6S2\Thesis\7 dataset\hama3_split_raw\test\5\0001.raw,2,5,2,5,1,1906,2.7097973823547363,93184,252516,501,OK,2026-03-19 20:07:33
501,D:\6S2\Thesis\7 dataset\hama3_split_raw\test\5\0073.raw,2,5,2,5,1,1906,2.7095086574554443,93184,252516,502,OK,2026-03-19 20:07:37
502,D:\6S2\Thesis\7 dataset\hama3_split_raw\test\0\0073.raw,0,0,3,8,0,1906,2.710137128829956,93184,252516,503,OK,2026-03-19 20:07:42
503,D:\6S2\Thesis\7 dataset\hama3_split_raw\test\0\0076.raw,0,0,0,0,1,1906,2.7104790210723877,93184,252516,504,OK,2026-03-19 20:07:47
504,D:\6S2\Thesis\7 dataset\hama3_split_raw\test\3\0054.raw,1,3,1,3,1,1906,2.7098639011383057,93184,252516,505,OK,2026-03-19 20:07:51
505,D:\6S2\Thesis\7 dataset\hama3_split_raw\test\0\0016.raw,0,0,2,5,0,1906,2.709975481033325,93184,252516,506,OK,2026-03-19 20:07:56
506,D:\6S2\Thesis\7 dataset\hama3_split_raw\test\3\0092.raw,1,3,1,3,1,1906,2.709571599960327,93184,252516,507,OK,2026-03-19 20:08:01
507,D:\6S2\Thesis\7 dataset\hama3_split_raw\test\0\0046.raw,0,0,3,8,0,1906,2.70967435836792,93184,252516,508,OK,2026-03-19 20:08:06
508,D:\6S2\Thesis\7 dataset\hama3_split_raw\test\9\0035.raw,4,9,4,9,1,1906,2.7099969387054443,93184,252516,509,OK,2026-03-19 20:08:10
509,D:\6S2\Thesis\7 dataset\hama3_split_raw\test\5\0117.raw,2,5,2,5,1,1906,2.7085204124450684,93184,252516,510,OK,2026-03-19 20:08:15
510,D:\6S2\Thesis\7 dataset\hama3_split_raw\test\5\0016.raw,2,5,2,5,1,1906,2.710461378097534,93184,252516,511,OK,2026-03-19 20:08:20
511,D:\6S2\Thesis\7 dataset\hama3_split_raw\test\9\0012.raw,4,9,4,9,1,1906,2.709608793258667,93184,252516,512,OK,2026-03-19 20:08:24
512,D:\6S2\Thesis\7 dataset\hama3_split_raw\test\9\0065.raw,4,9,4,9,1,1906,2.709172010421753,93184,252516,513,OK,2026-03-19 20:08:29
513,D:\6S2\Thesis\7 dataset\hama3_split_raw\test\9\0056.raw,4,9,2,5,0,1906,2.709601879119873,93184,252516,514,OK,2026-03-19 20:08:34
514,D:\6S2\Thesis\7 dataset\hama3_split_raw\test\0\0054.raw,0,0,0,0,1,1907,2.7092409133911133,93184,252516,515,OK,2026-03-19 20:08:39
515,D:\6S2\Thesis\7 dataset\hama3_split_raw\test\0\0012.raw,0,0,1,3,0,1906,2.709719657897949,93184,252516,516,OK,2026-03-19 20:08:43
516,D:\6S2\Thesis\7 dataset\hama3_split_raw\test\5\0002.raw,2,5,2,5,1,1906,2.709773302078247,93184,252516,517,OK,2026-03-19 20:08:48
517,D:\6S2\Thesis\7 dataset\hama3_split_raw\test\8\0071.raw,3,8,3,8,1,1907,2.709709405899048,93184,252516,518,OK,2026-03-19 20:08:53
518,D:\6S2\Thesis\7 dataset\hama3_split_raw\test\5\0024.raw,2,5,2,5,1,1906,2.7095654010772705,93184,252516,519,OK,2026-03-19 20:08:57
519,D:\6S2\Thesis\7 dataset\hama3_split_raw\test\5\0052.raw,2,5,3,8,0,1906,2.7097387313842773,93184,252516,520,OK,2026-03-19 20:09:02
520,D:\6S2\Thesis\7 dataset\hama3_split_raw\test\8\0126.raw,3,8,3,8,1,1906,2.709770917892456,93184,252516,521,OK,2026-03-19 20:09:07
521,D:\6S2\Thesis\7 dataset\hama3_split_raw\test\8\0089.raw,3,8,3,8,1,1906,2.709212303161621,93184,252516,522,OK,2026-03-19 20:09:12
522,D:\6S2\Thesis\7 dataset\hama3_split_raw\test\8\0101.raw,3,8,4,9,0,1906,2.7073981761932373,93184,252516,523,OK,2026-03-19 20:09:16
523,D:\6S2\Thesis\7 dataset\hama3_split_raw\test\3\0109.raw,1,3,1,3,1,1906,2.7106192111968994,93184,252516,524,OK,2026-03-19 20:09:21
524,D:\6S2\Thesis\7 dataset\hama3_split_raw\test\8\0000.raw,3,8,3,8,1,1906,2.7107136249542236,93184,252516,525,OK,2026-03-19 20:09:26
525,D:\6S2\Thesis\7 dataset\hama3_split_raw\test\0\0077.raw,0,0,4,9,0,1906,2.710237741470337,93184,252516,526,OK,2026-03-19 20:09:31
526,D:\6S2\Thesis\7 dataset\hama3_split_raw\test\8\0122.raw,3,8,3,8,1,1907,2.709648609161377,93184,252516,527,OK,2026-03-19 20:09:35
527,D:\6S2\Thesis\7 dataset\hama3_split_raw\test\3\0104.raw,1,3,1,3,1,1906,2.7099437713623047,93184,252516,528,OK,2026-03-19 20:09:40
528,D:\6S2\Thesis\7 dataset\hama3_split_raw\test\3\0061.raw,1,3,1,3,1,1907,2.7096033096313477,93184,252516,529,OK,2026-03-19 20:09:45
529,D:\6S2\Thesis\7 dataset\hama3_split_raw\test\5\0105.raw,2,5,2,5,1,1906,2.7089767456054688,93184,252516,530,OK,2026-03-19 20:09:49
530,D:\6S2\Thesis\7 dataset\hama3_split_raw\test\8\0017.raw,3,8,3,8,1,1906,2.7095580101013184,93184,252516,531,OK,2026-03-19 20:09:54
531,D:\6S2\Thesis\7 dataset\hama3_split_raw\test\9\0100.raw,4,9,3,8,0,1906,2.7088067531585693,93184,252516,532,OK,2026-03-19 20:09:59
532,D:\6S2\Thesis\7 dataset\hama3_split_raw\test\0\0036.raw,0,0,1,3,0,1906,2.709562301635742,93184,252516,533,OK,2026-03-19 20:10:04
533,D:\6S2\Thesis\7 dataset\hama3_split_raw\test\3\0074.raw,1,3,1,3,1,1906,2.709630012512207,93184,252516,534,OK,2026-03-19 20:10:08
534,D:\6S2\Thesis\7 dataset\hama3_split_raw\test\0\0087.raw,0,0,4,9,0,1906,2.7098019123077393,93184,252516,535,OK,2026-03-19 20:10:13
535,D:\6S2\Thesis\7 dataset\hama3_split_raw\test\3\0037.raw,1,3,1,3,1,1907,2.7093863487243652,93184,252516,536,OK,2026-03-19 20:10:18
536,D:\6S2\Thesis\7 dataset\hama3_split_raw\test\9\0022.raw,4,9,1,3,0,1907,2.710222005844116,93184,252516,537,OK,2026-03-19 20:10:22
537,D:\6S2\Thesis\7 dataset\hama3_split_raw\test\3\0088.raw,1,3,1,3,1,1906,2.7099835872650146,93184,252516,538,OK,2026-03-19 20:10:27
538,D:\6S2\Thesis\7 dataset\hama3_split_raw\test\5\0116.raw,2,5,2,5,1,1907,2.709418296813965,93184,252516,539,OK,2026-03-19 20:10:32
539,D:\6S2\Thesis\7 dataset\hama3_split_raw\test\3\0051.raw,1,3,1,3,1,1906,2.712193012237549,93184,252516,540,OK,2026-03-19 20:10:37
540,D:\6S2\Thesis\7 dataset\hama3_split_raw\test\8\0173.raw,3,8,3,8,1,1906,2.708889961242676,93184,252516,541,OK,2026-03-19 20:10:41
541,D:\6S2\Thesis\7 dataset\hama3_split_raw\test\9\0061.raw,4,9,4,9,1,1906,2.7092442512512207,93184,252516,542,OK,2026-03-19 20:10:46
542,D:\6S2\Thesis\7 dataset\hama3_split_raw\test\3\0006.raw,1,3,1,3,1,1906,2.7099177837371826,93184,252516,543,OK,2026-03-19 20:10:51
543,D:\6S2\Thesis\7 dataset\hama3_split_raw\test\0\0051.raw,0,0,0,0,1,1907,2.708589792251587,93184,252516,544,OK,2026-03-19 20:10:55
544,D:\6S2\Thesis\7 dataset\hama3_split_raw\test\8\0084.raw,3,8,1,3,0,1906,2.709228515625,93184,252516,545,OK,2026-03-19 20:11:00
545,D:\6S2\Thesis\7 dataset\hama3_split_raw\test\0\0028.raw,0,0,0,0,1,1906,2.709207534790039,93184,252516,546,OK,2026-03-19 20:11:05
546,D:\6S2\Thesis\7 dataset\hama3_split_raw\test\5\0119.raw,2,5,2,5,1,1906,2.709367513656616,93184,252516,547,OK,2026-03-19 20:11:10
547,D:\6S2\Thesis\7 dataset\hama3_split_raw\test\9\0047.raw,4,9,4,9,1,1906,2.709656000137329,93184,252516,548,OK,2026-03-19 20:11:14
548,D:\6S2\Thesis\7 dataset\hama3_split_raw\test\0\0080.raw,0,0,1,3,0,1906,2.709599256515503,93184,252516,549,OK,2026-03-19 20:11:19
549,D:\6S2\Thesis\7 dataset\hama3_split_raw\test\5\0001.raw,2,5,2,5,1,1906,2.709244966506958,93184,252516,550,OK,2026-03-19 20:11:24
550,D:\6S2\Thesis\7 dataset\hama3_split_raw\test\5\0035.raw,2,5,1,3,0,1906,2.7098567485809326,93184,252516,551,OK,2026-03-19 20:11:28
551,D:\6S2\Thesis\7 dataset\hama3_split_raw\test\8\0082.raw,3,8,2,5,0,1906,2.709446430206299,93184,252516,552,OK,2026-03-19 20:11:33
552,D:\6S2\Thesis\7 dataset\hama3_split_raw\test\5\0037.raw,2,5,2,5,1,1907,2.7093470096588135,93184,252516,553,OK,2026-03-19 20:11:38
553,D:\6S2\Thesis\7 dataset\hama3_split_raw\test\3\0034.raw,1,3,3,8,0,1906,2.707625150680542,93184,252516,554,OK,2026-03-19 20:11:43
554,D:\6S2\Thesis\7 dataset\hama3_split_raw\test\8\0143.raw,3,8,3,8,1,1906,2.7091856002807617,93184,252516,555,OK,2026-03-19 20:11:47
555,D:\6S2\Thesis\7 dataset\hama3_split_raw\test\8\0011.raw,3,8,1,3,0,1906,2.709444046020508,93184,252516,556,OK,2026-03-19 20:11:52
556,D:\6S2\Thesis\7 dataset\hama3_split_raw\test\3\0058.raw,1,3,3,8,0,1906,2.707589864730835,93184,252516,557,OK,2026-03-19 20:11:57
557,D:\6S2\Thesis\7 dataset\hama3_split_raw\test\9\0064.raw,4,9,2,5,0,1907,2.709881067276001,93184,252516,558,OK,2026-03-19 20:12:01
558,D:\6S2\Thesis\7 dataset\hama3_split_raw\test\5\0099.raw,2,5,2,5,1,1906,2.709730863571167,93184,252516,559,OK,2026-03-19 20:12:06
559,D:\6S2\Thesis\7 dataset\hama3_split_raw\test\0\0043.raw,0,0,4,9,0,1906,2.7096853256225586,93184,252516,560,OK,2026-03-19 20:12:11
560,D:\6S2\Thesis\7 dataset\hama3_split_raw\test\0\0007.raw,0,0,1,3,0,1907,2.7101833820343018,93184,252516,561,OK,2026-03-19 20:12:16
561,D:\6S2\Thesis\7 dataset\hama3_split_raw\test\9\0103.raw,4,9,4,9,1,1906,2.709399461746216,93184,252516,562,OK,2026-03-19 20:12:20
562,D:\6S2\Thesis\7 dataset\hama3_split_raw\test\9\0000.raw,4,9,3,8,0,1906,2.710338592529297,93184,252516,563,OK,2026-03-19 20:12:25
563,D:\6S2\Thesis\7 dataset\hama3_split_raw\test\5\0112.raw,2,5,2,5,1,1906,2.709364891052246,93184,252516,564,OK,2026-03-19 20:12:30
564,D:\6S2\Thesis\7 dataset\hama3_split_raw\test\5\0012.raw,2,5,3,8,0,1907,2.709563970565796,93184,252516,565,OK,2026-03-19 20:12:34
565,D:\6S2\Thesis\7 dataset\hama3_split_raw\test\0\0030.raw,0,0,0,0,1,1906,2.709806442260742,93184,252516,566,OK,2026-03-19 20:12:39
566,D:\6S2\Thesis\7 dataset\hama3_split_raw\test\3\0088.raw,1,3,1,3,1,1906,2.709247350692749,93184,252516,567,OK,2026-03-19 20:12:44
567,D:\6S2\Thesis\7 dataset\hama3_split_raw\test\0\0015.raw,0,0,0,0,1,1906,2.709770917892456,93184,252516,568,OK,2026-03-19 20:12:49
568,D:\6S2\Thesis\7 dataset\hama3_split_raw\test\9\0103.raw,4,9,4,9,1,1906,2.709718942642212,93184,252516,569,OK,2026-03-19 20:12:53
569,D:\6S2\Thesis\7 dataset\hama3_split_raw\test\9\0100.raw,4,9,3,8,0,1906,2.7095816135406494,93184,252516,570,OK,2026-03-19 20:12:58
570,D:\6S2\Thesis\7 dataset\hama3_split_raw\test\5\0043.raw,2,5,2,5,1,1906,2.7092716693878174,93184,252516,571,OK,2026-03-19 20:13:03
571,D:\6S2\Thesis\7 dataset\hama3_split_raw\test\9\0045.raw,4,9,4,9,1,1906,2.7087960243225098,93184,252516,572,OK,2026-03-19 20:13:07
572,D:\6S2\Thesis\7 dataset\hama3_split_raw\test\9\0084.raw,4,9,3,8,0,1906,2.708782196044922,93184,252516,573,OK,2026-03-19 20:13:12
573,D:\6S2\Thesis\7 dataset\hama3_split_raw\test\8\0114.raw,3,8,3,8,1,1906,2.706998348236084,93184,252516,574,OK,2026-03-19 20:13:17
574,D:\6S2\Thesis\7 dataset\hama3_split_raw\test\9\0048.raw,4,9,4,9,1,1907,2.7092936038970947,93184,252516,575,OK,2026-03-19 20:13:22
575,D:\6S2\Thesis\7 dataset\hama3_split_raw\test\9\0009.raw,4,9,3,8,0,1906,2.7099509239196777,93184,252516,576,OK,2026-03-19 20:13:26
576,D:\6S2\Thesis\7 dataset\hama3_split_raw\test\3\0000.raw,1,3,3,8,0,1906,2.7097017765045166,93184,252516,577,OK,2026-03-19 20:13:31
577,D:\6S2\Thesis\7 dataset\hama3_split_raw\test\5\0070.raw,2,5,2,5,1,1906,2.7105519771575928,93184,252516,578,OK,2026-03-19 20:13:36
578,D:\6S2\Thesis\7 dataset\hama3_split_raw\test\8\0153.raw,3,8,3,8,1,1906,2.7097017765045166,93184,252516,579,OK,2026-03-19 20:13:41
579,D:\6S2\Thesis\7 dataset\hama3_split_raw\test\5\0014.raw,2,5,2,5,1,1906,2.7100212574005127,93184,252516,580,OK,2026-03-19 20:13:45
580,D:\6S2\Thesis\7 dataset\hama3_split_raw\test\0\0060.raw,0,0,0,0,1,1906,2.709561586380005,93184,252516,581,OK,2026-03-19 20:13:50
581,D:\6S2\Thesis\7 dataset\hama3_split_raw\test\3\0012.raw,1,3,4,9,0,1906,2.708772897720337,93184,252516,582,OK,2026-03-19 20:13:55
582,D:\6S2\Thesis\7 dataset\hama3_split_raw\test\8\0142.raw,3,8,2,5,0,1906,2.709747314453125,93184,252516,583,OK,2026-03-19 20:13:59
583,D:\6S2\Thesis\7 dataset\hama3_split_raw\test\8\0018.raw,3,8,3,8,1,1906,2.7097489833831787,93184,252516,584,OK,2026-03-19 20:14:04
584,D:\6S2\Thesis\7 dataset\hama3_split_raw\test\3\0083.raw,1,3,4,9,0,1906,2.709625720977783,93184,252516,585,OK,2026-03-19 20:14:09
585,D:\6S2\Thesis\7 dataset\hama3_split_raw\test\9\0067.raw,4,9,3,8,0,1906,2.7093875408172607,93184,252516,586,OK,2026-03-19 20:14:14
586,D:\6S2\Thesis\7 dataset\hama3_split_raw\test\5\0118.raw,2,5,1,3,0,1906,2.708494186401367,93184,252516,587,OK,2026-03-19 20:14:18
587,D:\6S2\Thesis\7 dataset\hama3_split_raw\test\3\0071.raw,1,3,3,8,0,1906,2.7106947898864746,93184,252516,588,OK,2026-03-19 20:14:23
588,D:\6S2\Thesis\7 dataset\hama3_split_raw\test\3\0076.raw,1,3,1,3,1,1907,2.709611654281616,93184,252516,589,OK,2026-03-19 20:14:28
589,D:\6S2\Thesis\7 dataset\hama3_split_raw\test\0\0013.raw,0,0,3,8,0,1906,2.710282802581787,93184,252516,590,OK,2026-03-19 20:14:32
590,D:\6S2\Thesis\7 dataset\hama3_split_raw\test\3\0066.raw,1,3,3,8,0,1907,2.7084450721740723,93184,252516,591,OK,2026-03-19 20:14:37
591,D:\6S2\Thesis\7 dataset\hama3_split_raw\test\5\0084.raw,2,5,3,8,0,1906,2.7106451988220215,93184,252516,592,OK,2026-03-19 20:14:42
592,D:\6S2\Thesis\7 dataset\hama3_split_raw\test\8\0131.raw,3,8,2,5,0,1906,2.71086049079895,93184,252516,593,OK,2026-03-19 20:14:46
593,D:\6S2\Thesis\7 dataset\hama3_split_raw\test\8\0132.raw,3,8,2,5,0,1906,2.7105801105499268,93184,252516,594,OK,2026-03-19 20:14:51
594,D:\6S2\Thesis\7 dataset\hama3_split_raw\test\5\0011.raw,2,5,2,5,1,1906,2.710203170776367,93184,252516,595,OK,2026-03-19 20:14:56
595,D:\6S2\Thesis\7 dataset\hama3_split_raw\test\0\0052.raw,0,0,1,3,0,1906,2.7097935676574707,93184,252516,596,OK,2026-03-19 20:15:01
596,D:\6S2\Thesis\7 dataset\hama3_split_raw\test\9\0053.raw,4,9,4,9,1,1906,2.7094600200653076,93184,252516,597,OK,2026-03-19 20:15:05
597,D:\6S2\Thesis\7 dataset\hama3_split_raw\test\0\0078.raw,0,0,1,3,0,1906,2.7091751098632812,93184,252516,598,OK,2026-03-19 20:15:10
598,D:\6S2\Thesis\7 dataset\hama3_split_raw\test\5\0047.raw,2,5,1,3,0,1906,2.707172155380249,93184,252516,599,OK,2026-03-19 20:15:15
599,D:\6S2\Thesis\7 dataset\hama3_split_raw\test\3\0083.raw,1,3,4,9,0,1906,2.7093331813812256,93184,252516,600,OK,2026-03-19 20:15:19
600,D:\6S2\Thesis\7 dataset\hama3_split_raw\test\3\0002.raw,1,3,3,8,0,1906,2.710146188735962,93184,252516,601,OK,2026-03-19 20:15:24
601,D:\6S2\Thesis\7 dataset\hama3_split_raw\test\5\0002.raw,2,5,2,5,1,1907,2.7109014987945557,93184,252516,602,OK,2026-03-19 20:15:29
602,D:\6S2\Thesis\7 dataset\hama3_split_raw\test\0\0034.raw,0,0,0,0,1,1906,2.709993600845337,93184,252516,603,OK,2026-03-19 20:15:34
603,D:\6S2\Thesis\7 dataset\hama3_split_raw\test\8\0170.raw,3,8,3,8,1,1906,2.7097628116607666,93184,252516,604,OK,2026-03-19 20:15:38
604,D:\6S2\Thesis\7 dataset\hama3_split_raw\test\3\0069.raw,1,3,1,3,1,1907,2.710226535797119,93184,252516,605,OK,2026-03-19 20:15:43
605,D:\6S2\Thesis\7 dataset\hama3_split_raw\test\3\0013.raw,1,3,1,3,1,1906,2.7077503204345703,93184,252516,606,OK,2026-03-19 20:15:48
606,D:\6S2\Thesis\7 dataset\hama3_split_raw\test\8\0051.raw,3,8,3,8,1,1907,2.71098256111145,93184,252516,607,OK,2026-03-19 20:15:52
607,D:\6S2\Thesis\7 dataset\hama3_split_raw\test\9\0014.raw,4,9,4,9,1,1906,2.7070155143737793,93184,252516,608,OK,2026-03-19 20:15:57
608,D:\6S2\Thesis\7 dataset\hama3_split_raw\test\5\0020.raw,2,5,3,8,0,1906,2.708584785461426,93184,252516,609,OK,2026-03-19 20:16:02
609,D:\6S2\Thesis\7 dataset\hama3_split_raw\test\9\0007.raw,4,9,3,8,0,1906,2.710958480834961,93184,252516,610,OK,2026-03-19 20:16:07
610,D:\6S2\Thesis\7 dataset\hama3_split_raw\test\0\0077.raw,0,0,4,9,0,1906,2.709846019744873,93184,252516,611,OK,2026-03-19 20:16:11
611,D:\6S2\Thesis\7 dataset\hama3_split_raw\test\0\0030.raw,0,0,0,0,1,1906,2.709963321685791,93184,252516,612,OK,2026-03-19 20:16:16
612,D:\6S2\Thesis\7 dataset\hama3_split_raw\test\5\0017.raw,2,5,2,5,1,1906,2.7095885276794434,93184,252516,613,OK,2026-03-19 20:16:21
613,D:\6S2\Thesis\7 dataset\hama3_split_raw\test\0\0027.raw,0,0,2,5,0,1906,2.7107770442962646,93184,252516,614,OK,2026-03-19 20:16:25
614,D:\6S2\Thesis\7 dataset\hama3_split_raw\test\8\0056.raw,3,8,3,8,1,1906,2.7100939750671387,93184,252516,615,OK,2026-03-19 20:16:30
615,D:\6S2\Thesis\7 dataset\hama3_split_raw\test\8\0004.raw,3,8,4,9,0,1906,2.7094037532806396,93184,252516,616,OK,2026-03-19 20:16:35
616,D:\6S2\Thesis\7 dataset\hama3_split_raw\test\3\0091.raw,1,3,1,3,1,1906,2.709669589996338,93184,252516,617,OK,2026-03-19 20:16:40
617,D:\6S2\Thesis\7 dataset\hama3_split_raw\test\3\0088.raw,1,3,1,3,1,1906,2.710195541381836,93184,252516,618,OK,2026-03-19 20:16:44
618,D:\6S2\Thesis\7 dataset\hama3_split_raw\test\0\0071.raw,0,0,0,0,1,1906,2.709890127182007,93184,252516,619,OK,2026-03-19 20:16:49
619,D:\6S2\Thesis\7 dataset\hama3_split_raw\test\9\0096.raw,4,9,4,9,1,1907,2.710874080657959,93184,252516,620,OK,2026-03-19 20:16:54
620,D:\6S2\Thesis\7 dataset\hama3_split_raw\test\8\0025.raw,3,8,3,8,1,1907,2.7096004486083984,93184,252516,621,OK,2026-03-19 20:16:58
621,D:\6S2\Thesis\7 dataset\hama3_split_raw\test\5\0040.raw,2,5,2,5,1,1906,2.710313558578491,93184,252516,622,OK,2026-03-19 20:17:03
622,D:\6S2\Thesis\7 dataset\hama3_split_raw\test\3\0072.raw,1,3,1,3,1,1906,2.7090413570404053,93184,252516,623,OK,2026-03-19 20:17:08
623,D:\6S2\Thesis\7 dataset\hama3_split_raw\test\0\0089.raw,0,0,4,9,0,1906,2.709517002105713,93184,252516,624,OK,2026-03-19 20:17:13
624,D:\6S2\Thesis\7 dataset\hama3_split_raw\test\3\0042.raw,1,3,1,3,1,1906,2.707285165786743,93184,252516,625,OK,2026-03-19 20:17:17
625,D:\6S2\Thesis\7 dataset\hama3_split_raw\test\3\0045.raw,1,3,4,9,0,1906,2.710048198699951,93184,252516,626,OK,2026-03-19 20:17:22
626,D:\6S2\Thesis\7 dataset\hama3_split_raw\test\8\0130.raw,3,8,4,9,0,1906,2.7103426456451416,93184,252516,627,OK,2026-03-19 20:17:27
627,D:\6S2\Thesis\7 dataset\hama3_split_raw\test\3\0079.raw,1,3,1,3,1,1907,2.709665298461914,93184,252516,628,OK,2026-03-19 20:17:31
628,D:\6S2\Thesis\7 dataset\hama3_split_raw\test\0\0006.raw,0,0,1,3,0,1906,2.7098019123077393,93184,252516,629,OK,2026-03-19 20:17:36
629,D:\6S2\Thesis\7 dataset\hama3_split_raw\test\0\0014.raw,0,0,4,9,0,1906,2.707638740539551,93184,252516,630,OK,2026-03-19 20:17:41
630,D:\6S2\Thesis\7 dataset\hama3_split_raw\test\9\0068.raw,4,9,3,8,0,1906,2.7105660438537598,93184,252516,631,OK,2026-03-19 20:17:46
631,D:\6S2\Thesis\7 dataset\hama3_split_raw\test\5\0046.raw,2,5,4,9,0,1906,2.7096896171569824,93184,252516,632,OK,2026-03-19 20:17:50
632,D:\6S2\Thesis\7 dataset\hama3_split_raw\test\8\0175.raw,3,8,4,9,0,1906,2.7094106674194336,93184,252516,633,OK,2026-03-19 20:17:55
633,D:\6S2\Thesis\7 dataset\hama3_split_raw\test\5\0100.raw,2,5,2,5,1,1907,2.7092108726501465,93184,252516,634,OK,2026-03-19 20:18:00
634,D:\6S2\Thesis\7 dataset\hama3_split_raw\test\0\0043.raw,0,0,4,9,0,1906,2.7101292610168457,93184,252516,635,OK,2026-03-19 20:18:04
635,D:\6S2\Thesis\7 dataset\hama3_split_raw\test\9\0025.raw,4,9,1,3,0,1906,2.7116708755493164,93184,252516,636,OK,2026-03-19 20:18:09
636,D:\6S2\Thesis\7 dataset\hama3_split_raw\test\8\0108.raw,3,8,3,8,1,1907,2.7102108001708984,93184,252516,637,OK,2026-03-19 20:18:14
637,D:\6S2\Thesis\7 dataset\hama3_split_raw\test\5\0019.raw,2,5,2,5,1,1906,2.709378242492676,93184,252516,638,OK,2026-03-19 20:18:19
638,D:\6S2\Thesis\7 dataset\hama3_split_raw\test\0\0030.raw,0,0,0,0,1,1906,2.710042715072632,93184,252516,639,OK,2026-03-19 20:18:23
639,D:\6S2\Thesis\7 dataset\hama3_split_raw\test\9\0021.raw,4,9,4,9,1,1906,2.710052013397217,93184,252516,640,OK,2026-03-19 20:18:28
640,D:\6S2\Thesis\7 dataset\hama3_split_raw\test\8\0081.raw,3,8,3,8,1,1906,2.710052967071533,93184,252516,641,OK,2026-03-19 20:18:33
641,D:\6S2\Thesis\7 dataset\hama3_split_raw\test\9\0064.raw,4,9,2,5,0,1906,2.7074170112609863,93184,252516,642,OK,2026-03-19 20:18:37
642,D:\6S2\Thesis\7 dataset\hama3_split_raw\test\8\0036.raw,3,8,0,0,0,1906,2.7094314098358154,93184,252516,643,OK,2026-03-19 20:18:42
643,D:\6S2\Thesis\7 dataset\hama3_split_raw\test\8\0017.raw,3,8,3,8,1,1906,2.7102112770080566,93184,252516,644,OK,2026-03-19 20:18:47
644,D:\6S2\Thesis\7 dataset\hama3_split_raw\test\0\0066.raw,0,0,3,8,0,1906,2.70711612701416,93184,252516,645,OK,2026-03-19 20:18:52
645,D:\6S2\Thesis\7 dataset\hama3_split_raw\test\5\0070.raw,2,5,2,5,1,1906,2.7095372676849365,93184,252516,646,OK,2026-03-19 20:18:56
646,D:\6S2\Thesis\7 dataset\hama3_split_raw\test\0\0025.raw,0,0,3,8,0,1906,2.709812641143799,93184,252516,647,OK,2026-03-19 20:19:01
647,D:\6S2\Thesis\7 dataset\hama3_split_raw\test\8\0161.raw,3,8,1,3,0,1906,2.709275007247925,93184,252516,648,OK,2026-03-19 20:19:06
648,D:\6S2\Thesis\7 dataset\hama3_split_raw\test\9\0059.raw,4,9,4,9,1,1906,2.7094314098358154,93184,252516,649,OK,2026-03-19 20:19:10
649,D:\6S2\Thesis\7 dataset\hama3_split_raw\test\9\0016.raw,4,9,4,9,1,1906,2.7101080417633057,93184,252516,650,OK,2026-03-19 20:19:15
650,D:\6S2\Thesis\7 dataset\hama3_split_raw\test\5\0105.raw,2,5,2,5,1,1906,2.708967447280884,93184,252516,651,OK,2026-03-19 20:19:20
651,D:\6S2\Thesis\7 dataset\hama3_split_raw\test\3\0103.raw,1,3,1,3,1,1906,2.709758996963501,93184,252516,652,OK,2026-03-19 20:19:25
652,D:\6S2\Thesis\7 dataset\hama3_split_raw\test\3\0048.raw,1,3,4,9,0,1906,2.7095255851745605,93184,252516,653,OK,2026-03-19 20:19:29
653,D:\6S2\Thesis\7 dataset\hama3_split_raw\test\8\0013.raw,3,8,2,5,0,1906,2.7102103233337402,93184,252516,654,OK,2026-03-19 20:19:34
654,D:\6S2\Thesis\7 dataset\hama3_split_raw\test\9\0037.raw,4,9,4,9,1,1906,2.710303783416748,93184,252516,655,OK,2026-03-19 20:19:39
655,D:\6S2\Thesis\7 dataset\hama3_split_raw\test\8\0043.raw,3,8,3,8,1,1907,2.709181308746338,93184,252516,656,OK,2026-03-19 20:19:43
656,D:\6S2\Thesis\7 dataset\hama3_split_raw\test\0\0027.raw,0,0,2,5,0,1906,2.7104063034057617,93184,252516,657,OK,2026-03-19 20:19:48
657,D:\6S2\Thesis\7 dataset\hama3_split_raw\test\9\0021.raw,4,9,4,9,1,1906,2.710254192352295,93184,252516,658,OK,2026-03-19 20:19:53
658,D:\6S2\Thesis\7 dataset\hama3_split_raw\test\5\0039.raw,2,5,1,3,0,1906,2.708333730697632,93184,252516,659,OK,2026-03-19 20:19:58
659,D:\6S2\Thesis\7 dataset\hama3_split_raw\test\9\0032.raw,4,9,3,8,0,1906,2.7100467681884766,93184,252516,660,OK,2026-03-19 20:20:02
660,D:\6S2\Thesis\7 dataset\hama3_split_raw\test\5\0028.raw,2,5,2,5,1,1906,2.7093913555145264,93184,252516,661,OK,2026-03-19 20:20:07
661,D:\6S2\Thesis\7 dataset\hama3_split_raw\test\9\0056.raw,4,9,2,5,0,1906,2.7084574699401855,93184,252516,662,OK,2026-03-19 20:20:12
662,D:\6S2\Thesis\7 dataset\hama3_split_raw\test\0\0048.raw,0,0,0,0,1,1906,2.7103893756866455,93184,252516,663,OK,2026-03-19 20:20:16
663,D:\6S2\Thesis\7 dataset\hama3_split_raw\test\9\0047.raw,4,9,4,9,1,1906,2.7075419425964355,93184,252516,664,OK,2026-03-19 20:20:21
664,D:\6S2\Thesis\7 dataset\hama3_split_raw\test\0\0075.raw,0,0,3,8,0,1906,2.7094221115112305,93184,252516,665,OK,2026-03-19 20:20:26
665,D:\6S2\Thesis\7 dataset\hama3_split_raw\test\5\0000.raw,2,5,1,3,0,1906,2.7083418369293213,93184,252516,666,OK,2026-03-19 20:20:30
666,D:\6S2\Thesis\7 dataset\hama3_split_raw\test\8\0069.raw,3,8,2,5,0,1906,2.7096307277679443,93184,252516,667,OK,2026-03-19 20:20:35
667,D:\6S2\Thesis\7 dataset\hama3_split_raw\test\3\0004.raw,1,3,4,9,0,1906,2.7097394466400146,93184,252516,668,OK,2026-03-19 20:20:40
668,D:\6S2\Thesis\7 dataset\hama3_split_raw\test\9\0053.raw,4,9,4,9,1,1906,2.7100305557250977,93184,252516,669,OK,2026-03-19 20:20:45
669,D:\6S2\Thesis\7 dataset\hama3_split_raw\test\9\0059.raw,4,9,4,9,1,1906,2.7097384929656982,93184,252516,670,OK,2026-03-19 20:20:49
670,D:\6S2\Thesis\7 dataset\hama3_split_raw\test\0\0070.raw,0,0,1,3,0,1906,2.709578037261963,93184,252516,671,OK,2026-03-19 20:20:54
671,D:\6S2\Thesis\7 dataset\hama3_split_raw\test\0\0010.raw,0,0,3,8,0,1906,2.7094566822052,93184,252516,672,OK,2026-03-19 20:20:59
672,D:\6S2\Thesis\7 dataset\hama3_split_raw\test\0\0061.raw,0,0,1,3,0,1906,2.710609197616577,93184,252516,673,OK,2026-03-19 20:21:03
673,D:\6S2\Thesis\7 dataset\hama3_split_raw\test\9\0085.raw,4,9,4,9,1,1906,2.709578037261963,93184,252516,674,OK,2026-03-19 20:21:08
674,D:\6S2\Thesis\7 dataset\hama3_split_raw\test\9\0053.raw,4,9,4,9,1,1907,2.7101728916168213,93184,252516,675,OK,2026-03-19 20:21:13
675,D:\6S2\Thesis\7 dataset\hama3_split_raw\test\8\0144.raw,3,8,3,8,1,1906,2.7073397636413574,93184,252516,676,OK,2026-03-19 20:21:18
676,D:\6S2\Thesis\7 dataset\hama3_split_raw\test\8\0036.raw,3,8,0,0,0,1907,2.710057497024536,93184,252516,677,OK,2026-03-19 20:21:22
677,D:\6S2\Thesis\7 dataset\hama3_split_raw\test\9\0049.raw,4,9,4,9,1,1906,2.709066867828369,93184,252516,678,OK,2026-03-19 20:21:27
678,D:\6S2\Thesis\7 dataset\hama3_split_raw\test\8\0087.raw,3,8,3,8,1,1906,2.7096400260925293,93184,252516,679,OK,2026-03-19 20:21:32
679,D:\6S2\Thesis\7 dataset\hama3_split_raw\test\8\0178.raw,3,8,3,8,1,1906,2.710118055343628,93184,252516,680,OK,2026-03-19 20:21:36
680,D:\6S2\Thesis\7 dataset\hama3_split_raw\test\9\0092.raw,4,9,2,5,0,1906,2.709686040878296,93184,252516,681,OK,2026-03-19 20:21:41
681,D:\6S2\Thesis\7 dataset\hama3_split_raw\test\0\0037.raw,0,0,1,3,0,1906,2.7089765071868896,93184,252516,682,OK,2026-03-19 20:21:46
682,D:\6S2\Thesis\7 dataset\hama3_split_raw\test\3\0082.raw,1,3,1,3,1,1906,2.710005283355713,93184,252516,683,OK,2026-03-19 20:21:51
683,D:\6S2\Thesis\7 dataset\hama3_split_raw\test\3\0092.raw,1,3,1,3,1,1906,2.7087368965148926,93184,252516,684,OK,2026-03-19 20:21:55
684,D:\6S2\Thesis\7 dataset\hama3_split_raw\test\8\0163.raw,3,8,3,8,1,1906,2.7088732719421387,93184,252516,685,OK,2026-03-19 20:22:00
685,D:\6S2\Thesis\7 dataset\hama3_split_raw\test\0\0076.raw,0,0,0,0,1,1906,2.7095041275024414,93184,252516,686,OK,2026-03-19 20:22:05
686,D:\6S2\Thesis\7 dataset\hama3_split_raw\test\8\0106.raw,3,8,3,8,1,1907,2.7097935676574707,93184,252516,687,OK,2026-03-19 20:22:10
687,D:\6S2\Thesis\7 dataset\hama3_split_raw\test\9\0056.raw,4,9,2,5,0,1906,2.7095119953155518,93184,252516,688,OK,2026-03-19 20:22:14
688,D:\6S2\Thesis\7 dataset\hama3_split_raw\test\5\0107.raw,2,5,2,5,1,1906,2.7101597785949707,93184,252516,689,OK,2026-03-19 20:22:19
689,D:\6S2\Thesis\7 dataset\hama3_split_raw\test\8\0012.raw,3,8,1,3,0,1906,2.70862078666687,93184,252516,690,OK,2026-03-19 20:22:24
690,D:\6S2\Thesis\7 dataset\hama3_split_raw\test\9\0013.raw,4,9,3,8,0,1906,2.709657907485962,93184,252516,691,OK,2026-03-19 20:22:28
691,D:\6S2\Thesis\7 dataset\hama3_split_raw\test\9\0040.raw,4,9,2,5,0,1907,2.709648847579956,93184,252516,692,OK,2026-03-19 20:22:33
692,D:\6S2\Thesis\7 dataset\hama3_split_raw\test\9\0047.raw,4,9,4,9,1,1906,2.7081692218780518,93184,252516,693,OK,2026-03-19 20:22:38
693,D:\6S2\Thesis\7 dataset\hama3_split_raw\test\3\0003.raw,1,3,1,3,1,1906,2.7095787525177,93184,252516,694,OK,2026-03-19 20:22:43
694,D:\6S2\Thesis\7 dataset\hama3_split_raw\test\3\0086.raw,1,3,1,3,1,1907,2.710172414779663,93184,252516,695,OK,2026-03-19 20:22:47
695,D:\6S2\Thesis\7 dataset\hama3_split_raw\test\3\0104.raw,1,3,1,3,1,1906,2.7099151611328125,93184,252516,696,OK,2026-03-19 20:22:52
696,D:\6S2\Thesis\7 dataset\hama3_split_raw\test\9\0026.raw,4,9,4,9,1,1906,2.7077627182006836,93184,252516,697,OK,2026-03-19 20:22:57
697,D:\6S2\Thesis\7 dataset\hama3_split_raw\test\9\0045.raw,4,9,4,9,1,1906,2.7100634574890137,93184,252516,698,OK,2026-03-19 20:23:01
698,D:\6S2\Thesis\7 dataset\hama3_split_raw\test\5\0011.raw,2,5,2,5,1,1906,2.7104835510253906,93184,252516,699,OK,2026-03-19 20:23:06
699,D:\6S2\Thesis\7 dataset\hama3_split_raw\test\3\0024.raw,1,3,1,3,1,1906,2.7101874351501465,93184,252516,700,OK,2026-03-19 20:23:11
700,D:\6S2\Thesis\7 dataset\hama3_split_raw\test\5\0119.raw,2,5,2,5,1,1907,2.7099530696868896,93184,252516,701,OK,2026-03-19 20:23:16
701,D:\6S2\Thesis\7 dataset\hama3_split_raw\test\3\0053.raw,1,3,4,9,0,1906,2.7096731662750244,93184,252516,702,OK,2026-03-19 20:23:20
702,D:\6S2\Thesis\7 dataset\hama3_split_raw\test\8\0014.raw,3,8,3,8,1,1906,2.709911584854126,93184,252516,703,OK,2026-03-19 20:23:25
703,D:\6S2\Thesis\7 dataset\hama3_split_raw\test\9\0009.raw,4,9,3,8,0,1906,2.709869623184204,93184,252516,704,OK,2026-03-19 20:23:30
704,D:\6S2\Thesis\7 dataset\hama3_split_raw\test\8\0021.raw,3,8,4,9,0,1907,2.7090494632720947,93184,252516,705,OK,2026-03-19 20:23:35
705,D:\6S2\Thesis\7 dataset\hama3_split_raw\test\8\0009.raw,3,8,3,8,1,1906,2.7102293968200684,93184,252516,706,OK,2026-03-19 20:23:39
706,D:\6S2\Thesis\7 dataset\hama3_split_raw\test\0\0032.raw,0,0,0,0,1,1906,2.7094526290893555,93184,252516,707,OK,2026-03-19 20:23:44
707,D:\6S2\Thesis\7 dataset\hama3_split_raw\test\9\0085.raw,4,9,4,9,1,1906,2.709972620010376,93184,252516,708,OK,2026-03-19 20:23:49
708,D:\6S2\Thesis\7 dataset\hama3_split_raw\test\3\0103.raw,1,3,1,3,1,1906,2.709696054458618,93184,252516,709,OK,2026-03-19 20:23:53
709,D:\6S2\Thesis\7 dataset\hama3_split_raw\test\8\0133.raw,3,8,3,8,1,1907,2.7097008228302,93184,252516,710,OK,2026-03-19 20:23:58
710,D:\6S2\Thesis\7 dataset\hama3_split_raw\test\0\0050.raw,0,0,0,0,1,1906,2.70725417137146,93184,252516,711,OK,2026-03-19 20:24:03
711,D:\6S2\Thesis\7 dataset\hama3_split_raw\test\9\0065.raw,4,9,4,9,1,1907,2.7101376056671143,93184,252516,712,OK,2026-03-19 20:24:08
712,D:\6S2\Thesis\7 dataset\hama3_split_raw\test\5\0070.raw,2,5,2,5,1,1907,2.7100093364715576,93184,252516,713,OK,2026-03-19 20:24:12
713,D:\6S2\Thesis\7 dataset\hama3_split_raw\test\9\0029.raw,4,9,4,9,1,1907,2.7085154056549072,93184,252516,714,OK,2026-03-19 20:24:17
714,D:\6S2\Thesis\7 dataset\hama3_split_raw\test\0\0081.raw,0,0,3,8,0,1906,2.70971417427063,93184,252516,715,OK,2026-03-19 20:24:22
715,D:\6S2\Thesis\7 dataset\hama3_split_raw\test\8\0037.raw,3,8,0,0,0,1906,2.70969820022583,93184,252516,716,OK,2026-03-19 20:24:26
716,D:\6S2\Thesis\7 dataset\hama3_split_raw\test\8\0146.raw,3,8,3,8,1,1906,2.7089130878448486,93184,252516,717,OK,2026-03-19 20:24:31
717,D:\6S2\Thesis\7 dataset\hama3_split_raw\test\8\0021.raw,3,8,4,9,0,1906,2.7125258445739746,93184,252516,718,OK,2026-03-19 20:24:36
718,D:\6S2\Thesis\7 dataset\hama3_split_raw\test\0\0038.raw,0,0,3,8,0,1906,2.709150791168213,93184,252516,719,OK,2026-03-19 20:24:41
719,D:\6S2\Thesis\7 dataset\hama3_split_raw\test\3\0084.raw,1,3,2,5,0,1906,2.710110902786255,93184,252516,720,OK,2026-03-19 20:24:45
720,D:\6S2\Thesis\7 dataset\hama3_split_raw\test\9\0004.raw,4,9,4,9,1,1906,2.7093935012817383,93184,252516,721,OK,2026-03-19 20:24:50
721,D:\6S2\Thesis\7 dataset\hama3_split_raw\test\3\0050.raw,1,3,4,9,0,1906,2.7094743251800537,93184,252516,722,OK,2026-03-19 20:24:55
722,D:\6S2\Thesis\7 dataset\hama3_split_raw\test\5\0094.raw,2,5,2,5,1,1906,2.710002899169922,93184,252516,723,OK,2026-03-19 20:24:59
723,D:\6S2\Thesis\7 dataset\hama3_split_raw\test\8\0035.raw,3,8,3,8,1,1906,2.7094545364379883,93184,252516,724,OK,2026-03-19 20:25:04
724,D:\6S2\Thesis\7 dataset\hama3_split_raw\test\3\0086.raw,1,3,1,3,1,1906,2.7094473838806152,93184,252516,725,OK,2026-03-19 20:25:09
725,D:\6S2\Thesis\7 dataset\hama3_split_raw\test\3\0053.raw,1,3,4,9,0,1906,2.7103261947631836,93184,252516,726,OK,2026-03-19 20:25:14
726,D:\6S2\Thesis\7 dataset\hama3_split_raw\test\3\0091.raw,1,3,1,3,1,1906,2.7094740867614746,93184,252516,727,OK,2026-03-19 20:25:18
727,D:\6S2\Thesis\7 dataset\hama3_split_raw\test\8\0036.raw,3,8,0,0,0,1906,2.7068989276885986,93184,252516,728,OK,2026-03-19 20:25:23
728,D:\6S2\Thesis\7 dataset\hama3_split_raw\test\9\0071.raw,4,9,4,9,1,1906,2.707789182662964,93184,252516,729,OK,2026-03-19 20:25:28
729,D:\6S2\Thesis\7 dataset\hama3_split_raw\test\5\0060.raw,2,5,2,5,1,1906,2.709137201309204,93184,252516,730,OK,2026-03-19 20:25:32
730,D:\6S2\Thesis\7 dataset\hama3_split_raw\test\0\0078.raw,0,0,1,3,0,1906,2.7092792987823486,93184,252516,731,OK,2026-03-19 20:25:37
731,D:\6S2\Thesis\7 dataset\hama3_split_raw\test\9\0035.raw,4,9,4,9,1,1906,2.709498405456543,93184,252516,732,OK,2026-03-19 20:25:42
732,D:\6S2\Thesis\7 dataset\hama3_split_raw\test\3\0050.raw,1,3,4,9,0,1907,2.709195375442505,93184,252516,733,OK,2026-03-19 20:25:47
733,D:\6S2\Thesis\7 dataset\hama3_split_raw\test\5\0112.raw,2,5,2,5,1,1906,2.7096598148345947,93184,252516,734,OK,2026-03-19 20:25:51
734,D:\6S2\Thesis\7 dataset\hama3_split_raw\test\8\0117.raw,3,8,3,8,1,1907,2.70916748046875,93184,252516,735,OK,2026-03-19 20:25:56
735,D:\6S2\Thesis\7 dataset\hama3_split_raw\test\9\0103.raw,4,9,4,9,1,1906,2.7105109691619873,93184,252516,736,OK,2026-03-19 20:26:01
736,D:\6S2\Thesis\7 dataset\hama3_split_raw\test\3\0034.raw,1,3,3,8,0,1906,2.70889949798584,93184,252516,737,OK,2026-03-19 20:26:05
737,D:\6S2\Thesis\7 dataset\hama3_split_raw\test\9\0095.raw,4,9,4,9,1,1906,2.7097160816192627,93184,252516,738,OK,2026-03-19 20:26:10
738,D:\6S2\Thesis\7 dataset\hama3_split_raw\test\5\0058.raw,2,5,1,3,0,1906,2.709249496459961,93184,252516,739,OK,2026-03-19 20:26:15
739,D:\6S2\Thesis\7 dataset\hama3_split_raw\test\8\0120.raw,3,8,3,8,1,1906,2.7097551822662354,93184,252516,740,OK,2026-03-19 20:26:20
740,D:\6S2\Thesis\7 dataset\hama3_split_raw\test\9\0086.raw,4,9,4,9,1,1906,2.7099111080169678,93184,252516,741,OK,2026-03-19 20:26:24
741,D:\6S2\Thesis\7 dataset\hama3_split_raw\test\8\0168.raw,3,8,1,3,0,1906,2.7091422080993652,93184,252516,742,OK,2026-03-19 20:26:29
742,D:\6S2\Thesis\7 dataset\hama3_split_raw\test\5\0050.raw,2,5,2,5,1,1907,2.709838628768921,93184,252516,743,OK,2026-03-19 20:26:34
743,D:\6S2\Thesis\7 dataset\hama3_split_raw\test\5\0119.raw,2,5,2,5,1,1906,2.7090516090393066,93184,252516,744,OK,2026-03-19 20:26:39
744,D:\6S2\Thesis\7 dataset\hama3_split_raw\test\0\0000.raw,0,0,0,0,1,1906,2.7108237743377686,93184,252516,745,OK,2026-03-19 20:26:43
745,D:\6S2\Thesis\7 dataset\hama3_split_raw\test\0\0064.raw,0,0,0,0,1,1906,2.709258556365967,93184,252516,746,OK,2026-03-19 20:26:48
746,D:\6S2\Thesis\7 dataset\hama3_split_raw\test\5\0082.raw,2,5,2,5,1,1906,2.709019660949707,93184,252516,747,OK,2026-03-19 20:26:53
747,D:\6S2\Thesis\7 dataset\hama3_split_raw\test\3\0051.raw,1,3,1,3,1,1906,2.7098538875579834,93184,252516,748,OK,2026-03-19 20:26:57
748,D:\6S2\Thesis\7 dataset\hama3_split_raw\test\9\0098.raw,4,9,1,3,0,1906,2.7092463970184326,93184,252516,749,OK,2026-03-19 20:27:02
749,D:\6S2\Thesis\7 dataset\hama3_split_raw\test\3\0093.raw,1,3,1,3,1,1906,2.7097103595733643,93184,252516,750,OK,2026-03-19 20:27:07
750,D:\6S2\Thesis\7 dataset\hama3_split_raw\test\0\0052.raw,0,0,1,3,0,1906,2.709613084793091,93184,252516,751,OK,2026-03-19 20:27:12
751,D:\6S2\Thesis\7 dataset\hama3_split_raw\test\9\0068.raw,4,9,3,8,0,1906,2.7111029624938965,93184,252516,752,OK,2026-03-19 20:27:16
752,D:\6S2\Thesis\7 dataset\hama3_split_raw\test\3\0051.raw,1,3,1,3,1,1906,2.7104547023773193,93184,252516,753,OK,2026-03-19 20:27:21
753,D:\6S2\Thesis\7 dataset\hama3_split_raw\test\9\0004.raw,4,9,4,9,1,1906,2.7095134258270264,93184,252516,754,OK,2026-03-19 20:27:26
754,D:\6S2\Thesis\7 dataset\hama3_split_raw\test\8\0063.raw,3,8,3,8,1,1906,2.710142135620117,93184,252516,755,OK,2026-03-19 20:27:30
755,D:\6S2\Thesis\7 dataset\hama3_split_raw\test\5\0110.raw,2,5,2,5,1,1906,2.7079288959503174,93184,252516,756,OK,2026-03-19 20:27:35
756,D:\6S2\Thesis\7 dataset\hama3_split_raw\test\5\0052.raw,2,5,3,8,0,1906,2.7098019123077393,93184,252516,757,OK,2026-03-19 20:27:40
757,D:\6S2\Thesis\7 dataset\hama3_split_raw\test\5\0019.raw,2,5,2,5,1,1906,2.7098374366760254,93184,252516,758,OK,2026-03-19 20:27:44
758,D:\6S2\Thesis\7 dataset\hama3_split_raw\test\9\0062.raw,4,9,2,5,0,1906,2.7100939750671387,93184,252516,759,OK,2026-03-19 20:27:49
759,D:\6S2\Thesis\7 dataset\hama3_split_raw\test\3\0094.raw,1,3,1,3,1,1907,2.7102367877960205,93184,252516,760,OK,2026-03-19 20:27:54
760,D:\6S2\Thesis\7 dataset\hama3_split_raw\test\0\0029.raw,0,0,4,9,0,1906,2.709421396255493,93184,252516,761,OK,2026-03-19 20:27:59
761,D:\6S2\Thesis\7 dataset\hama3_split_raw\test\0\0065.raw,0,0,0,0,1,1906,2.709902763366699,93184,252516,762,OK,2026-03-19 20:28:03
762,D:\6S2\Thesis\7 dataset\hama3_split_raw\test\0\0071.raw,0,0,0,0,1,1906,2.7097525596618652,93184,252516,763,OK,2026-03-19 20:28:08
763,D:\6S2\Thesis\7 dataset\hama3_split_raw\test\3\0102.raw,1,3,1,3,1,1906,2.7101516723632812,93184,252516,764,OK,2026-03-19 20:28:13
764,D:\6S2\Thesis\7 dataset\hama3_split_raw\test\5\0031.raw,2,5,2,5,1,1906,2.7099270820617676,93184,252516,765,OK,2026-03-19 20:28:17
765,D:\6S2\Thesis\7 dataset\hama3_split_raw\test\5\0087.raw,2,5,2,5,1,1906,2.7102718353271484,93184,252516,766,OK,2026-03-19 20:28:22
766,D:\6S2\Thesis\7 dataset\hama3_split_raw\test\8\0132.raw,3,8,2,5,0,1906,2.711320400238037,93184,252516,767,OK,2026-03-19 20:28:27
767,D:\6S2\Thesis\7 dataset\hama3_split_raw\test\5\0044.raw,2,5,2,5,1,1906,2.7102885246276855,93184,252516,768,OK,2026-03-19 20:28:32
768,D:\6S2\Thesis\7 dataset\hama3_split_raw\test\9\0032.raw,4,9,3,8,0,1906,2.710068464279175,93184,252516,769,OK,2026-03-19 20:28:36
769,D:\6S2\Thesis\7 dataset\hama3_split_raw\test\9\0093.raw,4,9,4,9,1,1906,2.7100179195404053,93184,252516,770,OK,2026-03-19 20:28:41
770,D:\6S2\Thesis\7 dataset\hama3_split_raw\test\0\0024.raw,0,0,3,8,0,1907,2.7085907459259033,93184,252516,771,OK,2026-03-19 20:28:46
771,D:\6S2\Thesis\7 dataset\hama3_split_raw\test\0\0037.raw,0,0,1,3,0,1906,2.709667682647705,93184,252516,772,OK,2026-03-19 20:28:50
772,D:\6S2\Thesis\7 dataset\hama3_split_raw\test\8\0052.raw,3,8,2,5,0,1906,2.7103850841522217,93184,252516,773,OK,2026-03-19 20:28:55
773,D:\6S2\Thesis\7 dataset\hama3_split_raw\test\0\0054.raw,0,0,0,0,1,1906,2.70965313911438,93184,252516,774,OK,2026-03-19 20:29:00
774,D:\6S2\Thesis\7 dataset\hama3_split_raw\test\5\0038.raw,2,5,2,5,1,1906,2.710268259048462,93184,252516,775,OK,2026-03-19 20:29:05
775,D:\6S2\Thesis\7 dataset\hama3_split_raw\test\3\0022.raw,1,3,1,3,1,1906,2.709545135498047,93184,252516,776,OK,2026-03-19 20:29:09
776,D:\6S2\Thesis\7 dataset\hama3_split_raw\test\3\0094.raw,1,3,1,3,1,1906,2.7109127044677734,93184,252516,777,OK,2026-03-19 20:29:14
777,D:\6S2\Thesis\7 dataset\hama3_split_raw\test\5\0088.raw,2,5,2,5,1,1906,2.7095394134521484,93184,252516,778,OK,2026-03-19 20:29:19
778,D:\6S2\Thesis\7 dataset\hama3_split_raw\test\0\0021.raw,0,0,3,8,0,1906,2.7099814414978027,93184,252516,779,OK,2026-03-19 20:29:23
779,D:\6S2\Thesis\7 dataset\hama3_split_raw\test\9\0042.raw,4,9,3,8,0,1906,2.71000337600708,93184,252516,780,OK,2026-03-19 20:29:28
780,D:\6S2\Thesis\7 dataset\hama3_split_raw\test\9\0080.raw,4,9,4,9,1,1906,2.7096920013427734,93184,252516,781,OK,2026-03-19 20:29:33
781,D:\6S2\Thesis\7 dataset\hama3_split_raw\test\8\0102.raw,3,8,4,9,0,1906,2.710148572921753,93184,252516,782,OK,2026-03-19 20:29:38
782,D:\6S2\Thesis\7 dataset\hama3_split_raw\test\9\0095.raw,4,9,4,9,1,1907,2.7104036808013916,93184,252516,783,OK,2026-03-19 20:29:42
783,D:\6S2\Thesis\7 dataset\hama3_split_raw\test\8\0048.raw,3,8,3,8,1,1906,2.709904670715332,93184,252516,784,OK,2026-03-19 20:29:47
784,D:\6S2\Thesis\7 dataset\hama3_split_raw\test\9\0102.raw,4,9,0,0,0,1907,2.7112390995025635,93184,252516,785,OK,2026-03-19 20:29:52
785,D:\6S2\Thesis\7 dataset\hama3_split_raw\test\3\0029.raw,1,3,1,3,1,1906,2.7092292308807373,93184,252516,786,OK,2026-03-19 20:29:56
786,D:\6S2\Thesis\7 dataset\hama3_split_raw\test\9\0020.raw,4,9,4,9,1,1906,2.7092092037200928,93184,252516,787,OK,2026-03-19 20:30:01
787,D:\6S2\Thesis\7 dataset\hama3_split_raw\test\3\0051.raw,1,3,1,3,1,1906,2.7099339962005615,93184,252516,788,OK,2026-03-19 20:30:06
788,D:\6S2\Thesis\7 dataset\hama3_split_raw\test\0\0022.raw,0,0,4,9,0,1907,2.7095344066619873,93184,252516,789,OK,2026-03-19 20:30:11
789,D:\6S2\Thesis\7 dataset\hama3_split_raw\test\0\0024.raw,0,0,3,8,0,1906,2.7077043056488037,93184,252516,790,OK,2026-03-19 20:30:15
790,D:\6S2\Thesis\7 dataset\hama3_split_raw\test\0\0037.raw,0,0,1,3,0,1906,2.708620548248291,93184,252516,791,OK,2026-03-19 20:30:20
791,D:\6S2\Thesis\7 dataset\hama3_split_raw\test\8\0003.raw,3,8,3,8,1,1906,2.709935188293457,93184,252516,792,OK,2026-03-19 20:30:25
792,D:\6S2\Thesis\7 dataset\hama3_split_raw\test\0\0063.raw,0,0,0,0,1,1906,2.7092690467834473,93184,252516,793,OK,2026-03-19 20:30:29
793,D:\6S2\Thesis\7 dataset\hama3_split_raw\test\3\0041.raw,1,3,1,3,1,1906,2.7103826999664307,93184,252516,794,OK,2026-03-19 20:30:34
794,D:\6S2\Thesis\7 dataset\hama3_split_raw\test\8\0070.raw,3,8,3,8,1,1906,2.709214925765991,93184,252516,795,OK,2026-03-19 20:30:39
795,D:\6S2\Thesis\7 dataset\hama3_split_raw\test\5\0029.raw,2,5,1,3,0,1907,2.7093825340270996,93184,252516,796,OK,2026-03-19 20:30:44
796,D:\6S2\Thesis\7 dataset\hama3_split_raw\test\0\0029.raw,0,0,4,9,0,1906,2.7099130153656006,93184,252516,797,OK,2026-03-19 20:30:48
797,D:\6S2\Thesis\7 dataset\hama3_split_raw\test\0\0078.raw,0,0,1,3,0,1906,2.710552453994751,93184,252516,798,OK,2026-03-19 20:30:53
798,D:\6S2\Thesis\7 dataset\hama3_split_raw\test\0\0033.raw,0,0,1,3,0,1906,2.708331346511841,93184,252516,799,OK,2026-03-19 20:30:58
799,D:\6S2\Thesis\7 dataset\hama3_split_raw\test\5\0084.raw,2,5,3,8,0,1906,2.709498167037964,93184,252516,800,OK,2026-03-19 20:31:02
800,D:\6S2\Thesis\7 dataset\hama3_split_raw\test\8\0156.raw,3,8,3,8,1,1906,2.7108540534973145,93184,252516,801,OK,2026-03-19 20:31:07
801,D:\6S2\Thesis\7 dataset\hama3_split_raw\test\9\0006.raw,4,9,2,5,0,1906,2.709301233291626,93184,252516,802,OK,2026-03-19 20:31:12
802,D:\6S2\Thesis\7 dataset\hama3_split_raw\test\8\0077.raw,3,8,3,8,1,1906,2.7090470790863037,93184,252516,803,OK,2026-03-19 20:31:17
803,D:\6S2\Thesis\7 dataset\hama3_split_raw\test\0\0080.raw,0,0,1,3,0,1907,2.7077300548553467,93184,252516,804,OK,2026-03-19 20:31:21
804,D:\6S2\Thesis\7 dataset\hama3_split_raw\test\5\0063.raw,2,5,4,9,0,1906,2.709935188293457,93184,252516,805,OK,2026-03-19 20:31:26
805,D:\6S2\Thesis\7 dataset\hama3_split_raw\test\5\0101.raw,2,5,2,5,1,1907,2.7097339630126953,93184,252516,806,OK,2026-03-19 20:31:31
806,D:\6S2\Thesis\7 dataset\hama3_split_raw\test\3\0022.raw,1,3,1,3,1,1906,2.709951400756836,93184,252516,807,OK,2026-03-19 20:31:35
807,D:\6S2\Thesis\7 dataset\hama3_split_raw\test\8\0017.raw,3,8,3,8,1,1906,2.70988392829895,93184,252516,808,OK,2026-03-19 20:31:40
808,D:\6S2\Thesis\7 dataset\hama3_split_raw\test\0\0063.raw,0,0,0,0,1,1906,2.7101552486419678,93184,252516,809,OK,2026-03-19 20:31:45
809,D:\6S2\Thesis\7 dataset\hama3_split_raw\test\9\0084.raw,4,9,3,8,0,1906,2.709792137145996,93184,252516,810,OK,2026-03-19 20:31:50
810,D:\6S2\Thesis\7 dataset\hama3_split_raw\test\9\0103.raw,4,9,4,9,1,1906,2.7090983390808105,93184,252516,811,OK,2026-03-19 20:31:54
811,D:\6S2\Thesis\7 dataset\hama3_split_raw\test\9\0074.raw,4,9,4,9,1,1907,2.709195852279663,93184,252516,812,OK,2026-03-19 20:31:59
812,D:\6S2\Thesis\7 dataset\hama3_split_raw\test\9\0010.raw,4,9,3,8,0,1906,2.7083449363708496,93184,252516,813,OK,2026-03-19 20:32:04
813,D:\6S2\Thesis\7 dataset\hama3_split_raw\test\0\0028.raw,0,0,0,0,1,1907,2.710204601287842,93184,252516,814,OK,2026-03-19 20:32:08
814,D:\6S2\Thesis\7 dataset\hama3_split_raw\test\5\0054.raw,2,5,3,8,0,1906,2.709855556488037,93184,252516,815,OK,2026-03-19 20:32:13
815,D:\6S2\Thesis\7 dataset\hama3_split_raw\test\0\0037.raw,0,0,1,3,0,1906,2.7094979286193848,93184,252516,816,OK,2026-03-19 20:32:18
816,D:\6S2\Thesis\7 dataset\hama3_split_raw\test\9\0094.raw,4,9,1,3,0,1907,2.7093777656555176,93184,252516,817,OK,2026-03-19 20:32:23
817,D:\6S2\Thesis\7 dataset\hama3_split_raw\test\9\0052.raw,4,9,3,8,0,1906,2.710846424102783,93184,252516,818,OK,2026-03-19 20:32:27
818,D:\6S2\Thesis\7 dataset\hama3_split_raw\test\5\0006.raw,2,5,4,9,0,1906,2.709984302520752,93184,252516,819,OK,2026-03-19 20:32:32
819,D:\6S2\Thesis\7 dataset\hama3_split_raw\test\3\0066.raw,1,3,3,8,0,1906,2.709637403488159,93184,252516,820,OK,2026-03-19 20:32:37
820,D:\6S2\Thesis\7 dataset\hama3_split_raw\test\5\0089.raw,2,5,2,5,1,1906,2.7088637351989746,93184,252516,821,OK,2026-03-19 20:32:41
821,D:\6S2\Thesis\7 dataset\hama3_split_raw\test\0\0019.raw,0,0,0,0,1,1907,2.7077536582946777,93184,252516,822,OK,2026-03-19 20:32:46
822,D:\6S2\Thesis\7 dataset\hama3_split_raw\test\5\0104.raw,2,5,2,5,1,1906,2.709550619125366,93184,252516,823,OK,2026-03-19 20:32:51
823,D:\6S2\Thesis\7 dataset\hama3_split_raw\test\9\0043.raw,4,9,4,9,1,1906,2.7101736068725586,93184,252516,824,OK,2026-03-19 20:32:56
824,D:\6S2\Thesis\7 dataset\hama3_split_raw\test\5\0030.raw,2,5,2,5,1,1906,2.7092175483703613,93184,252516,825,OK,2026-03-19 20:33:00
825,D:\6S2\Thesis\7 dataset\hama3_split_raw\test\5\0077.raw,2,5,4,9,0,1906,2.7093024253845215,93184,252516,826,OK,2026-03-19 20:33:05
826,D:\6S2\Thesis\7 dataset\hama3_split_raw\test\3\0050.raw,1,3,4,9,0,1906,2.7098371982574463,93184,252516,827,OK,2026-03-19 20:33:10
827,D:\6S2\Thesis\7 dataset\hama3_split_raw\test\3\0030.raw,1,3,4,9,0,1907,2.7092385292053223,93184,252516,828,OK,2026-03-19 20:33:14
828,D:\6S2\Thesis\7 dataset\hama3_split_raw\test\0\0047.raw,0,0,0,0,1,1907,2.711496353149414,93184,252516,829,OK,2026-03-19 20:33:19
829,D:\6S2\Thesis\7 dataset\hama3_split_raw\test\8\0012.raw,3,8,1,3,0,1906,2.708780288696289,93184,252516,830,OK,2026-03-19 20:33:24
830,D:\6S2\Thesis\7 dataset\hama3_split_raw\test\8\0009.raw,3,8,3,8,1,1907,2.7103986740112305,93184,252516,831,OK,2026-03-19 20:33:29
831,D:\6S2\Thesis\7 dataset\hama3_split_raw\test\8\0064.raw,3,8,3,8,1,1906,2.709580659866333,93184,252516,832,OK,2026-03-19 20:33:33
832,D:\6S2\Thesis\7 dataset\hama3_split_raw\test\0\0007.raw,0,0,1,3,0,1906,2.710538864135742,93184,252516,833,OK,2026-03-19 20:33:38
833,D:\6S2\Thesis\7 dataset\hama3_split_raw\test\3\0015.raw,1,3,3,8,0,1906,2.710501194000244,93184,252516,834,OK,2026-03-19 20:33:43
834,D:\6S2\Thesis\7 dataset\hama3_split_raw\test\5\0069.raw,2,5,2,5,1,1907,2.709122896194458,93184,252516,835,OK,2026-03-19 20:33:47
835,D:\6S2\Thesis\7 dataset\hama3_split_raw\test\5\0073.raw,2,5,2,5,1,1906,2.7092039585113525,93184,252516,836,OK,2026-03-19 20:33:52
836,D:\6S2\Thesis\7 dataset\hama3_split_raw\test\9\0093.raw,4,9,4,9,1,1906,2.7076303958892822,93184,252516,837,OK,2026-03-19 20:33:57
837,D:\6S2\Thesis\7 dataset\hama3_split_raw\test\0\0045.raw,0,0,1,3,0,1906,2.7094297409057617,93184,252516,838,OK,2026-03-19 20:34:02
838,D:\6S2\Thesis\7 dataset\hama3_split_raw\test\3\0005.raw,1,3,1,3,1,1906,2.709925413131714,93184,252516,839,OK,2026-03-19 20:34:06
839,D:\6S2\Thesis\7 dataset\hama3_split_raw\test\3\0020.raw,1,3,1,3,1,1906,2.7095634937286377,93184,252516,840,OK,2026-03-19 20:34:11
840,D:\6S2\Thesis\7 dataset\hama3_split_raw\test\9\0039.raw,4,9,2,5,0,1906,2.7098777294158936,93184,252516,841,OK,2026-03-19 20:34:16
841,D:\6S2\Thesis\7 dataset\hama3_split_raw\test\5\0092.raw,2,5,2,5,1,1906,2.7090237140655518,93184,252516,842,OK,2026-03-19 20:34:20
842,D:\6S2\Thesis\7 dataset\hama3_split_raw\test\5\0020.raw,2,5,3,8,0,1906,2.7091259956359863,93184,252516,843,OK,2026-03-19 20:34:25
843,D:\6S2\Thesis\7 dataset\hama3_split_raw\test\5\0078.raw,2,5,4,9,0,1906,2.7095229625701904,93184,252516,844,OK,2026-03-19 20:34:30
844,D:\6S2\Thesis\7 dataset\hama3_split_raw\test\8\0111.raw,3,8,3,8,1,1906,2.708949327468872,93184,252516,845,OK,2026-03-19 20:34:35
845,D:\6S2\Thesis\7 dataset\hama3_split_raw\test\3\0077.raw,1,3,1,3,1,1906,2.7094316482543945,93184,252516,846,OK,2026-03-19 20:34:39
846,D:\6S2\Thesis\7 dataset\hama3_split_raw\test\0\0087.raw,0,0,4,9,0,1906,2.7094101905822754,93184,252516,847,OK,2026-03-19 20:34:44
847,D:\6S2\Thesis\7 dataset\hama3_split_raw\test\9\0059.raw,4,9,4,9,1,1906,2.709841251373291,93184,252516,848,OK,2026-03-19 20:34:49
848,D:\6S2\Thesis\7 dataset\hama3_split_raw\test\3\0077.raw,1,3,1,3,1,1906,2.709033489227295,93184,252516,849,OK,2026-03-19 20:34:53
849,D:\6S2\Thesis\7 dataset\hama3_split_raw\test\0\0059.raw,0,0,3,8,0,1907,2.710068941116333,93184,252516,850,OK,2026-03-19 20:34:58
850,D:\6S2\Thesis\7 dataset\hama3_split_raw\test\9\0091.raw,4,9,4,9,1,1906,2.709730386734009,93184,252516,851,OK,2026-03-19 20:35:03
851,D:\6S2\Thesis\7 dataset\hama3_split_raw\test\9\0018.raw,4,9,4,9,1,1906,2.7091596126556396,93184,252516,852,OK,2026-03-19 20:35:08
852,D:\6S2\Thesis\7 dataset\hama3_split_raw\test\3\0047.raw,1,3,3,8,0,1907,2.7092761993408203,93184,252516,853,OK,2026-03-19 20:35:12
853,D:\6S2\Thesis\7 dataset\hama3_split_raw\test\0\0053.raw,0,0,0,0,1,1906,2.7092225551605225,93184,252516,854,OK,2026-03-19 20:35:17
854,D:\6S2\Thesis\7 dataset\hama3_split_raw\test\3\0073.raw,1,3,1,3,1,1906,2.7095043659210205,93184,252516,855,OK,2026-03-19 20:35:22
855,D:\6S2\Thesis\7 dataset\hama3_split_raw\test\0\0041.raw,0,0,2,5,0,1906,2.7103800773620605,93184,252516,856,OK,2026-03-19 20:35:26
856,D:\6S2\Thesis\7 dataset\hama3_split_raw\test\9\0065.raw,4,9,4,9,1,1906,2.709218978881836,93184,252516,857,OK,2026-03-19 20:35:31
857,D:\6S2\Thesis\7 dataset\hama3_split_raw\test\9\0002.raw,4,9,4,9,1,1906,2.7098050117492676,93184,252516,858,OK,2026-03-19 20:35:36
858,D:\6S2\Thesis\7 dataset\hama3_split_raw\test\0\0021.raw,0,0,3,8,0,1906,2.7100181579589844,93184,252516,859,OK,2026-03-19 20:35:41
859,D:\6S2\Thesis\7 dataset\hama3_split_raw\test\3\0010.raw,1,3,3,8,0,1906,2.7094361782073975,93184,252516,860,OK,2026-03-19 20:35:45
860,D:\6S2\Thesis\7 dataset\hama3_split_raw\test\5\0086.raw,2,5,4,9,0,1906,2.7092883586883545,93184,252516,861,OK,2026-03-19 20:35:50
861,D:\6S2\Thesis\7 dataset\hama3_split_raw\test\5\0039.raw,2,5,1,3,0,1906,2.709787130355835,93184,252516,862,OK,2026-03-19 20:35:55
862,D:\6S2\Thesis\7 dataset\hama3_split_raw\test\5\0072.raw,2,5,2,5,1,1906,2.7092955112457275,93184,252516,863,OK,2026-03-19 20:35:59
863,D:\6S2\Thesis\7 dataset\hama3_split_raw\test\8\0064.raw,3,8,3,8,1,1906,2.7108442783355713,93184,252516,864,OK,2026-03-19 20:36:04
864,D:\6S2\Thesis\7 dataset\hama3_split_raw\test\3\0049.raw,1,3,2,5,0,1906,2.7092044353485107,93184,252516,865,OK,2026-03-19 20:36:09
865,D:\6S2\Thesis\7 dataset\hama3_split_raw\test\9\0043.raw,4,9,4,9,1,1906,2.7096195220947266,93184,252516,866,OK,2026-03-19 20:36:14
866,D:\6S2\Thesis\7 dataset\hama3_split_raw\test\0\0042.raw,0,0,0,0,1,1906,2.7097580432891846,93184,252516,867,OK,2026-03-19 20:36:18
867,D:\6S2\Thesis\7 dataset\hama3_split_raw\test\3\0046.raw,1,3,1,3,1,1906,2.710529327392578,93184,252516,868,OK,2026-03-19 20:36:23
868,D:\6S2\Thesis\7 dataset\hama3_split_raw\test\0\0075.raw,0,0,3,8,0,1906,2.7093007564544678,93184,252516,869,OK,2026-03-19 20:36:28
869,D:\6S2\Thesis\7 dataset\hama3_split_raw\test\3\0056.raw,1,3,1,3,1,1906,2.7093803882598877,93184,252516,870,OK,2026-03-19 20:36:32
870,D:\6S2\Thesis\7 dataset\hama3_split_raw\test\5\0104.raw,2,5,2,5,1,1906,2.7094945907592773,93184,252516,871,OK,2026-03-19 20:36:37
871,D:\6S2\Thesis\7 dataset\hama3_split_raw\test\5\0081.raw,2,5,2,5,1,1906,2.7095699310302734,93184,252516,872,OK,2026-03-19 20:36:42
872,D:\6S2\Thesis\7 dataset\hama3_split_raw\test\5\0058.raw,2,5,1,3,0,1906,2.709594488143921,93184,252516,873,OK,2026-03-19 20:36:47
873,D:\6S2\Thesis\7 dataset\hama3_split_raw\test\0\0051.raw,0,0,0,0,1,1906,2.711366891860962,93184,252516,874,OK,2026-03-19 20:36:51
874,D:\6S2\Thesis\7 dataset\hama3_split_raw\test\5\0074.raw,2,5,2,5,1,1906,2.709484815597534,93184,252516,875,OK,2026-03-19 20:36:56
875,D:\6S2\Thesis\7 dataset\hama3_split_raw\test\3\0086.raw,1,3,1,3,1,1906,2.7097132205963135,93184,252516,876,OK,2026-03-19 20:37:01
876,D:\6S2\Thesis\7 dataset\hama3_split_raw\test\9\0083.raw,4,9,4,9,1,1907,2.7092902660369873,93184,252516,877,OK,2026-03-19 20:37:05
877,D:\6S2\Thesis\7 dataset\hama3_split_raw\test\5\0002.raw,2,5,2,5,1,1907,2.7098946571350098,93184,252516,878,OK,2026-03-19 20:37:10
878,D:\6S2\Thesis\7 dataset\hama3_split_raw\test\9\0081.raw,4,9,1,3,0,1906,2.709847927093506,93184,252516,879,OK,2026-03-19 20:37:15
879,D:\6S2\Thesis\7 dataset\hama3_split_raw\test\5\0028.raw,2,5,2,5,1,1906,2.7095537185668945,93184,252516,880,OK,2026-03-19 20:37:20
880,D:\6S2\Thesis\7 dataset\hama3_split_raw\test\0\0078.raw,0,0,1,3,0,1906,2.7096340656280518,93184,252516,881,OK,2026-03-19 20:37:24
881,D:\6S2\Thesis\7 dataset\hama3_split_raw\test\9\0090.raw,4,9,2,5,0,1906,2.7095561027526855,93184,252516,882,OK,2026-03-19 20:37:29
882,D:\6S2\Thesis\7 dataset\hama3_split_raw\test\0\0028.raw,0,0,0,0,1,1907,2.7094786167144775,93184,252516,883,OK,2026-03-19 20:37:34
883,D:\6S2\Thesis\7 dataset\hama3_split_raw\test\3\0078.raw,1,3,1,3,1,1906,2.7100465297698975,93184,252516,884,OK,2026-03-19 20:37:38
884,D:\6S2\Thesis\7 dataset\hama3_split_raw\test\3\0020.raw,1,3,1,3,1,1906,2.7092831134796143,93184,252516,885,OK,2026-03-19 20:37:43
885,D:\6S2\Thesis\7 dataset\hama3_split_raw\test\9\0075.raw,4,9,3,8,0,1906,2.7092323303222656,93184,252516,886,OK,2026-03-19 20:37:48
886,D:\6S2\Thesis\7 dataset\hama3_split_raw\test\9\0017.raw,4,9,4,9,1,1906,2.7102739810943604,93184,252516,887,OK,2026-03-19 20:37:53
887,D:\6S2\Thesis\7 dataset\hama3_split_raw\test\0\0050.raw,0,0,0,0,1,1906,2.7098734378814697,93184,252516,888,OK,2026-03-19 20:37:57
888,D:\6S2\Thesis\7 dataset\hama3_split_raw\test\0\0068.raw,0,0,0,0,1,1906,2.709291934967041,93184,252516,889,OK,2026-03-19 20:38:02
889,D:\6S2\Thesis\7 dataset\hama3_split_raw\test\0\0031.raw,0,0,0,0,1,1906,2.70923113822937,93184,252516,890,OK,2026-03-19 20:38:07
890,D:\6S2\Thesis\7 dataset\hama3_split_raw\test\8\0056.raw,3,8,3,8,1,1906,2.710646629333496,93184,252516,891,OK,2026-03-19 20:38:11
891,D:\6S2\Thesis\7 dataset\hama3_split_raw\test\8\0171.raw,3,8,3,8,1,1907,2.7091152667999268,93184,252516,892,OK,2026-03-19 20:38:16
892,D:\6S2\Thesis\7 dataset\hama3_split_raw\test\8\0075.raw,3,8,2,5,0,1906,2.707119941711426,93184,252516,893,OK,2026-03-19 20:38:21
893,D:\6S2\Thesis\7 dataset\hama3_split_raw\test\0\0084.raw,0,0,3,8,0,1906,2.709106922149658,93184,252516,894,OK,2026-03-19 20:38:26
894,D:\6S2\Thesis\7 dataset\hama3_split_raw\test\0\0049.raw,0,0,1,3,0,1906,2.709190845489502,93184,252516,895,OK,2026-03-19 20:38:30
895,D:\6S2\Thesis\7 dataset\hama3_split_raw\test\8\0046.raw,3,8,3,8,1,1906,2.7109642028808594,93184,252516,896,OK,2026-03-19 20:38:35
896,D:\6S2\Thesis\7 dataset\hama3_split_raw\test\8\0013.raw,3,8,2,5,0,1906,2.709501028060913,93184,252516,897,OK,2026-03-19 20:38:40
897,D:\6S2\Thesis\7 dataset\hama3_split_raw\test\9\0101.raw,4,9,4,9,1,1906,2.7096054553985596,93184,252516,898,OK,2026-03-19 20:38:44
898,D:\6S2\Thesis\7 dataset\hama3_split_raw\test\8\0026.raw,3,8,1,3,0,1906,2.709787130355835,93184,252516,899,OK,2026-03-19 20:38:49
899,D:\6S2\Thesis\7 dataset\hama3_split_raw\test\8\0056.raw,3,8,3,8,1,1906,2.7096498012542725,93184,252516,900,OK,2026-03-19 20:38:54
900,D:\6S2\Thesis\7 dataset\hama3_split_raw\test\9\0088.raw,4,9,2,5,0,1906,2.710024356842041,93184,252516,901,OK,2026-03-19 20:38:59
901,D:\6S2\Thesis\7 dataset\hama3_split_raw\test\8\0162.raw,3,8,3,8,1,1906,2.709671974182129,93184,252516,902,OK,2026-03-19 20:39:03
902,D:\6S2\Thesis\7 dataset\hama3_split_raw\test\3\0089.raw,1,3,3,8,0,1906,2.7107439041137695,93184,252516,903,OK,2026-03-19 20:39:08
903,D:\6S2\Thesis\7 dataset\hama3_split_raw\test\9\0071.raw,4,9,4,9,1,1906,2.709918737411499,93184,252516,904,OK,2026-03-19 20:39:13
904,D:\6S2\Thesis\7 dataset\hama3_split_raw\test\3\0095.raw,1,3,2,5,0,1906,2.7090930938720703,93184,252516,905,OK,2026-03-19 20:39:17
905,D:\6S2\Thesis\7 dataset\hama3_split_raw\test\5\0006.raw,2,5,4,9,0,1906,2.709486961364746,93184,252516,906,OK,2026-03-19 20:39:22
906,D:\6S2\Thesis\7 dataset\hama3_split_raw\test\9\0048.raw,4,9,4,9,1,1906,2.7093279361724854,93184,252516,907,OK,2026-03-19 20:39:27
907,D:\6S2\Thesis\7 dataset\hama3_split_raw\test\5\0033.raw,2,5,2,5,1,1906,2.710340976715088,93184,252516,908,OK,2026-03-19 20:39:32
908,D:\6S2\Thesis\7 dataset\hama3_split_raw\test\0\0055.raw,0,0,0,0,1,1906,2.7089972496032715,93184,252516,909,OK,2026-03-19 20:39:36
909,D:\6S2\Thesis\7 dataset\hama3_split_raw\test\5\0085.raw,2,5,2,5,1,1906,2.7098960876464844,93184,252516,910,OK,2026-03-19 20:39:41
910,D:\6S2\Thesis\7 dataset\hama3_split_raw\test\5\0101.raw,2,5,2,5,1,1906,2.7104148864746094,93184,252516,911,OK,2026-03-19 20:39:46
911,D:\6S2\Thesis\7 dataset\hama3_split_raw\test\5\0071.raw,2,5,2,5,1,1906,2.710010528564453,93184,252516,912,OK,2026-03-19 20:39:50
912,D:\6S2\Thesis\7 dataset\hama3_split_raw\test\8\0092.raw,3,8,3,8,1,1906,2.7100605964660645,93184,252516,913,OK,2026-03-19 20:39:55
913,D:\6S2\Thesis\7 dataset\hama3_split_raw\test\0\0026.raw,0,0,1,3,0,1906,2.710444688796997,93184,252516,914,OK,2026-03-19 20:40:00
914,D:\6S2\Thesis\7 dataset\hama3_split_raw\test\5\0010.raw,2,5,2,5,1,1906,2.709197759628296,93184,252516,915,OK,2026-03-19 20:40:05
915,D:\6S2\Thesis\7 dataset\hama3_split_raw\test\0\0037.raw,0,0,1,3,0,1906,2.711137533187866,93184,252516,916,OK,2026-03-19 20:40:09
916,D:\6S2\Thesis\7 dataset\hama3_split_raw\test\9\0015.raw,4,9,3,8,0,1906,2.7097232341766357,93184,252516,917,OK,2026-03-19 20:40:14
917,D:\6S2\Thesis\7 dataset\hama3_split_raw\test\8\0008.raw,3,8,3,8,1,1906,2.7092933654785156,93184,252516,918,OK,2026-03-19 20:40:19
918,D:\6S2\Thesis\7 dataset\hama3_split_raw\test\9\0013.raw,4,9,3,8,0,1906,2.7108538150787354,93184,252516,919,OK,2026-03-19 20:40:23
919,D:\6S2\Thesis\7 dataset\hama3_split_raw\test\0\0069.raw,0,0,4,9,0,1906,2.7098002433776855,93184,252516,920,OK,2026-03-19 20:40:28
920,D:\6S2\Thesis\7 dataset\hama3_split_raw\test\9\0092.raw,4,9,2,5,0,1906,2.7106499671936035,93184,252516,921,OK,2026-03-19 20:40:33
921,D:\6S2\Thesis\7 dataset\hama3_split_raw\test\8\0101.raw,3,8,4,9,0,1907,2.7073450088500977,93184,252516,922,OK,2026-03-19 20:40:38
922,D:\6S2\Thesis\7 dataset\hama3_split_raw\test\9\0096.raw,4,9,4,9,1,1906,2.7105233669281006,93184,252516,923,OK,2026-03-19 20:40:42
923,D:\6S2\Thesis\7 dataset\hama3_split_raw\test\8\0108.raw,3,8,3,8,1,1906,2.710522174835205,93184,252516,924,OK,2026-03-19 20:40:47
924,D:\6S2\Thesis\7 dataset\hama3_split_raw\test\9\0009.raw,4,9,3,8,0,1906,2.710974931716919,93184,252516,925,OK,2026-03-19 20:40:52
925,D:\6S2\Thesis\7 dataset\hama3_split_raw\test\8\0157.raw,3,8,2,5,0,1906,2.7100138664245605,93184,252516,926,OK,2026-03-19 20:40:56
926,D:\6S2\Thesis\7 dataset\hama3_split_raw\test\0\0069.raw,0,0,4,9,0,1906,2.7097201347351074,93184,252516,927,OK,2026-03-19 20:41:01
927,D:\6S2\Thesis\7 dataset\hama3_split_raw\test\5\0072.raw,2,5,2,5,1,1907,2.7093098163604736,93184,252516,928,OK,2026-03-19 20:41:06
928,D:\6S2\Thesis\7 dataset\hama3_split_raw\test\8\0012.raw,3,8,1,3,0,1906,2.7104594707489014,93184,252516,929,OK,2026-03-19 20:41:10
929,D:\6S2\Thesis\7 dataset\hama3_split_raw\test\0\0087.raw,0,0,4,9,0,1906,2.7095401287078857,93184,252516,930,OK,2026-03-19 20:41:15
930,D:\6S2\Thesis\7 dataset\hama3_split_raw\test\3\0024.raw,1,3,1,3,1,1906,2.7108826637268066,93184,252516,931,OK,2026-03-19 20:41:20
931,D:\6S2\Thesis\7 dataset\hama3_split_raw\test\3\0031.raw,1,3,3,8,0,1906,2.707880735397339,93184,252516,932,OK,2026-03-19 20:41:25
932,D:\6S2\Thesis\7 dataset\hama3_split_raw\test\3\0093.raw,1,3,1,3,1,1906,2.709760904312134,93184,252516,933,OK,2026-03-19 20:41:29
933,D:\6S2\Thesis\7 dataset\hama3_split_raw\test\8\0154.raw,3,8,3,8,1,1906,2.71036434173584,93184,252516,934,OK,2026-03-19 20:41:34
934,D:\6S2\Thesis\7 dataset\hama3_split_raw\test\0\0054.raw,0,0,0,0,1,1907,2.709134578704834,93184,252516,935,OK,2026-03-19 20:41:39
935,D:\6S2\Thesis\7 dataset\hama3_split_raw\test\3\0100.raw,1,3,2,5,0,1907,2.710435152053833,93184,252516,936,OK,2026-03-19 20:41:43
936,D:\6S2\Thesis\7 dataset\hama3_split_raw\test\3\0101.raw,1,3,4,9,0,1906,2.710402727127075,93184,252516,937,OK,2026-03-19 20:41:48
937,D:\6S2\Thesis\7 dataset\hama3_split_raw\test\9\0098.raw,4,9,1,3,0,1907,2.7107651233673096,93184,252516,938,OK,2026-03-19 20:41:53
938,D:\6S2\Thesis\7 dataset\hama3_split_raw\test\9\0061.raw,4,9,4,9,1,1906,2.709610939025879,93184,252516,939,OK,2026-03-19 20:41:58
939,D:\6S2\Thesis\7 dataset\hama3_split_raw\test\9\0081.raw,4,9,1,3,0,1906,2.709099292755127,93184,252516,940,OK,2026-03-19 20:42:02
940,D:\6S2\Thesis\7 dataset\hama3_split_raw\test\8\0142.raw,3,8,2,5,0,1906,2.7087128162384033,93184,252516,941,OK,2026-03-19 20:42:07
941,D:\6S2\Thesis\7 dataset\hama3_split_raw\test\9\0017.raw,4,9,4,9,1,1906,2.7088401317596436,93184,252516,942,OK,2026-03-19 20:42:12
942,D:\6S2\Thesis\7 dataset\hama3_split_raw\test\0\0079.raw,0,0,2,5,0,1907,2.7093701362609863,93184,252516,943,OK,2026-03-19 20:42:16
943,D:\6S2\Thesis\7 dataset\hama3_split_raw\test\0\0005.raw,0,0,0,0,1,1906,2.7094531059265137,93184,252516,944,OK,2026-03-19 20:42:21
944,D:\6S2\Thesis\7 dataset\hama3_split_raw\test\3\0059.raw,1,3,1,3,1,1906,2.7090413570404053,93184,252516,945,OK,2026-03-19 20:42:26
945,D:\6S2\Thesis\7 dataset\hama3_split_raw\test\8\0053.raw,3,8,3,8,1,1906,2.71083402633667,93184,252516,946,OK,2026-03-19 20:42:31
946,D:\6S2\Thesis\7 dataset\hama3_split_raw\test\3\0016.raw,1,3,1,3,1,1906,2.709667921066284,93184,252516,947,OK,2026-03-19 20:42:35
947,D:\6S2\Thesis\7 dataset\hama3_split_raw\test\3\0000.raw,1,3,3,8,0,1906,2.709087610244751,93184,252516,948,OK,2026-03-19 20:42:40
948,D:\6S2\Thesis\7 dataset\hama3_split_raw\test\0\0089.raw,0,0,4,9,0,1906,2.70721697807312,93184,252516,949,OK,2026-03-19 20:42:45
949,D:\6S2\Thesis\7 dataset\hama3_split_raw\test\3\0038.raw,1,3,1,3,1,1907,2.7096786499023438,93184,252516,950,OK,2026-03-19 20:42:49
950,D:\6S2\Thesis\7 dataset\hama3_split_raw\test\3\0087.raw,1,3,2,5,0,1906,2.710829257965088,93184,252516,951,OK,2026-03-19 20:42:54
951,D:\6S2\Thesis\7 dataset\hama3_split_raw\test\3\0059.raw,1,3,1,3,1,1906,2.709223747253418,93184,252516,952,OK,2026-03-19 20:42:59
952,D:\6S2\Thesis\7 dataset\hama3_split_raw\test\0\0038.raw,0,0,3,8,0,1906,2.709446668624878,93184,252516,953,OK,2026-03-19 20:43:04
953,D:\6S2\Thesis\7 dataset\hama3_split_raw\test\5\0084.raw,2,5,3,8,0,1906,2.7092013359069824,93184,252516,954,OK,2026-03-19 20:43:08
954,D:\6S2\Thesis\7 dataset\hama3_split_raw\test\9\0035.raw,4,9,4,9,1,1906,2.7093665599823,93184,252516,955,OK,2026-03-19 20:43:13
955,D:\6S2\Thesis\7 dataset\hama3_split_raw\test\5\0033.raw,2,5,2,5,1,1906,2.7098708152770996,93184,252516,956,OK,2026-03-19 20:43:18
956,D:\6S2\Thesis\7 dataset\hama3_split_raw\test\3\0084.raw,1,3,2,5,0,1906,2.7089877128601074,93184,252516,957,OK,2026-03-19 20:43:22
957,D:\6S2\Thesis\7 dataset\hama3_split_raw\test\9\0014.raw,4,9,4,9,1,1906,2.7096290588378906,93184,252516,958,OK,2026-03-19 20:43:27
958,D:\6S2\Thesis\7 dataset\hama3_split_raw\test\0\0075.raw,0,0,3,8,0,1906,2.710132122039795,93184,252516,959,OK,2026-03-19 20:43:32
959,D:\6S2\Thesis\7 dataset\hama3_split_raw\test\8\0157.raw,3,8,2,5,0,1907,2.7095491886138916,93184,252516,960,OK,2026-03-19 20:43:37
960,D:\6S2\Thesis\7 dataset\hama3_split_raw\test\9\0096.raw,4,9,4,9,1,1906,2.7076351642608643,93184,252516,961,OK,2026-03-19 20:43:41
961,D:\6S2\Thesis\7 dataset\hama3_split_raw\test\8\0042.raw,3,8,1,3,0,1907,2.7087888717651367,93184,252516,962,OK,2026-03-19 20:43:46
962,D:\6S2\Thesis\7 dataset\hama3_split_raw\test\8\0133.raw,3,8,3,8,1,1906,2.709582567214966,93184,252516,963,OK,2026-03-19 20:43:51
963,D:\6S2\Thesis\7 dataset\hama3_split_raw\test\9\0064.raw,4,9,2,5,0,1907,2.7088119983673096,93184,252516,964,OK,2026-03-19 20:43:55
964,D:\6S2\Thesis\7 dataset\hama3_split_raw\test\3\0066.raw,1,3,3,8,0,1906,2.7095916271209717,93184,252516,965,OK,2026-03-19 20:44:00
965,D:\6S2\Thesis\7 dataset\hama3_split_raw\test\5\0077.raw,2,5,4,9,0,1906,2.7074503898620605,93184,252516,966,OK,2026-03-19 20:44:05
966,D:\6S2\Thesis\7 dataset\hama3_split_raw\test\3\0031.raw,1,3,3,8,0,1906,2.7093448638916016,93184,252516,967,OK,2026-03-19 20:44:10
967,D:\6S2\Thesis\7 dataset\hama3_split_raw\test\3\0045.raw,1,3,4,9,0,1907,2.709066152572632,93184,252516,968,OK,2026-03-19 20:44:14
968,D:\6S2\Thesis\7 dataset\hama3_split_raw\test\0\0001.raw,0,0,3,8,0,1906,2.7087199687957764,93184,252516,969,OK,2026-03-19 20:44:19
969,D:\6S2\Thesis\7 dataset\hama3_split_raw\test\3\0030.raw,1,3,4,9,0,1906,2.7092299461364746,93184,252516,970,OK,2026-03-19 20:44:24
970,D:\6S2\Thesis\7 dataset\hama3_split_raw\test\8\0114.raw,3,8,3,8,1,1906,2.707620143890381,93184,252516,971,OK,2026-03-19 20:44:28
971,D:\6S2\Thesis\7 dataset\hama3_split_raw\test\0\0043.raw,0,0,4,9,0,1906,2.709611415863037,93184,252516,972,OK,2026-03-19 20:44:33
972,D:\6S2\Thesis\7 dataset\hama3_split_raw\test\5\0114.raw,2,5,2,5,1,1906,2.7096493244171143,93184,252516,973,OK,2026-03-19 20:44:38
973,D:\6S2\Thesis\7 dataset\hama3_split_raw\test\9\0057.raw,4,9,1,3,0,1906,2.7092766761779785,93184,252516,974,OK,2026-03-19 20:44:43
974,D:\6S2\Thesis\7 dataset\hama3_split_raw\test\3\0057.raw,1,3,1,3,1,1906,2.7101471424102783,93184,252516,975,OK,2026-03-19 20:44:47
975,D:\6S2\Thesis\7 dataset\hama3_split_raw\test\3\0112.raw,1,3,1,3,1,1906,2.71016526222229,93184,252516,976,OK,2026-03-19 20:44:52
976,D:\6S2\Thesis\7 dataset\hama3_split_raw\test\5\0073.raw,2,5,2,5,1,1906,2.709088087081909,93184,252516,977,OK,2026-03-19 20:44:57
977,D:\6S2\Thesis\7 dataset\hama3_split_raw\test\9\0034.raw,4,9,3,8,0,1907,2.708207130432129,93184,252516,978,OK,2026-03-19 20:45:01
978,D:\6S2\Thesis\7 dataset\hama3_split_raw\test\9\0093.raw,4,9,4,9,1,1906,2.709427833557129,93184,252516,979,OK,2026-03-19 20:45:06
979,D:\6S2\Thesis\7 dataset\hama3_split_raw\test\3\0031.raw,1,3,3,8,0,1906,2.7096309661865234,93184,252516,980,OK,2026-03-19 20:45:11
980,D:\6S2\Thesis\7 dataset\hama3_split_raw\test\9\0061.raw,4,9,4,9,1,1906,2.710277795791626,93184,252516,981,OK,2026-03-19 20:45:16
981,D:\6S2\Thesis\7 dataset\hama3_split_raw\test\8\0159.raw,3,8,3,8,1,1906,2.7092323303222656,93184,252516,982,OK,2026-03-19 20:45:20
982,D:\6S2\Thesis\7 dataset\hama3_split_raw\test\8\0086.raw,3,8,3,8,1,1906,2.70729923248291,93184,252516,983,OK,2026-03-19 20:45:25
983,D:\6S2\Thesis\7 dataset\hama3_split_raw\test\9\0058.raw,4,9,4,9,1,1906,2.7096168994903564,93184,252516,984,OK,2026-03-19 20:45:30
984,D:\6S2\Thesis\7 dataset\hama3_split_raw\test\5\0083.raw,2,5,1,3,0,1906,2.709550380706787,93184,252516,985,OK,2026-03-19 20:45:34
985,D:\6S2\Thesis\7 dataset\hama3_split_raw\test\3\0037.raw,1,3,1,3,1,1906,2.7089462280273438,93184,252516,986,OK,2026-03-19 20:45:39
986,D:\6S2\Thesis\7 dataset\hama3_split_raw\test\9\0091.raw,4,9,4,9,1,1906,2.709954261779785,93184,252516,987,OK,2026-03-19 20:45:44
987,D:\6S2\Thesis\7 dataset\hama3_split_raw\test\9\0022.raw,4,9,1,3,0,1906,2.7096383571624756,93184,252516,988,OK,2026-03-19 20:45:48
988,D:\6S2\Thesis\7 dataset\hama3_split_raw\test\3\0038.raw,1,3,1,3,1,1906,2.709351062774658,93184,252516,989,OK,2026-03-19 20:45:53
989,D:\6S2\Thesis\7 dataset\hama3_split_raw\test\8\0083.raw,3,8,3,8,1,1906,2.71000599861145,93184,252516,990,OK,2026-03-19 20:45:58
990,D:\6S2\Thesis\7 dataset\hama3_split_raw\test\5\0104.raw,2,5,2,5,1,1906,2.708807945251465,93184,252516,991,OK,2026-03-19 20:46:03
991,D:\6S2\Thesis\7 dataset\hama3_split_raw\test\0\0063.raw,0,0,0,0,1,1906,2.7098944187164307,93184,252516,992,OK,2026-03-19 20:46:07
992,D:\6S2\Thesis\7 dataset\hama3_split_raw\test\5\0099.raw,2,5,2,5,1,1907,2.709479331970215,93184,252516,993,OK,2026-03-19 20:46:12
993,D:\6S2\Thesis\7 dataset\hama3_split_raw\test\3\0108.raw,1,3,1,3,1,1906,2.7094757556915283,93184,252516,994,OK,2026-03-19 20:46:17
994,D:\6S2\Thesis\7 dataset\hama3_split_raw\test\3\0019.raw,1,3,1,3,1,1906,2.708256244659424,93184,252516,995,OK,2026-03-19 20:46:22
995,D:\6S2\Thesis\7 dataset\hama3_split_raw\test\3\0040.raw,1,3,1,3,1,1906,2.709763765335083,93184,252516,996,OK,2026-03-19 20:46:26
996,D:\6S2\Thesis\7 dataset\hama3_split_raw\test\9\0090.raw,4,9,2,5,0,1906,2.710308313369751,93184,252516,997,OK,2026-03-19 20:46:31
997,D:\6S2\Thesis\7 dataset\hama3_split_raw\test\8\0136.raw,3,8,3,8,1,1906,2.7075743675231934,93184,252516,998,OK,2026-03-19 20:46:36
998,D:\6S2\Thesis\7 dataset\hama3_split_raw\test\8\0000.raw,3,8,3,8,1,1906,2.7095067501068115,93184,252516,999,OK,2026-03-19 20:46:40
999,D:\6S2\Thesis\7 dataset\hama3_split_raw\test\5\0023.raw,2,5,4,9,0,1906,2.7077102661132812,93184,252516,1000,OK,2026-03-19 20:46:45
